
 Rigid Airport Pavement
                   FAASR3D (version 1.0 ) compiled 04/15/19
 n o d a l   p r i n t   o u t   f o r   t i m e   s t e p     1  ( at time  1.0000E+00 )
   node     x-disp       y-disp       z-disp
     1  -2.32402E-04  0.00000E+00 -5.55222E-03 
     2   1.99992E-04  0.00000E+00 -5.56992E-03 
     3  -2.32061E-04  7.70557E-06 -5.55595E-03 
     4   1.99993E-04 -7.27241E-06 -5.56317E-03 
     5  -2.32331E-04  1.53863E-05 -5.54276E-03 
     6   1.99989E-04 -1.45924E-05 -5.55955E-03 
     7  -2.32027E-04  2.30255E-05 -5.53504E-03 
     8   1.99932E-04 -2.17685E-05 -5.54385E-03 
     9  -2.32143E-04  3.05995E-05 -5.51348E-03 
    10   1.99909E-04 -2.89397E-05 -5.52930E-03 
    11  -2.31795E-04  3.81040E-05 -5.49550E-03 
    12   1.99821E-04 -3.60488E-05 -5.50416E-03 
    13  -2.31895E-04  4.55104E-05 -5.46413E-03 
    14   1.99792E-04 -4.30633E-05 -5.47986E-03 
    15  -2.31535E-04  5.27872E-05 -5.43649E-03 
    16   1.99716E-04 -4.99546E-05 -5.44504E-03 
    17  -2.31633E-04  5.98968E-05 -5.39572E-03 
    18   1.99716E-04 -5.67025E-05 -5.41112E-03 
    19  -2.31319E-04  6.67931E-05 -5.35856E-03 
    20   1.99688E-04 -6.32476E-05 -5.36705E-03 
    21  -2.31470E-04  7.34374E-05 -5.30814E-03 
    22   1.99757E-04 -6.94969E-05 -5.32450E-03 
    23  -2.31168E-04  7.97984E-05 -5.26352E-03 
    24   1.99912E-04 -7.56086E-05 -5.27088E-03 
    25  -2.31811E-04  8.57854E-05 -5.20314E-03 
    26   2.00395E-04 -8.14651E-05 -5.22017E-03 
    27  -2.32444E-04  0.00000E+00 -5.71346E-03 
    28   2.01022E-04  0.00000E+00 -5.71579E-03 
    29  -2.32426E-04  7.69706E-06 -5.71289E-03 
    30   2.00918E-04 -7.28560E-06 -5.71129E-03 
    31  -2.32390E-04  1.53806E-05 -5.70390E-03 
    32   2.00983E-04 -1.45861E-05 -5.70542E-03 
    33  -2.32324E-04  2.30009E-05 -5.69242E-03 
    34   2.00869E-04 -2.17931E-05 -5.69162E-03 
    35  -2.32214E-04  3.05648E-05 -5.67417E-03 
    36   2.00874E-04 -2.89645E-05 -5.67530E-03 
    37  -2.32083E-04  3.80664E-05 -5.65263E-03 
    38   2.00736E-04 -3.60771E-05 -5.65191E-03 
    39  -2.31940E-04  4.54695E-05 -5.62461E-03 
    40   2.00728E-04 -4.31000E-05 -5.62577E-03 
    41  -2.31787E-04  5.27454E-05 -5.59341E-03 
    42   2.00590E-04 -5.00057E-05 -5.59270E-03 
    43  -2.31637E-04  5.98605E-05 -5.55590E-03 
    44   2.00595E-04 -5.67622E-05 -5.55701E-03 
    45  -2.31500E-04  6.67625E-05 -5.51537E-03 
    46   2.00494E-04 -6.33206E-05 -5.51459E-03 
    47  -2.31369E-04  7.34224E-05 -5.46868E-03 
    48   2.00564E-04 -6.96371E-05 -5.47000E-03 
    49  -2.31308E-04  7.98397E-05 -5.42024E-03 
    50   2.00547E-04 -7.57251E-05 -5.41816E-03 

 Rigid Airport Pavement
                   FAASR3D (version 1.0 ) compiled 04/15/19
 n o d a l   p r i n t   o u t   f o r   t i m e   s t e p     1  ( at time  1.0000E+00 )
   node     x-disp       y-disp       z-disp
    51  -2.31414E-04  8.58323E-05 -5.36664E-03 
    52   2.00824E-04 -8.15016E-05 -5.36380E-03 
    53  -2.31603E-04  0.00000E+00 -5.86477E-03 
    54   2.00473E-04  0.00000E+00 -5.87038E-03 
    55  -2.31597E-04  7.71432E-06 -5.86446E-03 
    56   2.00457E-04 -7.31516E-06 -5.86626E-03 
    57  -2.31541E-04  1.54024E-05 -5.85486E-03 
    58   2.00428E-04 -1.46319E-05 -5.86019E-03 
    59  -2.31470E-04  2.30447E-05 -5.84403E-03 
    60   2.00381E-04 -2.18654E-05 -5.84642E-03 
    61  -2.31350E-04  3.06219E-05 -5.82505E-03 
    62   2.00310E-04 -2.90641E-05 -5.82997E-03 
    63  -2.31217E-04  3.81291E-05 -5.80413E-03 
    64   2.00228E-04 -3.61944E-05 -5.80652E-03 
    65  -2.31050E-04  4.55360E-05 -5.77535E-03 
    66   2.00136E-04 -4.32313E-05 -5.78024E-03 
    67  -2.30884E-04  5.28110E-05 -5.74475E-03 
    68   2.00044E-04 -5.01454E-05 -5.74711E-03 
    69  -2.30699E-04  5.99184E-05 -5.70648E-03 
    70   1.99954E-04 -5.69063E-05 -5.71129E-03 
    71  -2.30526E-04  6.68143E-05 -5.66654E-03 
    72   1.99881E-04 -6.34743E-05 -5.66886E-03 
    73  -2.30348E-04  7.34683E-05 -5.61909E-03 
    74   1.99824E-04 -6.98075E-05 -5.62413E-03 
    75  -2.30224E-04  7.98401E-05 -5.57029E-03 
    76   1.99791E-04 -7.58996E-05 -5.57312E-03 
    77  -2.30120E-04  8.57946E-05 -5.51368E-03 
    78   1.99808E-04 -8.16226E-05 -5.52034E-03 
    79  -2.29318E-04  0.00000E+00 -6.01879E-03 
    80   1.98691E-04  0.00000E+00 -6.02133E-03 
    81  -2.29301E-04  7.73582E-06 -6.01725E-03 
    82   1.98673E-04 -7.34609E-06 -6.01782E-03 
    83  -2.29248E-04  1.54491E-05 -6.00893E-03 
    84   1.98644E-04 -1.46932E-05 -6.01105E-03 
    85  -2.29161E-04  2.31122E-05 -5.99678E-03 
    86   1.98582E-04 -2.19626E-05 -5.99787E-03 
    87  -2.29039E-04  3.07106E-05 -5.97889E-03 
    88   1.98508E-04 -2.91871E-05 -5.98078E-03 
    89  -2.28888E-04  3.82328E-05 -5.95670E-03 
    90   1.98407E-04 -3.63422E-05 -5.95782E-03 
    91  -2.28712E-04  4.56497E-05 -5.92899E-03 
    92   1.98303E-04 -4.33984E-05 -5.93087E-03 
    93  -2.28518E-04  5.29293E-05 -5.89711E-03 
    94   1.98182E-04 -5.03263E-05 -5.89821E-03 
    95  -2.28309E-04  6.00359E-05 -5.85988E-03 
    96   1.98067E-04 -5.70950E-05 -5.86172E-03 
    97  -2.28093E-04  6.69293E-05 -5.81868E-03 
    98   1.97949E-04 -6.36636E-05 -5.81972E-03 
    99  -2.27879E-04  7.35708E-05 -5.77239E-03 
   100   1.97850E-04 -6.99876E-05 -5.77419E-03 

 Rigid Airport Pavement
                   FAASR3D (version 1.0 ) compiled 04/15/19
 n o d a l   p r i n t   o u t   f o r   t i m e   s t e p     1  ( at time  1.0000E+00 )
   node     x-disp       y-disp       z-disp
   101  -2.27679E-04  7.99047E-05 -5.72273E-03 
   102   1.97765E-04 -7.60217E-05 -5.72320E-03 
   103  -2.27498E-04  8.58387E-05 -5.66898E-03 
   104   1.97717E-04 -8.17227E-05 -5.66854E-03 
   105  -2.25646E-04  0.00000E+00 -6.16774E-03 
   106   1.95564E-04  0.00000E+00 -6.17246E-03 
   107  -2.25628E-04  7.76358E-06 -6.16704E-03 
   108   1.95551E-04 -7.38271E-06 -6.16862E-03 
   109  -2.25570E-04  1.55041E-05 -6.15775E-03 
   110   1.95513E-04 -1.47629E-05 -6.16220E-03 
   111  -2.25476E-04  2.31949E-05 -6.14649E-03 
   112   1.95448E-04 -2.20659E-05 -6.14858E-03 
   113  -2.25344E-04  3.08191E-05 -6.12765E-03 
   114   1.95359E-04 -2.93245E-05 -6.13175E-03 
   115  -2.25181E-04  3.83625E-05 -6.10626E-03 
   116   1.95249E-04 -3.65073E-05 -6.10833E-03 
   117  -2.24987E-04  4.57952E-05 -6.07755E-03 
   118   1.95122E-04 -4.35863E-05 -6.08163E-03 
   119  -2.24771E-04  5.30854E-05 -6.04644E-03 
   120   1.94981E-04 -5.05318E-05 -6.04848E-03 
   121  -2.24534E-04  6.01977E-05 -6.00819E-03 
   122   1.94833E-04 -5.73131E-05 -6.01221E-03 
   123  -2.24286E-04  6.70897E-05 -5.96771E-03 
   124   1.94682E-04 -6.38880E-05 -5.96974E-03 
   125  -2.24031E-04  7.37173E-05 -5.92029E-03 
   126   1.94535E-04 -7.02080E-05 -5.92451E-03 
   127  -2.23779E-04  8.00401E-05 -5.87116E-03 
   128   1.94399E-04 -7.62646E-05 -5.87334E-03 
   129  -2.23535E-04  8.59561E-05 -5.81477E-03 
   130   1.94278E-04 -8.19518E-05 -5.82004E-03 
   131  -2.20664E-04  0.00000E+00 -6.31631E-03 
   132   1.91205E-04  0.00000E+00 -6.31892E-03 
   133  -2.20643E-04  7.79581E-06 -6.31466E-03 
   134   1.91188E-04 -7.41842E-06 -6.31549E-03 
   135  -2.20582E-04  1.55688E-05 -6.30637E-03 
   136   1.91146E-04 -1.48383E-05 -6.30854E-03 
   137  -2.20480E-04  2.32903E-05 -6.29403E-03 
   138   1.91072E-04 -2.21804E-05 -6.29533E-03 
   139  -2.20340E-04  3.09431E-05 -6.27605E-03 
   140   1.90975E-04 -2.94723E-05 -6.27800E-03 
   141  -2.20164E-04  3.85124E-05 -6.25359E-03 
   142   1.90850E-04 -3.66862E-05 -6.25491E-03 
   143  -2.19955E-04  4.59667E-05 -6.22571E-03 
   144   1.90707E-04 -4.37914E-05 -6.22766E-03 
   145  -2.19718E-04  5.32745E-05 -6.19349E-03 
   146   1.90543E-04 -5.07594E-05 -6.19480E-03 
   147  -2.19457E-04  6.03992E-05 -6.15603E-03 
   148   1.90368E-04 -5.75567E-05 -6.15795E-03 
   149  -2.19177E-04  6.72972E-05 -6.11447E-03 
   150   1.90182E-04 -6.41408E-05 -6.11572E-03 

 Rigid Airport Pavement
                   FAASR3D (version 1.0 ) compiled 04/15/19
 n o d a l   p r i n t   o u t   f o r   t i m e   s t e p     1  ( at time  1.0000E+00 )
   node     x-disp       y-disp       z-disp
   151  -2.18884E-04  7.39287E-05 -6.06791E-03 
   152   1.89995E-04 -7.04638E-05 -6.06983E-03 
   153  -2.18585E-04  8.02417E-05 -6.01793E-03 
   154   1.89806E-04 -7.64852E-05 -6.01860E-03 
   155  -2.18286E-04  8.61513E-05 -5.96390E-03 
   156   1.89628E-04 -8.21690E-05 -5.96364E-03 
   157  -2.14490E-04  0.00000E+00 -6.45870E-03 
   158   1.85697E-04  0.00000E+00 -6.46314E-03 
   159  -2.14468E-04  7.83278E-06 -6.45784E-03 
   160   1.85681E-04 -7.46268E-06 -6.45937E-03 
   161  -2.14402E-04  1.56402E-05 -6.44857E-03 
   162   1.85633E-04 -1.49190E-05 -6.45280E-03 
   163  -2.14294E-04  2.33962E-05 -6.43710E-03 
   164   1.85554E-04 -2.22981E-05 -6.43911E-03 
   165  -2.14145E-04  3.10821E-05 -6.41815E-03 
   166   1.85445E-04 -2.96282E-05 -6.42206E-03 
   167  -2.13959E-04  3.86810E-05 -6.39647E-03 
   168   1.85310E-04 -3.68757E-05 -6.39847E-03 
   169  -2.13736E-04  4.61616E-05 -6.36757E-03 
   170   1.85150E-04 -4.40111E-05 -6.37146E-03 
   171  -2.13481E-04  5.34914E-05 -6.33609E-03 
   172   1.84967E-04 -5.10048E-05 -6.33806E-03 
   173  -2.13198E-04  6.06339E-05 -6.29758E-03 
   174   1.84767E-04 -5.78240E-05 -6.30141E-03 
   175  -2.12891E-04  6.75448E-05 -6.25668E-03 
   176   1.84553E-04 -6.44257E-05 -6.25865E-03 
   177  -2.12566E-04  7.41805E-05 -6.20898E-03 
   178   1.84328E-04 -7.07612E-05 -6.21301E-03 
   179  -2.12227E-04  8.05012E-05 -6.15940E-03 
   180   1.84097E-04 -7.68216E-05 -6.16152E-03 
   181  -2.11881E-04  8.64072E-05 -6.10271E-03 
   182   1.83867E-04 -8.25019E-05 -6.10782E-03 
   183  -2.07248E-04  0.00000E+00 -6.59863E-03 
   184   1.79178E-04  0.00000E+00 -6.60132E-03 
   185  -2.07225E-04  7.87059E-06 -6.59694E-03 
   186   1.79159E-04 -7.50132E-06 -6.59789E-03 
   187  -2.07156E-04  1.57178E-05 -6.58860E-03 
   188   1.79108E-04 -1.50026E-05 -6.59082E-03 
   189  -2.07043E-04  2.35119E-05 -6.57610E-03 
   190   1.79023E-04 -2.24240E-05 -6.57750E-03 
   191  -2.06888E-04  3.12333E-05 -6.55795E-03 
   192   1.78907E-04 -2.97912E-05 -6.55996E-03 
   193  -2.06691E-04  3.88658E-05 -6.53524E-03 
   194   1.78760E-04 -3.70751E-05 -6.53666E-03 
   195  -2.06458E-04  4.63763E-05 -6.50709E-03 
   196   1.78587E-04 -4.42437E-05 -6.50910E-03 
   197  -2.06188E-04  5.37327E-05 -6.47454E-03 
   198   1.78387E-04 -5.12673E-05 -6.47594E-03 
   199  -2.05887E-04  6.08981E-05 -6.43674E-03 
   200   1.78167E-04 -5.81111E-05 -6.43871E-03 

 Rigid Airport Pavement
                   FAASR3D (version 1.0 ) compiled 04/15/19
 n o d a l   p r i n t   o u t   f o r   t i m e   s t e p     1  ( at time  1.0000E+00 )
   node     x-disp       y-disp       z-disp
   201  -2.05558E-04  6.78288E-05 -6.39477E-03 
   202   1.77926E-04 -6.47327E-05 -6.39612E-03 
   203  -2.05205E-04  7.44838E-05 -6.34782E-03 
   204   1.77672E-04 -7.10839E-05 -6.34980E-03 
   205  -2.04834E-04  8.08103E-05 -6.29738E-03 
   206   1.77405E-04 -7.71228E-05 -6.29817E-03 
   207  -2.04449E-04  8.67243E-05 -6.24292E-03 
   208   1.77132E-04 -8.28119E-05 -6.24277E-03 
   209  -1.99074E-04  0.00000E+00 -6.73125E-03 
   210   1.71762E-04  0.00000E+00 -6.73555E-03 
   211  -1.99051E-04  7.91301E-06 -6.73030E-03 
   212   1.71744E-04 -7.54845E-06 -6.73179E-03 
   213  -1.98981E-04  1.58005E-05 -6.72098E-03 
   214   1.71690E-04 -1.50889E-05 -6.72510E-03 
   215  -1.98865E-04  2.36341E-05 -6.70933E-03 
   216   1.71602E-04 -2.25508E-05 -6.71130E-03 
   217  -1.98704E-04  3.13944E-05 -6.69022E-03 
   218   1.71479E-04 -2.99599E-05 -6.69402E-03 
   219  -1.98500E-04  3.90632E-05 -6.66825E-03 
   220   1.71324E-04 -3.72822E-05 -6.67021E-03 
   221  -1.98258E-04  4.66074E-05 -6.63909E-03 
   222   1.71139E-04 -4.44865E-05 -6.64288E-03 
   223  -1.97977E-04  5.39947E-05 -6.60723E-03 
   224   1.70926E-04 -5.15419E-05 -6.60916E-03 
   225  -1.97662E-04  6.11879E-05 -6.56837E-03 
   226   1.70688E-04 -5.84151E-05 -6.57211E-03 
   227  -1.97316E-04  6.81420E-05 -6.52702E-03 
   228   1.70427E-04 -6.50626E-05 -6.52894E-03 
   229  -1.96941E-04  7.48134E-05 -6.47891E-03 
   230   1.70147E-04 -7.14363E-05 -6.48283E-03 
   231  -1.96544E-04  8.11604E-05 -6.42881E-03 
   232   1.69850E-04 -7.75250E-05 -6.43090E-03 
   233  -1.96129E-04  8.70846E-05 -6.37166E-03 
   234   1.69542E-04 -8.32236E-05 -6.37669E-03 
   235  -1.90110E-04  0.00000E+00 -6.85987E-03 
   236   1.63595E-04  0.00000E+00 -6.86264E-03 
   237  -1.90085E-04  7.95555E-06 -6.85815E-03 
   238   1.63577E-04 -7.58842E-06 -6.85918E-03 
   239  -1.90014E-04  1.58870E-05 -6.84973E-03 
   240   1.63520E-04 -1.51777E-05 -6.85201E-03 
   241  -1.89895E-04  2.37625E-05 -6.83707E-03 
   242   1.63428E-04 -2.26840E-05 -6.83855E-03 
   243  -1.89732E-04  3.15625E-05 -6.81873E-03 
   244   1.63301E-04 -3.01331E-05 -6.82080E-03 
   245  -1.89525E-04  3.92700E-05 -6.79575E-03 
   246   1.63141E-04 -3.74948E-05 -6.79724E-03 
   247  -1.89276E-04  4.68512E-05 -6.76730E-03 
   248   1.62947E-04 -4.47360E-05 -6.76936E-03 
   249  -1.88988E-04  5.42727E-05 -6.73437E-03 
   250   1.62724E-04 -5.18264E-05 -6.73585E-03 

 Rigid Airport Pavement
                   FAASR3D (version 1.0 ) compiled 04/15/19
 n o d a l   p r i n t   o u t   f o r   t i m e   s t e p     1  ( at time  1.0000E+00 )
   node     x-disp       y-disp       z-disp
   251  -1.88663E-04  6.14975E-05 -6.69618E-03 
   252   1.62473E-04 -5.87306E-05 -6.69821E-03 
   253  -1.88304E-04  6.84806E-05 -6.65376E-03 
   254   1.62196E-04 -6.54054E-05 -6.65518E-03 
   255  -1.87914E-04  7.51800E-05 -6.60634E-03 
   256   1.61895E-04 -7.18024E-05 -6.60837E-03 
   257  -1.87497E-04  8.15438E-05 -6.55538E-03 
   258   1.61575E-04 -7.78795E-05 -6.55624E-03 
   259  -1.87058E-04  8.74874E-05 -6.50040E-03 
   260   1.61237E-04 -8.35982E-05 -6.50030E-03 
   261  -1.80490E-04  0.00000E+00 -6.98026E-03 
   262   1.54803E-04  0.00000E+00 -6.98457E-03 
   263  -1.80466E-04  8.00133E-06 -6.97929E-03 
   264   1.54784E-04 -7.63889E-06 -6.98077E-03 
   265  -1.80394E-04  1.59757E-05 -6.96986E-03 
   266   1.54727E-04 -1.52680E-05 -6.97401E-03 
   267  -1.80275E-04  2.38943E-05 -6.95807E-03 
   268   1.54633E-04 -2.28159E-05 -6.96005E-03 
   269  -1.80110E-04  3.17365E-05 -6.93874E-03 
   270   1.54503E-04 -3.03081E-05 -6.94257E-03 
   271  -1.79901E-04  3.94843E-05 -6.91651E-03 
   272   1.54338E-04 -3.77100E-05 -6.91848E-03 
   273  -1.79650E-04  4.71042E-05 -6.88701E-03 
   274   1.54140E-04 -4.49900E-05 -6.89084E-03 
   275  -1.79358E-04  5.45617E-05 -6.85479E-03 
   276   1.53909E-04 -5.21160E-05 -6.85674E-03 
   277  -1.79027E-04  6.18202E-05 -6.81551E-03 
   278   1.53649E-04 -5.90549E-05 -6.81928E-03 
   279  -1.78659E-04  6.88340E-05 -6.77371E-03 
   280   1.53360E-04 -6.57624E-05 -6.77564E-03 
   281  -1.78259E-04  7.55580E-05 -6.72507E-03 
   282   1.53045E-04 -7.21888E-05 -6.72904E-03 
   283  -1.77829E-04  8.19528E-05 -6.67445E-03 
   284   1.52707E-04 -7.83244E-05 -6.67656E-03 
   285  -1.77373E-04  8.79167E-05 -6.61671E-03 
   286   1.52348E-04 -8.40611E-05 -6.62180E-03 
   287  -1.70346E-04  0.00000E+00 -7.09568E-03 
   288   1.45511E-04  0.00000E+00 -7.09856E-03 
   289  -1.70322E-04  8.04627E-06 -7.09396E-03 
   290   1.45492E-04 -7.67903E-06 -7.09504E-03 
   291  -1.70250E-04  1.60669E-05 -7.08544E-03 
   292   1.45435E-04 -1.53578E-05 -7.08780E-03 
   293  -1.70132E-04  2.40292E-05 -7.07264E-03 
   294   1.45341E-04 -2.29508E-05 -7.07417E-03 
   295  -1.69968E-04  3.19132E-05 -7.05408E-03 
   296   1.45209E-04 -3.04838E-05 -7.05621E-03 
   297  -1.69760E-04  3.97024E-05 -7.03083E-03 
   298   1.45043E-04 -3.79270E-05 -7.03237E-03 
   299  -1.69508E-04  4.73621E-05 -7.00205E-03 
   300   1.44842E-04 -4.52463E-05 -7.00418E-03 

 Rigid Airport Pavement
                   FAASR3D (version 1.0 ) compiled 04/15/19
 n o d a l   p r i n t   o u t   f o r   t i m e   s t e p     1  ( at time  1.0000E+00 )
   node     x-disp       y-disp       z-disp
   301  -1.69214E-04  5.48583E-05 -6.96875E-03 
   302   1.44608E-04 -5.24102E-05 -6.97028E-03 
   303  -1.68881E-04  6.21525E-05 -6.93012E-03 
   304   1.44341E-04 -5.93836E-05 -6.93222E-03 
   305  -1.68511E-04  6.92004E-05 -6.88723E-03 
   306   1.44045E-04 -6.61230E-05 -6.88871E-03 
   307  -1.68105E-04  7.59603E-05 -6.83929E-03 
   308   1.43720E-04 -7.25785E-05 -6.84139E-03 
   309  -1.67668E-04  8.23789E-05 -6.78779E-03 
   310   1.43371E-04 -7.87076E-05 -6.78868E-03 
   311  -1.67202E-04  8.83719E-05 -6.73224E-03 
   312   1.42995E-04 -8.44734E-05 -6.73214E-03 
   313  -1.59796E-04  0.00000E+00 -7.20224E-03 
   314   1.35833E-04  0.00000E+00 -7.20664E-03 
   315  -1.59772E-04  8.09180E-06 -7.20128E-03 
   316   1.35814E-04 -7.72845E-06 -7.20278E-03 
   317  -1.59702E-04  1.61560E-05 -7.19172E-03 
   318   1.35758E-04 -1.54468E-05 -7.19595E-03 
   319  -1.59586E-04  2.41629E-05 -7.17980E-03 
   320   1.35664E-04 -2.30812E-05 -7.18182E-03 
   321  -1.59424E-04  3.20908E-05 -7.16023E-03 
   322   1.35533E-04 -3.06576E-05 -7.16414E-03 
   323  -1.59217E-04  3.99222E-05 -7.13777E-03 
   324   1.35367E-04 -3.81422E-05 -7.13977E-03 
   325  -1.58968E-04  4.76225E-05 -7.10791E-03 
   326   1.35165E-04 -4.55014E-05 -7.11181E-03 
   327  -1.58676E-04  5.51575E-05 -7.07534E-03 
   328   1.34930E-04 -5.27033E-05 -7.07731E-03 
   329  -1.58345E-04  6.24892E-05 -7.03560E-03 
   330   1.34662E-04 -5.97138E-05 -7.03944E-03 
   331  -1.57975E-04  6.95725E-05 -6.99334E-03 
   332   1.34362E-04 -6.64888E-05 -6.99531E-03 
   333  -1.57569E-04  7.63615E-05 -6.94415E-03 
   334   1.34033E-04 -7.29773E-05 -6.94820E-03 
   335  -1.57130E-04  8.28163E-05 -6.89299E-03 
   336   1.33676E-04 -7.91705E-05 -6.89513E-03 
   337  -1.56661E-04  8.88356E-05 -6.83458E-03 
   338   1.33294E-04 -8.49609E-05 -6.83979E-03 
   339  -1.48949E-04  0.00000E+00 -7.30329E-03 
   340   1.25872E-04  0.00000E+00 -7.30625E-03 
   341  -1.48926E-04  8.13521E-06 -7.30157E-03 
   342   1.25854E-04 -7.76601E-06 -7.30267E-03 
   343  -1.48857E-04  1.62453E-05 -7.29294E-03 
   344   1.25797E-04 -1.55326E-05 -7.29536E-03 
   345  -1.48743E-04  2.42958E-05 -7.28000E-03 
   346   1.25705E-04 -2.32112E-05 -7.28156E-03 
   347  -1.48585E-04  3.22665E-05 -7.26122E-03 
   348   1.25576E-04 -3.08288E-05 -7.26341E-03 
   349  -1.48382E-04  4.01401E-05 -7.23771E-03 
   350   1.25412E-04 -3.83544E-05 -7.23929E-03 

 Rigid Airport Pavement
                   FAASR3D (version 1.0 ) compiled 04/15/19
 n o d a l   p r i n t   o u t   f o r   t i m e   s t e p     1  ( at time  1.0000E+00 )
   node     x-disp       y-disp       z-disp
   351  -1.48137E-04  4.78813E-05 -7.20859E-03 
   352   1.25212E-04 -4.57531E-05 -7.21079E-03 
   353  -1.47850E-04  5.54566E-05 -7.17493E-03 
   354   1.24979E-04 -5.29939E-05 -7.17649E-03 
   355  -1.47523E-04  6.28269E-05 -7.13586E-03 
   356   1.24711E-04 -6.00407E-05 -7.13802E-03 
   357  -1.47158E-04  6.99472E-05 -7.09250E-03 
   358   1.24413E-04 -6.68492E-05 -7.09401E-03 
   359  -1.46756E-04  7.67747E-05 -7.04402E-03 
   360   1.24083E-04 -7.33691E-05 -7.04617E-03 
   361  -1.46321E-04  8.32569E-05 -6.99196E-03 
   362   1.23725E-04 -7.95586E-05 -6.99287E-03 
   363  -1.45854E-04  8.93088E-05 -6.93581E-03 
   364   1.23339E-04 -8.53818E-05 -6.93571E-03 
   365  -1.37900E-04  0.00000E+00 -7.39507E-03 
   366   1.15721E-04  0.00000E+00 -7.39958E-03 
   367  -1.37877E-04  8.18050E-06 -7.39414E-03 
   368   1.15702E-04 -7.81399E-06 -7.39565E-03 
   369  -1.37810E-04  1.63321E-05 -7.38443E-03 
   370   1.15647E-04 -1.56172E-05 -7.38878E-03 
   371  -1.37700E-04  2.44258E-05 -7.37241E-03 
   372   1.15557E-04 -2.33353E-05 -7.37446E-03 
   373  -1.37546E-04  3.24397E-05 -7.35260E-03 
   374   1.15431E-04 -3.09961E-05 -7.35661E-03 
   375  -1.37348E-04  4.03548E-05 -7.32991E-03 
   376   1.15269E-04 -3.85617E-05 -7.33194E-03 
   377  -1.37109E-04  4.81367E-05 -7.29970E-03 
   378   1.15073E-04 -4.59995E-05 -7.30370E-03 
   379  -1.36829E-04  5.57515E-05 -7.26679E-03 
   380   1.14843E-04 -5.32782E-05 -7.26880E-03 
   381  -1.36510E-04  6.31601E-05 -7.22658E-03 
   382   1.14581E-04 -6.03621E-05 -7.23053E-03 
   383  -1.36153E-04  7.03165E-05 -7.18389E-03 
   384   1.14286E-04 -6.72069E-05 -7.18589E-03 
   385  -1.35760E-04  7.71747E-05 -7.13413E-03 
   386   1.13961E-04 -7.37613E-05 -7.13829E-03 
   387  -1.35333E-04  8.36954E-05 -7.08244E-03 
   388   1.13607E-04 -8.00182E-05 -7.08463E-03 
   389  -1.34875E-04  8.97756E-05 -7.02336E-03 
   390   1.13226E-04 -8.58675E-05 -7.02871E-03 
   391  -1.26730E-04  0.00000E+00 -7.48115E-03 
   392   1.05453E-04  0.00000E+00 -7.48417E-03 
   393  -1.26709E-04  8.22208E-06 -7.47943E-03 
   394   1.05436E-04 -7.84965E-06 -7.48053E-03 
   395  -1.26644E-04  1.64174E-05 -7.47068E-03 
   396   1.05382E-04 -1.56988E-05 -7.47315E-03 
   397  -1.26537E-04  2.45535E-05 -7.45761E-03 
   398   1.05295E-04 -2.34595E-05 -7.45920E-03 
   399  -1.26388E-04  3.26087E-05 -7.43862E-03 
   400   1.05172E-04 -3.11585E-05 -7.44085E-03 

 Rigid Airport Pavement
                   FAASR3D (version 1.0 ) compiled 04/15/19
 n o d a l   p r i n t   o u t   f o r   t i m e   s t e p     1  ( at time  1.0000E+00 )
   node     x-disp       y-disp       z-disp
   401  -1.26198E-04  4.05647E-05 -7.41487E-03 
   402   1.05016E-04 -3.87630E-05 -7.41647E-03 
   403  -1.25967E-04  4.83867E-05 -7.38543E-03 
   404   1.04825E-04 -4.62391E-05 -7.38766E-03 
   405  -1.25696E-04  5.60401E-05 -7.35142E-03 
   406   1.04602E-04 -5.35552E-05 -7.35300E-03 
   407  -1.25387E-04  6.34861E-05 -7.31192E-03 
   408   1.04345E-04 -6.06742E-05 -7.31412E-03 
   409  -1.25042E-04  7.06788E-05 -7.26810E-03 
   410   1.04059E-04 -6.75516E-05 -7.26963E-03 
   411  -1.24662E-04  7.75766E-05 -7.21910E-03 
   412   1.03741E-04 -7.41378E-05 -7.22129E-03 
   413  -1.24248E-04  8.41259E-05 -7.16650E-03 
   414   1.03396E-04 -8.03906E-05 -7.16741E-03 
   415  -1.23802E-04  9.02403E-05 -7.10976E-03 
   416   1.03021E-04 -8.62739E-05 -7.10963E-03 
   417  -1.15510E-04  0.00000E+00 -7.55775E-03 
   418   9.51402E-05  0.00000E+00 -7.56237E-03 
   419  -1.15489E-04  8.26436E-06 -7.55683E-03 
   420   9.51234E-05 -7.89372E-06 -7.55838E-03 
   421  -1.15428E-04  1.64996E-05 -7.54700E-03 
   422   9.50721E-05 -1.57772E-05 -7.55145E-03 
   423  -1.15325E-04  2.46764E-05 -7.53488E-03 
   424   9.49874E-05 -2.35755E-05 -7.53697E-03 
   425  -1.15183E-04  3.27720E-05 -7.51484E-03 
   426   9.48695E-05 -3.13142E-05 -7.51894E-03 
   427  -1.15001E-04  4.07677E-05 -7.49193E-03 
   428   9.47187E-05 -3.89567E-05 -7.49401E-03 
   429  -1.14779E-04  4.86284E-05 -7.46138E-03 
   430   9.45357E-05 -4.64695E-05 -7.46548E-03 
   431  -1.14520E-04  5.63198E-05 -7.42816E-03 
   432   9.43203E-05 -5.38205E-05 -7.43021E-03 
   433  -1.14224E-04  6.38018E-05 -7.38752E-03 
   434   9.40738E-05 -6.09748E-05 -7.39155E-03 
   435  -1.13893E-04  7.10287E-05 -7.34440E-03 
   436   9.37974E-05 -6.78866E-05 -7.34644E-03 
   437  -1.13528E-04  7.79563E-05 -7.29411E-03 
   438   9.34921E-05 -7.45068E-05 -7.29837E-03 
   439  -1.13131E-04  8.45439E-05 -7.24191E-03 
   440   9.31583E-05 -8.08277E-05 -7.24414E-03 
   441  -1.12703E-04  9.06863E-05 -7.18219E-03 
   442   9.27976E-05 -8.67375E-05 -7.18767E-03 
   443  -1.04297E-04  0.00000E+00 -7.62867E-03 
   444   8.48327E-05  0.00000E+00 -7.63173E-03 
   445  -1.04278E-04  8.30252E-06 -7.62695E-03 
   446   8.48175E-05 -7.92570E-06 -7.62804E-03 
   447  -1.04220E-04  1.65785E-05 -7.61810E-03 
   448   8.47679E-05 -1.58522E-05 -7.62060E-03 
   449  -1.04122E-04  2.47946E-05 -7.60491E-03 
   450   8.46879E-05 -2.36889E-05 -7.60650E-03 

 Rigid Airport Pavement
                   FAASR3D (version 1.0 ) compiled 04/15/19
 n o d a l   p r i n t   o u t   f o r   t i m e   s t e p     1  ( at time  1.0000E+00 )
   node     x-disp       y-disp       z-disp
   451  -1.03987E-04  3.29281E-05 -7.58572E-03 
   452   8.45747E-05 -3.14624E-05 -7.58798E-03 
   453  -1.03814E-04  4.09617E-05 -7.56175E-03 
   454   8.44314E-05 -3.91407E-05 -7.56335E-03 
   455  -1.03604E-04  4.88596E-05 -7.53201E-03 
   456   8.42562E-05 -4.66886E-05 -7.53427E-03 
   457  -1.03359E-04  5.65871E-05 -7.49766E-03 
   458   8.40522E-05 -5.40744E-05 -7.49925E-03 
   459  -1.03078E-04  6.41042E-05 -7.45777E-03 
   460   8.38172E-05 -6.12609E-05 -7.46000E-03 
   461  -1.02764E-04  7.13657E-05 -7.41353E-03 
   462   8.35545E-05 -6.82036E-05 -7.41506E-03 
   463  -1.02417E-04  7.83305E-05 -7.36403E-03 
   464   8.32629E-05 -7.48534E-05 -7.36626E-03 
   465  -1.02040E-04  8.49443E-05 -7.31093E-03 
   466   8.29451E-05 -8.11676E-05 -7.31183E-03 
   467  -1.01634E-04  9.11193E-05 -7.25364E-03 
   468   8.25992E-05 -8.71099E-05 -7.25348E-03 
   469  -9.31396E-05  0.00000E+00 -7.69007E-03 
   470   7.45798E-05  0.00000E+00 -7.69479E-03 
   471  -9.31216E-05  8.34086E-06 -7.68918E-03 
   472   7.45648E-05 -7.96677E-06 -7.69074E-03 
   473  -9.30669E-05  1.66527E-05 -7.67922E-03 
   474   7.45187E-05 -1.59235E-05 -7.68377E-03 
   475  -9.29753E-05  2.49058E-05 -7.66701E-03 
   476   7.44426E-05 -2.37924E-05 -7.66913E-03 
   477  -9.28485E-05  3.30768E-05 -7.64676E-03 
   478   7.43369E-05 -3.16017E-05 -7.65095E-03 
   479  -9.26855E-05  4.11455E-05 -7.62366E-03 
   480   7.42012E-05 -3.93137E-05 -7.62577E-03 
   481  -9.24889E-05  4.90786E-05 -7.59281E-03 
   482   7.40364E-05 -4.68953E-05 -7.59699E-03 
   483  -9.22581E-05  5.68394E-05 -7.55930E-03 
   484   7.38437E-05 -5.43131E-05 -7.56138E-03 
   485  -9.19948E-05  6.43899E-05 -7.51825E-03 
   486   7.36231E-05 -6.15316E-05 -7.52237E-03 
   487  -9.16999E-05  7.16835E-05 -7.47476E-03 
   488   7.33756E-05 -6.85066E-05 -7.47683E-03 
   489  -9.13746E-05  7.86748E-05 -7.42398E-03 
   490   7.31018E-05 -7.51869E-05 -7.42833E-03 
   491  -9.10199E-05  8.53237E-05 -7.37131E-03 
   492   7.28023E-05 -8.15662E-05 -7.37358E-03 
   493  -9.06390E-05  9.15253E-05 -7.31101E-03 
   494   7.24782E-05 -8.75327E-05 -7.31660E-03 
   495  -8.20769E-05  0.00000E+00 -7.74596E-03 
   496   6.44147E-05  0.00000E+00 -7.74905E-03 
   497  -8.20601E-05  8.37534E-06 -7.74424E-03 
   498   6.44010E-05 -7.99438E-06 -7.74532E-03 
   499  -8.20088E-05  1.67240E-05 -7.73530E-03 
   500   6.43575E-05 -1.59896E-05 -7.73782E-03 

 Rigid Airport Pavement
                   FAASR3D (version 1.0 ) compiled 04/15/19
 n o d a l   p r i n t   o u t   f o r   t i m e   s t e p     1  ( at time  1.0000E+00 )
   node     x-disp       y-disp       z-disp
   501  -8.19241E-05  2.50111E-05 -7.72200E-03 
   502   6.42871E-05 -2.38924E-05 -7.72359E-03 
   503  -8.18057E-05  3.32150E-05 -7.70264E-03 
   504   6.41882E-05 -3.17320E-05 -7.70492E-03 
   505  -8.16544E-05  4.13175E-05 -7.67846E-03 
   506   6.40625E-05 -3.94756E-05 -7.68006E-03 
   507  -8.14715E-05  4.92831E-05 -7.64845E-03 
   508   6.39090E-05 -4.70881E-05 -7.65073E-03 
   509  -8.12575E-05  5.70767E-05 -7.61381E-03 
   510   6.37298E-05 -5.45363E-05 -7.61540E-03 
   511  -8.10129E-05  6.46583E-05 -7.57357E-03 
   512   6.35247E-05 -6.17837E-05 -7.57581E-03 
   513  -8.07397E-05  7.19827E-05 -7.52895E-03 
   514   6.32955E-05 -6.87859E-05 -7.53048E-03 
   515  -8.04373E-05  7.90068E-05 -7.47902E-03 
   516   6.30401E-05 -7.54920E-05 -7.48126E-03 
   517  -8.01088E-05  8.56783E-05 -7.42547E-03 
   518   6.27622E-05 -8.18599E-05 -7.42636E-03 
   519  -7.97551E-05  9.19096E-05 -7.36768E-03 
   520   6.24599E-05 -8.78562E-05 -7.36750E-03 
   521  -7.11387E-05  0.00000E+00 -7.79240E-03 
   522   5.43691E-05  0.00000E+00 -7.79721E-03 
   523  -7.11224E-05  8.40876E-06 -7.79152E-03 
   524   5.43560E-05 -8.03041E-06 -7.79311E-03 
   525  -7.10754E-05  1.67886E-05 -7.78147E-03 
   526   5.43167E-05 -1.60509E-05 -7.78609E-03 
   527  -7.09973E-05  2.51074E-05 -7.76918E-03 
   528   5.42515E-05 -2.39817E-05 -7.77132E-03 
   529  -7.08883E-05  3.33429E-05 -7.74875E-03 
   530   5.41607E-05 -3.18520E-05 -7.75300E-03 
   531  -7.07502E-05  4.14768E-05 -7.72547E-03 
   532   5.40455E-05 -3.96249E-05 -7.72761E-03 
   533  -7.05827E-05  4.94730E-05 -7.69436E-03 
   534   5.39055E-05 -4.72657E-05 -7.69861E-03 
   535  -7.03862E-05  5.72956E-05 -7.66059E-03 
   536   5.37408E-05 -5.47409E-05 -7.66270E-03 
   537  -7.01627E-05  6.49061E-05 -7.61920E-03 
   538   5.35539E-05 -6.20162E-05 -7.62339E-03 
   539  -6.99116E-05  7.22577E-05 -7.57537E-03 
   540   5.33431E-05 -6.90461E-05 -7.57747E-03 
   541  -6.96349E-05  7.93040E-05 -7.52417E-03 
   542   5.31098E-05 -7.57782E-05 -7.52859E-03 
   543  -6.93344E-05  8.60065E-05 -7.47110E-03 
   544   5.28554E-05 -8.22087E-05 -7.47340E-03 
   545  -6.90104E-05  9.22591E-05 -7.41030E-03 
   546   5.25802E-05 -8.82245E-05 -7.41597E-03 
   547  -6.03467E-05  0.00000E+00 -7.83360E-03 
   548   4.44611E-05  0.00000E+00 -7.83669E-03 
   549  -6.03323E-05  8.43701E-06 -7.83186E-03 
   550   4.44501E-05 -8.05264E-06 -7.83293E-03 

 Rigid Airport Pavement
                   FAASR3D (version 1.0 ) compiled 04/15/19
 n o d a l   p r i n t   o u t   f o r   t i m e   s t e p     1  ( at time  1.0000E+00 )
   node     x-disp       y-disp       z-disp
   551  -6.02898E-05  1.68475E-05 -7.82286E-03 
   552   4.44145E-05 -1.61060E-05 -7.82538E-03 
   553  -6.02193E-05  2.51958E-05 -7.80946E-03 
   554   4.43560E-05 -2.40659E-05 -7.81104E-03 
   555  -6.01207E-05  3.34597E-05 -7.78995E-03 
   556   4.42736E-05 -3.19615E-05 -7.79223E-03 
   557  -5.99962E-05  4.16222E-05 -7.76559E-03 
   558   4.41704E-05 -3.97606E-05 -7.76719E-03 
   559  -5.98449E-05  4.96466E-05 -7.73536E-03 
   560   4.40439E-05 -4.74274E-05 -7.73764E-03 
   561  -5.96677E-05  5.74953E-05 -7.70047E-03 
   562   4.38966E-05 -5.49276E-05 -7.70205E-03 
   563  -5.94652E-05  6.51316E-05 -7.65993E-03 
   564   4.37269E-05 -6.22266E-05 -7.66218E-03 
   565  -5.92381E-05  7.25087E-05 -7.61499E-03 
   566   4.35370E-05 -6.92788E-05 -7.61651E-03 
   567  -5.89890E-05  7.95842E-05 -7.56469E-03 
   568   4.33271E-05 -7.60328E-05 -7.56693E-03 
   569  -5.87179E-05  8.63046E-05 -7.51075E-03 
   570   4.30985E-05 -8.24473E-05 -7.51162E-03 
   571  -5.84255E-05  9.25810E-05 -7.45254E-03 
   572   4.28499E-05 -8.84870E-05 -7.45233E-03 
   573  -4.97196E-05  0.00000E+00 -7.86547E-03 
   574   3.47117E-05  0.00000E+00 -7.87034E-03 
   575  -4.97073E-05  8.46506E-06 -7.86460E-03 
   576   3.47016E-05 -8.08235E-06 -7.86620E-03 
   577  -4.96702E-05  1.69006E-05 -7.85447E-03 
   578   3.46710E-05 -1.61554E-05 -7.85914E-03 
   579  -4.96075E-05  2.52747E-05 -7.84210E-03 
   580   3.46193E-05 -2.41380E-05 -7.84427E-03 
   581  -4.95209E-05  3.35651E-05 -7.82153E-03 
   582   3.45473E-05 -3.20595E-05 -7.82584E-03 
   583  -4.94093E-05  4.17530E-05 -7.79811E-03 
   584   3.44551E-05 -3.98821E-05 -7.80027E-03 
   585  -4.92746E-05  4.98015E-05 -7.76678E-03 
   586   3.43434E-05 -4.75715E-05 -7.77108E-03 
   587  -4.91173E-05  5.76743E-05 -7.73280E-03 
   588   3.42131E-05 -5.50943E-05 -7.73493E-03 
   589  -4.89370E-05  6.53333E-05 -7.69113E-03 
   590   3.40627E-05 -6.24152E-05 -7.69537E-03 
   591  -4.87354E-05  7.27322E-05 -7.64702E-03 
   592   3.38948E-05 -6.94895E-05 -7.64914E-03 
   593  -4.85147E-05  7.98249E-05 -7.59547E-03 
   594   3.37097E-05 -7.62655E-05 -7.59995E-03 
   595  -4.82740E-05  8.65713E-05 -7.54206E-03 
   596   3.35077E-05 -8.27373E-05 -7.54438E-03 
   597  -4.80157E-05  9.28640E-05 -7.48085E-03 
   598   3.32902E-05 -8.87912E-05 -7.48658E-03 
   599  -3.92714E-05  0.00000E+00 -7.89241E-03 
   600   2.51296E-05  0.00000E+00 -7.89549E-03 

 Rigid Airport Pavement
                   FAASR3D (version 1.0 ) compiled 04/15/19
 n o d a l   p r i n t   o u t   f o r   t i m e   s t e p     1  ( at time  1.0000E+00 )
   node     x-disp       y-disp       z-disp
   601  -3.92610E-05  8.48831E-06 -7.89066E-03 
   602   2.51213E-05 -8.09953E-06 -7.89171E-03 
   603  -3.92282E-05  1.69484E-05 -7.88160E-03 
   604   2.50944E-05 -1.61987E-05 -7.88413E-03 
   605  -3.91736E-05  2.53452E-05 -7.86813E-03 
   606   2.50502E-05 -2.42042E-05 -7.86969E-03 
   607  -3.90984E-05  3.36574E-05 -7.84850E-03 
   608   2.49879E-05 -3.21451E-05 -7.85078E-03 
   609  -3.90010E-05  4.18672E-05 -7.82400E-03 
   610   2.49084E-05 -3.99884E-05 -7.82558E-03 
   611  -3.88833E-05  4.99367E-05 -7.79359E-03 
   612   2.48116E-05 -4.76975E-05 -7.79588E-03 
   613  -3.87465E-05  5.78321E-05 -7.75851E-03 
   614   2.46992E-05 -5.52413E-05 -7.76007E-03 
   615  -3.85899E-05  6.55116E-05 -7.71772E-03 
   616   2.45694E-05 -6.25804E-05 -7.71997E-03 
   617  -3.84150E-05  7.29306E-05 -7.67252E-03 
   618   2.44248E-05 -6.96709E-05 -7.67403E-03 
   619  -3.82230E-05  8.00462E-05 -7.62193E-03 
   620   2.42646E-05 -7.64620E-05 -7.62417E-03 
   621  -3.80151E-05  8.68044E-05 -7.56768E-03 
   622   2.40916E-05 -8.29121E-05 -7.56853E-03 
   623  -3.77923E-05  9.31153E-05 -7.50913E-03 
   624   2.39059E-05 -8.89854E-05 -7.50891E-03 
   625  -2.90107E-05  0.00000E+00 -7.91021E-03 
   626   1.57263E-05  0.00000E+00 -7.91512E-03 
   627  -2.90013E-05  8.50958E-06 -7.90934E-03 
   628   1.57189E-05 -8.12335E-06 -7.91096E-03 
   629  -2.89736E-05  1.69880E-05 -7.89915E-03 
   630   1.56968E-05 -1.62358E-05 -7.90386E-03 
   631  -2.89275E-05  2.54050E-05 -7.88673E-03 
   632   1.56596E-05 -2.42575E-05 -7.88891E-03 
   633  -2.88629E-05  3.37370E-05 -7.86605E-03 
   634   1.56073E-05 -3.22178E-05 -7.87039E-03 
   635  -2.87802E-05  4.19652E-05 -7.84252E-03 
   636   1.55403E-05 -4.00787E-05 -7.84469E-03 
   637  -2.86801E-05  5.00538E-05 -7.81102E-03 
   638   1.54594E-05 -4.78053E-05 -7.81536E-03 
   639  -2.85635E-05  5.79670E-05 -7.77687E-03 
   640   1.53645E-05 -5.53648E-05 -7.77902E-03 
   641  -2.84313E-05  6.56646E-05 -7.73499E-03 
   642   1.52563E-05 -6.27218E-05 -7.73926E-03 
   643  -2.82839E-05  7.30989E-05 -7.69066E-03 
   644   1.51356E-05 -6.98290E-05 -7.69280E-03 
   645  -2.81221E-05  8.02249E-05 -7.63885E-03 
   646   1.50027E-05 -7.66357E-05 -7.64336E-03 
   647  -2.79470E-05  8.70025E-05 -7.58519E-03 
   648   1.48588E-05 -8.31373E-05 -7.58752E-03 
   649  -2.77603E-05  9.33236E-05 -7.52367E-03 
   650   1.47051E-05 -8.92184E-05 -7.52944E-03 

 Rigid Airport Pavement
                   FAASR3D (version 1.0 ) compiled 04/15/19
 n o d a l   p r i n t   o u t   f o r   t i m e   s t e p     1  ( at time  1.0000E+00 )
   node     x-disp       y-disp       z-disp
   651  -1.89419E-05  0.00000E+00 -7.92339E-03 
   652   6.50324E-06  0.00000E+00 -7.92647E-03 
   653  -1.89340E-05  8.52490E-06 -7.92164E-03 
   654   6.49766E-06 -8.13315E-06 -7.92267E-03 
   655  -1.89112E-05  1.70216E-05 -7.91253E-03 
   656   6.47986E-06 -1.62659E-05 -7.91505E-03 
   657  -1.88737E-05  2.54551E-05 -7.89900E-03 
   658   6.45033E-06 -2.43044E-05 -7.90056E-03 
   659  -1.88204E-05  3.38033E-05 -7.87929E-03 
   660   6.40808E-06 -3.22782E-05 -7.88156E-03 
   661  -1.87525E-05  4.20479E-05 -7.85469E-03 
   662   6.35410E-06 -4.01540E-05 -7.85625E-03 
   663  -1.86702E-05  5.01517E-05 -7.82415E-03 
   664   6.28908E-06 -4.78948E-05 -7.82642E-03 
   665  -1.85741E-05  5.80794E-05 -7.78892E-03 
   666   6.21264E-06 -5.54681E-05 -7.79046E-03 
   667  -1.84658E-05  6.57913E-05 -7.74796E-03 
   668   6.12568E-06 -6.28374E-05 -7.75019E-03 
   669  -1.83460E-05  7.32393E-05 -7.70257E-03 
   670   6.02956E-06 -6.99553E-05 -7.70406E-03 
   671  -1.82143E-05  8.03819E-05 -7.65176E-03 
   672   5.92401E-06 -7.67719E-05 -7.65400E-03 
   673  -1.80726E-05  8.71650E-05 -7.59730E-03 
   674   5.81029E-06 -8.32453E-05 -7.59813E-03 
   675  -1.79231E-05  9.34989E-05 -7.53850E-03 
   676   5.68897E-06 -8.93391E-05 -7.53826E-03 
   677  -9.06814E-06  0.00000E+00 -7.92765E-03 
   678  -2.53323E-06  0.00000E+00 -7.93259E-03 
   679  -9.06177E-06  8.53854E-06 -7.92679E-03 
   680  -2.53799E-06 -8.14949E-06 -7.92841E-03 
   681  -9.04413E-06  1.70482E-05 -7.91656E-03 
   682  -2.55157E-06 -1.62902E-05 -7.92129E-03 
   683  -9.01456E-06  2.54943E-05 -7.90410E-03 
   684  -2.57400E-06 -2.43382E-05 -7.90629E-03 
   685  -8.97260E-06  3.38565E-05 -7.88334E-03 
   686  -2.60606E-06 -3.23260E-05 -7.88770E-03 
   687  -8.91931E-06  4.21141E-05 -7.85973E-03 
   688  -2.64666E-06 -4.02139E-05 -7.86191E-03 
   689  -8.85502E-06  5.02298E-05 -7.82812E-03 
   690  -2.69576E-06 -4.79659E-05 -7.83248E-03 
   691  -8.78027E-06  5.81691E-05 -7.79386E-03 
   692  -2.75335E-06 -5.55497E-05 -7.79601E-03 
   693  -8.69576E-06  6.58914E-05 -7.75183E-03 
   694  -2.81837E-06 -6.29286E-05 -7.75612E-03 
   695  -8.60259E-06  7.33490E-05 -7.70736E-03 
   696  -2.89053E-06 -7.00568E-05 -7.70950E-03 
   697  -8.50142E-06  8.04955E-05 -7.65537E-03 
   698  -2.96866E-06 -7.68824E-05 -7.65990E-03 
   699  -8.39367E-06  8.72921E-05 -7.60153E-03 
   700  -3.05208E-06 -8.34013E-05 -7.60387E-03 

 Rigid Airport Pavement
                   FAASR3D (version 1.0 ) compiled 04/15/19
 n o d a l   p r i n t   o u t   f o r   t i m e   s t e p     1  ( at time  1.0000E+00 )
   node     x-disp       y-disp       z-disp
   701  -8.28084E-06  9.36296E-05 -7.53981E-03 
   702  -3.14034E-06 -8.94982E-05 -7.54560E-03 
   703   6.09159E-07  0.00000E+00 -7.92762E-03 
   704  -1.13853E-05  0.00000E+00 -7.93066E-03 
   705   6.13398E-07  8.54735E-06 -7.92585E-03 
   706  -1.13884E-05 -8.15358E-06 -7.92686E-03 
   707   6.26022E-07  1.70678E-05 -7.91672E-03 
   708  -1.13972E-05 -1.63076E-05 -7.91922E-03 
   709   6.47771E-07  2.55250E-05 -7.90315E-03 
   710  -1.14124E-05 -2.43672E-05 -7.90469E-03 
   711   6.78234E-07  3.38964E-05 -7.88339E-03 
   712  -1.14340E-05 -3.23619E-05 -7.88564E-03 
   713   7.17046E-07  4.21630E-05 -7.85872E-03 
   714  -1.14617E-05 -4.02578E-05 -7.86027E-03 
   715   7.63773E-07  5.02884E-05 -7.82811E-03 
   716  -1.14957E-05 -4.80181E-05 -7.83036E-03 
   717   8.17171E-07  5.82364E-05 -7.79277E-03 
   718  -1.15343E-05 -5.56096E-05 -7.79430E-03 
   719   8.77908E-07  6.59662E-05 -7.75171E-03 
   720  -1.15774E-05 -6.29946E-05 -7.75393E-03 
   721   9.44175E-07  7.34303E-05 -7.70620E-03 
   722  -1.16249E-05 -7.01271E-05 -7.70767E-03 
   723   1.01451E-06  8.05870E-05 -7.65527E-03 
   724  -1.16754E-05 -7.69563E-05 -7.65749E-03 
   725   1.08902E-06  8.73824E-05 -7.60067E-03 
   726  -1.17291E-05 -8.34406E-05 -7.60148E-03 
   727   1.16657E-06  9.37262E-05 -7.54173E-03 
   728  -1.17842E-05 -8.95447E-05 -7.54147E-03 
   729   1.00867E-05  0.00000E+00 -7.91887E-03 
   730  -2.00474E-05  0.00000E+00 -7.92382E-03 
   731   1.00892E-05  8.55532E-06 -7.91800E-03 
   732  -2.00491E-05 -8.16441E-06 -7.91964E-03 
   733   1.00982E-05  1.70807E-05 -7.90777E-03 
   734  -2.00545E-05 -1.63194E-05 -7.91250E-03 
   735   1.01121E-05  2.55451E-05 -7.89528E-03 
   736  -2.00629E-05 -2.43835E-05 -7.89747E-03 
   737   1.01306E-05  3.39234E-05 -7.87448E-03 
   738  -2.00737E-05 -3.23851E-05 -7.87885E-03 
   739   1.01553E-05  4.21964E-05 -7.85082E-03 
   740  -2.00892E-05 -4.02860E-05 -7.85300E-03 
   741   1.01845E-05  5.03277E-05 -7.81916E-03 
   742  -2.01077E-05 -4.80511E-05 -7.82352E-03 
   743   1.02177E-05  5.82801E-05 -7.78483E-03 
   744  -2.01276E-05 -5.56462E-05 -7.78698E-03 
   745   1.02542E-05  6.60138E-05 -7.74273E-03 
   746  -2.01489E-05 -6.30359E-05 -7.74702E-03 
   747   1.02932E-05  7.34812E-05 -7.69817E-03 
   748  -2.01717E-05 -7.01734E-05 -7.70032E-03 
   749   1.03344E-05  8.06357E-05 -7.64610E-03 
   750  -2.01960E-05 -7.70062E-05 -7.65063E-03 

 Rigid Airport Pavement
                   FAASR3D (version 1.0 ) compiled 04/15/19
 n o d a l   p r i n t   o u t   f o r   t i m e   s t e p     1  ( at time  1.0000E+00 )
   node     x-disp       y-disp       z-disp
   751   1.03768E-05  8.74379E-05 -7.59217E-03 
   752  -2.02204E-05 -8.35300E-05 -7.59451E-03 
   753   1.04181E-05  9.37797E-05 -7.53036E-03 
   754  -2.02430E-05 -8.96303E-05 -7.53615E-03 
   755   1.93623E-05  0.00000E+00 -7.90614E-03 
   756  -2.85193E-05  0.00000E+00 -7.90917E-03 
   757   1.93636E-05  8.55835E-06 -7.90437E-03 
   758  -2.85199E-05 -8.16293E-06 -7.90536E-03 
   759   1.93675E-05  1.70885E-05 -7.89523E-03 
   760  -2.85210E-05 -1.63247E-05 -7.89771E-03 
   761   1.93734E-05  2.55562E-05 -7.88165E-03 
   762  -2.85225E-05 -2.43933E-05 -7.88316E-03 
   763   1.93821E-05  3.39371E-05 -7.86186E-03 
   764  -2.85246E-05 -3.23959E-05 -7.86409E-03 
   765   1.93925E-05  4.22132E-05 -7.83717E-03 
   766  -2.85271E-05 -4.02988E-05 -7.83870E-03 
   767   1.94037E-05  5.03469E-05 -7.80652E-03 
   768  -2.85290E-05 -4.80658E-05 -7.80875E-03 
   769   1.94174E-05  5.83014E-05 -7.77115E-03 
   770  -2.85312E-05 -5.56628E-05 -7.77266E-03 
   771   1.94305E-05  6.60365E-05 -7.73004E-03 
   772  -2.85318E-05 -6.30523E-05 -7.73224E-03 
   773   1.94439E-05  7.35050E-05 -7.68449E-03 
   774  -2.85313E-05 -7.01885E-05 -7.68594E-03 
   775   1.94568E-05  8.06637E-05 -7.63351E-03 
   776  -2.85295E-05 -7.70192E-05 -7.63571E-03 
   777   1.94676E-05  8.74590E-05 -7.57886E-03 
   778  -2.85248E-05 -8.35033E-05 -7.57966E-03 
   779   1.94751E-05  9.38011E-05 -7.51987E-03 
   780  -2.85163E-05 -8.96049E-05 -7.51961E-03 
   781   2.84303E-05  0.00000E+00 -7.88494E-03 
   782  -3.67952E-05  0.00000E+00 -7.88989E-03 
   783   2.84302E-05  8.55962E-06 -7.88407E-03 
   784  -3.67945E-05 -8.16692E-06 -7.88570E-03 
   785   2.84294E-05  1.70890E-05 -7.87384E-03 
   786  -3.67916E-05 -1.63244E-05 -7.87856E-03 
   787   2.84280E-05  2.55570E-05 -7.86134E-03 
   788  -3.67865E-05 -2.43912E-05 -7.86353E-03 
   789   2.84265E-05  3.39385E-05 -7.84054E-03 
   790  -3.67793E-05 -3.23948E-05 -7.84490E-03 
   791   2.84231E-05  4.22139E-05 -7.81687E-03 
   792  -3.67693E-05 -4.02968E-05 -7.81905E-03 
   793   2.84186E-05  5.03469E-05 -7.78520E-03 
   794  -3.67566E-05 -4.80625E-05 -7.78955E-03 
   795   2.84122E-05  5.83004E-05 -7.75086E-03 
   796  -3.67408E-05 -5.56581E-05 -7.75301E-03 
   797   2.84032E-05  6.60341E-05 -7.70875E-03 
   798  -3.67214E-05 -6.30466E-05 -7.71303E-03 
   799   2.83922E-05  7.34991E-05 -7.66418E-03 
   800  -3.66991E-05 -7.01809E-05 -7.66633E-03 

 Rigid Airport Pavement
                   FAASR3D (version 1.0 ) compiled 04/15/19
 n o d a l   p r i n t   o u t   f o r   t i m e   s t e p     1  ( at time  1.0000E+00 )
   node     x-disp       y-disp       z-disp
   801   2.83779E-05  8.06502E-05 -7.61210E-03 
   802  -3.66723E-05 -7.70098E-05 -7.61663E-03 
   803   2.83585E-05  8.74472E-05 -7.55817E-03 
   804  -3.66406E-05 -8.35278E-05 -7.56050E-03 
   805   2.83329E-05  9.37819E-05 -7.49637E-03 
   806  -3.66025E-05 -8.96211E-05 -7.50214E-03 
   807   3.72838E-05  0.00000E+00 -7.86007E-03 
   808  -4.48699E-05  0.00000E+00 -7.86305E-03 
   809   3.72821E-05  8.55642E-06 -7.85829E-03 
   810  -4.48676E-05 -8.15995E-06 -7.85926E-03 
   811   3.72768E-05  1.70844E-05 -7.84916E-03 
   812  -4.48600E-05 -1.63188E-05 -7.85161E-03 
   813   3.72682E-05  2.55486E-05 -7.83558E-03 
   814  -4.48482E-05 -2.43838E-05 -7.83707E-03 
   815   3.72559E-05  3.39266E-05 -7.81580E-03 
   816  -4.48317E-05 -3.23824E-05 -7.81801E-03 
   817   3.72404E-05  4.21995E-05 -7.79111E-03 
   818  -4.48106E-05 -4.02815E-05 -7.79262E-03 
   819   3.72208E-05  5.03290E-05 -7.76048E-03 
   820  -4.47841E-05 -4.80432E-05 -7.76268E-03 
   821   3.71960E-05  5.82789E-05 -7.72512E-03 
   822  -4.47519E-05 -5.56350E-05 -7.72661E-03 
   823   3.71668E-05  6.60078E-05 -7.68404E-03 
   824  -4.47137E-05 -6.30180E-05 -7.68621E-03 
   825   3.71320E-05  7.34689E-05 -7.63851E-03 
   826  -4.46703E-05 -7.01457E-05 -7.63994E-03 
   827   3.70919E-05  8.06193E-05 -7.58757E-03 
   828  -4.46199E-05 -7.69672E-05 -7.58974E-03 
   829   3.70447E-05  8.74046E-05 -7.53295E-03 
   830  -4.45627E-05 -8.34416E-05 -7.53372E-03 
   831   3.69882E-05  9.37334E-05 -7.47400E-03 
   832  -4.44950E-05 -8.95302E-05 -7.47372E-03 
   833   4.59121E-05  0.00000E+00 -7.82699E-03 
   834  -5.27313E-05  0.00000E+00 -7.83191E-03 
   835   4.59088E-05  8.55172E-06 -7.82611E-03 
   836  -5.27276E-05 -8.15890E-06 -7.82774E-03 
   837   4.58993E-05  1.70730E-05 -7.81590E-03 
   838  -5.27163E-05 -1.63079E-05 -7.82059E-03 
   839   4.58839E-05  2.55314E-05 -7.80340E-03 
   840  -5.26983E-05 -2.43648E-05 -7.80559E-03 
   841   4.58621E-05  3.39041E-05 -7.78264E-03 
   842  -5.26729E-05 -3.23590E-05 -7.78697E-03 
   843   4.58335E-05  4.21708E-05 -7.75898E-03 
   844  -5.26401E-05 -4.02518E-05 -7.76115E-03 
   845   4.57991E-05  5.02944E-05 -7.72736E-03 
   846  -5.26001E-05 -4.80079E-05 -7.73168E-03 
   847   4.57579E-05  5.82379E-05 -7.69304E-03 
   848  -5.25529E-05 -5.55926E-05 -7.69518E-03 
   849   4.57095E-05  6.59606E-05 -7.65099E-03 
   850  -5.24978E-05 -6.29695E-05 -7.65525E-03 

 Rigid Airport Pavement
                   FAASR3D (version 1.0 ) compiled 04/15/19
 n o d a l   p r i n t   o u t   f o r   t i m e   s t e p     1  ( at time  1.0000E+00 )
   node     x-disp       y-disp       z-disp
   851   4.56534E-05  7.34138E-05 -7.60647E-03 
   852  -5.24343E-05 -7.00913E-05 -7.60861E-03 
   853   4.55899E-05  8.05517E-05 -7.55447E-03 
   854  -5.23631E-05 -7.69065E-05 -7.55897E-03 
   855   4.55167E-05  8.73326E-05 -7.50060E-03 
   856  -5.22819E-05 -8.34092E-05 -7.50292E-03 
   857   4.54320E-05  9.36487E-05 -7.43891E-03 
   858  -5.21889E-05 -8.94840E-05 -7.44463E-03 
   859   5.43010E-05  0.00000E+00 -7.79056E-03 
   860  -6.03669E-05  0.00000E+00 -7.79349E-03 
   861   5.42963E-05  8.54228E-06 -7.78876E-03 
   862  -6.03624E-05 -8.14605E-06 -7.78971E-03 
   863   5.42837E-05  1.70565E-05 -7.77966E-03 
   864  -6.03480E-05 -1.62907E-05 -7.78207E-03 
   865   5.42620E-05  2.55071E-05 -7.76609E-03 
   866  -6.03244E-05 -2.43411E-05 -7.76756E-03 
   867   5.42301E-05  3.38714E-05 -7.74636E-03 
   868  -6.02895E-05 -3.23258E-05 -7.74853E-03 
   869   5.41901E-05  4.21295E-05 -7.72171E-03 
   870  -6.02466E-05 -4.02100E-05 -7.72319E-03 
   871   5.41427E-05  5.02446E-05 -7.69113E-03 
   872  -6.01946E-05 -4.79575E-05 -7.69330E-03 
   873   5.40855E-05  5.81796E-05 -7.65583E-03 
   874  -6.01332E-05 -5.55340E-05 -7.65730E-03 
   875   5.40185E-05  6.58933E-05 -7.61482E-03 
   876  -6.00612E-05 -6.29011E-05 -7.61696E-03 
   877   5.39431E-05  7.33375E-05 -7.56938E-03 
   878  -5.99799E-05 -7.00126E-05 -7.57079E-03 
   879   5.38574E-05  8.04694E-05 -7.51853E-03 
   880  -5.98883E-05 -7.68170E-05 -7.52067E-03 
   881   5.37604E-05  8.72331E-05 -7.46402E-03 
   882  -5.97853E-05 -8.32702E-05 -7.46478E-03 
   883   5.36506E-05  9.35389E-05 -7.40518E-03 
   884  -5.96687E-05 -8.93359E-05 -7.40490E-03 
   885   6.24338E-05  0.00000E+00 -7.74620E-03 
   886  -6.77604E-05  0.00000E+00 -7.75109E-03 
   887   6.24285E-05  8.53216E-06 -7.74531E-03 
   888  -6.77553E-05 -8.13921E-06 -7.74694E-03 
   889   6.24121E-05  1.70347E-05 -7.73514E-03 
   890  -6.77376E-05 -1.62687E-05 -7.73980E-03 
   891   6.23838E-05  2.54737E-05 -7.72266E-03 
   892  -6.77080E-05 -2.43063E-05 -7.72484E-03 
   893   6.23447E-05  3.38282E-05 -7.70196E-03 
   894  -6.76668E-05 -3.22823E-05 -7.70625E-03 
   895   6.22942E-05  4.20763E-05 -7.67835E-03 
   896  -6.76139E-05 -4.01566E-05 -7.68051E-03 
   897   6.22330E-05  5.01808E-05 -7.64681E-03 
   898  -6.75498E-05 -4.78938E-05 -7.65110E-03 
   899   6.21605E-05  5.81043E-05 -7.61256E-03 
   900  -6.74745E-05 -5.54588E-05 -7.61470E-03 

 Rigid Airport Pavement
                   FAASR3D (version 1.0 ) compiled 04/15/19
 n o d a l   p r i n t   o u t   f o r   t i m e   s t e p     1  ( at time  1.0000E+00 )
   node     x-disp       y-disp       z-disp
   901   6.20776E-05  6.58059E-05 -7.57063E-03 
   902  -6.73881E-05 -6.28155E-05 -7.57485E-03 
   903   6.19833E-05  7.32385E-05 -7.52621E-03 
   904  -6.72899E-05 -6.99181E-05 -7.52833E-03 
   905   6.18770E-05  8.03535E-05 -7.47434E-03 
   906  -6.71797E-05 -7.67115E-05 -7.47880E-03 
   907   6.17576E-05  8.71094E-05 -7.42060E-03 
   908  -6.70559E-05 -8.31891E-05 -7.42291E-03 
   909   6.16265E-05  9.33979E-05 -7.35908E-03 
   910  -6.69193E-05 -8.92368E-05 -7.36476E-03 
   911   7.02884E-05  0.00000E+00 -7.69886E-03 
   912  -7.48917E-05  0.00000E+00 -7.70174E-03 
   913   7.02823E-05  8.51846E-06 -7.69705E-03 
   914  -7.48856E-05 -8.12236E-06 -7.69799E-03 
   915   7.02617E-05  1.70081E-05 -7.68799E-03 
   916  -7.48643E-05 -1.62419E-05 -7.69035E-03 
   917   7.02278E-05  2.54343E-05 -7.67446E-03 
   918  -7.48301E-05 -2.42690E-05 -7.67590E-03 
   919   7.01810E-05  3.37751E-05 -7.65478E-03 
   920  -7.47812E-05 -3.22302E-05 -7.65691E-03 
   921   7.01207E-05  4.20103E-05 -7.63020E-03 
   922  -7.47197E-05 -4.00915E-05 -7.63165E-03 
   923   7.00465E-05  5.01012E-05 -7.59972E-03 
   924  -7.46443E-05 -4.78155E-05 -7.60185E-03 
   925   6.99599E-05  5.80120E-05 -7.56452E-03 
   926  -7.45561E-05 -5.53687E-05 -7.56596E-03 
   927   6.98611E-05  6.57021E-05 -7.52364E-03 
   928  -7.44544E-05 -6.27136E-05 -7.52574E-03 
   929   6.97492E-05  7.31224E-05 -7.47832E-03 
   930  -7.43409E-05 -6.98022E-05 -7.47970E-03 
   931   6.96250E-05  8.02282E-05 -7.42763E-03 
   932  -7.42140E-05 -7.65799E-05 -7.42973E-03 
   933   6.94880E-05  8.69635E-05 -7.37330E-03 
   934  -7.40745E-05 -8.30063E-05 -7.37401E-03 
   935   6.93360E-05  9.32391E-05 -7.31464E-03 
   936  -7.39184E-05 -8.90424E-05 -7.31434E-03 
   937   7.78349E-05  0.00000E+00 -7.64396E-03 
   938  -8.17333E-05  0.00000E+00 -7.64878E-03 
   939   7.78269E-05  8.50341E-06 -7.64305E-03 
   940  -8.17249E-05 -8.11063E-06 -7.64465E-03 
   941   7.78020E-05  1.69762E-05 -7.63294E-03 
   942  -8.17004E-05 -1.62108E-05 -7.63752E-03 
   943   7.77624E-05  2.53875E-05 -7.62049E-03 
   944  -8.16602E-05 -2.42214E-05 -7.62263E-03 
   945   7.77081E-05  3.37133E-05 -7.59987E-03 
   946  -8.16053E-05 -3.21693E-05 -7.60410E-03 
   947   7.76381E-05  4.19331E-05 -7.57633E-03 
   948  -8.15350E-05 -4.00162E-05 -7.57845E-03 
   949   7.75528E-05  5.00089E-05 -7.54492E-03 
   950  -8.14499E-05 -4.77252E-05 -7.54913E-03 

 Rigid Airport Pavement
                   FAASR3D (version 1.0 ) compiled 04/15/19
 n o d a l   p r i n t   o u t   f o r   t i m e   s t e p     1  ( at time  1.0000E+00 )
   node     x-disp       y-disp       z-disp
   951   7.74538E-05  5.79044E-05 -7.51077E-03 
   952  -8.13493E-05 -5.52631E-05 -7.51287E-03 
   953   7.73389E-05  6.55797E-05 -7.46900E-03 
   954  -8.12336E-05 -6.25941E-05 -7.47316E-03 
   955   7.72094E-05  7.29862E-05 -7.42471E-03 
   956  -8.11024E-05 -6.96708E-05 -7.42681E-03 
   957   7.70668E-05  8.00755E-05 -7.37305E-03 
   958  -8.09595E-05 -7.64399E-05 -7.37743E-03 
   959   7.69144E-05  8.68019E-05 -7.31951E-03 
   960  -8.08116E-05 -8.28890E-05 -7.32172E-03 
   961   7.67470E-05  9.30550E-05 -7.25828E-03 
   962  -8.06479E-05 -8.89015E-05 -7.26374E-03 
   963   8.50324E-05  0.00000E+00 -7.58645E-03 
   964  -8.82463E-05  0.00000E+00 -7.58928E-03 
   965   8.50227E-05  8.48332E-06 -7.58466E-03 
   966  -8.82351E-05 -8.08771E-06 -7.58553E-03 
   967   8.49943E-05  1.69401E-05 -7.57561E-03 
   968  -8.82085E-05 -1.61746E-05 -7.57795E-03 
   969   8.49493E-05  2.53347E-05 -7.56216E-03 
   970  -8.81616E-05 -2.41703E-05 -7.56354E-03 
   971   8.48866E-05  3.36420E-05 -7.54254E-03 
   972  -8.81006E-05 -3.20999E-05 -7.54465E-03 
   973   8.48084E-05  4.18449E-05 -7.51808E-03 
   974  -8.80218E-05 -3.99306E-05 -7.51947E-03 
   975   8.47130E-05  4.99054E-05 -7.48770E-03 
   976  -8.79288E-05 -4.76245E-05 -7.48980E-03 
   977   8.46024E-05  5.77846E-05 -7.45266E-03 
   978  -8.78164E-05 -5.51466E-05 -7.45403E-03 
   979   8.44750E-05  6.54407E-05 -7.41192E-03 
   980  -8.76902E-05 -6.24576E-05 -7.41400E-03 
   981   8.43277E-05  7.28300E-05 -7.36683E-03 
   982  -8.75417E-05 -6.95159E-05 -7.36813E-03 
   983   8.41575E-05  7.99124E-05 -7.31636E-03 
   984  -8.73738E-05 -7.62786E-05 -7.31834E-03 
   985   8.39798E-05  8.66239E-05 -7.26210E-03 
   986  -8.72024E-05 -8.26849E-05 -7.26287E-03 
   987   8.37919E-05  9.28592E-05 -7.20360E-03 
   988  -8.70253E-05 -8.86752E-05 -7.20344E-03 
   989   9.18394E-05  0.00000E+00 -7.52172E-03 
   990  -9.43795E-05  0.00000E+00 -7.52676E-03 
   991   9.18327E-05  8.46320E-06 -7.52093E-03 
   992  -9.43704E-05 -8.07087E-06 -7.52256E-03 
   993   9.17973E-05  1.68982E-05 -7.51077E-03 
   994  -9.43392E-05 -1.61336E-05 -7.51555E-03 
   995   9.17504E-05  2.52728E-05 -7.49849E-03 
   996  -9.42880E-05 -2.41092E-05 -7.50062E-03 
   997   9.16767E-05  3.35637E-05 -7.47786E-03 
   998  -9.42221E-05 -3.20233E-05 -7.48227E-03 
   999   9.15938E-05  4.17481E-05 -7.45453E-03 
  1000  -9.41350E-05 -3.98360E-05 -7.45664E-03 

 Rigid Airport Pavement
                   FAASR3D (version 1.0 ) compiled 04/15/19
 n o d a l   p r i n t   o u t   f o r   t i m e   s t e p     1  ( at time  1.0000E+00 )
   node     x-disp       y-disp       z-disp
  1001   9.14839E-05  4.97904E-05 -7.42315E-03 
  1002  -9.40318E-05 -4.75130E-05 -7.42755E-03 
  1003   9.13665E-05  5.76525E-05 -7.38926E-03 
  1004  -9.39098E-05 -5.50178E-05 -7.39136E-03 
  1005   9.12256E-05  6.52890E-05 -7.34757E-03 
  1006  -9.37761E-05 -6.23101E-05 -7.35190E-03 
  1007   9.10720E-05  7.26498E-05 -7.30366E-03 
  1008  -9.36238E-05 -6.93429E-05 -7.30563E-03 
  1009   9.08772E-05  7.97059E-05 -7.25210E-03 
  1010  -9.34319E-05 -7.60817E-05 -7.25670E-03 
  1011   9.06730E-05  8.64201E-05 -7.19851E-03 
  1012  -9.31734E-05 -8.25299E-05 -7.20144E-03 
  1013   9.04570E-05  9.26487E-05 -7.13710E-03 
  1014  -9.29581E-05 -8.85203E-05 -7.14401E-03 
  1015   9.82206E-05  0.00000E+00 -7.45521E-03 
  1016  -1.00137E-04  0.00000E+00 -7.45804E-03 
  1017   9.82115E-05  8.43833E-06 -7.45366E-03 
  1018  -1.00099E-04 -8.04529E-06 -7.45401E-03 
  1019   9.81745E-05  1.68519E-05 -7.44438E-03 
  1020  -1.00092E-04 -1.60874E-05 -7.44682E-03 
  1021   9.81191E-05  2.52066E-05 -7.43132E-03 
  1022  -1.00005E-04 -2.40477E-05 -7.43211E-03 
  1023   9.80407E-05  3.34768E-05 -7.41143E-03 
  1024  -9.99620E-05 -3.19403E-05 -7.41372E-03 
  1025   9.79462E-05  4.16408E-05 -7.38744E-03 
  1026  -9.98365E-05 -3.97317E-05 -7.38827E-03 
  1027   9.78286E-05  4.96638E-05 -7.35686E-03 
  1028  -9.97533E-05 -4.73888E-05 -7.35915E-03 
  1029   9.76973E-05  5.75099E-05 -7.32235E-03 
  1030  -9.95912E-05 -5.48791E-05 -7.32314E-03 
  1031   9.75470E-05  6.51314E-05 -7.28148E-03 
  1032  -9.94773E-05 -6.21624E-05 -7.28366E-03 
  1033   9.73860E-05  7.24647E-05 -7.23682E-03 
  1034  -9.92954E-05 -6.91659E-05 -7.23766E-03 
  1035   9.71964E-05  7.94917E-05 -7.18598E-03 
  1036  -9.91440E-05 -7.58120E-05 -7.18890E-03 
  1037   9.69929E-05  8.61967E-05 -7.13411E-03 
  1038  -9.88542E-05 -8.22147E-05 -7.13228E-03 
  1039   9.68217E-05  9.24479E-05 -7.07585E-03 
  1040  -9.87568E-05 -8.83195E-05 -7.07341E-03 
  1041   1.04071E-04  0.00000E+00 -7.38127E-03 
  1042  -1.05412E-04  0.00000E+00 -7.38718E-03 
  1043   1.04061E-04  8.41370E-06 -7.38213E-03 
  1044  -1.05369E-04 -8.02396E-06 -7.38170E-03 
  1045   1.04021E-04  1.68002E-05 -7.37034E-03 
  1046  -1.05363E-04 -1.60334E-05 -7.37608E-03 
  1047   1.03961E-04  2.51322E-05 -7.35998E-03 
  1048  -1.05268E-04 -2.39732E-05 -7.35981E-03 
  1049   1.03873E-04  3.33813E-05 -7.33754E-03 
  1050  -1.05217E-04 -3.18472E-05 -7.34305E-03 

 Rigid Airport Pavement
                   FAASR3D (version 1.0 ) compiled 04/15/19
 n o d a l   p r i n t   o u t   f o r   t i m e   s t e p     1  ( at time  1.0000E+00 )
   node     x-disp       y-disp       z-disp
  1051   1.03770E-04  4.15241E-05 -7.31622E-03 
  1052  -1.05081E-04 -3.96171E-05 -7.31609E-03 
  1053   1.03641E-04  4.95265E-05 -7.28314E-03 
  1054  -1.04989E-04 -4.72545E-05 -7.28862E-03 
  1055   1.03498E-04  5.73540E-05 -7.25131E-03 
  1056  -1.04816E-04 -5.47271E-05 -7.25115E-03 
  1057   1.03333E-04  6.49612E-05 -7.20803E-03 
  1058  -1.04689E-04 -6.20026E-05 -7.21330E-03 
  1059   1.03158E-04  7.22751E-05 -7.16592E-03 
  1060  -1.04486E-04 -6.89936E-05 -7.16591E-03 
  1061   1.02969E-04  7.92765E-05 -7.11231E-03 
  1062  -1.04347E-04 -7.56069E-05 -7.11909E-03 
  1063   1.02789E-04  8.60229E-05 -7.06341E-03 
  1064  -1.04172E-04 -8.21285E-05 -7.06105E-03 
  1065   1.02586E-04  9.22281E-05 -6.99928E-03 
  1066  -1.04085E-04 -8.82236E-05 -7.00549E-03 
  1067  -2.31788E-04  1.00580E-04 -5.02196E-03 
  1068   2.00891E-04 -9.53192E-05 -5.03480E-03 
  1069  -2.32947E-04  1.08854E-04 -4.81376E-03 
  1070   2.02567E-04 -1.03464E-04 -4.82604E-03 
  1071  -2.35515E-04  1.07240E-04 -4.59619E-03 
  1072   2.05479E-04 -1.02257E-04 -4.60754E-03 
  1073  -2.39610E-04  9.14574E-05 -4.39119E-03 
  1074   2.09864E-04 -8.73686E-05 -4.40298E-03 
  1075  -2.45483E-04  5.65728E-05 -4.23376E-03 
  1076   2.15493E-04 -5.55573E-05 -4.24302E-03 
  1077  -2.52680E-04  5.08221E-09 -4.14821E-03 
  1078   2.20190E-04 -4.29157E-09 -4.18232E-03 
  1079  -2.31394E-04  1.00555E-04 -5.18242E-03 
  1080   2.01195E-04 -9.55808E-05 -5.18023E-03 
  1081  -2.32144E-04  1.08975E-04 -4.97460E-03 
  1082   2.02442E-04 -1.03746E-04 -4.97296E-03 
  1083  -2.34099E-04  1.07514E-04 -4.75824E-03 
  1084   2.04741E-04 -1.02600E-04 -4.75642E-03 
  1085  -2.37340E-04  9.17918E-05 -4.55590E-03 
  1086   2.08294E-04 -8.79952E-05 -4.55475E-03 
  1087  -2.42125E-04  5.74593E-05 -4.40208E-03 
  1088   2.12664E-04 -5.56506E-05 -4.39730E-03 
  1089  -2.47050E-04  4.96039E-09 -4.33273E-03 
  1090   2.16534E-04 -4.55136E-09 -4.33367E-03 
  1091  -2.29952E-04  1.00465E-04 -5.33118E-03 
  1092   2.00062E-04 -9.55951E-05 -5.33616E-03 
  1093  -2.30330E-04  1.08695E-04 -5.12413E-03 
  1094   2.00914E-04 -1.03616E-04 -5.12891E-03 
  1095  -2.31668E-04  1.06992E-04 -4.90917E-03 
  1096   2.02636E-04 -1.02247E-04 -4.91352E-03 
  1097  -2.34111E-04  9.11578E-05 -4.70885E-03 
  1098   2.05330E-04 -8.73326E-05 -4.71374E-03 
  1099  -2.37734E-04  5.65497E-05 -4.55684E-03 
  1100   2.08547E-04 -5.46725E-05 -4.56047E-03 

 Rigid Airport Pavement
                   FAASR3D (version 1.0 ) compiled 04/15/19
 n o d a l   p r i n t   o u t   f o r   t i m e   s t e p     1  ( at time  1.0000E+00 )
   node     x-disp       y-disp       z-disp
  1101  -2.40747E-04  4.83239E-09 -4.48723E-03 
  1102   2.10949E-04 -4.24169E-09 -4.50132E-03 
  1103  -2.27090E-04  1.00405E-04 -5.48516E-03 
  1104   1.97708E-04 -9.56783E-05 -5.48488E-03 
  1105  -2.27120E-04  1.08424E-04 -5.27819E-03 
  1106   1.98186E-04 -1.03460E-04 -5.27815E-03 
  1107  -2.27897E-04  1.06469E-04 -5.06388E-03 
  1108   1.99341E-04 -1.01809E-04 -5.06364E-03 
  1109  -2.29584E-04  9.03871E-05 -4.86512E-03 
  1110   2.01225E-04 -8.65919E-05 -4.86525E-03 
  1111  -2.32082E-04  5.56067E-05 -4.71551E-03 
  1112   2.03429E-04 -5.36840E-05 -4.71339E-03 
  1113  -2.33800E-04  4.55608E-09 -4.65125E-03 
  1114   2.04770E-04 -4.15726E-09 -4.65350E-03 
  1115  -2.22897E-04  1.00438E-04 -5.63159E-03 
  1116   1.94033E-04 -9.57706E-05 -5.63570E-03 
  1117  -2.22590E-04  1.08277E-04 -5.42477E-03 
  1118   1.94156E-04 -1.03405E-04 -5.42872E-03 
  1119  -2.22861E-04  1.06103E-04 -5.21097E-03 
  1120   1.94787E-04 -1.01502E-04 -5.21459E-03 
  1121  -2.23854E-04  8.97769E-05 -5.01303E-03 
  1122   1.95949E-04 -8.59943E-05 -5.01712E-03 
  1123  -2.25384E-04  5.49570E-05 -4.86437E-03 
  1124   1.97291E-04 -5.31236E-05 -4.86728E-03 
  1125  -2.26304E-04  4.57750E-09 -4.79683E-03 
  1126   1.97976E-04 -3.99896E-09 -4.81026E-03 
  1127  -2.17440E-04  1.00563E-04 -5.77930E-03 
  1128   1.89169E-04 -9.59888E-05 -5.77930E-03 
  1129  -2.16826E-04  1.08274E-04 -5.57212E-03 
  1130   1.88962E-04 -1.03452E-04 -5.57228E-03 
  1131  -2.16646E-04  1.05919E-04 -5.35829E-03 
  1132   1.89121E-04 -1.01354E-04 -5.35827E-03 
  1133  -2.17019E-04  8.94091E-05 -5.16091E-03 
  1134   1.89653E-04 -8.56732E-05 -5.16125E-03 
  1135  -2.17768E-04  5.45813E-05 -5.01331E-03 
  1136   1.90296E-04 -5.27331E-05 -5.01136E-03 
  1137  -2.18184E-04  4.39950E-09 -4.94999E-03 
  1138   1.90564E-04 -4.01634E-09 -4.95247E-03 
  1139  -2.10853E-04  1.00786E-04 -5.91850E-03 
  1140   1.83213E-04 -9.62269E-05 -5.92248E-03 
  1141  -2.09966E-04  1.08401E-04 -5.71098E-03 
  1142   1.82712E-04 -1.03623E-04 -5.71479E-03 
  1143  -2.09391E-04  1.05910E-04 -5.49701E-03 
  1144   1.82458E-04 -1.01376E-04 -5.50052E-03 
  1145  -2.09229E-04  8.92597E-05 -5.29954E-03 
  1146   1.82457E-04 -8.55372E-05 -5.30357E-03 
  1147  -2.09368E-04  5.44325E-05 -5.15174E-03 
  1148   1.82557E-04 -5.26724E-05 -5.15459E-03 
  1149  -2.09457E-04  4.49048E-09 -5.08433E-03 
  1150   1.82556E-04 -3.91897E-09 -5.09800E-03 

 Rigid Airport Pavement
                   FAASR3D (version 1.0 ) compiled 04/15/19
 n o d a l   p r i n t   o u t   f o r   t i m e   s t e p     1  ( at time  1.0000E+00 )
   node     x-disp       y-disp       z-disp
  1151  -2.03264E-04  1.01086E-04 -6.05707E-03 
  1152   1.76304E-04 -9.65832E-05 -6.05715E-03 
  1153  -2.02141E-04  1.08647E-04 -5.84880E-03 
  1154   1.75548E-04 -1.03884E-04 -5.84904E-03 
  1155  -2.01230E-04  1.06057E-04 -5.63424E-03 
  1156   1.74941E-04 -1.01536E-04 -5.63430E-03 
  1157  -2.00623E-04  8.93098E-05 -5.43660E-03 
  1158   1.74501E-04 -8.56237E-05 -5.43702E-03 
  1159  -2.00296E-04  5.44413E-05 -5.28903E-03 
  1160   1.74181E-04 -5.26514E-05 -5.28708E-03 
  1161  -2.00159E-04  4.35569E-09 -5.22554E-03 
  1162   1.73988E-04 -3.98017E-09 -5.22815E-03 
  1163  -1.94814E-04  1.01463E-04 -6.18594E-03 
  1164   1.68569E-04 -9.69458E-05 -6.18986E-03 
  1165  -1.93496E-04  1.08989E-04 -5.97698E-03 
  1166   1.67598E-04 -1.04243E-04 -5.98075E-03 
  1167  -1.92305E-04  1.06336E-04 -5.76180E-03 
  1168   1.66697E-04 -1.01828E-04 -5.76527E-03 
  1169  -1.91341E-04  8.95089E-05 -5.56342E-03 
  1170   1.65907E-04 -8.58199E-05 -5.56745E-03 
  1171  -1.90661E-04  5.45768E-05 -5.41496E-03 
  1172   1.65271E-04 -5.28633E-05 -5.41781E-03 
  1173  -1.90367E-04  4.48051E-09 -5.34698E-03 
  1174   1.64947E-04 -3.91147E-09 -5.36095E-03 
  1175  -1.85640E-04  1.01892E-04 -6.31286E-03 
  1176   1.60147E-04 -9.74054E-05 -6.31299E-03 
  1177  -1.84166E-04  1.09416E-04 -6.10288E-03 
  1178   1.59001E-04 -1.04663E-04 -6.10316E-03 
  1179  -1.82752E-04  1.06720E-04 -5.88673E-03 
  1180   1.57865E-04 -1.02210E-04 -5.88681E-03 
  1181  -1.81510E-04  8.98340E-05 -5.68769E-03 
  1182   1.56801E-04 -8.61677E-05 -5.68814E-03 
  1183  -1.80572E-04  5.47942E-05 -5.53902E-03 
  1184   1.55930E-04 -5.30361E-05 -5.53703E-03 
  1185  -1.80163E-04  4.36922E-09 -5.47484E-03 
  1186   1.55503E-04 -3.99561E-09 -5.47755E-03 
  1187  -1.75881E-04  1.02371E-04 -6.42915E-03 
  1188   1.51167E-04 -9.78518E-05 -6.43313E-03 
  1189  -1.74289E-04  1.09905E-04 -6.21825E-03 
  1190   1.49886E-04 -1.05151E-04 -6.22208E-03 
  1191  -1.72704E-04  1.07190E-04 -6.00115E-03 
  1192   1.48569E-04 -1.02680E-04 -6.00468E-03 
  1193  -1.71256E-04  9.02427E-05 -5.80098E-03 
  1194   1.47301E-04 -8.65596E-05 -5.80509E-03 
  1195  -1.70131E-04  5.50814E-05 -5.65104E-03 
  1196   1.46261E-04 -5.33903E-05 -5.65395E-03 
  1197  -1.69646E-04  4.51567E-09 -5.58208E-03 
  1198   1.45771E-04 -3.94254E-09 -5.59648E-03 
  1199  -1.65662E-04  1.02880E-04 -6.54274E-03 
  1200   1.41749E-04 -9.83764E-05 -6.54288E-03 

 Rigid Airport Pavement
                   FAASR3D (version 1.0 ) compiled 04/15/19
 n o d a l   p r i n t   o u t   f o r   t i m e   s t e p     1  ( at time  1.0000E+00 )
   node     x-disp       y-disp       z-disp
  1201  -1.63988E-04  1.10446E-04 -6.33064E-03 
  1202   1.40370E-04 -1.05672E-04 -6.33095E-03 
  1203  -1.62282E-04  1.07723E-04 -6.11233E-03 
  1204   1.38921E-04 -1.03197E-04 -6.11243E-03 
  1205  -1.60690E-04  9.07236E-05 -5.91122E-03 
  1206   1.37510E-04 -8.70505E-05 -5.91170E-03 
  1207  -1.59439E-04  5.54066E-05 -5.76085E-03 
  1208   1.36353E-04 -5.36603E-05 -5.75880E-03 
  1209  -1.58903E-04  4.41490E-09 -5.69574E-03 
  1210   1.35815E-04 -4.04291E-09 -5.69854E-03 
  1211  -1.55098E-04  1.03415E-04 -6.64502E-03 
  1212   1.32008E-04 -9.88679E-05 -6.64910E-03 
  1213  -1.53375E-04  1.11018E-04 -6.43189E-03 
  1214   1.30565E-04 -1.06233E-04 -6.43581E-03 
  1215  -1.51593E-04  1.08299E-04 -6.21246E-03 
  1216   1.29028E-04 -1.03763E-04 -6.21608E-03 
  1217  -1.49911E-04  9.12414E-05 -6.01000E-03 
  1218   1.27525E-04 -8.75406E-05 -6.01423E-03 
  1219  -1.48581E-04  5.57660E-05 -5.85818E-03 
  1220   1.26297E-04 -5.40812E-05 -5.86117E-03 
  1221  -1.48016E-04  4.57616E-09 -5.78808E-03 
  1222   1.25739E-04 -3.99705E-09 -5.80292E-03 
  1223  -1.44291E-04  1.03958E-04 -6.74425E-03 
  1224   1.22038E-04 -9.94202E-05 -6.74439E-03 
  1225  -1.42551E-04  1.11611E-04 -6.52985E-03 
  1226   1.20560E-04 -1.06799E-04 -6.53015E-03 
  1227  -1.40734E-04  1.08902E-04 -6.30910E-03 
  1228   1.18978E-04 -1.04340E-04 -6.30919E-03 
  1229  -1.39006E-04  9.17923E-05 -6.10559E-03 
  1230   1.17425E-04 -8.80935E-05 -6.10607E-03 
  1231  -1.37642E-04  5.61338E-05 -5.95326E-03 
  1232   1.16164E-04 -5.43848E-05 -5.95113E-03 
  1233  -1.37062E-04  4.48065E-09 -5.88711E-03 
  1234   1.15593E-04 -4.10712E-09 -5.88998E-03 
  1235  -1.33333E-04  1.04509E-04 -6.83175E-03 
  1236   1.11929E-04 -9.99195E-05 -6.83594E-03 
  1237  -1.31603E-04  1.12212E-04 -6.61628E-03 
  1238   1.10446E-04 -1.07383E-04 -6.62031E-03 
  1239  -1.29786E-04  1.09516E-04 -6.39436E-03 
  1240   1.08852E-04 -1.04938E-04 -6.39809E-03 
  1241  -1.28052E-04  9.23462E-05 -6.18945E-03 
  1242   1.07288E-04 -8.86131E-05 -6.19379E-03 
  1243  -1.26685E-04  5.65122E-05 -6.03561E-03 
  1244   1.06025E-04 -5.48214E-05 -6.03867E-03 
  1245  -1.26110E-04  4.65281E-09 -5.96434E-03 
  1246   1.05464E-04 -4.06162E-09 -5.97960E-03 
  1247  -1.22301E-04  1.05049E-04 -6.91615E-03 
  1248   1.01749E-04 -1.00465E-04 -6.91627E-03 
  1249  -1.20606E-04  1.12810E-04 -6.69941E-03 
  1250   1.00285E-04 -1.07949E-04 -6.69971E-03 

 Rigid Airport Pavement
                   FAASR3D (version 1.0 ) compiled 04/15/19
 n o d a l   p r i n t   o u t   f o r   t i m e   s t e p     1  ( at time  1.0000E+00 )
   node     x-disp       y-disp       z-disp
  1251  -1.18821E-04  1.10127E-04 -6.47618E-03 
  1252   9.87113E-05 -1.05521E-04 -6.47625E-03 
  1253  -1.17114E-04  9.29050E-05 -6.27021E-03 
  1254   9.71689E-05 -8.91703E-05 -6.27068E-03 
  1255  -1.15774E-04  5.68802E-05 -6.11588E-03 
  1256   9.59297E-05 -5.51204E-05 -6.11367E-03 
  1257  -1.15212E-04  4.55610E-09 -6.04872E-03 
  1258   9.53807E-05 -4.17648E-09 -6.05163E-03 
  1259  -1.11258E-04  1.05580E-04 -6.98861E-03 
  1260   9.15668E-05 -1.00941E-04 -6.99289E-03 
  1261  -1.09621E-04  1.13393E-04 -6.77086E-03 
  1262   9.01451E-05 -1.08514E-04 -6.77498E-03 
  1263  -1.07895E-04  1.10727E-04 -6.54649E-03 
  1264   8.86171E-05 -1.06101E-04 -6.55030E-03 
  1265  -1.06245E-04  9.34422E-05 -6.33916E-03 
  1266   8.71242E-05 -8.96705E-05 -6.34360E-03 
  1267  -1.04954E-04  5.72437E-05 -6.18335E-03 
  1268   8.59311E-05 -5.55409E-05 -6.18649E-03 
  1269  -1.04417E-04  4.73046E-09 -6.11099E-03 
  1270   8.54104E-05 -4.12978E-09 -6.12662E-03 
  1271  -1.00260E-04  1.06086E-04 -7.05811E-03 
  1272   8.14248E-05 -1.01452E-04 -7.05821E-03 
  1273  -9.87010E-05  1.13958E-04 -6.83916E-03 
  1274   8.00675E-05 -1.09043E-04 -6.83944E-03 
  1275  -9.70565E-05  1.11303E-04 -6.61355E-03 
  1276   7.86077E-05 -1.06647E-04 -6.61361E-03 
  1277  -9.54899E-05  9.39644E-05 -6.40526E-03 
  1278   7.71888E-05 -9.01908E-05 -6.40572E-03 
  1279  -9.42673E-05  5.75821E-05 -6.24905E-03 
  1280   7.60600E-05 -5.58078E-05 -6.24677E-03 
  1281  -9.37611E-05  4.62821E-09 -6.18097E-03 
  1282   7.55685E-05 -4.24600E-09 -6.18391E-03 
  1283  -8.93484E-05  1.06571E-04 -7.11563E-03 
  1284   7.13717E-05 -1.01880E-04 -7.11999E-03 
  1285  -8.78845E-05  1.14491E-04 -6.89577E-03 
  1286   7.00953E-05 -1.09557E-04 -6.89998E-03 
  1287  -8.63428E-05  1.11848E-04 -6.66915E-03 
  1288   6.87248E-05 -1.07173E-04 -6.67303E-03 
  1289  -8.48795E-05  9.44487E-05 -6.45960E-03 
  1290   6.73994E-05 -9.06376E-05 -6.46414E-03 
  1291  -8.37418E-05  5.79063E-05 -6.30201E-03 
  1292   6.63507E-05 -5.61898E-05 -6.30522E-03 
  1293  -8.32742E-05  4.80492E-09 -6.22869E-03 
  1294   6.59003E-05 -4.19720E-09 -6.24464E-03 
  1295  -7.85591E-05  1.07019E-04 -7.17042E-03 
  1296   6.14338E-05 -1.02334E-04 -7.17050E-03 
  1297  -7.72058E-05  1.14988E-04 -6.94951E-03 
  1298   6.02535E-05 -1.10022E-04 -6.94977E-03 
  1299  -7.57838E-05  1.12355E-04 -6.72179E-03 
  1300   5.89903E-05 -1.07651E-04 -6.72182E-03 

 Rigid Airport Pavement
                   FAASR3D (version 1.0 ) compiled 04/15/19
 n o d a l   p r i n t   o u t   f o r   t i m e   s t e p     1  ( at time  1.0000E+00 )
   node     x-disp       y-disp       z-disp
  1301  -7.44391E-05  9.49041E-05 -6.51144E-03 
  1302   5.77739E-05 -9.10921E-05 -6.51188E-03 
  1303  -7.34004E-05  5.81968E-05 -6.35358E-03 
  1304   5.68181E-05 -5.64070E-05 -6.35125E-03 
  1305  -7.29742E-05  4.69457E-09 -6.28472E-03 
  1306   5.64072E-05 -4.31045E-09 -6.28767E-03 
  1307  -6.79174E-05  1.07436E-04 -7.21333E-03 
  1308   5.16428E-05 -1.02696E-04 -7.21776E-03 
  1309  -6.66878E-05  1.15443E-04 -6.99166E-03 
  1310   5.05714E-05 -1.10460E-04 -6.99592E-03 
  1311  -6.53993E-05  1.12818E-04 -6.76310E-03 
  1312   4.94288E-05 -1.08098E-04 -6.76704E-03 
  1313  -6.41873E-05  9.53107E-05 -6.55166E-03 
  1314   4.83343E-05 -9.14620E-05 -6.55625E-03 
  1315  -6.32565E-05  5.84650E-05 -6.39256E-03 
  1316   4.74803E-05 -5.67351E-05 -6.39582E-03 
  1317  -6.28797E-05  4.87019E-09 -6.31846E-03 
  1318   4.71189E-05 -4.25550E-09 -6.33464E-03 
  1319  -5.74443E-05  1.07808E-04 -7.25383E-03 
  1320   4.20106E-05 -1.03077E-04 -7.25389E-03 
  1321  -5.63470E-05  1.15854E-04 -7.03126E-03 
  1322   4.10577E-05 -1.10840E-04 -7.03150E-03 
  1323  -5.52043E-05  1.13231E-04 -6.80179E-03 
  1324   4.00478E-05 -1.08484E-04 -6.80180E-03 
  1325  -5.41349E-05  9.56794E-05 -6.58974E-03 
  1326   3.90854E-05 -9.18320E-05 -6.59016E-03 
  1327  -5.33208E-05  5.86945E-05 -6.43054E-03 
  1328   3.83417E-05 -5.68899E-05 -6.42816E-03 
  1329  -5.29937E-05  4.75382E-09 -6.36106E-03 
  1330   3.80275E-05 -4.36434E-09 -6.36402E-03 
  1331  -4.71527E-05  1.08143E-04 -7.28260E-03 
  1332   3.25553E-05 -1.03359E-04 -7.28707E-03 
  1333  -4.61952E-05  1.16215E-04 -7.05945E-03 
  1334   3.17283E-05 -1.11186E-04 -7.06376E-03 
  1335  -4.52060E-05  1.13593E-04 -6.82934E-03 
  1336   3.08588E-05 -1.08831E-04 -6.83332E-03 
  1337  -4.42884E-05  9.59908E-05 -6.61641E-03 
  1338   3.00378E-05 -9.21096E-05 -6.62105E-03 
  1339  -4.35963E-05  5.88988E-05 -6.45614E-03 
  1340   2.94094E-05 -5.71535E-05 -6.45943E-03 
  1341  -4.33200E-05  4.92494E-09 -6.38145E-03 
  1342   2.91472E-05 -4.30244E-09 -6.39779E-03 
  1343  -3.70523E-05  1.08427E-04 -7.30929E-03 
  1344   2.32808E-05 -1.03656E-04 -7.30933E-03 
  1345  -3.62396E-05  1.16526E-04 -7.08544E-03 
  1346   2.25851E-05 -1.11470E-04 -7.08566E-03 
  1347  -3.54093E-05  1.13899E-04 -6.85462E-03 
  1348   2.18623E-05 -1.09114E-04 -6.85461E-03 
  1349  -3.46496E-05  9.62589E-05 -6.64130E-03 
  1350   2.11883E-05 -9.23828E-05 -6.64170E-03 

 Rigid Airport Pavement
                   FAASR3D (version 1.0 ) compiled 04/15/19
 n o d a l   p r i n t   o u t   f o r   t i m e   s t e p     1  ( at time  1.0000E+00 )
   node     x-disp       y-disp       z-disp
  1351  -3.40827E-05  5.90611E-05 -6.48112E-03 
  1352   2.06778E-05 -5.72420E-05 -6.47870E-03 
  1353  -3.38581E-05  4.79942E-09 -6.41119E-03 
  1354   2.04673E-05 -4.40884E-09 -6.41415E-03 
  1355  -2.71460E-05  1.08671E-04 -7.32445E-03 
  1356   1.41939E-05 -1.03850E-04 -7.32895E-03 
  1357  -2.64810E-05  1.16781E-04 -7.10023E-03 
  1358   1.36331E-05 -1.11716E-04 -7.10456E-03 
  1359  -2.58141E-05  1.14149E-04 -6.86899E-03 
  1360   1.30616E-05 -1.09354E-04 -6.87300E-03 
  1361  -2.52148E-05  9.64668E-05 -6.65501E-03 
  1362   1.25373E-05 -9.25599E-05 -6.65969E-03 
  1363  -2.47750E-05  5.91960E-05 -6.49395E-03 
  1364   1.21470E-05 -5.74397E-05 -6.49726E-03 
  1365  -2.46041E-05  4.96249E-09 -6.41887E-03 
  1366   1.19913E-05 -4.33889E-09 -6.43531E-03 
  1367  -1.74353E-05  1.08861E-04 -7.33786E-03 
  1368   5.29361E-06 -1.04058E-04 -7.33788E-03 
  1369  -1.69193E-05  1.16983E-04 -7.11313E-03 
  1370   4.86883E-06 -1.11896E-04 -7.11334E-03 
  1371  -1.64171E-05  1.14340E-04 -6.88143E-03 
  1372   4.44990E-06 -1.09526E-04 -6.88140E-03 
  1373  -1.59789E-05  9.66289E-05 -6.66729E-03 
  1374   4.07708E-06 -9.27303E-05 -6.66768E-03 
  1375  -1.56683E-05  5.92881E-05 -6.50650E-03 
  1376   3.80816E-06 -5.74590E-05 -6.50405E-03 
  1377  -1.55511E-05  4.83084E-09 -6.43631E-03 
  1378   3.70459E-06 -4.43966E-09 -6.43925E-03 
  1379  -7.91981E-06  1.09009E-04 -7.33997E-03 
  1380  -3.42059E-06 -1.04161E-04 -7.34448E-03 
  1381  -7.55309E-06  1.17128E-04 -7.11508E-03 
  1382  -3.70827E-06 -1.12036E-04 -7.11943E-03 
  1383  -7.21476E-06  1.14474E-04 -6.88318E-03 
  1384  -3.97547E-06 -1.09655E-04 -6.88720E-03 
  1385  -6.93689E-06  9.67293E-05 -6.66862E-03 
  1386  -4.19691E-06 -9.28043E-05 -6.67331E-03 
  1387  -6.75421E-06  5.93523E-05 -6.50713E-03 
  1388  -4.34428E-06 -5.75868E-05 -6.51045E-03 
  1389  -6.69188E-06  4.98850E-09 -6.43186E-03 
  1390  -4.39419E-06 -4.36150E-09 -6.44834E-03 
  1391   1.40210E-06  1.09104E-04 -7.34063E-03 
  1392  -1.19502E-05 -1.04278E-04 -7.34064E-03 
  1393   1.62229E-06  1.17220E-04 -7.11544E-03 
  1394  -1.21019E-05 -1.12111E-04 -7.11564E-03 
  1395   1.79844E-06  1.14549E-04 -6.88330E-03 
  1396  -1.22193E-05 -1.09716E-04 -6.88326E-03 
  1397   1.91653E-06  9.67850E-05 -6.66881E-03 
  1398  -1.22910E-05 -9.28732E-05 -6.66919E-03 
  1399   1.97230E-06  5.93728E-05 -6.50779E-03 
  1400  -1.23176E-05 -5.75359E-05 -6.50533E-03 

 Rigid Airport Pavement
                   FAASR3D (version 1.0 ) compiled 04/15/19
 n o d a l   p r i n t   o u t   f o r   t i m e   s t e p     1  ( at time  1.0000E+00 )
   node     x-disp       y-disp       z-disp
  1401   1.98185E-06  4.84875E-09 -6.43752E-03 
  1402  -1.23157E-05 -4.45584E-09 -6.44044E-03 
  1403   1.05309E-05  1.09158E-04 -7.33024E-03 
  1404  -2.02975E-05 -1.04292E-04 -7.33474E-03 
  1405   1.06074E-05  1.17256E-04 -7.10508E-03 
  1406  -2.03161E-05 -1.12147E-04 -7.10943E-03 
  1407   1.06256E-05  1.14568E-04 -6.87299E-03 
  1408  -2.02859E-05 -1.09735E-04 -6.87700E-03 
  1409   1.05874E-05  9.67808E-05 -6.65830E-03 
  1410  -2.02106E-05 -9.28461E-05 -6.66298E-03 
  1411   1.05189E-05  5.93656E-05 -6.49676E-03 
  1412  -2.01191E-05 -5.75949E-05 -6.50008E-03 
  1413   1.04776E-05  4.99910E-09 -6.42151E-03 
  1414  -2.00664E-05 -4.37287E-09 -6.43797E-03 
  1415   1.94703E-05  1.09161E-04 -7.31866E-03 
  1416  -2.84628E-05 -1.04321E-04 -7.31866E-03 
  1417   1.94067E-05  1.17242E-04 -7.09341E-03 
  1418  -2.83520E-05 -1.12121E-04 -7.09359E-03 
  1419   1.92725E-05  1.14531E-04 -6.86129E-03 
  1420  -2.81789E-05 -1.09689E-04 -6.86124E-03 
  1421   1.90829E-05  9.67335E-05 -6.64689E-03 
  1422  -2.79611E-05 -9.28157E-05 -6.64726E-03 
  1423   1.88946E-05  5.93175E-05 -6.48601E-03 
  1424  -2.77559E-05 -5.74766E-05 -6.48354E-03 
  1425   1.88023E-05  4.85245E-09 -6.41584E-03 
  1426  -2.76525E-05 -4.45921E-09 -6.41874E-03 
  1427   2.82163E-05  1.09126E-04 -7.29629E-03 
  1428  -3.64454E-05 -1.04250E-04 -7.30078E-03 
  1429   2.80195E-05  1.17176E-04 -7.07127E-03 
  1430  -3.62117E-05 -1.12061E-04 -7.07559E-03 
  1431   2.77390E-05  1.14441E-04 -6.83940E-03 
  1432  -3.59024E-05 -1.09604E-04 -6.84340E-03 
  1433   2.74052E-05  9.66289E-05 -6.62503E-03 
  1434  -3.55482E-05 -9.26922E-05 -6.62969E-03 
  1435   2.71007E-05  5.92442E-05 -6.46381E-03 
  1436  -3.52328E-05 -5.74698E-05 -6.46711E-03 
  1437   2.69609E-05  4.99819E-09 -6.38877E-03 
  1438  -3.50824E-05 -4.37136E-09 -6.40514E-03 
  1439   3.67656E-05  1.09044E-04 -7.27298E-03 
  1440  -4.42398E-05 -1.04197E-04 -7.27297E-03 
  1441   3.64429E-05  1.17065E-04 -7.04805E-03 
  1442  -4.38902E-05 -1.11942E-04 -7.04822E-03 
  1443   3.60247E-05  1.14299E-04 -6.81636E-03 
  1444  -4.34521E-05 -1.09458E-04 -6.81631E-03 
  1445   3.55550E-05  9.64853E-05 -6.60249E-03 
  1446  -4.29696E-05 -9.25695E-05 -6.60285E-03 
  1447   3.51409E-05  5.91319E-05 -6.44208E-03 
  1448  -4.25493E-05 -5.72899E-05 -6.43963E-03 
  1449   3.49558E-05  4.84187E-09 -6.37218E-03 
  1450  -4.23529E-05 -4.45202E-09 -6.37506E-03 

 Rigid Airport Pavement
                   FAASR3D (version 1.0 ) compiled 04/15/19
 n o d a l   p r i n t   o u t   f o r   t i m e   s t e p     1  ( at time  1.0000E+00 )
   node     x-disp       y-disp       z-disp
  1451   4.51103E-05  1.08928E-04 -7.23917E-03 
  1452  -5.18428E-05 -1.04050E-04 -7.24362E-03 
  1453   4.46698E-05  1.16907E-04 -7.01463E-03 
  1454  -5.13843E-05 -1.11793E-04 -7.01892E-03 
  1455   4.41242E-05  1.14111E-04 -6.78340E-03 
  1456  -5.08267E-05 -1.09278E-04 -6.78736E-03 
  1457   4.35281E-05  9.62893E-05 -6.56975E-03 
  1458  -5.02258E-05 -9.23589E-05 -6.57436E-03 
  1459   4.30128E-05  5.89972E-05 -6.40917E-03 
  1460  -4.97087E-05 -5.72239E-05 -6.41244E-03 
  1461   4.27848E-05  4.97942E-09 -6.33453E-03 
  1462  -4.94712E-05 -4.36130E-09 -6.35075E-03 
  1463   5.32385E-05  1.08771E-04 -7.20465E-03 
  1464  -5.92397E-05 -1.03927E-04 -7.20463E-03 
  1465   5.26908E-05  1.16709E-04 -6.98036E-03 
  1466  -5.86821E-05 -1.11591E-04 -6.98054E-03 
  1467   5.20289E-05  1.13879E-04 -6.74949E-03 
  1468  -5.80164E-05 -1.09046E-04 -6.74943E-03 
  1469   5.13185E-05  9.60621E-05 -6.53652E-03 
  1470  -5.73074E-05 -9.21564E-05 -6.53687E-03 
  1471   5.07109E-05  5.88279E-05 -6.37690E-03 
  1472  -5.67019E-05 -5.69882E-05 -6.37447E-03 
  1473   5.04431E-05  4.82279E-09 -6.30743E-03 
  1474  -5.64226E-05 -4.43438E-09 -6.31027E-03 
  1475   6.11327E-05  1.08586E-04 -7.15995E-03 
  1476  -6.64163E-05 -1.03715E-04 -7.16435E-03 
  1477   6.04892E-05  1.16471E-04 -6.93622E-03 
  1478  -6.57702E-05 -1.11367E-04 -6.94046E-03 
  1479   5.97238E-05  1.13609E-04 -6.70595E-03 
  1480  -6.50088E-05 -1.08789E-04 -6.70987E-03 
  1481   5.89125E-05  9.57907E-05 -6.49337E-03 
  1482  -6.42041E-05 -9.18736E-05 -6.49793E-03 
  1483   5.82221E-05  5.86418E-05 -6.33373E-03 
  1484  -6.35205E-05 -5.68707E-05 -6.33696E-03 
  1485   5.79206E-05  4.95585E-09 -6.25964E-03 
  1486  -6.32074E-05 -4.33696E-09 -6.27567E-03 
  1487   6.87700E-05  1.08367E-04 -7.11480E-03 
  1488  -7.33476E-05 -1.03533E-04 -7.11479E-03 
  1489   6.80424E-05  1.16203E-04 -6.89146E-03 
  1490  -7.26251E-05 -1.11097E-04 -6.89162E-03 
  1491   6.71875E-05  1.13305E-04 -6.66170E-03 
  1492  -7.17800E-05 -1.08487E-04 -6.66164E-03 
  1493   6.62901E-05  9.54956E-05 -6.44994E-03 
  1494  -7.08942E-05 -9.16047E-05 -6.45028E-03 
  1495   6.55303E-05  5.84263E-05 -6.29136E-03 
  1496  -7.01437E-05 -5.65916E-05 -6.28897E-03 
  1497   6.51981E-05  4.79731E-09 -6.22247E-03 
  1498  -6.97975E-05 -4.41112E-09 -6.22525E-03 
  1499   7.61189E-05  1.08126E-04 -7.05988E-03 
  1500  -8.00073E-05 -1.03269E-04 -7.06421E-03 

 Rigid Airport Pavement
                   FAASR3D (version 1.0 ) compiled 04/15/19
 n o d a l   p r i n t   o u t   f o r   t i m e   s t e p     1  ( at time  1.0000E+00 )
   node     x-disp       y-disp       z-disp
  1501   7.53208E-05  1.15904E-04 -6.83720E-03 
  1502  -7.92221E-05 -1.10815E-04 -6.84137E-03 
  1503   7.43899E-05  1.12973E-04 -6.60818E-03 
  1504  -7.83065E-05 -1.08169E-04 -6.61202E-03 
  1505   7.34232E-05  9.51676E-05 -6.39693E-03 
  1506  -7.73566E-05 -9.12684E-05 -6.40140E-03 
  1507   7.26053E-05  5.82002E-05 -6.23845E-03 
  1508  -7.65507E-05 -5.64330E-05 -6.24162E-03 
  1509   7.22504E-05  4.92052E-09 -6.16509E-03 
  1510  -7.61863E-05 -4.31682E-09 -6.18078E-03 
  1511   8.31374E-05  1.07862E-04 -7.00490E-03 
  1512  -8.63599E-05 -1.03037E-04 -7.00472E-03 
  1513   8.22791E-05  1.15583E-04 -6.78262E-03 
  1514  -8.55185E-05 -1.10500E-04 -6.78274E-03 
  1515   8.12879E-05  1.12616E-04 -6.55422E-03 
  1516  -8.45465E-05 -1.07818E-04 -6.55411E-03 
  1517   8.02715E-05  9.48279E-05 -6.34388E-03 
  1518  -8.35498E-05 -9.09554E-05 -6.34417E-03 
  1519   7.94125E-05  5.79495E-05 -6.18660E-03 
  1520  -8.27081E-05 -5.61227E-05 -6.18413E-03 
  1521   7.90193E-05  4.77259E-09 -6.11825E-03 
  1522  -8.22995E-05 -4.38080E-09 -6.12099E-03 
  1523   8.98074E-05  1.07592E-04 -6.94029E-03 
  1524  -9.23557E-05 -1.02742E-04 -6.94493E-03 
  1525   8.88788E-05  1.15239E-04 -6.71883E-03 
  1526  -9.14556E-05 -1.10172E-04 -6.72327E-03 
  1527   8.78506E-05  1.12246E-04 -6.49127E-03 
  1528  -9.04498E-05 -1.07464E-04 -6.49536E-03 
  1529   8.67982E-05  9.44689E-05 -6.28152E-03 
  1530  -8.94206E-05 -9.05912E-05 -6.28622E-03 
  1531   8.59343E-05  5.76896E-05 -6.12432E-03 
  1532  -8.85722E-05 -5.59298E-05 -6.12787E-03 
  1533   8.54895E-05  4.89746E-09 -6.05132E-03 
  1534  -8.80583E-05 -4.27037E-09 -6.06795E-03 
  1535   9.60598E-05  1.07291E-04 -6.87665E-03 
  1536  -9.79830E-05 -1.02503E-04 -6.87612E-03 
  1537   9.50989E-05  1.14887E-04 -6.65577E-03 
  1538  -9.70546E-05 -1.09809E-04 -6.65558E-03 
  1539   9.40493E-05  1.11866E-04 -6.42885E-03 
  1540  -9.60264E-05 -1.07092E-04 -6.42841E-03 
  1541   9.29837E-05  9.41132E-05 -6.22006E-03 
  1542  -9.49880E-05 -9.02750E-05 -6.22003E-03 
  1543   9.21269E-05  5.74254E-05 -6.06392E-03 
  1544  -9.41389E-05 -5.55751E-05 -6.06142E-03 
  1545   9.17617E-05  4.67122E-09 -5.99785E-03 
  1546  -9.37389E-05 -4.37676E-09 -5.99843E-03 
  1547   1.01740E-04  1.06958E-04 -6.80439E-03 
  1548  -1.03172E-04 -1.02070E-04 -6.80702E-03 
  1549   1.00782E-04  1.14534E-04 -6.58405E-03 
  1550  -1.02229E-04 -1.09498E-04 -6.58702E-03 

 Rigid Airport Pavement
                   FAASR3D (version 1.0 ) compiled 04/15/19
 n o d a l   p r i n t   o u t   f o r   t i m e   s t e p     1  ( at time  1.0000E+00 )
   node     x-disp       y-disp       z-disp
  1551   9.97300E-05  1.11488E-04 -6.35800E-03 
  1552  -1.01198E-04 -1.06725E-04 -6.36060E-03 
  1553   9.86728E-05  9.37385E-05 -6.14987E-03 
  1554  -1.00175E-04 -8.98871E-05 -6.15302E-03 
  1555   9.77899E-05  5.72131E-05 -5.99425E-03 
  1556  -9.93372E-05 -5.54597E-05 -5.99562E-03 
  1557   9.75069E-05  4.84491E-09 -5.92322E-03 
  1558  -9.91857E-05 -4.30774E-09 -5.93525E-03 
  1559   1.17025E-04  0.00000E+00 -7.15782E-03 
  1560  -1.16745E-04  0.00000E+00 -7.16266E-03 
  1561   1.17007E-04  8.32717E-06 -7.15791E-03 
  1562  -1.16751E-04 -7.93945E-06 -7.15755E-03 
  1563   1.16963E-04  1.66306E-05 -7.14707E-03 
  1564  -1.16682E-04 -1.58709E-05 -7.15164E-03 
  1565   1.16884E-04  2.48813E-05 -7.13593E-03 
  1566  -1.16632E-04 -2.37321E-05 -7.13591E-03 
  1567   1.16782E-04  3.30551E-05 -7.11459E-03 
  1568  -1.16507E-04 -3.15320E-05 -7.11896E-03 
  1569   1.16647E-04  4.11284E-05 -7.09262E-03 
  1570  -1.16402E-04 -3.92350E-05 -7.09262E-03 
  1571   1.16489E-04  4.90659E-05 -7.06071E-03 
  1572  -1.16224E-04 -4.68098E-05 -7.06506E-03 
  1573   1.16304E-04  5.68304E-05 -7.02830E-03 
  1574  -1.16069E-04 -5.42187E-05 -7.02831E-03 
  1575   1.16101E-04  6.43810E-05 -6.98623E-03 
  1576  -1.15846E-04 -6.14273E-05 -6.99050E-03 
  1577   1.15874E-04  7.16676E-05 -6.94393E-03 
  1578  -1.15647E-04 -6.83915E-05 -6.94377E-03 
  1579   1.15641E-04  7.86627E-05 -6.89197E-03 
  1580  -1.15392E-04 -7.50504E-05 -6.89662E-03 
  1581   1.15374E-04  8.52916E-05 -6.84085E-03 
  1582  -1.15176E-04 -8.13929E-05 -6.84023E-03 
  1583   1.15077E-04  9.14068E-05 -6.78085E-03 
  1584  -1.14783E-04 -8.73480E-05 -6.78348E-03 
  1585   1.22738E-04  0.00000E+00 -6.91530E-03 
  1586  -1.21307E-04  0.00000E+00 -6.91996E-03 
  1587   1.22721E-04  8.22561E-06 -6.91529E-03 
  1588  -1.21287E-04 -7.84116E-06 -6.91512E-03 
  1589   1.22665E-04  1.64287E-05 -6.90468E-03 
  1590  -1.21239E-04 -1.56763E-05 -6.90909E-03 
  1591   1.22576E-04  2.45832E-05 -6.89359E-03 
  1592  -1.21146E-04 -2.34450E-05 -6.89374E-03 
  1593   1.22452E-04  3.26641E-05 -6.87260E-03 
  1594  -1.21031E-04 -3.11559E-05 -6.87681E-03 
  1595   1.22296E-04  4.06486E-05 -6.85081E-03 
  1596  -1.20875E-04 -3.87738E-05 -6.85098E-03 
  1597   1.22107E-04  4.85030E-05 -6.81937E-03 
  1598  -1.20699E-04 -4.62695E-05 -6.82355E-03 
  1599   1.21893E-04  5.61925E-05 -6.78725E-03 
  1600  -1.20485E-04 -5.36089E-05 -6.78742E-03 

 Rigid Airport Pavement
                   FAASR3D (version 1.0 ) compiled 04/15/19
 n o d a l   p r i n t   o u t   f o r   t i m e   s t e p     1  ( at time  1.0000E+00 )
   node     x-disp       y-disp       z-disp
  1601   1.21651E-04  6.36758E-05 -6.74574E-03 
  1602  -1.20258E-04 -6.07553E-05 -6.74986E-03 
  1603   1.21390E-04  7.09007E-05 -6.70374E-03 
  1604  -1.20001E-04 -6.76573E-05 -6.70388E-03 
  1605   1.21105E-04  7.78234E-05 -6.65252E-03 
  1606  -1.19729E-04 -7.42524E-05 -6.65696E-03 
  1607   1.20812E-04  8.44149E-05 -6.60185E-03 
  1608  -1.19426E-04 -8.05578E-05 -6.60161E-03 
  1609   1.20513E-04  9.05222E-05 -6.54233E-03 
  1610  -1.19166E-04 -8.64862E-05 -6.54529E-03 
  1611   1.17899E-04  0.00000E+00 -6.67134E-03 
  1612  -1.15846E-04  0.00000E+00 -6.67567E-03 
  1613   1.17879E-04  8.11166E-06 -6.67127E-03 
  1614  -1.15819E-04 -7.73115E-06 -6.67088E-03 
  1615   1.17820E-04  1.62018E-05 -6.66087E-03 
  1616  -1.15768E-04 -1.54577E-05 -6.66495E-03 
  1617   1.17722E-04  2.42468E-05 -6.64989E-03 
  1618  -1.15669E-04 -2.31223E-05 -6.64981E-03 
  1619   1.17586E-04  3.22228E-05 -6.62925E-03 
  1620  -1.15543E-04 -3.07320E-05 -6.63313E-03 
  1621   1.17416E-04  4.01085E-05 -6.60771E-03 
  1622  -1.15372E-04 -3.82542E-05 -6.60766E-03 
  1623   1.17213E-04  4.78726E-05 -6.57676E-03 
  1624  -1.15181E-04 -4.56624E-05 -6.58061E-03 
  1625   1.16980E-04  5.54806E-05 -6.54501E-03 
  1626  -1.14951E-04 -5.29231E-05 -6.54496E-03 
  1627   1.16722E-04  6.28923E-05 -6.50410E-03 
  1628  -1.14706E-04 -6.00011E-05 -6.50788E-03 
  1629   1.16443E-04  7.00577E-05 -6.46258E-03 
  1630  -1.14431E-04 -6.68460E-05 -6.46249E-03 
  1631   1.16149E-04  7.69380E-05 -6.41206E-03 
  1632  -1.14150E-04 -7.34002E-05 -6.41614E-03 
  1633   1.15842E-04  8.34985E-05 -6.36189E-03 
  1634  -1.13850E-04 -7.96728E-05 -6.36139E-03 
  1635   1.15535E-04  8.95915E-05 -6.30311E-03 
  1636  -1.13551E-04 -8.55850E-05 -6.30570E-03 
  1637   9.83868E-05  0.00000E+00 -6.44964E-03 
  1638  -9.63192E-05  0.00000E+00 -6.45463E-03 
  1639   9.83719E-05  7.99468E-06 -6.44982E-03 
  1640  -9.63251E-05 -7.61803E-06 -6.44981E-03 
  1641   9.83113E-05  1.59703E-05 -6.43934E-03 
  1642  -9.62478E-05 -1.52337E-05 -6.44407E-03 
  1643   9.82194E-05  2.39027E-05 -6.42875E-03 
  1644  -9.61752E-05 -2.27891E-05 -6.42907E-03 
  1645   9.80859E-05  3.17716E-05 -6.40821E-03 
  1646  -9.60305E-05 -3.02962E-05 -6.41273E-03 
  1647   9.79256E-05  3.95572E-05 -6.38720E-03 
  1648  -9.58922E-05 -3.77222E-05 -6.38754E-03 
  1649   9.77279E-05  4.72303E-05 -6.35649E-03 
  1650  -9.56841E-05 -4.50432E-05 -6.36097E-03 

 Rigid Airport Pavement
                   FAASR3D (version 1.0 ) compiled 04/15/19
 n o d a l   p r i n t   o u t   f o r   t i m e   s t e p     1  ( at time  1.0000E+00 )
   node     x-disp       y-disp       z-disp
  1651   9.75082E-05  5.47582E-05 -6.32540E-03 
  1652  -9.54871E-05 -5.22261E-05 -6.32573E-03 
  1653   9.72590E-05  6.21036E-05 -6.28484E-03 
  1654  -9.52304E-05 -5.92386E-05 -6.28925E-03 
  1655   9.69985E-05  6.92169E-05 -6.24407E-03 
  1656  -9.49920E-05 -6.60325E-05 -6.24435E-03 
  1657   9.67189E-05  7.60553E-05 -6.19397E-03 
  1658  -9.47092E-05 -7.25471E-05 -6.19865E-03 
  1659   9.64370E-05  8.25924E-05 -6.14460E-03 
  1660  -9.44627E-05 -7.87988E-05 -6.14451E-03 
  1661   9.61344E-05  8.86794E-05 -6.08633E-03 
  1662  -9.41465E-05 -8.47101E-05 -6.08946E-03 
  1663   5.98362E-05  0.00000E+00 -6.28484E-03 
  1664  -5.89939E-05  0.00000E+00 -6.28866E-03 
  1665   5.98194E-05  7.89892E-06 -6.28569E-03 
  1666  -5.89062E-05 -7.52435E-06 -6.28280E-03 
  1667   5.97817E-05  1.57742E-05 -6.27470E-03 
  1668  -5.89359E-05 -1.50462E-05 -6.27820E-03 
  1669   5.97143E-05  2.36163E-05 -6.26488E-03 
  1670  -5.88109E-05 -2.25092E-05 -6.26240E-03 
  1671   5.96233E-05  3.13949E-05 -6.24401E-03 
  1672  -5.87775E-05 -2.99288E-05 -6.24724E-03 
  1673   5.95058E-05  3.90968E-05 -6.22385E-03 
  1674  -5.86025E-05 -3.72734E-05 -6.22145E-03 
  1675   5.93701E-05  4.66938E-05 -6.19295E-03 
  1676  -5.85266E-05 -4.45203E-05 -6.19616E-03 
  1677   5.92116E-05  5.41556E-05 -6.16282E-03 
  1678  -5.83127E-05 -5.16381E-05 -6.16045E-03 
  1679   5.90398E-05  6.14443E-05 -6.12218E-03 
  1680  -5.82001E-05 -5.85964E-05 -6.12533E-03 
  1681   5.88475E-05  6.85157E-05 -6.08248E-03 
  1682  -5.79569E-05 -6.53534E-05 -6.08002E-03 
  1683   5.86421E-05  7.53448E-05 -6.03226E-03 
  1684  -5.78095E-05 -7.18533E-05 -6.03587E-03 
  1685   5.84360E-05  8.18773E-05 -5.98387E-03 
  1686  -5.75222E-05 -7.80933E-05 -5.98129E-03 
  1687   5.82711E-05  8.79274E-05 -5.92596E-03 
  1688  -5.74479E-05 -8.40046E-05 -5.92734E-03 
  1689   4.96717E-09  0.00000E+00 -6.20876E-03 
  1690  -4.48794E-09  0.00000E+00 -6.22598E-03 
  1691   4.79519E-09  7.85098E-06 -6.21521E-03 
  1692  -4.59576E-09 -7.46554E-06 -6.21704E-03 
  1693   4.94750E-09  1.56996E-05 -6.19908E-03 
  1694  -4.49677E-09 -1.49800E-05 -6.21538E-03 
  1695   4.80273E-09  2.34895E-05 -6.19406E-03 
  1696  -4.57899E-09 -2.23753E-05 -6.19699E-03 
  1697   4.93365E-09  3.12244E-05 -6.16881E-03 
  1698  -4.49152E-09 -2.97529E-05 -6.18449E-03 
  1699   4.78084E-09  3.88917E-05 -6.15337E-03 
  1700  -4.56293E-09 -3.70627E-05 -6.15629E-03 

 Rigid Airport Pavement
                   FAASR3D (version 1.0 ) compiled 04/15/19
 n o d a l   p r i n t   o u t   f o r   t i m e   s t e p     1  ( at time  1.0000E+00 )
   node     x-disp       y-disp       z-disp
  1701   4.91345E-09  4.64595E-05 -6.11815E-03 
  1702  -4.47363E-09 -4.42792E-05 -6.13371E-03 
  1703   4.76516E-09  5.38934E-05 -6.09276E-03 
  1704  -4.54700E-09 -5.13667E-05 -6.09564E-03 
  1705   4.88560E-09  6.11584E-05 -6.04793E-03 
  1706  -4.45629E-09 -5.83050E-05 -6.06320E-03 
  1707   4.74912E-09  6.81913E-05 -6.01281E-03 
  1708  -4.52493E-09 -6.50171E-05 -6.01567E-03 
  1709   4.87290E-09  7.49719E-05 -5.95819E-03 
  1710  -4.42079E-09 -7.14151E-05 -5.97455E-03 
  1711   4.65549E-09  8.15790E-05 -5.91640E-03 
  1712  -4.53363E-09 -7.77694E-05 -5.91687E-03 
  1713   4.83324E-09  8.76944E-05 -5.85358E-03 
  1714  -4.46764E-09 -8.39040E-05 -5.86549E-03 
  1715   1.14214E-04  1.06063E-04 -6.58601E-03 
  1716  -1.14005E-04 -1.01266E-04 -6.58748E-03 
  1717   1.13302E-04  1.13547E-04 -6.36765E-03 
  1718  -1.13119E-04 -1.08532E-04 -6.36946E-03 
  1719   1.12370E-04  1.10471E-04 -6.14362E-03 
  1720  -1.12217E-04 -1.05741E-04 -6.14509E-03 
  1721   1.11459E-04  9.27853E-05 -5.93762E-03 
  1722  -1.11329E-04 -8.89654E-05 -5.93960E-03 
  1723   1.10677E-04  5.65156E-05 -5.78386E-03 
  1724  -1.10556E-04 -5.47222E-05 -5.78385E-03 
  1725   1.10249E-04  4.78787E-09 -5.71571E-03 
  1726  -1.10034E-04 -4.31181E-09 -5.72350E-03 
  1727   1.19607E-04  1.05176E-04 -6.34935E-03 
  1728  -1.18278E-04 -1.00412E-04 -6.35116E-03 
  1729   1.18805E-04  1.12716E-04 -6.13278E-03 
  1730  -1.17501E-04 -1.07732E-04 -6.13474E-03 
  1731   1.18159E-04  1.09718E-04 -5.91035E-03 
  1732  -1.16872E-04 -1.05014E-04 -5.91202E-03 
  1733   1.17644E-04  9.20966E-05 -5.70589E-03 
  1734  -1.16372E-04 -8.82977E-05 -5.70801E-03 
  1735   1.17212E-04  5.59533E-05 -5.55345E-03 
  1736  -1.15945E-04 -5.41679E-05 -5.55387E-03 
  1737   1.16993E-04  4.80004E-09 -5.48617E-03 
  1738  -1.15713E-04 -4.34107E-09 -5.49446E-03 
  1739   1.14641E-04  1.04317E-04 -6.11193E-03 
  1740  -1.12685E-04 -9.95891E-05 -6.11341E-03 
  1741   1.13961E-04  1.12089E-04 -5.89686E-03 
  1742  -1.12026E-04 -1.07128E-04 -5.89853E-03 
  1743   1.13687E-04  1.09418E-04 -5.67534E-03 
  1744  -1.11756E-04 -1.04721E-04 -5.67672E-03 
  1745   1.13850E-04  9.20160E-05 -5.47126E-03 
  1746  -1.11912E-04 -8.82225E-05 -5.47309E-03 
  1747   1.14136E-04  5.58800E-05 -5.31911E-03 
  1748  -1.12193E-04 -5.40707E-05 -5.31918E-03 
  1749   1.14230E-04  4.90775E-09 -5.25235E-03 
  1750  -1.12281E-04 -4.45453E-09 -5.25981E-03 

 Rigid Airport Pavement
                   FAASR3D (version 1.0 ) compiled 04/15/19
 n o d a l   p r i n t   o u t   f o r   t i m e   s t e p     1  ( at time  1.0000E+00 )
   node     x-disp       y-disp       z-disp
  1751   9.53152E-05  1.03510E-04 -5.89702E-03 
  1752  -9.33531E-05 -9.88045E-05 -5.89898E-03 
  1753   9.47207E-05  1.11633E-04 -5.68330E-03 
  1754  -9.27762E-05 -1.06687E-04 -5.68542E-03 
  1755   9.46924E-05  1.09594E-04 -5.46208E-03 
  1756  -9.27497E-05 -1.04894E-04 -5.46390E-03 
  1757   9.55398E-05  9.28476E-05 -5.25678E-03 
  1758  -9.35615E-05 -8.90202E-05 -5.25898E-03 
  1759   9.70073E-05  5.66748E-05 -5.10263E-03 
  1760  -9.50214E-05 -5.48670E-05 -5.10330E-03 
  1761   9.76382E-05  5.15258E-09 -5.03495E-03 
  1762  -9.55545E-05 -4.71792E-09 -5.04346E-03 
  1763   5.76716E-05  1.02825E-04 -5.73826E-03 
  1764  -5.68060E-05 -9.81326E-05 -5.73825E-03 
  1765   5.71821E-05  1.11265E-04 -5.52569E-03 
  1766  -5.63241E-05 -1.06326E-04 -5.52611E-03 
  1767   5.71559E-05  1.09912E-04 -5.30464E-03 
  1768  -5.62721E-05 -1.05206E-04 -5.30471E-03 
  1769   5.79740E-05  9.43209E-05 -5.09730E-03 
  1770  -5.70907E-05 -9.04857E-05 -5.09797E-03 
  1771   6.00813E-05  5.87769E-05 -4.93817E-03 
  1772  -5.91178E-05 -5.68887E-05 -4.93684E-03 
  1773   6.24987E-05  5.69944E-09 -4.86924E-03 
  1774  -6.22020E-05 -5.24753E-09 -4.87248E-03 
  1775   4.78507E-09  1.02443E-04 -5.66859E-03 
  1776  -4.47819E-09 -9.76602E-05 -5.67633E-03 
  1777   4.80717E-09  1.11078E-04 -5.45678E-03 
  1778  -4.51779E-09 -1.06128E-04 -5.46503E-03 
  1779   4.92163E-09  1.10023E-04 -5.23618E-03 
  1780  -4.63613E-09 -1.05314E-04 -5.24363E-03 
  1781   5.17165E-09  9.49576E-05 -5.02788E-03 
  1782  -4.90496E-09 -9.10258E-05 -5.03638E-03 
  1783   5.72030E-09  6.11943E-05 -4.86749E-03 
  1784  -5.43568E-09 -5.99725E-05 -4.87073E-03 
  1785   6.60043E-09  6.57897E-09 -4.77475E-03 
  1786  -5.84738E-09 -5.65713E-09 -4.80511E-03 
  1787   3.33325E-04  0.00000E+00 -5.56796E-03 
  1788   3.32914E-04 -1.23403E-05 -5.56529E-03 
  1789   3.33234E-04 -2.43989E-05 -5.55789E-03 
  1790   3.32885E-04 -3.67352E-05 -5.54552E-03 
  1791   3.33107E-04 -4.87508E-05 -5.52805E-03 
  1792   3.32829E-04 -6.06929E-05 -5.50578E-03 
  1793   3.33019E-04 -7.24858E-05 -5.47868E-03 
  1794   3.32777E-04 -8.40816E-05 -5.44673E-03 
  1795   3.33029E-04 -9.53772E-05 -5.41011E-03 
  1796   3.32826E-04 -1.06298E-04 -5.36899E-03 
  1797   3.33255E-04 -1.17034E-04 -5.32335E-03 
  1798   3.33160E-04 -1.27137E-04 -5.27284E-03 
  1799   3.33350E-04 -1.36154E-04 -5.21968E-03 
  1800   3.39725E-04  0.00000E+00 -5.71337E-03 

 Rigid Airport Pavement
                   FAASR3D (version 1.0 ) compiled 04/15/19
 n o d a l   p r i n t   o u t   f o r   t i m e   s t e p     1  ( at time  1.0000E+00 )
   node     x-disp       y-disp       z-disp
  1801   3.40000E-04 -1.23307E-05 -5.71073E-03 
  1802   3.39694E-04 -2.44507E-05 -5.70328E-03 
  1803   3.39840E-04 -3.67217E-05 -5.69087E-03 
  1804   3.39552E-04 -4.87659E-05 -5.67339E-03 
  1805   3.39648E-04 -6.07256E-05 -5.65112E-03 
  1806   3.39335E-04 -7.25287E-05 -5.62397E-03 
  1807   3.39426E-04 -8.41328E-05 -5.59203E-03 
  1808   3.39140E-04 -9.54632E-05 -5.55537E-03 
  1809   3.39268E-04 -1.06457E-04 -5.51421E-03 
  1810   3.39052E-04 -1.17202E-04 -5.46858E-03 
  1811   3.39429E-04 -1.27495E-04 -5.41820E-03 
  1812   3.39279E-04 -1.36666E-04 -5.36448E-03 
  1813   3.41654E-04  0.00000E+00 -5.86516E-03 
  1814   3.41738E-04 -1.23394E-05 -5.86256E-03 
  1815   3.41600E-04 -2.45347E-05 -5.85508E-03 
  1816   3.41585E-04 -3.68195E-05 -5.84259E-03 
  1817   3.41405E-04 -4.88947E-05 -5.82509E-03 
  1818   3.41318E-04 -6.08779E-05 -5.80272E-03 
  1819   3.41097E-04 -7.26989E-05 -5.77550E-03 
  1820   3.40991E-04 -8.43131E-05 -5.74346E-03 
  1821   3.40771E-04 -9.56543E-05 -5.70674E-03 
  1822   3.40689E-04 -1.06651E-04 -5.66545E-03 
  1823   3.40519E-04 -1.17264E-04 -5.61978E-03 
  1824   3.40593E-04 -1.27373E-04 -5.56962E-03 
  1825   3.40592E-04 -1.36738E-04 -5.51594E-03 
  1826   3.39266E-04  0.00000E+00 -6.01640E-03 
  1827   3.39276E-04 -1.23896E-05 -6.01381E-03 
  1828   3.39183E-04 -2.46394E-05 -6.00629E-03 
  1829   3.39109E-04 -3.69515E-05 -5.99376E-03 
  1830   3.38947E-04 -4.90791E-05 -5.97619E-03 
  1831   3.38797E-04 -6.10960E-05 -5.95374E-03 
  1832   3.38583E-04 -7.29440E-05 -5.92641E-03 
  1833   3.38392E-04 -8.45739E-05 -5.89428E-03 
  1834   3.38156E-04 -9.59275E-05 -5.85745E-03 
  1835   3.37968E-04 -1.06937E-04 -5.81606E-03 
  1836   3.37747E-04 -1.17580E-04 -5.77025E-03 
  1837   3.37590E-04 -1.27778E-04 -5.72003E-03 
  1838   3.37430E-04 -1.37081E-04 -5.66618E-03 
  1839   3.34323E-04  0.00000E+00 -6.16567E-03 
  1840   3.34308E-04 -1.24357E-05 -6.16305E-03 
  1841   3.34228E-04 -2.47470E-05 -6.15551E-03 
  1842   3.34122E-04 -3.71144E-05 -6.14291E-03 
  1843   3.33958E-04 -4.92889E-05 -6.12528E-03 
  1844   3.33770E-04 -6.13489E-05 -6.10272E-03 
  1845   3.33536E-04 -7.32332E-05 -6.07530E-03 
  1846   3.33292E-04 -8.48915E-05 -6.04304E-03 
  1847   3.33022E-04 -9.62560E-05 -6.00609E-03 
  1848   3.32757E-04 -1.07262E-04 -5.96456E-03 
  1849   3.32481E-04 -1.17862E-04 -5.91862E-03 
  1850   3.32232E-04 -1.27927E-04 -5.86824E-03 

 Rigid Airport Pavement
                   FAASR3D (version 1.0 ) compiled 04/15/19
 n o d a l   p r i n t   o u t   f o r   t i m e   s t e p     1  ( at time  1.0000E+00 )
   node     x-disp       y-disp       z-disp
  1851   3.32003E-04 -1.37261E-04 -5.81434E-03 
  1852   3.27035E-04  0.00000E+00 -6.31208E-03 
  1853   3.27019E-04 -1.25037E-05 -6.30947E-03 
  1854   3.26933E-04 -2.48710E-05 -6.30188E-03 
  1855   3.26810E-04 -3.72864E-05 -6.28924E-03 
  1856   3.26632E-04 -4.95191E-05 -6.27151E-03 
  1857   3.26422E-04 -6.16293E-05 -6.24886E-03 
  1858   3.26163E-04 -7.35535E-05 -6.22130E-03 
  1859   3.25882E-04 -8.52441E-05 -6.18892E-03 
  1860   3.25566E-04 -9.66374E-05 -6.15181E-03 
  1861   3.25242E-04 -1.07665E-04 -6.11013E-03 
  1862   3.24900E-04 -1.18306E-04 -6.06403E-03 
  1863   3.24572E-04 -1.28480E-04 -6.01350E-03 
  1864   3.24242E-04 -1.37758E-04 -5.95934E-03 
  1865   3.17836E-04  0.00000E+00 -6.45483E-03 
  1866   3.17808E-04 -1.25594E-05 -6.45219E-03 
  1867   3.17719E-04 -2.49988E-05 -6.44457E-03 
  1868   3.17582E-04 -3.74838E-05 -6.43185E-03 
  1869   3.17390E-04 -4.97696E-05 -6.41404E-03 
  1870   3.17158E-04 -6.19320E-05 -6.39127E-03 
  1871   3.16874E-04 -7.39041E-05 -6.36360E-03 
  1872   3.16559E-04 -8.56356E-05 -6.33105E-03 
  1873   3.16206E-04 -9.70597E-05 -6.29379E-03 
  1874   3.15831E-04 -1.08102E-04 -6.25192E-03 
  1875   3.15432E-04 -1.18725E-04 -6.20565E-03 
  1876   3.15029E-04 -1.28794E-04 -6.15493E-03 
  1877   3.14622E-04 -1.38122E-04 -6.10069E-03 
  1878   3.06867E-04  0.00000E+00 -6.59298E-03 
  1879   3.06843E-04 -1.26367E-05 -6.59035E-03 
  1880   3.06749E-04 -2.51331E-05 -6.58267E-03 
  1881   3.06602E-04 -3.76753E-05 -6.56989E-03 
  1882   3.06398E-04 -5.00290E-05 -6.55198E-03 
  1883   3.06148E-04 -6.22511E-05 -6.52911E-03 
  1884   3.05842E-04 -7.42779E-05 -6.50128E-03 
  1885   3.05498E-04 -8.60553E-05 -6.46858E-03 
  1886   3.05113E-04 -9.75233E-05 -6.43113E-03 
  1887   3.04695E-04 -1.08609E-04 -6.38908E-03 
  1888   3.04245E-04 -1.19292E-04 -6.34258E-03 
  1889   3.03781E-04 -1.29484E-04 -6.29165E-03 
  1890   3.03303E-04 -1.38778E-04 -6.23707E-03 
  1891   2.94434E-04  0.00000E+00 -6.72600E-03 
  1892   2.94402E-04 -1.26956E-05 -6.72334E-03 
  1893   2.94307E-04 -2.52752E-05 -6.71564E-03 
  1894   2.94154E-04 -3.78892E-05 -6.70278E-03 
  1895   2.93940E-04 -5.03050E-05 -6.68478E-03 
  1896   2.93673E-04 -6.25861E-05 -6.66177E-03 
  1897   2.93352E-04 -7.46691E-05 -6.63380E-03 
  1898   2.92982E-04 -8.64996E-05 -6.60092E-03 
  1899   2.92568E-04 -9.80098E-05 -6.56328E-03 
  1900   2.92115E-04 -1.09131E-04 -6.52101E-03 

 Rigid Airport Pavement
                   FAASR3D (version 1.0 ) compiled 04/15/19
 n o d a l   p r i n t   o u t   f o r   t i m e   s t e p     1  ( at time  1.0000E+00 )
   node     x-disp       y-disp       z-disp
  1901   2.91627E-04 -1.19811E-04 -6.47430E-03 
  1902   2.91112E-04 -1.29921E-04 -6.42314E-03 
  1903   2.90575E-04 -1.39281E-04 -6.36842E-03 
  1904   2.80702E-04  0.00000E+00 -6.85318E-03 
  1905   2.80669E-04 -1.27852E-05 -6.85051E-03 
  1906   2.80576E-04 -2.54231E-05 -6.84274E-03 
  1907   2.80417E-04 -3.81009E-05 -6.82982E-03 
  1908   2.80198E-04 -5.05851E-05 -6.81171E-03 
  1909   2.79919E-04 -6.29319E-05 -6.78858E-03 
  1910   2.79585E-04 -7.50743E-05 -6.76044E-03 
  1911   2.79197E-04 -8.69610E-05 -6.72740E-03 
  1912   2.78760E-04 -9.85289E-05 -6.68955E-03 
  1913   2.78281E-04 -1.09703E-04 -6.64707E-03 
  1914   2.77762E-04 -1.20460E-04 -6.60010E-03 
  1915   2.77208E-04 -1.30714E-04 -6.54868E-03 
  1916   2.76628E-04 -1.40052E-04 -6.49358E-03 
  1917   2.65925E-04  0.00000E+00 -6.97412E-03 
  1918   2.65890E-04 -1.28433E-05 -6.97143E-03 
  1919   2.65794E-04 -2.55647E-05 -6.96364E-03 
  1920   2.65631E-04 -3.83227E-05 -6.95062E-03 
  1921   2.65407E-04 -5.08743E-05 -6.93242E-03 
  1922   2.65121E-04 -6.32864E-05 -6.90914E-03 
  1923   2.64781E-04 -7.54920E-05 -6.88086E-03 
  1924   2.64381E-04 -8.74390E-05 -6.84762E-03 
  1925   2.63929E-04 -9.90583E-05 -6.80958E-03 
  1926   2.63428E-04 -1.10273E-04 -6.76685E-03 
  1927   2.62884E-04 -1.21040E-04 -6.71965E-03 
  1928   2.62298E-04 -1.31222E-04 -6.66796E-03 
  1929   2.61681E-04 -1.40645E-04 -6.61270E-03 
  1930   2.50288E-04  0.00000E+00 -7.08832E-03 
  1931   2.50252E-04 -1.29332E-05 -7.08562E-03 
  1932   2.50158E-04 -2.57145E-05 -7.07776E-03 
  1933   2.49993E-04 -3.85381E-05 -7.06469E-03 
  1934   2.49768E-04 -5.11613E-05 -7.04637E-03 
  1935   2.49477E-04 -6.36412E-05 -7.02298E-03 
  1936   2.49132E-04 -7.59144E-05 -6.99452E-03 
  1937   2.48726E-04 -8.79225E-05 -6.96110E-03 
  1938   2.48267E-04 -9.96026E-05 -6.92284E-03 
  1939   2.47755E-04 -1.10879E-04 -6.87989E-03 
  1940   2.47200E-04 -1.21731E-04 -6.83242E-03 
  1941   2.46593E-04 -1.32077E-04 -6.78044E-03 
  1942   2.45959E-04 -1.41489E-04 -6.72477E-03 
  1943   2.33989E-04  0.00000E+00 -7.19557E-03 
  1944   2.33954E-04 -1.29899E-05 -7.19285E-03 
  1945   2.33859E-04 -2.58566E-05 -7.18497E-03 
  1946   2.33696E-04 -3.87603E-05 -7.17181E-03 
  1947   2.33472E-04 -5.14496E-05 -7.15339E-03 
  1948   2.33180E-04 -6.39973E-05 -7.12985E-03 
  1949   2.32834E-04 -7.63373E-05 -7.10125E-03 
  1950   2.32427E-04 -8.84107E-05 -7.06763E-03 

 Rigid Airport Pavement
                   FAASR3D (version 1.0 ) compiled 04/15/19
 n o d a l   p r i n t   o u t   f o r   t i m e   s t e p     1  ( at time  1.0000E+00 )
   node     x-disp       y-disp       z-disp
  1951   2.31967E-04 -1.00144E-04 -7.02917E-03 
  1952   2.31452E-04 -1.11468E-04 -6.98597E-03 
  1953   2.30887E-04 -1.22337E-04 -6.93826E-03 
  1954   2.30272E-04 -1.32617E-04 -6.88600E-03 
  1955   2.29616E-04 -1.42119E-04 -6.83015E-03 
  1956   2.17205E-04  0.00000E+00 -7.29554E-03 
  1957   2.17169E-04 -1.30780E-05 -7.29281E-03 
  1958   2.17076E-04 -2.60034E-05 -7.28486E-03 
  1959   2.16913E-04 -3.89688E-05 -7.27165E-03 
  1960   2.16693E-04 -5.17332E-05 -7.25312E-03 
  1961   2.16405E-04 -6.43486E-05 -7.22946E-03 
  1962   2.16063E-04 -7.67542E-05 -7.20069E-03 
  1963   2.15658E-04 -8.88898E-05 -7.16690E-03 
  1964   2.15202E-04 -1.00689E-04 -7.12820E-03 
  1965   2.14685E-04 -1.12082E-04 -7.08478E-03 
  1966   2.14121E-04 -1.23043E-04 -7.03679E-03 
  1967   2.13506E-04 -1.33486E-04 -6.98425E-03 
  1968   2.12854E-04 -1.42985E-04 -6.92798E-03 
  1969   2.00074E-04  0.00000E+00 -7.38816E-03 
  1970   2.00041E-04 -1.31318E-05 -7.38541E-03 
  1971   1.99950E-04 -2.61385E-05 -7.37744E-03 
  1972   1.99791E-04 -3.91833E-05 -7.36413E-03 
  1973   1.99574E-04 -5.20126E-05 -7.34552E-03 
  1974   1.99297E-04 -6.46955E-05 -7.32172E-03 
  1975   1.98959E-04 -7.71646E-05 -7.29280E-03 
  1976   1.98562E-04 -8.93610E-05 -7.25881E-03 
  1977   1.98112E-04 -1.01220E-04 -7.21993E-03 
  1978   1.97604E-04 -1.12661E-04 -7.17626E-03 
  1979   1.97047E-04 -1.23642E-04 -7.12803E-03 
  1980   1.96438E-04 -1.34019E-04 -7.07521E-03 
  1981   1.95784E-04 -1.43617E-04 -7.01877E-03 
  1982   1.82748E-04  0.00000E+00 -7.47323E-03 
  1983   1.82714E-04 -1.32177E-05 -7.47047E-03 
  1984   1.82626E-04 -2.62789E-05 -7.46244E-03 
  1985   1.82472E-04 -3.93841E-05 -7.44908E-03 
  1986   1.82263E-04 -5.22811E-05 -7.43035E-03 
  1987   1.81992E-04 -6.50311E-05 -7.40644E-03 
  1988   1.81667E-04 -7.75619E-05 -7.37736E-03 
  1989   1.81277E-04 -8.98206E-05 -7.34321E-03 
  1990   1.80842E-04 -1.01741E-04 -7.30411E-03 
  1991   1.80347E-04 -1.13250E-04 -7.26023E-03 
  1992   1.79807E-04 -1.24324E-04 -7.21173E-03 
  1993   1.79209E-04 -1.34878E-04 -7.15863E-03 
  1994   1.78575E-04 -1.44468E-04 -7.10177E-03 
  1995   1.65320E-04  0.00000E+00 -7.55080E-03 
  1996   1.65288E-04 -1.32671E-05 -7.54801E-03 
  1997   1.65202E-04 -2.64061E-05 -7.53997E-03 
  1998   1.65055E-04 -3.95850E-05 -7.52652E-03 
  1999   1.64852E-04 -5.25435E-05 -7.50771E-03 
  2000   1.64592E-04 -6.53522E-05 -7.48366E-03 

 Rigid Airport Pavement
                   FAASR3D (version 1.0 ) compiled 04/15/19
 n o d a l   p r i n t   o u t   f o r   t i m e   s t e p     1  ( at time  1.0000E+00 )
   node     x-disp       y-disp       z-disp
  2001   1.64280E-04 -7.79468E-05 -7.45445E-03 
  2002   1.63907E-04 -9.02665E-05 -7.42012E-03 
  2003   1.63487E-04 -1.02240E-04 -7.38083E-03 
  2004   1.63010E-04 -1.13794E-04 -7.33672E-03 
  2005   1.62487E-04 -1.24883E-04 -7.28800E-03 
  2006   1.61910E-04 -1.35370E-04 -7.23464E-03 
  2007   1.61295E-04 -1.45058E-04 -7.17762E-03 
  2008   1.47901E-04  0.00000E+00 -7.62074E-03 
  2009   1.47869E-04 -1.33457E-05 -7.61795E-03 
  2010   1.47787E-04 -2.65327E-05 -7.60984E-03 
  2011   1.47646E-04 -3.97659E-05 -7.59635E-03 
  2012   1.47455E-04 -5.27895E-05 -7.57744E-03 
  2013   1.47205E-04 -6.56588E-05 -7.55330E-03 
  2014   1.46907E-04 -7.83128E-05 -7.52393E-03 
  2015   1.46556E-04 -9.06888E-05 -7.48944E-03 
  2016   1.46154E-04 -1.02723E-04 -7.44996E-03 
  2017   1.45700E-04 -1.14339E-04 -7.40565E-03 
  2018   1.45203E-04 -1.25518E-04 -7.35668E-03 
  2019   1.44655E-04 -1.36178E-04 -7.30306E-03 
  2020   1.44071E-04 -1.45862E-04 -7.24565E-03 
  2021   1.30551E-04  0.00000E+00 -7.68321E-03 
  2022   1.30521E-04 -1.33883E-05 -7.68040E-03 
  2023   1.30444E-04 -2.66467E-05 -7.67228E-03 
  2024   1.30312E-04 -3.99473E-05 -7.65870E-03 
  2025   1.30132E-04 -5.30235E-05 -7.63972E-03 
  2026   1.29895E-04 -6.59515E-05 -7.61545E-03 
  2027   1.29615E-04 -7.86578E-05 -7.58597E-03 
  2028   1.29286E-04 -9.10886E-05 -7.55131E-03 
  2029   1.28907E-04 -1.03171E-04 -7.51167E-03 
  2030   1.28482E-04 -1.14828E-04 -7.46715E-03 
  2031   1.28011E-04 -1.26019E-04 -7.41798E-03 
  2032   1.27497E-04 -1.36601E-04 -7.36412E-03 
  2033   1.26942E-04 -1.46383E-04 -7.30658E-03 
  2034   1.13348E-04  0.00000E+00 -7.73813E-03 
  2035   1.13321E-04 -1.34622E-05 -7.73532E-03 
  2036   1.13250E-04 -2.67619E-05 -7.72714E-03 
  2037   1.13128E-04 -4.01082E-05 -7.71353E-03 
  2038   1.12959E-04 -5.32402E-05 -7.69445E-03 
  2039   1.12741E-04 -6.62206E-05 -7.67010E-03 
  2040   1.12481E-04 -7.89800E-05 -7.64048E-03 
  2041   1.12172E-04 -9.14594E-05 -7.60570E-03 
  2042   1.11820E-04 -1.03595E-04 -7.56587E-03 
  2043   1.11424E-04 -1.15311E-04 -7.52118E-03 
  2044   1.10989E-04 -1.26587E-04 -7.47179E-03 
  2045   1.10513E-04 -1.37338E-04 -7.41770E-03 
  2046   1.10003E-04 -1.47102E-04 -7.35980E-03 
  2047   9.63300E-05  0.00000E+00 -7.78572E-03 
  2048   9.63072E-05 -1.34984E-05 -7.78288E-03 
  2049   9.62425E-05 -2.68609E-05 -7.77470E-03 
  2050   9.61313E-05 -4.02673E-05 -7.76101E-03 

 Rigid Airport Pavement
                   FAASR3D (version 1.0 ) compiled 04/15/19
 n o d a l   p r i n t   o u t   f o r   t i m e   s t e p     1  ( at time  1.0000E+00 )
   node     x-disp       y-disp       z-disp
  2051   9.59747E-05 -5.34424E-05 -7.74188E-03 
  2052   9.57760E-05 -6.64692E-05 -7.71741E-03 
  2053   9.55349E-05 -7.92793E-05 -7.68770E-03 
  2054   9.52530E-05 -9.18050E-05 -7.65276E-03 
  2055   9.49290E-05 -1.03981E-04 -7.61280E-03 
  2056   9.45682E-05 -1.15730E-04 -7.56792E-03 
  2057   9.41705E-05 -1.27009E-04 -7.51837E-03 
  2058   9.37342E-05 -1.37676E-04 -7.46408E-03 
  2059   9.32630E-05 -1.47532E-04 -7.40608E-03 
  2060   7.95508E-05  0.00000E+00 -7.82593E-03 
  2061   7.95306E-05 -1.35590E-05 -7.82309E-03 
  2062   7.94726E-05 -2.69558E-05 -7.81485E-03 
  2063   7.93713E-05 -4.03998E-05 -7.80114E-03 
  2064   7.92330E-05 -5.36238E-05 -7.78192E-03 
  2065   7.90505E-05 -6.66978E-05 -7.75739E-03 
  2066   7.88335E-05 -7.95485E-05 -7.72755E-03 
  2067   7.85773E-05 -9.21184E-05 -7.69252E-03 
  2068   7.82897E-05 -1.04339E-04 -7.65240E-03 
  2069   7.79628E-05 -1.16136E-04 -7.60738E-03 
  2070   7.76053E-05 -1.27495E-04 -7.55763E-03 
  2071   7.72101E-05 -1.38324E-04 -7.50315E-03 
  2072   7.67884E-05 -1.48162E-04 -7.44483E-03 
  2073   6.30263E-05  0.00000E+00 -7.85901E-03 
  2074   6.30077E-05 -1.35833E-05 -7.85615E-03 
  2075   6.29549E-05 -2.70347E-05 -7.84791E-03 
  2076   6.28651E-05 -4.05253E-05 -7.83414E-03 
  2077   6.27423E-05 -5.37908E-05 -7.81488E-03 
  2078   6.25826E-05 -6.69035E-05 -7.79025E-03 
  2079   6.23902E-05 -7.97917E-05 -7.76034E-03 
  2080   6.21612E-05 -9.23987E-05 -7.72517E-03 
  2081   6.19075E-05 -1.04652E-04 -7.68495E-03 
  2082   6.16178E-05 -1.16477E-04 -7.63978E-03 
  2083   6.13003E-05 -1.27828E-04 -7.58990E-03 
  2084   6.09545E-05 -1.38561E-04 -7.53525E-03 
  2085   6.05808E-05 -1.48482E-04 -7.47688E-03 
  2086   4.67872E-05  0.00000E+00 -7.88494E-03 
  2087   4.67694E-05 -1.36373E-05 -7.88209E-03 
  2088   4.67242E-05 -2.71096E-05 -7.87380E-03 
  2089   4.66443E-05 -4.06298E-05 -7.86001E-03 
  2090   4.65374E-05 -5.39340E-05 -7.84068E-03 
  2091   4.64004E-05 -6.70815E-05 -7.81600E-03 
  2092   4.62351E-05 -8.00043E-05 -7.78599E-03 
  2093   4.60380E-05 -9.26430E-05 -7.75075E-03 
  2094   4.58166E-05 -1.04932E-04 -7.71040E-03 
  2095   4.55662E-05 -1.16798E-04 -7.66513E-03 
  2096   4.52919E-05 -1.28217E-04 -7.61509E-03 
  2097   4.49947E-05 -1.39105E-04 -7.56029E-03 
  2098   4.46760E-05 -1.48994E-04 -7.50164E-03 
  2099   3.08335E-05  0.00000E+00 -7.90399E-03 
  2100   3.08205E-05 -1.36533E-05 -7.90112E-03 

 Rigid Airport Pavement
                   FAASR3D (version 1.0 ) compiled 04/15/19
 n o d a l   p r i n t   o u t   f o r   t i m e   s t e p     1  ( at time  1.0000E+00 )
   node     x-disp       y-disp       z-disp
  2101   3.07812E-05 -2.71695E-05 -7.89284E-03 
  2102   3.07141E-05 -4.07289E-05 -7.87899E-03 
  2103   3.06256E-05 -5.40586E-05 -7.85963E-03 
  2104   3.05095E-05 -6.72356E-05 -7.83488E-03 
  2105   3.03695E-05 -8.01868E-05 -7.80482E-03 
  2106   3.02067E-05 -9.28547E-05 -7.76948E-03 
  2107   3.00182E-05 -1.05165E-04 -7.72905E-03 
  2108   2.98078E-05 -1.17044E-04 -7.68366E-03 
  2109   2.95787E-05 -1.28449E-04 -7.63353E-03 
  2110   2.93293E-05 -1.39232E-04 -7.57862E-03 
  2111   2.90650E-05 -1.49198E-04 -7.51996E-03 
  2112   1.51927E-05  0.00000E+00 -7.91614E-03 
  2113   1.51788E-05 -1.36942E-05 -7.91328E-03 
  2114   1.51464E-05 -2.72241E-05 -7.90496E-03 
  2115   1.50939E-05 -4.08018E-05 -7.89111E-03 
  2116   1.50204E-05 -5.41592E-05 -7.87169E-03 
  2117   1.49284E-05 -6.73619E-05 -7.84691E-03 
  2118   1.48150E-05 -8.03370E-05 -7.81677E-03 
  2119   1.46808E-05 -9.30267E-05 -7.78139E-03 
  2120   1.45307E-05 -1.05364E-04 -7.74087E-03 
  2121   1.43614E-05 -1.17273E-04 -7.69540E-03 
  2122   1.41802E-05 -1.28736E-04 -7.64516E-03 
  2123   1.39831E-05 -1.39667E-04 -7.59013E-03 
  2124   1.37744E-05 -1.49589E-04 -7.53124E-03 
  2125  -1.49493E-07  0.00000E+00 -7.92169E-03 
  2126  -1.57858E-07 -1.37009E-05 -7.91880E-03 
  2127  -1.81911E-07 -2.72603E-05 -7.91049E-03 
  2128  -2.20062E-07 -4.08694E-05 -7.89660E-03 
  2129  -2.77726E-07 -5.42417E-05 -7.87717E-03 
  2130  -3.49612E-07 -6.74611E-05 -7.85234E-03 
  2131  -4.36482E-07 -8.04573E-05 -7.82217E-03 
  2132  -5.37011E-07 -9.31648E-05 -7.78671E-03 
  2133  -6.50951E-07 -1.05515E-04 -7.74615E-03 
  2134  -7.77434E-07 -1.17429E-04 -7.70060E-03 
  2135  -9.13219E-07 -1.28865E-04 -7.65030E-03 
  2136  -1.06149E-06 -1.39679E-04 -7.59521E-03 
  2137  -1.21198E-06 -1.49665E-04 -7.53636E-03 
  2138  -1.51712E-05  0.00000E+00 -7.92059E-03 
  2139  -1.51738E-05 -1.37292E-05 -7.91772E-03 
  2140  -1.51898E-05 -2.72958E-05 -7.90938E-03 
  2141  -1.52183E-05 -4.09088E-05 -7.89549E-03 
  2142  -1.52568E-05 -5.43005E-05 -7.87602E-03 
  2143  -1.53085E-05 -6.75352E-05 -7.85118E-03 
  2144  -1.53676E-05 -8.05431E-05 -7.82096E-03 
  2145  -1.54359E-05 -9.32645E-05 -7.78547E-03 
  2146  -1.55145E-05 -1.05632E-04 -7.74485E-03 
  2147  -1.55984E-05 -1.17565E-04 -7.69927E-03 
  2148  -1.56889E-05 -1.29050E-04 -7.64890E-03 
  2149  -1.57883E-05 -1.39998E-04 -7.59374E-03 
  2150  -1.58831E-05 -1.49938E-04 -7.53471E-03 

 Rigid Airport Pavement
                   FAASR3D (version 1.0 ) compiled 04/15/19
 n o d a l   p r i n t   o u t   f o r   t i m e   s t e p     1  ( at time  1.0000E+00 )
   node     x-disp       y-disp       z-disp
  2151  -2.98744E-05  0.00000E+00 -7.91316E-03 
  2152  -2.98778E-05 -1.37259E-05 -7.91027E-03 
  2153  -2.98854E-05 -2.73154E-05 -7.90194E-03 
  2154  -2.99010E-05 -4.09440E-05 -7.88802E-03 
  2155  -2.99250E-05 -5.43409E-05 -7.86856E-03 
  2156  -2.99520E-05 -6.75840E-05 -7.84368E-03 
  2157  -2.99848E-05 -8.06003E-05 -7.81345E-03 
  2158  -3.00243E-05 -9.33299E-05 -7.77793E-03 
  2159  -3.00660E-05 -1.05699E-04 -7.73730E-03 
  2160  -3.01064E-05 -1.17627E-04 -7.69166E-03 
  2161  -3.01530E-05 -1.29075E-04 -7.64128E-03 
  2162  -3.01994E-05 -1.39898E-04 -7.58610E-03 
  2163  -3.02451E-05 -1.49891E-04 -7.52715E-03 
  2164  -4.42525E-05  0.00000E+00 -7.89936E-03 
  2165  -4.42516E-05 -1.37464E-05 -7.89648E-03 
  2166  -4.42542E-05 -2.73252E-05 -7.88813E-03 
  2167  -4.42582E-05 -4.09519E-05 -7.87422E-03 
  2168  -4.42638E-05 -5.43590E-05 -7.85473E-03 
  2169  -4.42713E-05 -6.76056E-05 -7.82986E-03 
  2170  -4.42801E-05 -8.06266E-05 -7.79961E-03 
  2171  -4.42864E-05 -9.33581E-05 -7.76409E-03 
  2172  -4.42907E-05 -1.05732E-04 -7.72342E-03 
  2173  -4.42938E-05 -1.17672E-04 -7.67780E-03 
  2174  -4.42987E-05 -1.29159E-04 -7.62738E-03 
  2175  -4.42951E-05 -1.40104E-04 -7.57219E-03 
  2176  -4.42899E-05 -1.50037E-04 -7.51310E-03 
  2177  -5.83013E-05  0.00000E+00 -7.87949E-03 
  2178  -5.82966E-05 -1.37293E-05 -7.87660E-03 
  2179  -5.82917E-05 -2.73224E-05 -7.86827E-03 
  2180  -5.82849E-05 -4.09565E-05 -7.85435E-03 
  2181  -5.82738E-05 -5.43595E-05 -7.83488E-03 
  2182  -5.82604E-05 -6.76054E-05 -7.80999E-03 
  2183  -5.82444E-05 -8.06250E-05 -7.77975E-03 
  2184  -5.82197E-05 -9.33548E-05 -7.74421E-03 
  2185  -5.81928E-05 -1.05719E-04 -7.70357E-03 
  2186  -5.81614E-05 -1.17646E-04 -7.65793E-03 
  2187  -5.81202E-05 -1.29088E-04 -7.60754E-03 
  2188  -5.80691E-05 -1.39900E-04 -7.55235E-03 
  2189  -5.80110E-05 -1.49884E-04 -7.49341E-03 
  2190  -7.19965E-05  0.00000E+00 -7.85353E-03 
  2191  -7.19941E-05 -1.37363E-05 -7.85066E-03 
  2192  -7.19849E-05 -2.73155E-05 -7.84231E-03 
  2193  -7.19630E-05 -4.09374E-05 -7.82842E-03 
  2194  -7.19390E-05 -5.43368E-05 -7.80894E-03 
  2195  -7.19059E-05 -6.75817E-05 -7.78407E-03 
  2196  -7.18651E-05 -8.05946E-05 -7.75383E-03 
  2197  -7.18133E-05 -9.33140E-05 -7.71832E-03 
  2198  -7.17564E-05 -1.05677E-04 -7.67768E-03 
  2199  -7.16872E-05 -1.17603E-04 -7.63208E-03 
  2200  -7.16069E-05 -1.29077E-04 -7.58169E-03 

 Rigid Airport Pavement
                   FAASR3D (version 1.0 ) compiled 04/15/19
 n o d a l   p r i n t   o u t   f o r   t i m e   s t e p     1  ( at time  1.0000E+00 )
   node     x-disp       y-disp       z-disp
  2201  -7.15156E-05 -1.40004E-04 -7.52652E-03 
  2202  -7.14126E-05 -1.49922E-04 -7.46749E-03 
  2203  -8.53391E-05  0.00000E+00 -7.82181E-03 
  2204  -8.53332E-05 -1.37172E-05 -7.81893E-03 
  2205  -8.53169E-05 -2.72933E-05 -7.81060E-03 
  2206  -8.52866E-05 -4.09125E-05 -7.79670E-03 
  2207  -8.52464E-05 -5.43023E-05 -7.77725E-03 
  2208  -8.51940E-05 -6.75348E-05 -7.75238E-03 
  2209  -8.51312E-05 -8.05362E-05 -7.72218E-03 
  2210  -8.50566E-05 -9.32465E-05 -7.68668E-03 
  2211  -8.49643E-05 -1.05595E-04 -7.64608E-03 
  2212  -8.48617E-05 -1.17498E-04 -7.60050E-03 
  2213  -8.47486E-05 -1.28918E-04 -7.55018E-03 
  2214  -8.46146E-05 -1.39706E-04 -7.49506E-03 
  2215  -8.44633E-05 -1.49659E-04 -7.43620E-03 
  2216  -9.82948E-05  0.00000E+00 -7.78430E-03 
  2217  -9.82833E-05 -1.37138E-05 -7.78143E-03 
  2218  -9.82610E-05 -2.72678E-05 -7.77310E-03 
  2219  -9.82227E-05 -4.08674E-05 -7.75922E-03 
  2220  -9.81686E-05 -5.42467E-05 -7.73978E-03 
  2221  -9.80975E-05 -6.74659E-05 -7.71496E-03 
  2222  -9.80163E-05 -8.04536E-05 -7.68477E-03 
  2223  -9.79136E-05 -9.31494E-05 -7.64933E-03 
  2224  -9.77965E-05 -1.05485E-04 -7.60875E-03 
  2225  -9.76641E-05 -1.17386E-04 -7.56323E-03 
  2226  -9.75159E-05 -1.28823E-04 -7.51294E-03 
  2227  -9.73440E-05 -1.39719E-04 -7.45788E-03 
  2228  -9.71545E-05 -1.49601E-04 -7.39897E-03 
  2229  -1.10835E-04  0.00000E+00 -7.74134E-03 
  2230  -1.10824E-04 -1.36837E-05 -7.73847E-03 
  2231  -1.10797E-04 -2.72320E-05 -7.73016E-03 
  2232  -1.10748E-04 -4.08203E-05 -7.71628E-03 
  2233  -1.10680E-04 -5.41763E-05 -7.69688E-03 
  2234  -1.10595E-04 -6.73780E-05 -7.67207E-03 
  2235  -1.10492E-04 -8.03482E-05 -7.64195E-03 
  2236  -1.10366E-04 -9.30238E-05 -7.60653E-03 
  2237  -1.10224E-04 -1.05340E-04 -7.56603E-03 
  2238  -1.10061E-04 -1.17209E-04 -7.52056E-03 
  2239  -1.09879E-04 -1.28594E-04 -7.47035E-03 
  2240  -1.09679E-04 -1.39338E-04 -7.41538E-03 
  2241  -1.09451E-04 -1.49253E-04 -7.35669E-03 
  2242  -1.22925E-04  0.00000E+00 -7.69294E-03 
  2243  -1.22913E-04 -1.36762E-05 -7.69008E-03 
  2244  -1.22882E-04 -2.71902E-05 -7.68177E-03 
  2245  -1.22822E-04 -4.07481E-05 -7.66793E-03 
  2246  -1.22747E-04 -5.40871E-05 -7.64855E-03 
  2247  -1.22643E-04 -6.72673E-05 -7.62380E-03 
  2248  -1.22517E-04 -8.02163E-05 -7.59369E-03 
  2249  -1.22372E-04 -9.28747E-05 -7.55836E-03 
  2250  -1.22206E-04 -1.05173E-04 -7.51790E-03 

 Rigid Airport Pavement
                   FAASR3D (version 1.0 ) compiled 04/15/19
 n o d a l   p r i n t   o u t   f o r   t i m e   s t e p     1  ( at time  1.0000E+00 )
   node     x-disp       y-disp       z-disp
  2251  -1.22015E-04 -1.17033E-04 -7.47252E-03 
  2252  -1.21806E-04 -1.28434E-04 -7.42238E-03 
  2253  -1.21576E-04 -1.39279E-04 -7.36749E-03 
  2254  -1.21329E-04 -1.49111E-04 -7.30876E-03 
  2255  -1.34515E-04  0.00000E+00 -7.63946E-03 
  2256  -1.34502E-04 -1.36355E-05 -7.63659E-03 
  2257  -1.34460E-04 -2.71365E-05 -7.62832E-03 
  2258  -1.34399E-04 -4.06780E-05 -7.61449E-03 
  2259  -1.34306E-04 -5.39886E-05 -7.59516E-03 
  2260  -1.34191E-04 -6.71407E-05 -7.57043E-03 
  2261  -1.34047E-04 -8.00679E-05 -7.54041E-03 
  2262  -1.33881E-04 -9.27034E-05 -7.50512E-03 
  2263  -1.33689E-04 -1.04972E-04 -7.46476E-03 
  2264  -1.33479E-04 -1.16800E-04 -7.41945E-03 
  2265  -1.33238E-04 -1.28138E-04 -7.36941E-03 
  2266  -1.32967E-04 -1.38843E-04 -7.31460E-03 
  2267  -1.32673E-04 -1.48702E-04 -7.25610E-03 
  2268  -1.45531E-04  0.00000E+00 -7.58097E-03 
  2269  -1.45525E-04 -1.36182E-05 -7.57813E-03 
  2270  -1.45472E-04 -2.70813E-05 -7.56985E-03 
  2271  -1.45407E-04 -4.05852E-05 -7.55607E-03 
  2272  -1.45297E-04 -5.38723E-05 -7.53676E-03 
  2273  -1.45177E-04 -6.70002E-05 -7.51211E-03 
  2274  -1.45010E-04 -7.98969E-05 -7.48213E-03 
  2275  -1.44831E-04 -9.25028E-05 -7.44693E-03 
  2276  -1.44617E-04 -1.04752E-04 -7.40664E-03 
  2277  -1.44389E-04 -1.16566E-04 -7.36142E-03 
  2278  -1.44095E-04 -1.27911E-04 -7.31150E-03 
  2279  -1.43769E-04 -1.38704E-04 -7.25691E-03 
  2280  -1.43414E-04 -1.48499E-04 -7.19848E-03 
  2281  -1.55962E-04  0.00000E+00 -7.51790E-03 
  2282  -1.55975E-04 -1.35729E-05 -7.51505E-03 
  2283  -1.55888E-04 -2.70118E-05 -7.50681E-03 
  2284  -1.55840E-04 -4.04935E-05 -7.49305E-03 
  2285  -1.55686E-04 -5.37479E-05 -7.47379E-03 
  2286  -1.55581E-04 -6.68428E-05 -7.44919E-03 
  2287  -1.55371E-04 -7.97108E-05 -7.41929E-03 
  2288  -1.55213E-04 -9.22911E-05 -7.38416E-03 
  2289  -1.54942E-04 -1.04504E-04 -7.34396E-03 
  2290  -1.54713E-04 -1.16259E-04 -7.29887E-03 
  2291  -1.54373E-04 -1.27537E-04 -7.24912E-03 
  2292  -1.54263E-04 -1.38185E-04 -7.19462E-03 
  2293  -1.53916E-04 -1.48005E-04 -7.13649E-03 
  2294  -1.65648E-04  0.00000E+00 -7.45011E-03 
  2295  -1.65764E-04 -1.35391E-05 -7.44729E-03 
  2296  -1.65569E-04 -2.69441E-05 -7.43904E-03 
  2297  -1.65623E-04 -4.03725E-05 -7.42534E-03 
  2298  -1.65343E-04 -5.36012E-05 -7.40613E-03 
  2299  -1.65340E-04 -6.66696E-05 -7.38161E-03 
  2300  -1.65000E-04 -7.95113E-05 -7.35178E-03 

 Rigid Airport Pavement
                   FAASR3D (version 1.0 ) compiled 04/15/19
 n o d a l   p r i n t   o u t   f o r   t i m e   s t e p     1  ( at time  1.0000E+00 )
   node     x-disp       y-disp       z-disp
  2301  -1.64936E-04 -9.20616E-05 -7.31674E-03 
  2302  -1.64539E-04 -1.04228E-04 -7.27661E-03 
  2303  -1.64398E-04 -1.15931E-04 -7.23176E-03 
  2304  -1.63930E-04 -1.27436E-04 -7.18204E-03 
  2305  -1.63991E-04 -1.38252E-04 -7.12716E-03 
  2306  -1.63453E-04 -1.47659E-04 -7.06893E-03 
  2307  -1.74364E-04  0.00000E+00 -7.37881E-03 
  2308  -1.74449E-04 -1.34901E-05 -7.37596E-03 
  2309  -1.74280E-04 -2.68757E-05 -7.36780E-03 
  2310  -1.74291E-04 -4.02578E-05 -7.35405E-03 
  2311  -1.74045E-04 -5.34448E-05 -7.33498E-03 
  2312  -1.73989E-04 -6.64799E-05 -7.31046E-03 
  2313  -1.73667E-04 -7.92831E-05 -7.28076E-03 
  2314  -1.73543E-04 -9.18122E-05 -7.24576E-03 
  2315  -1.73172E-04 -1.03940E-04 -7.20579E-03 
  2316  -1.72985E-04 -1.15575E-04 -7.16106E-03 
  2317  -1.72533E-04 -1.27079E-04 -7.11158E-03 
  2318  -1.72208E-04 -1.37683E-04 -7.05669E-03 
  2319  -1.71548E-04 -1.46977E-04 -6.99955E-03 
  2320   3.35370E-04 -1.60218E-04 -5.03577E-03 
  2321   3.39794E-04 -1.72910E-04 -4.82790E-03 
  2322   3.46487E-04 -1.69892E-04 -4.61106E-03 
  2323   3.56789E-04 -1.45204E-04 -4.40813E-03 
  2324   3.69180E-04 -8.70067E-05 -4.25127E-03 
  2325   3.74751E-04 -2.90449E-10 -4.19202E-03 
  2326   3.40365E-04 -1.60409E-04 -5.18162E-03 
  2327   3.42931E-04 -1.73612E-04 -4.97552E-03 
  2328   3.47381E-04 -1.70861E-04 -4.76128E-03 
  2329   3.54206E-04 -1.46469E-04 -4.56249E-03 
  2330   3.62594E-04 -8.86977E-05 -4.41051E-03 
  2331   3.66760E-04 -2.86920E-10 -4.35135E-03 
  2332   3.40982E-04 -1.60428E-04 -5.33304E-03 
  2333   3.42457E-04 -1.73298E-04 -5.12747E-03 
  2334   3.45519E-04 -1.70248E-04 -4.91445E-03 
  2335   3.50281E-04 -1.45191E-04 -4.71764E-03 
  2336   3.56207E-04 -8.73438E-05 -4.56854E-03 
  2337   3.59623E-04 -2.87354E-10 -4.51110E-03 
  2338   3.37404E-04 -1.60323E-04 -5.48328E-03 
  2339   3.38175E-04 -1.72969E-04 -5.27799E-03 
  2340   3.40155E-04 -1.69456E-04 -5.06585E-03 
  2341   3.43382E-04 -1.43786E-04 -4.87057E-03 
  2342   3.47280E-04 -8.61708E-05 -4.72373E-03 
  2343   3.49507E-04 -2.70840E-10 -4.66738E-03 
  2344   3.31547E-04 -1.60517E-04 -5.63119E-03 
  2345   3.31687E-04 -1.72806E-04 -5.42594E-03 
  2346   3.32734E-04 -1.68880E-04 -5.21428E-03 
  2347   3.34715E-04 -1.42757E-04 -5.01996E-03 
  2348   3.37089E-04 -8.50245E-05 -4.87438E-03 
  2349   3.38351E-04 -2.65076E-10 -4.81918E-03 
  2350   3.23408E-04 -1.60716E-04 -5.77584E-03 

 Rigid Airport Pavement
                   FAASR3D (version 1.0 ) compiled 04/15/19
 n o d a l   p r i n t   o u t   f o r   t i m e   s t e p     1  ( at time  1.0000E+00 )
   node     x-disp       y-disp       z-disp
  2351   3.23003E-04 -1.72854E-04 -5.57039E-03 
  2352   3.23249E-04 -1.68585E-04 -5.35885E-03 
  2353   3.24176E-04 -1.42145E-04 -5.16505E-03 
  2354   3.25372E-04 -8.46226E-05 -5.02022E-03 
  2355   3.25971E-04 -2.55084E-10 -4.96499E-03 
  2356   3.13456E-04 -1.61189E-04 -5.91658E-03 
  2357   3.12563E-04 -1.73087E-04 -5.71071E-03 
  2358   3.12113E-04 -1.68569E-04 -5.49900E-03 
  2359   3.12153E-04 -1.41914E-04 -5.30529E-03 
  2360   3.12422E-04 -8.41933E-05 -5.16066E-03 
  2361   3.12548E-04 -2.54231E-10 -5.10596E-03 
  2362   3.01855E-04 -1.61637E-04 -6.05235E-03 
  2363   3.00541E-04 -1.73500E-04 -5.84589E-03 
  2364   2.99506E-04 -1.68802E-04 -5.63372E-03 
  2365   2.98819E-04 -1.41992E-04 -5.43977E-03 
  2366   2.98389E-04 -8.43764E-05 -5.29504E-03 
  2367   2.98202E-04 -2.47599E-10 -5.23988E-03 
  2368   2.88887E-04 -1.62322E-04 -6.18287E-03 
  2369   2.87215E-04 -1.74059E-04 -5.97564E-03 
  2370   2.85693E-04 -1.69247E-04 -5.76282E-03 
  2371   2.84416E-04 -1.42323E-04 -5.56833E-03 
  2372   2.83444E-04 -8.43814E-05 -5.42317E-03 
  2373   2.83015E-04 -2.49626E-10 -5.36826E-03 
  2374   2.74747E-04 -1.62957E-04 -6.30723E-03 
  2375   2.72787E-04 -1.74749E-04 -6.09913E-03 
  2376   2.70876E-04 -1.69859E-04 -5.88545E-03 
  2377   2.69141E-04 -1.42841E-04 -5.69022E-03 
  2378   2.67775E-04 -8.48931E-05 -5.54447E-03 
  2379   2.67195E-04 -2.45253E-10 -5.48889E-03 
  2380   2.59647E-04 -1.63796E-04 -6.42536E-03 
  2381   2.57470E-04 -1.75527E-04 -6.21626E-03 
  2382   2.55255E-04 -1.70605E-04 -6.00160E-03 
  2383   2.53176E-04 -1.43499E-04 -5.80544E-03 
  2384   2.51514E-04 -8.51207E-05 -5.65891E-03 
  2385   2.50808E-04 -2.49229E-10 -5.60345E-03 
  2386   2.43817E-04 -1.64551E-04 -6.53652E-03 
  2387   2.41479E-04 -1.76395E-04 -6.32637E-03 
  2388   2.39042E-04 -1.71449E-04 -6.11061E-03 
  2389   2.36724E-04 -1.44259E-04 -5.91342E-03 
  2390   2.34869E-04 -8.58066E-05 -5.76606E-03 
  2391   2.34095E-04 -2.46470E-10 -5.70981E-03 
  2392   2.27413E-04 -1.65474E-04 -6.64083E-03 
  2393   2.24967E-04 -1.77301E-04 -6.42956E-03 
  2394   2.22385E-04 -1.72363E-04 -6.21265E-03 
  2395   2.19909E-04 -1.45087E-04 -6.01432E-03 
  2396   2.17926E-04 -8.61417E-05 -5.86601E-03 
  2397   2.17091E-04 -2.52034E-10 -5.80983E-03 
  2398   2.10627E-04 -1.66271E-04 -6.73770E-03 
  2399   2.08121E-04 -1.78248E-04 -6.52531E-03 
  2400   2.05465E-04 -1.73314E-04 -6.30719E-03 

 Rigid Airport Pavement
                   FAASR3D (version 1.0 ) compiled 04/15/19
 n o d a l   p r i n t   o u t   f o r   t i m e   s t e p     1  ( at time  1.0000E+00 )
   node     x-disp       y-disp       z-disp
  2401   2.02903E-04 -1.45953E-04 -6.10770E-03 
  2402   2.00864E-04 -8.68951E-05 -5.95845E-03 
  2403   2.00022E-04 -2.50013E-10 -5.90143E-03 
  2404   1.93572E-04 -1.67215E-04 -6.82742E-03 
  2405   1.91057E-04 -1.79196E-04 -6.61387E-03 
  2406   1.88385E-04 -1.74283E-04 -6.39453E-03 
  2407   1.85800E-04 -1.46835E-04 -6.19385E-03 
  2408   1.83744E-04 -8.72543E-05 -6.04359E-03 
  2409   1.82895E-04 -2.56298E-10 -5.98664E-03 
  2410   1.76405E-04 -1.68003E-04 -6.90948E-03 
  2411   1.73927E-04 -1.80150E-04 -6.69481E-03 
  2412   1.71287E-04 -1.75246E-04 -6.47425E-03 
  2413   1.68733E-04 -1.47713E-04 -6.27240E-03 
  2414   1.66717E-04 -8.80232E-05 -6.12122E-03 
  2415   1.65898E-04 -2.54873E-10 -6.06341E-03 
  2416   1.59194E-04 -1.68915E-04 -6.98430E-03 
  2417   1.56795E-04 -1.81069E-04 -6.76852E-03 
  2418   1.54227E-04 -1.76192E-04 -6.54679E-03 
  2419   1.51752E-04 -1.48569E-04 -6.34378E-03 
  2420   1.49805E-04 -8.83560E-05 -6.19164E-03 
  2421   1.49012E-04 -2.61670E-10 -6.13393E-03 
  2422   1.42064E-04 -1.69648E-04 -7.05147E-03 
  2423   1.39770E-04 -1.81964E-04 -6.83463E-03 
  2424   1.37314E-04 -1.77102E-04 -6.61175E-03 
  2425   1.34961E-04 -1.49386E-04 -6.40766E-03 
  2426   1.33121E-04 -8.90835E-05 -6.25466E-03 
  2427   1.32378E-04 -2.60473E-10 -6.19612E-03 
  2428   1.25055E-04 -1.70487E-04 -7.11146E-03 
  2429   1.22896E-04 -1.82796E-04 -6.89361E-03 
  2430   1.20592E-04 -1.77956E-04 -6.66967E-03 
  2431   1.18391E-04 -1.50155E-04 -6.46453E-03 
  2432   1.16675E-04 -8.93536E-05 -6.31067E-03 
  2433   1.15974E-04 -2.67356E-10 -6.25228E-03 
  2434   1.08252E-04 -1.71117E-04 -7.16392E-03 
  2435   1.06250E-04 -1.83587E-04 -6.94514E-03 
  2436   1.04125E-04 -1.78753E-04 -6.72020E-03 
  2437   1.02105E-04 -1.50869E-04 -6.51411E-03 
  2438   1.00537E-04 -9.00117E-05 -6.35951E-03 
  2439   9.99079E-05 -2.65811E-10 -6.30034E-03 
  2440   9.16659E-05 -1.71847E-04 -7.20938E-03 
  2441   8.98476E-05 -1.84299E-04 -6.98974E-03 
  2442   8.79222E-05 -1.79484E-04 -6.76390E-03 
  2443   8.61036E-05 -1.51516E-04 -6.55692E-03 
  2444   8.46983E-05 -9.01980E-05 -6.40161E-03 
  2445   8.41348E-05 -2.73200E-10 -6.34266E-03 
  2446   7.53532E-05 -1.72359E-04 -7.24752E-03 
  2447   7.37340E-05 -1.84952E-04 -7.02711E-03 
  2448   7.20297E-05 -1.80133E-04 -6.80045E-03 
  2449   7.04289E-05 -1.52089E-04 -6.59271E-03 
  2450   6.92052E-05 -9.07681E-05 -6.43681E-03 

 Rigid Airport Pavement
                   FAASR3D (version 1.0 ) compiled 04/15/19
 n o d a l   p r i n t   o u t   f o r   t i m e   s t e p     1  ( at time  1.0000E+00 )
   node     x-disp       y-disp       z-disp
  2451   6.87208E-05 -2.71020E-10 -6.37713E-03 
  2452   5.93234E-05 -1.72957E-04 -7.27890E-03 
  2453   5.79157E-05 -1.85511E-04 -7.05780E-03 
  2454   5.64445E-05 -1.80698E-04 -6.83043E-03 
  2455   5.50745E-05 -1.52584E-04 -6.62201E-03 
  2456   5.40325E-05 -9.08534E-05 -6.46556E-03 
  2457   5.36237E-05 -2.77728E-10 -6.40617E-03 
  2458   4.36049E-05 -1.73329E-04 -7.30320E-03 
  2459   4.24184E-05 -1.86002E-04 -7.08153E-03 
  2460   4.11913E-05 -1.81177E-04 -6.85355E-03 
  2461   4.00619E-05 -1.52995E-04 -6.64457E-03 
  2462   3.92133E-05 -9.13289E-05 -6.48772E-03 
  2463   3.88884E-05 -2.75446E-10 -6.42766E-03 
  2464   2.81835E-05 -1.73783E-04 -7.32101E-03 
  2465   2.72214E-05 -1.86396E-04 -7.09885E-03 
  2466   2.62477E-05 -1.81568E-04 -6.87038E-03 
  2467   2.53642E-05 -1.53326E-04 -6.66093E-03 
  2468   2.47130E-05 -9.13018E-05 -6.50371E-03 
  2469   2.44607E-05 -2.81384E-10 -6.44402E-03 
  2470   1.30850E-05 -1.74003E-04 -7.33201E-03 
  2471   1.23540E-05 -1.86717E-04 -7.10948E-03 
  2472   1.16319E-05 -1.81865E-04 -6.88061E-03 
  2473   1.09976E-05 -1.53579E-04 -6.67084E-03 
  2474   1.05473E-05 -9.16725E-05 -6.51339E-03 
  2475   1.03762E-05 -2.78995E-10 -6.45310E-03 
  2476  -1.70754E-06 -1.74309E-04 -7.33679E-03 
  2477  -2.20637E-06 -1.86936E-04 -7.11397E-03 
  2478  -2.67478E-06 -1.82068E-04 -6.88484E-03 
  2479  -3.06243E-06 -1.53738E-04 -6.67482E-03 
  2480  -3.31566E-06 -9.15455E-05 -6.51718E-03 
  2481  -3.40264E-06 -2.84631E-10 -6.45734E-03 
  2482  -1.61828E-05 -1.74378E-04 -7.33502E-03 
  2483  -1.64595E-05 -1.87084E-04 -7.11203E-03 
  2484  -1.66726E-05 -1.82184E-04 -6.88274E-03 
  2485  -1.68135E-05 -1.53816E-04 -6.67261E-03 
  2486  -1.68728E-05 -9.18011E-05 -6.51493E-03 
  2487  -1.68819E-05 -2.81062E-10 -6.45456E-03 
  2488  -3.03512E-05 -1.74531E-04 -7.32731E-03 
  2489  -3.04078E-05 -1.87128E-04 -7.10422E-03 
  2490  -3.03766E-05 -1.82212E-04 -6.87489E-03 
  2491  -3.02728E-05 -1.53816E-04 -6.66474E-03 
  2492  -3.01387E-05 -9.15630E-05 -6.50705E-03 
  2493  -3.00710E-05 -2.86336E-10 -6.44719E-03 
  2494  -4.42189E-05 -1.74458E-04 -7.31330E-03 
  2495  -4.40551E-05 -1.87102E-04 -7.09024E-03 
  2496  -4.37889E-05 -1.82149E-04 -6.86097E-03 
  2497  -4.34525E-05 -1.53727E-04 -6.65092E-03 
  2498  -4.31333E-05 -9.17233E-05 -6.49336E-03 
  2499  -4.29898E-05 -2.82871E-10 -6.43306E-03 
  2500  -5.77686E-05 -1.74466E-04 -7.29361E-03 

 Rigid Airport Pavement
                   FAASR3D (version 1.0 ) compiled 04/15/19
 n o d a l   p r i n t   o u t   f o r   t i m e   s t e p     1  ( at time  1.0000E+00 )
   node     x-disp       y-disp       z-disp
  2501  -5.73975E-05 -1.86988E-04 -7.07064E-03 
  2502  -5.69039E-05 -1.82002E-04 -6.84154E-03 
  2503  -5.63429E-05 -1.53566E-04 -6.63168E-03 
  2504  -5.58435E-05 -9.13852E-05 -6.47429E-03 
  2505  -5.56253E-05 -2.87535E-10 -6.41456E-03 
  2506  -7.10014E-05 -1.74252E-04 -7.26788E-03 
  2507  -7.04372E-05 -1.86811E-04 -7.04513E-03 
  2508  -6.97314E-05 -1.81775E-04 -6.81628E-03 
  2509  -6.89565E-05 -1.53330E-04 -6.60673E-03 
  2510  -6.82949E-05 -9.14433E-05 -6.44964E-03 
  2511  -6.80087E-05 -2.82984E-10 -6.38952E-03 
  2512  -8.39022E-05 -1.74137E-04 -7.23673E-03 
  2513  -8.31534E-05 -1.86550E-04 -7.01425E-03 
  2514  -8.22502E-05 -1.81477E-04 -6.78576E-03 
  2515  -8.12808E-05 -1.53020E-04 -6.57658E-03 
  2516  -8.04605E-05 -9.10210E-05 -6.41981E-03 
  2517  -8.01058E-05 -2.88014E-10 -6.36034E-03 
  2518  -9.64538E-05 -1.73809E-04 -7.19984E-03 
  2519  -9.55425E-05 -1.86237E-04 -6.97772E-03 
  2520  -9.44551E-05 -1.81108E-04 -6.74965E-03 
  2521  -9.33133E-05 -1.52652E-04 -6.54097E-03 
  2522  -9.23445E-05 -9.09873E-05 -6.38464E-03 
  2523  -9.19374E-05 -2.83163E-10 -6.32485E-03 
  2524  -1.08622E-04 -1.73582E-04 -7.15781E-03 
  2525  -1.07566E-04 -1.85850E-04 -6.93611E-03 
  2526  -1.06316E-04 -1.80674E-04 -6.70856E-03 
  2527  -1.05016E-04 -1.52229E-04 -6.50041E-03 
  2528  -1.03919E-04 -9.04852E-05 -6.34453E-03 
  2529  -1.03456E-04 -2.87117E-10 -6.28543E-03 
  2530  -1.20383E-04 -1.73156E-04 -7.11035E-03 
  2531  -1.19191E-04 -1.85425E-04 -6.88914E-03 
  2532  -1.17810E-04 -1.80189E-04 -6.66216E-03 
  2533  -1.16369E-04 -1.51755E-04 -6.45464E-03 
  2534  -1.15175E-04 -9.03875E-05 -6.29932E-03 
  2535  -1.14672E-04 -2.83459E-10 -6.23995E-03 
  2536  -1.31672E-04 -1.72844E-04 -7.05805E-03 
  2537  -1.30367E-04 -1.84940E-04 -6.83740E-03 
  2538  -1.28865E-04 -1.79666E-04 -6.61106E-03 
  2539  -1.27323E-04 -1.51244E-04 -6.40419E-03 
  2540  -1.26039E-04 -8.98294E-05 -6.24942E-03 
  2541  -1.25472E-04 -2.87059E-10 -6.19075E-03 
  2542  -1.42397E-04 -1.72362E-04 -7.00080E-03 
  2543  -1.41013E-04 -1.84424E-04 -6.78073E-03 
  2544  -1.39423E-04 -1.79102E-04 -6.55506E-03 
  2545  -1.37809E-04 -1.50701E-04 -6.34891E-03 
  2546  -1.36444E-04 -8.96741E-05 -6.19479E-03 
  2547  -1.35818E-04 -2.82140E-10 -6.13601E-03 
  2548  -1.52664E-04 -1.72033E-04 -6.93922E-03 
  2549  -1.51149E-04 -1.83865E-04 -6.71977E-03 
  2550  -1.49510E-04 -1.78515E-04 -6.49482E-03 

 Rigid Airport Pavement
                   FAASR3D (version 1.0 ) compiled 04/15/19
 n o d a l   p r i n t   o u t   f o r   t i m e   s t e p     1  ( at time  1.0000E+00 )
   node     x-disp       y-disp       z-disp
  2551  -1.47830E-04 -1.50127E-04 -6.28939E-03 
  2552  -1.46466E-04 -8.90687E-05 -6.13594E-03 
  2553  -1.45995E-04 -2.87879E-10 -6.07794E-03 
  2554  -1.62272E-04 -1.71456E-04 -6.87259E-03 
  2555  -1.60693E-04 -1.83291E-04 -6.65387E-03 
  2556  -1.59017E-04 -1.77924E-04 -6.42965E-03 
  2557  -1.57326E-04 -1.49525E-04 -6.22500E-03 
  2558  -1.56037E-04 -8.89929E-05 -6.07206E-03 
  2559  -1.55648E-04 -2.84027E-10 -6.01329E-03 
  2560  -1.70416E-04 -1.71241E-04 -6.80311E-03 
  2561  -1.68922E-04 -1.82652E-04 -6.58498E-03 
  2562  -1.67244E-04 -1.77341E-04 -6.36153E-03 
  2563  -1.65560E-04 -1.48984E-04 -6.15760E-03 
  2564  -1.64069E-04 -8.83838E-05 -6.00539E-03 
  2565  -1.63220E-04 -2.89170E-10 -5.94781E-03 
  2566  -1.93761E-04  0.00000E+00 -7.15577E-03 
  2567  -1.93676E-04 -1.33545E-05 -7.15298E-03 
  2568  -1.93673E-04 -2.65974E-05 -7.14487E-03 
  2569  -1.93472E-04 -3.98544E-05 -7.13131E-03 
  2570  -1.93371E-04 -5.29229E-05 -7.11238E-03 
  2571  -1.93095E-04 -6.58453E-05 -7.08814E-03 
  2572  -1.92900E-04 -7.85402E-05 -7.05869E-03 
  2573  -1.92543E-04 -9.09654E-05 -7.02407E-03 
  2574  -1.92278E-04 -1.03040E-04 -6.98443E-03 
  2575  -1.91863E-04 -1.14653E-04 -6.93999E-03 
  2576  -1.91586E-04 -1.25915E-04 -6.89089E-03 
  2577  -1.91085E-04 -1.36573E-04 -6.83681E-03 
  2578  -1.90910E-04 -1.45887E-04 -6.77956E-03 
  2579  -2.01215E-04  0.00000E+00 -6.91526E-03 
  2580  -2.01192E-04 -1.31915E-05 -6.91251E-03 
  2581  -2.01101E-04 -2.62817E-05 -6.90449E-03 
  2582  -2.00962E-04 -3.93831E-05 -6.89110E-03 
  2583  -2.00762E-04 -5.22984E-05 -6.87240E-03 
  2584  -2.00518E-04 -6.50835E-05 -6.84845E-03 
  2585  -2.00207E-04 -7.76478E-05 -6.81934E-03 
  2586  -1.99867E-04 -8.99430E-05 -6.78511E-03 
  2587  -1.99476E-04 -1.01905E-04 -6.74594E-03 
  2588  -1.99055E-04 -1.13438E-04 -6.70197E-03 
  2589  -1.98591E-04 -1.24559E-04 -6.65341E-03 
  2590  -1.98108E-04 -1.35147E-04 -6.59996E-03 
  2591  -1.97555E-04 -1.44527E-04 -6.54322E-03 
  2592  -1.91549E-04  0.00000E+00 -6.67396E-03 
  2593  -1.91520E-04 -1.30109E-05 -6.67125E-03 
  2594  -1.91418E-04 -2.59173E-05 -6.66335E-03 
  2595  -1.91260E-04 -3.88445E-05 -6.65014E-03 
  2596  -1.91053E-04 -5.15959E-05 -6.63171E-03 
  2597  -1.90780E-04 -6.42238E-05 -6.60807E-03 
  2598  -1.90456E-04 -7.66481E-05 -6.57937E-03 
  2599  -1.90090E-04 -8.88222E-05 -6.54559E-03 
  2600  -1.89681E-04 -1.00665E-04 -6.50692E-03 

 Rigid Airport Pavement
                   FAASR3D (version 1.0 ) compiled 04/15/19
 n o d a l   p r i n t   o u t   f o r   t i m e   s t e p     1  ( at time  1.0000E+00 )
   node     x-disp       y-disp       z-disp
  2601  -1.89244E-04 -1.12104E-04 -6.46349E-03 
  2602  -1.88779E-04 -1.23168E-04 -6.41551E-03 
  2603  -1.88303E-04 -1.33700E-04 -6.36265E-03 
  2604  -1.87821E-04 -1.43053E-04 -6.30655E-03 
  2605  -1.59061E-04  0.00000E+00 -6.45666E-03 
  2606  -1.59029E-04 -1.28291E-05 -6.45400E-03 
  2607  -1.58939E-04 -2.55571E-05 -6.44620E-03 
  2608  -1.58791E-04 -3.83047E-05 -6.43320E-03 
  2609  -1.58585E-04 -5.08867E-05 -6.41502E-03 
  2610  -1.58326E-04 -6.33591E-05 -6.39174E-03 
  2611  -1.58018E-04 -7.56352E-05 -6.36342E-03 
  2612  -1.57663E-04 -8.76794E-05 -6.33011E-03 
  2613  -1.57274E-04 -9.94213E-05 -6.29194E-03 
  2614  -1.56856E-04 -1.10779E-04 -6.24907E-03 
  2615  -1.56405E-04 -1.21769E-04 -6.20166E-03 
  2616  -1.55926E-04 -1.32277E-04 -6.14943E-03 
  2617  -1.55497E-04 -1.41610E-04 -6.09390E-03 
  2618  -9.37286E-05  0.00000E+00 -6.29562E-03 
  2619  -9.39455E-05 -1.26862E-05 -6.29305E-03 
  2620  -9.36617E-05 -2.52372E-05 -6.28529E-03 
  2621  -9.37675E-05 -3.78663E-05 -6.27254E-03 
  2622  -9.34370E-05 -5.02976E-05 -6.25450E-03 
  2623  -9.34575E-05 -6.26343E-05 -6.23159E-03 
  2624  -9.30582E-05 -7.47956E-05 -6.20355E-03 
  2625  -9.30170E-05 -8.67460E-05 -6.17071E-03 
  2626  -9.25693E-05 -9.84008E-05 -6.13289E-03 
  2627  -9.24811E-05 -1.09671E-04 -6.09058E-03 
  2628  -9.19811E-05 -1.20654E-04 -6.04365E-03 
  2629  -9.19686E-05 -1.31212E-04 -5.99184E-03 
  2630  -9.14463E-05 -1.40325E-04 -5.93690E-03 
  2631  -2.92533E-10  0.00000E+00 -6.23489E-03 
  2632  -2.86509E-10 -1.26502E-05 -6.23185E-03 
  2633  -2.92175E-10 -2.50737E-05 -6.22455E-03 
  2634  -2.87382E-10 -3.76909E-05 -6.21152E-03 
  2635  -2.91575E-10 -5.00447E-05 -6.19391E-03 
  2636  -2.86404E-10 -6.23301E-05 -6.17077E-03 
  2637  -2.90802E-10 -7.44374E-05 -6.14323E-03 
  2638  -2.86756E-10 -8.63444E-05 -6.11019E-03 
  2639  -2.91059E-10 -9.79388E-05 -6.07290E-03 
  2640  -2.85781E-10 -1.09157E-04 -6.03054E-03 
  2641  -2.91994E-10 -1.20308E-04 -5.98417E-03 
  2642  -2.88040E-10 -1.30921E-04 -5.93166E-03 
  2643  -2.93923E-10 -1.39572E-04 -5.87780E-03 
  2644  -1.89368E-04 -1.69655E-04 -6.58508E-03 
  2645  -1.87846E-04 -1.81100E-04 -6.36888E-03 
  2646  -1.86352E-04 -1.75716E-04 -6.14743E-03 
  2647  -1.84927E-04 -1.47461E-04 -5.94552E-03 
  2648  -1.83809E-04 -8.74453E-05 -5.79501E-03 
  2649  -1.83424E-04 -2.92950E-10 -5.73785E-03 
  2650  -1.96137E-04 -1.68188E-04 -6.35056E-03 

 Rigid Airport Pavement
                   FAASR3D (version 1.0 ) compiled 04/15/19
 n o d a l   p r i n t   o u t   f o r   t i m e   s t e p     1  ( at time  1.0000E+00 )
   node     x-disp       y-disp       z-disp
  2651  -1.94881E-04 -1.79803E-04 -6.13602E-03 
  2652  -1.93835E-04 -1.74525E-04 -5.91616E-03 
  2653  -1.93033E-04 -1.46344E-04 -5.71571E-03 
  2654  -1.92338E-04 -8.66386E-05 -5.56656E-03 
  2655  -1.91982E-04 -3.05003E-10 -5.51004E-03 
  2656  -1.86396E-04 -1.66815E-04 -6.11567E-03 
  2657  -1.85314E-04 -1.78796E-04 -5.90263E-03 
  2658  -1.84855E-04 -1.74031E-04 -5.68367E-03 
  2659  -1.85120E-04 -1.46223E-04 -5.48358E-03 
  2660  -1.85551E-04 -8.66334E-05 -5.33463E-03 
  2661  -1.85588E-04 -3.25913E-10 -5.27822E-03 
  2662  -1.54184E-04 -1.65560E-04 -5.90479E-03 
  2663  -1.53215E-04 -1.78088E-04 -5.69303E-03 
  2664  -1.53171E-04 -1.74319E-04 -5.47436E-03 
  2665  -1.54366E-04 -1.47392E-04 -5.27315E-03 
  2666  -1.56774E-04 -8.78322E-05 -5.12250E-03 
  2667  -1.58386E-04 -3.64356E-10 -5.06531E-03 
  2668  -9.06505E-05 -1.64603E-04 -5.74925E-03 
  2669  -8.99551E-05 -1.77496E-04 -5.53867E-03 
  2670  -9.00139E-05 -1.74803E-04 -5.32010E-03 
  2671  -9.12451E-05 -1.49806E-04 -5.11714E-03 
  2672  -9.39650E-05 -9.05448E-05 -4.96201E-03 
  2673  -9.60766E-05 -4.18430E-10 -4.90144E-03 
  2674  -2.98296E-10 -1.64284E-04 -5.69049E-03 
  2675  -3.10889E-10 -1.77189E-04 -5.48047E-03 
  2676  -3.32546E-10 -1.74867E-04 -5.26196E-03 
  2677  -3.71434E-10 -1.51425E-04 -5.05820E-03 
  2678  -4.25921E-10 -9.26495E-05 -4.89968E-03 
  2679  -4.53664E-10 -4.46104E-10 -4.83895E-03 
  2680   0.00000E+00  0.00000E+00  0.00000E+00 
  2681   0.00000E+00  0.00000E+00  0.00000E+00 
  2682   0.00000E+00  0.00000E+00  0.00000E+00 
  2683   0.00000E+00  0.00000E+00  0.00000E+00 
  2684   0.00000E+00  0.00000E+00  0.00000E+00 
  2685   0.00000E+00  0.00000E+00  0.00000E+00 
  2686   0.00000E+00  0.00000E+00  0.00000E+00 
  2687   0.00000E+00  0.00000E+00  0.00000E+00 
  2688   0.00000E+00  0.00000E+00  0.00000E+00 
  2689   0.00000E+00  0.00000E+00  0.00000E+00 
  2690   0.00000E+00  0.00000E+00  0.00000E+00 
  2691   0.00000E+00  0.00000E+00  0.00000E+00 
  2692   0.00000E+00  0.00000E+00  0.00000E+00 
  2693   0.00000E+00  0.00000E+00  0.00000E+00 
  2694   0.00000E+00  0.00000E+00  0.00000E+00 
  2695   0.00000E+00  0.00000E+00  0.00000E+00 
  2696   0.00000E+00  0.00000E+00  0.00000E+00 
  2697   0.00000E+00  0.00000E+00  0.00000E+00 
  2698   0.00000E+00  0.00000E+00  0.00000E+00 
  2699   0.00000E+00  0.00000E+00  0.00000E+00 
  2700   0.00000E+00  0.00000E+00  0.00000E+00 

 Rigid Airport Pavement
                   FAASR3D (version 1.0 ) compiled 04/15/19
 n o d a l   p r i n t   o u t   f o r   t i m e   s t e p     1  ( at time  1.0000E+00 )
   node     x-disp       y-disp       z-disp
  2701   0.00000E+00  0.00000E+00  0.00000E+00 
  2702   0.00000E+00  0.00000E+00  0.00000E+00 
  2703   0.00000E+00  0.00000E+00  0.00000E+00 
  2704   0.00000E+00  0.00000E+00  0.00000E+00 
  2705   0.00000E+00  0.00000E+00  0.00000E+00 
  2706   0.00000E+00  0.00000E+00  0.00000E+00 
  2707   0.00000E+00  0.00000E+00  0.00000E+00 
  2708   0.00000E+00  0.00000E+00  0.00000E+00 
  2709   0.00000E+00  0.00000E+00  0.00000E+00 
  2710   0.00000E+00  0.00000E+00  0.00000E+00 
  2711   0.00000E+00  0.00000E+00  0.00000E+00 
  2712   0.00000E+00  0.00000E+00  0.00000E+00 
  2713   0.00000E+00  0.00000E+00  0.00000E+00 
  2714   0.00000E+00  0.00000E+00  0.00000E+00 
  2715   0.00000E+00  0.00000E+00  0.00000E+00 
  2716   0.00000E+00  0.00000E+00  0.00000E+00 
  2717   0.00000E+00  0.00000E+00  0.00000E+00 
  2718   0.00000E+00  0.00000E+00  0.00000E+00 
  2719   0.00000E+00  0.00000E+00  0.00000E+00 
  2720   0.00000E+00  0.00000E+00  0.00000E+00 
  2721   0.00000E+00  0.00000E+00  0.00000E+00 
  2722   0.00000E+00  0.00000E+00  0.00000E+00 
  2723   0.00000E+00  0.00000E+00  0.00000E+00 
  2724   0.00000E+00  0.00000E+00  0.00000E+00 
  2725   0.00000E+00  0.00000E+00  0.00000E+00 
  2726   0.00000E+00  0.00000E+00  0.00000E+00 
  2727   0.00000E+00  0.00000E+00  0.00000E+00 
  2728   0.00000E+00  0.00000E+00  0.00000E+00 
  2729   0.00000E+00  0.00000E+00  0.00000E+00 
  2730   0.00000E+00  0.00000E+00  0.00000E+00 
  2731   0.00000E+00  0.00000E+00  0.00000E+00 
  2732   0.00000E+00  0.00000E+00  0.00000E+00 
  2733   0.00000E+00  0.00000E+00  0.00000E+00 
  2734   0.00000E+00  0.00000E+00  0.00000E+00 
  2735   0.00000E+00  0.00000E+00  0.00000E+00 
  2736   0.00000E+00  0.00000E+00  0.00000E+00 
  2737   0.00000E+00  0.00000E+00  0.00000E+00 
  2738   0.00000E+00  0.00000E+00  0.00000E+00 
  2739   0.00000E+00  0.00000E+00  0.00000E+00 
  2740   0.00000E+00  0.00000E+00  0.00000E+00 
  2741   0.00000E+00  0.00000E+00  0.00000E+00 
  2742   0.00000E+00  0.00000E+00  0.00000E+00 
  2743   0.00000E+00  0.00000E+00  0.00000E+00 
  2744   0.00000E+00  0.00000E+00  0.00000E+00 
  2745   0.00000E+00  0.00000E+00  0.00000E+00 
  2746   0.00000E+00  0.00000E+00  0.00000E+00 
  2747   0.00000E+00  0.00000E+00  0.00000E+00 
  2748   0.00000E+00  0.00000E+00  0.00000E+00 
  2749   0.00000E+00  0.00000E+00  0.00000E+00 
  2750   0.00000E+00  0.00000E+00  0.00000E+00 

 Rigid Airport Pavement
                   FAASR3D (version 1.0 ) compiled 04/15/19
 n o d a l   p r i n t   o u t   f o r   t i m e   s t e p     1  ( at time  1.0000E+00 )
   node     x-disp       y-disp       z-disp
  2751   0.00000E+00  0.00000E+00  0.00000E+00 
  2752   0.00000E+00  0.00000E+00  0.00000E+00 
  2753   0.00000E+00  0.00000E+00  0.00000E+00 
  2754   0.00000E+00  0.00000E+00  0.00000E+00 
  2755   0.00000E+00  0.00000E+00  0.00000E+00 
  2756   0.00000E+00  0.00000E+00  0.00000E+00 
  2757   0.00000E+00  0.00000E+00  0.00000E+00 
  2758   0.00000E+00  0.00000E+00  0.00000E+00 
  2759   0.00000E+00  0.00000E+00  0.00000E+00 
  2760   0.00000E+00  0.00000E+00  0.00000E+00 
  2761   0.00000E+00  0.00000E+00  0.00000E+00 
  2762   0.00000E+00  0.00000E+00  0.00000E+00 
  2763   0.00000E+00  0.00000E+00  0.00000E+00 
  2764   0.00000E+00  0.00000E+00  0.00000E+00 
  2765   0.00000E+00  0.00000E+00  0.00000E+00 
  2766   0.00000E+00  0.00000E+00  0.00000E+00 
  2767   0.00000E+00  0.00000E+00  0.00000E+00 
  2768   0.00000E+00  0.00000E+00  0.00000E+00 
  2769   0.00000E+00  0.00000E+00  0.00000E+00 
  2770   0.00000E+00  0.00000E+00  0.00000E+00 
  2771   0.00000E+00  0.00000E+00  0.00000E+00 
  2772   0.00000E+00  0.00000E+00  0.00000E+00 
  2773   0.00000E+00  0.00000E+00  0.00000E+00 
  2774   0.00000E+00  0.00000E+00  0.00000E+00 
  2775   0.00000E+00  0.00000E+00  0.00000E+00 
  2776   0.00000E+00  0.00000E+00  0.00000E+00 
  2777   0.00000E+00  0.00000E+00  0.00000E+00 
  2778   0.00000E+00  0.00000E+00  0.00000E+00 
  2779   0.00000E+00  0.00000E+00  0.00000E+00 
  2780   0.00000E+00  0.00000E+00  0.00000E+00 
  2781   0.00000E+00  0.00000E+00  0.00000E+00 
  2782   0.00000E+00  0.00000E+00  0.00000E+00 
  2783   0.00000E+00  0.00000E+00  0.00000E+00 
  2784   0.00000E+00  0.00000E+00  0.00000E+00 
  2785   0.00000E+00  0.00000E+00  0.00000E+00 
  2786   0.00000E+00  0.00000E+00  0.00000E+00 
  2787   0.00000E+00  0.00000E+00  0.00000E+00 
  2788   0.00000E+00  0.00000E+00  0.00000E+00 
  2789   0.00000E+00  0.00000E+00  0.00000E+00 
  2790   0.00000E+00  0.00000E+00  0.00000E+00 
  2791   0.00000E+00  0.00000E+00  0.00000E+00 
  2792   0.00000E+00  0.00000E+00  0.00000E+00 
  2793   0.00000E+00  0.00000E+00  0.00000E+00 
  2794   0.00000E+00  0.00000E+00  0.00000E+00 
  2795   0.00000E+00  0.00000E+00  0.00000E+00 
  2796   0.00000E+00  0.00000E+00  0.00000E+00 
  2797   0.00000E+00  0.00000E+00  0.00000E+00 
  2798   0.00000E+00  0.00000E+00  0.00000E+00 
  2799   0.00000E+00  0.00000E+00  0.00000E+00 
  2800   0.00000E+00  0.00000E+00  0.00000E+00 

 Rigid Airport Pavement
                   FAASR3D (version 1.0 ) compiled 04/15/19
 n o d a l   p r i n t   o u t   f o r   t i m e   s t e p     1  ( at time  1.0000E+00 )
   node     x-disp       y-disp       z-disp
  2801   0.00000E+00  0.00000E+00  0.00000E+00 
  2802   0.00000E+00  0.00000E+00  0.00000E+00 
  2803   0.00000E+00  0.00000E+00  0.00000E+00 
  2804   0.00000E+00  0.00000E+00  0.00000E+00 
  2805   0.00000E+00  0.00000E+00  0.00000E+00 
  2806   0.00000E+00  0.00000E+00  0.00000E+00 
  2807   0.00000E+00  0.00000E+00  0.00000E+00 
  2808   0.00000E+00  0.00000E+00  0.00000E+00 
  2809   0.00000E+00  0.00000E+00  0.00000E+00 
  2810   0.00000E+00  0.00000E+00  0.00000E+00 
  2811   0.00000E+00  0.00000E+00  0.00000E+00 
  2812   0.00000E+00  0.00000E+00  0.00000E+00 
  2813   0.00000E+00  0.00000E+00  0.00000E+00 
  2814   0.00000E+00  0.00000E+00  0.00000E+00 
  2815   0.00000E+00  0.00000E+00  0.00000E+00 
  2816   0.00000E+00  0.00000E+00  0.00000E+00 
  2817   0.00000E+00  0.00000E+00  0.00000E+00 
  2818   0.00000E+00  0.00000E+00  0.00000E+00 
  2819   0.00000E+00  0.00000E+00  0.00000E+00 
  2820   0.00000E+00  0.00000E+00  0.00000E+00 
  2821   0.00000E+00  0.00000E+00  0.00000E+00 
  2822   0.00000E+00  0.00000E+00  0.00000E+00 
  2823   0.00000E+00  0.00000E+00  0.00000E+00 
  2824   0.00000E+00  0.00000E+00  0.00000E+00 
  2825   0.00000E+00  0.00000E+00  0.00000E+00 
  2826   0.00000E+00  0.00000E+00  0.00000E+00 
  2827   0.00000E+00  0.00000E+00  0.00000E+00 
  2828   0.00000E+00  0.00000E+00  0.00000E+00 
  2829   0.00000E+00  0.00000E+00  0.00000E+00 
  2830   0.00000E+00  0.00000E+00  0.00000E+00 
  2831   0.00000E+00  0.00000E+00  0.00000E+00 
  2832   0.00000E+00  0.00000E+00  0.00000E+00 
  2833   0.00000E+00  0.00000E+00  0.00000E+00 
  2834   0.00000E+00  0.00000E+00  0.00000E+00 
  2835   0.00000E+00  0.00000E+00  0.00000E+00 
  2836   0.00000E+00  0.00000E+00  0.00000E+00 
  2837   0.00000E+00  0.00000E+00  0.00000E+00 
  2838   0.00000E+00  0.00000E+00  0.00000E+00 
  2839   0.00000E+00  0.00000E+00  0.00000E+00 
  2840   0.00000E+00  0.00000E+00  0.00000E+00 
  2841   0.00000E+00  0.00000E+00  0.00000E+00 
  2842   0.00000E+00  0.00000E+00  0.00000E+00 
  2843   0.00000E+00  0.00000E+00  0.00000E+00 
  2844   0.00000E+00  0.00000E+00  0.00000E+00 
  2845   0.00000E+00  0.00000E+00  0.00000E+00 
  2846   0.00000E+00  0.00000E+00  0.00000E+00 
  2847   0.00000E+00  0.00000E+00  0.00000E+00 
  2848   0.00000E+00  0.00000E+00  0.00000E+00 
  2849   0.00000E+00  0.00000E+00  0.00000E+00 
  2850   0.00000E+00  0.00000E+00  0.00000E+00 

 Rigid Airport Pavement
                   FAASR3D (version 1.0 ) compiled 04/15/19
 n o d a l   p r i n t   o u t   f o r   t i m e   s t e p     1  ( at time  1.0000E+00 )
   node     x-disp       y-disp       z-disp
  2851   0.00000E+00  0.00000E+00  0.00000E+00 
  2852   0.00000E+00  0.00000E+00  0.00000E+00 
  2853   0.00000E+00  0.00000E+00  0.00000E+00 
  2854   0.00000E+00  0.00000E+00  0.00000E+00 
  2855   0.00000E+00  0.00000E+00  0.00000E+00 
  2856   0.00000E+00  0.00000E+00  0.00000E+00 
  2857   0.00000E+00  0.00000E+00  0.00000E+00 
  2858   0.00000E+00  0.00000E+00  0.00000E+00 
  2859   0.00000E+00  0.00000E+00  0.00000E+00 
  2860   0.00000E+00  0.00000E+00  0.00000E+00 
  2861   0.00000E+00  0.00000E+00  0.00000E+00 
  2862   0.00000E+00  0.00000E+00  0.00000E+00 
  2863   0.00000E+00  0.00000E+00  0.00000E+00 
  2864   0.00000E+00  0.00000E+00  0.00000E+00 
  2865   0.00000E+00  0.00000E+00  0.00000E+00 
  2866   0.00000E+00  0.00000E+00  0.00000E+00 
  2867   0.00000E+00  0.00000E+00  0.00000E+00 
  2868   0.00000E+00  0.00000E+00  0.00000E+00 
  2869   0.00000E+00  0.00000E+00  0.00000E+00 
  2870   0.00000E+00  0.00000E+00  0.00000E+00 
  2871   0.00000E+00  0.00000E+00  0.00000E+00 
  2872   0.00000E+00  0.00000E+00  0.00000E+00 
  2873   0.00000E+00  0.00000E+00  0.00000E+00 
  2874   0.00000E+00  0.00000E+00  0.00000E+00 
  2875   0.00000E+00  0.00000E+00  0.00000E+00 
  2876   0.00000E+00  0.00000E+00  0.00000E+00 
  2877   0.00000E+00  0.00000E+00  0.00000E+00 
  2878  -2.49057E-03  0.00000E+00 -1.10946E-03 
  2879  -2.43029E-03  0.00000E+00 -1.09321E-03 
  2880  -2.48677E-03  7.33769E-05 -1.10772E-03 
  2881  -2.42659E-03  7.48303E-05 -1.09151E-03 
  2882  -2.47540E-03  1.46351E-04 -1.10250E-03 
  2883  -2.41554E-03  1.49250E-04 -1.08641E-03 
  2884  -2.45655E-03  2.18520E-04 -1.09383E-03 
  2885  -2.39722E-03  2.22840E-04 -1.07797E-03 
  2886  -2.43040E-03  2.89485E-04 -1.08180E-03 
  2887  -2.37180E-03  2.95182E-04 -1.06625E-03 
  2888  -2.39713E-03  3.58827E-04 -1.06650E-03 
  2889  -2.33946E-03  3.65884E-04 -1.05131E-03 
  2890  -2.35720E-03  4.26169E-04 -1.04790E-03 
  2891  -2.30061E-03  4.34473E-04 -1.03326E-03 
  2892  -2.51827E-03  0.00000E+00 -8.99209E-04 
  2893  -2.44942E-03  0.00000E+00 -8.78665E-04 
  2894  -2.51439E-03  6.52012E-05 -8.97825E-04 
  2895  -2.44566E-03  6.64636E-05 -8.77330E-04 
  2896  -2.50277E-03  1.30074E-04 -8.93687E-04 
  2897  -2.43438E-03  1.32594E-04 -8.73327E-04 
  2898  -2.48349E-03  1.94298E-04 -8.86826E-04 
  2899  -2.41567E-03  1.98047E-04 -8.66688E-04 
  2900  -2.45672E-03  2.57532E-04 -8.77273E-04 

 Rigid Airport Pavement
                   FAASR3D (version 1.0 ) compiled 04/15/19
 n o d a l   p r i n t   o u t   f o r   t i m e   s t e p     1  ( at time  1.0000E+00 )
   node     x-disp       y-disp       z-disp
  2901  -2.38968E-03  2.62491E-04 -8.57459E-04 
  2902  -2.42269E-03  3.19440E-04 -8.65096E-04 
  2903  -2.35665E-03  3.25596E-04 -8.45658E-04 
  2904  -2.38163E-03  3.79691E-04 -8.50222E-04 
  2905  -2.31678E-03  3.86934E-04 -8.31335E-04 
  2906  -2.48989E-03  0.00000E+00 -6.89197E-04 
  2907  -2.43758E-03  0.00000E+00 -6.57957E-04 
  2908  -2.48602E-03  6.14891E-05 -6.88157E-04 
  2909  -2.43379E-03  6.24638E-05 -6.56976E-04 
  2910  -2.47443E-03  1.22695E-04 -6.85050E-04 
  2911  -2.42246E-03  1.24632E-04 -6.54040E-04 
  2912  -2.45521E-03  1.83338E-04 -6.79909E-04 
  2913  -2.40366E-03  1.86221E-04 -6.49170E-04 
  2914  -2.42849E-03  2.43095E-04 -6.72737E-04 
  2915  -2.37753E-03  2.46937E-04 -6.42399E-04 
  2916  -2.39449E-03  3.01716E-04 -6.63587E-04 
  2917  -2.34427E-03  3.06505E-04 -6.33725E-04 
  2918  -2.35351E-03  3.58937E-04 -6.52312E-04 
  2919  -2.30415E-03  3.64596E-04 -6.23152E-04 
  2920  -2.41612E-03  0.00000E+00 -5.48485E-04 
  2921  -2.38541E-03  0.00000E+00 -5.11018E-04 
  2922  -2.41233E-03  6.08690E-05 -5.47685E-04 
  2923  -2.38166E-03  6.16544E-05 -5.10280E-04 
  2924  -2.40097E-03  1.21480E-04 -5.45286E-04 
  2925  -2.37046E-03  1.23047E-04 -5.08070E-04 
  2926  -2.38215E-03  1.81579E-04 -5.41293E-04 
  2927  -2.35187E-03  1.83924E-04 -5.04384E-04 
  2928  -2.35600E-03  2.40883E-04 -5.35713E-04 
  2929  -2.32606E-03  2.44015E-04 -4.99234E-04 
  2930  -2.32274E-03  2.99162E-04 -5.28548E-04 
  2931  -2.29321E-03  3.03092E-04 -4.92609E-04 
  2932  -2.28267E-03  3.56167E-04 -5.19653E-04 
  2933  -2.25363E-03  3.60839E-04 -4.84490E-04 
  2934  -2.31555E-03  0.00000E+00 -5.08739E-04 
  2935  -2.32471E-03  0.00000E+00 -4.68684E-04 
  2936  -2.31188E-03  6.25683E-05 -5.08009E-04 
  2937  -2.32103E-03  6.33116E-05 -4.68026E-04 
  2938  -2.30092E-03  1.24908E-04 -5.05835E-04 
  2939  -2.31004E-03  1.26391E-04 -4.66051E-04 
  2940  -2.28272E-03  1.86756E-04 -5.02220E-04 
  2941  -2.29180E-03  1.88982E-04 -4.62758E-04 
  2942  -2.25745E-03  2.47868E-04 -4.97147E-04 
  2943  -2.26646E-03  2.50845E-04 -4.58149E-04 
  2944  -2.22533E-03  3.07981E-04 -4.90641E-04 
  2945  -2.23423E-03  3.11747E-04 -4.52205E-04 
  2946  -2.18667E-03  3.66845E-04 -4.82477E-04 
  2947  -2.19540E-03  3.71372E-04 -4.44856E-04 
  2948  -2.20100E-03  0.00000E+00 -5.87401E-04 
  2949  -2.25255E-03  0.00000E+00 -5.42723E-04 
  2950  -2.19750E-03  6.59797E-05 -5.86581E-04 

 Rigid Airport Pavement
                   FAASR3D (version 1.0 ) compiled 04/15/19
 n o d a l   p r i n t   o u t   f o r   t i m e   s t e p     1  ( at time  1.0000E+00 )
   node     x-disp       y-disp       z-disp
  2951  -2.24897E-03  6.68491E-05 -5.41973E-04 
  2952  -2.18702E-03  1.31719E-04 -5.84121E-04 
  2953  -2.23826E-03  1.33465E-04 -5.39724E-04 
  2954  -2.16963E-03  1.96987E-04 -5.80024E-04 
  2955  -2.22050E-03  1.99619E-04 -5.35976E-04 
  2956  -2.14548E-03  2.61540E-04 -5.74262E-04 
  2957  -2.19580E-03  2.65068E-04 -5.30726E-04 
  2958  -2.11477E-03  3.25087E-04 -5.66826E-04 
  2959  -2.16440E-03  3.29561E-04 -5.23905E-04 
  2960  -2.07778E-03  3.87327E-04 -5.57449E-04 
  2961  -2.12657E-03  3.92755E-04 -5.15438E-04 
  2962  -2.06570E-03  0.00000E+00 -8.11208E-04 
  2963  -2.17108E-03  0.00000E+00 -7.61686E-04 
  2964  -2.06240E-03  7.05150E-05 -8.10044E-04 
  2965  -2.16762E-03  7.17618E-05 -7.60589E-04 
  2966  -2.05253E-03  1.40806E-04 -8.06549E-04 
  2967  -2.15726E-03  1.43300E-04 -7.57318E-04 
  2968  -2.03615E-03  2.10665E-04 -8.00741E-04 
  2969  -2.14007E-03  2.14391E-04 -7.51894E-04 
  2970  -2.01337E-03  2.79814E-04 -7.92641E-04 
  2971  -2.11618E-03  2.84779E-04 -7.44346E-04 
  2972  -1.98437E-03  3.47962E-04 -7.82269E-04 
  2973  -2.08576E-03  3.54209E-04 -7.34654E-04 
  2974  -1.94942E-03  4.14710E-04 -7.69353E-04 
  2975  -2.04910E-03  4.22258E-04 -7.22747E-04 
  2976  -1.91897E-03  0.00000E+00 -1.21406E-03 
  2977  -2.08681E-03  0.00000E+00 -1.16333E-03 
  2978  -1.91590E-03  7.57830E-05 -1.21226E-03 
  2979  -2.08347E-03  7.76794E-05 -1.16160E-03 
  2980  -1.90669E-03  1.51379E-04 -1.20687E-03 
  2981  -2.07346E-03  1.55158E-04 -1.15642E-03 
  2982  -1.89140E-03  2.26579E-04 -1.19797E-03 
  2983  -2.05687E-03  2.32205E-04 -1.14786E-03 
  2984  -1.87010E-03  3.01088E-04 -1.18559E-03 
  2985  -2.03379E-03  3.08554E-04 -1.13601E-03 
  2986  -1.84293E-03  3.74587E-04 -1.16986E-03 
  2987  -2.00437E-03  3.83914E-04 -1.12094E-03 
  2988  -1.81011E-03  4.46632E-04 -1.15054E-03 
  2989  -1.96889E-03  4.57801E-04 -1.10265E-03 
  2990  -1.76716E-03  0.00000E+00 -1.84705E-03 
  2991  -2.01986E-03  0.00000E+00 -1.79494E-03 
  2992  -1.76433E-03  8.14366E-05 -1.84417E-03 
  2993  -2.01660E-03  8.43790E-05 -1.79214E-03 
  2994  -1.75583E-03  1.62725E-04 -1.83563E-03 
  2995  -2.00684E-03  1.68557E-04 -1.78379E-03 
  2996  -1.74167E-03  2.43699E-04 -1.82159E-03 
  2997  -1.99063E-03  2.52315E-04 -1.77009E-03 
  2998  -1.72189E-03  3.24064E-04 -1.80228E-03 
  2999  -1.96806E-03  3.35386E-04 -1.75128E-03 
  3000  -1.69657E-03  4.03451E-04 -1.77793E-03 

 Rigid Airport Pavement
                   FAASR3D (version 1.0 ) compiled 04/15/19
 n o d a l   p r i n t   o u t   f o r   t i m e   s t e p     1  ( at time  1.0000E+00 )
   node     x-disp       y-disp       z-disp
  3001  -1.93929E-03  4.17455E-04 -1.72757E-03 
  3002  -1.66592E-03  4.81294E-04 -1.74844E-03 
  3003  -1.90450E-03  4.97948E-04 -1.69912E-03 
  3004  -2.31715E-03  0.00000E+00 -1.08157E-03 
  3005  -2.30971E-03  0.00000E+00 -1.09690E-03 
  3006  -2.31365E-03  7.64129E-05 -1.07993E-03 
  3007  -2.30625E-03  7.71122E-05 -1.09526E-03 
  3008  -2.30316E-03  1.52397E-04 -1.07500E-03 
  3009  -2.29593E-03  1.53789E-04 -1.09038E-03 
  3010  -2.28579E-03  2.27530E-04 -1.06684E-03 
  3011  -2.27882E-03  2.29598E-04 -1.08227E-03 
  3012  -2.26167E-03  3.01377E-04 -1.05550E-03 
  3013  -2.25507E-03  3.04110E-04 -1.07101E-03 
  3014  -2.23097E-03  3.73520E-04 -1.04107E-03 
  3015  -2.22487E-03  3.76902E-04 -1.05668E-03 
  3016  -2.19419E-03  4.43438E-04 -1.02365E-03 
  3017  -2.18871E-03  4.47497E-04 -1.03943E-03 
  3018  -2.37402E-03  0.00000E+00 -8.38887E-04 
  3019  -2.26684E-03  0.00000E+00 -7.69364E-04 
  3020  -2.37038E-03  6.81349E-05 -8.37634E-04 
  3021  -2.26336E-03  6.88920E-05 -7.68230E-04 
  3022  -2.35949E-03  1.35923E-04 -8.33883E-04 
  3023  -2.25297E-03  1.37430E-04 -7.64836E-04 
  3024  -2.34144E-03  2.03015E-04 -8.27663E-04 
  3025  -2.23573E-03  2.05252E-04 -7.59206E-04 
  3026  -2.31635E-03  2.69058E-04 -8.19008E-04 
  3027  -2.21179E-03  2.71990E-04 -7.51379E-04 
  3028  -2.28445E-03  3.33683E-04 -8.07977E-04 
  3029  -2.18133E-03  3.37270E-04 -7.41416E-04 
  3030  -2.24586E-03  3.96461E-04 -7.94651E-04 
  3031  -2.14448E-03  4.00657E-04 -7.29425E-04 
  3032  -2.35032E-03  0.00000E+00 -6.00675E-04 
  3033  -2.27007E-03  0.00000E+00 -5.58706E-04 
  3034  -2.34667E-03  6.38715E-05 -5.99791E-04 
  3035  -2.26652E-03  6.46127E-05 -5.57897E-04 
  3036  -2.33573E-03  1.27441E-04 -5.97152E-04 
  3037  -2.25592E-03  1.28927E-04 -5.55472E-04 
  3038  -2.31758E-03  1.90415E-04 -5.92779E-04 
  3039  -2.23834E-03  1.92640E-04 -5.51450E-04 
  3040  -2.29236E-03  2.52509E-04 -5.86688E-04 
  3041  -2.21388E-03  2.55448E-04 -5.45850E-04 
  3042  -2.26024E-03  3.13394E-04 -5.78900E-04 
  3043  -2.18270E-03  3.17040E-04 -5.38715E-04 
  3044  -2.22147E-03  3.72795E-04 -5.69491E-04 
  3045  -2.14500E-03  3.77136E-04 -5.30093E-04 
  3046  -2.34629E-03  0.00000E+00 -4.60921E-04 
  3047  -2.31081E-03  0.00000E+00 -4.31832E-04 
  3048  -2.34261E-03  6.29194E-05 -4.60265E-04 
  3049  -2.30716E-03  6.36935E-05 -4.31222E-04 
  3050  -2.33157E-03  1.25582E-04 -4.58299E-04 

 Rigid Airport Pavement
                   FAASR3D (version 1.0 ) compiled 04/15/19
 n o d a l   p r i n t   o u t   f o r   t i m e   s t e p     1  ( at time  1.0000E+00 )
   node     x-disp       y-disp       z-disp
  3051  -2.29624E-03  1.27136E-04 -4.29398E-04 
  3052  -2.31326E-03  1.87729E-04 -4.55030E-04 
  3053  -2.27812E-03  1.90073E-04 -4.26361E-04 
  3054  -2.28780E-03  2.49111E-04 -4.50466E-04 
  3055  -2.25290E-03  2.52247E-04 -4.22124E-04 
  3056  -2.25538E-03  3.09458E-04 -4.44605E-04 
  3057  -2.22074E-03  3.13411E-04 -4.16699E-04 
  3058  -2.21626E-03  3.68501E-04 -4.37487E-04 
  3059  -2.18186E-03  3.73320E-04 -4.10101E-04 
  3060  -2.35210E-03  0.00000E+00 -4.16746E-04 
  3061  -2.38290E-03  0.00000E+00 -3.96626E-04 
  3062  -2.34838E-03  6.46646E-05 -4.16171E-04 
  3063  -2.37912E-03  6.56541E-05 -3.96078E-04 
  3064  -2.33725E-03  1.29096E-04 -4.14447E-04 
  3065  -2.36780E-03  1.31090E-04 -3.94441E-04 
  3066  -2.31877E-03  1.93066E-04 -4.11579E-04 
  3067  -2.34899E-03  1.96095E-04 -3.91714E-04 
  3068  -2.29308E-03  2.56339E-04 -4.07557E-04 
  3069  -2.32281E-03  2.60447E-04 -3.87893E-04 
  3070  -2.26036E-03  3.18673E-04 -4.02365E-04 
  3071  -2.28943E-03  3.23927E-04 -3.82973E-04 
  3072  -2.22087E-03  3.79809E-04 -3.96014E-04 
  3073  -2.24905E-03  3.86329E-04 -3.76935E-04 
  3074  -2.36472E-03  0.00000E+00 -4.87237E-04 
  3075  -2.48026E-03  0.00000E+00 -4.69341E-04 
  3076  -2.36097E-03  6.85973E-05 -4.86569E-04 
  3077  -2.47632E-03  7.01226E-05 -4.68690E-04 
  3078  -2.34973E-03  1.36977E-04 -4.84564E-04 
  3079  -2.46451E-03  1.40042E-04 -4.66737E-04 
  3080  -2.33108E-03  2.04922E-04 -4.81230E-04 
  3081  -2.44490E-03  2.09560E-04 -4.63492E-04 
  3082  -2.30514E-03  2.72210E-04 -4.76559E-04 
  3083  -2.41761E-03  2.78488E-04 -4.58950E-04 
  3084  -2.27211E-03  3.38605E-04 -4.70515E-04 
  3085  -2.38279E-03  3.46639E-04 -4.53103E-04 
  3086  -2.23224E-03  4.03851E-04 -4.63103E-04 
  3087  -2.34065E-03  4.13828E-04 -4.45910E-04 
  3088  -2.38079E-03  0.00000E+00 -7.00208E-04 
  3089  -2.59459E-03  0.00000E+00 -6.78332E-04 
  3090  -2.37700E-03  7.43224E-05 -6.99204E-04 
  3091  -2.59046E-03  7.67556E-05 -6.77350E-04 
  3092  -2.36567E-03  1.48436E-04 -6.96201E-04 
  3093  -2.57812E-03  1.53308E-04 -6.74415E-04 
  3094  -2.34686E-03  2.22112E-04 -6.91230E-04 
  3095  -2.55763E-03  2.29461E-04 -6.69559E-04 
  3096  -2.32070E-03  2.95135E-04 -6.84320E-04 
  3097  -2.52911E-03  3.05037E-04 -6.62810E-04 
  3098  -2.28738E-03  3.67264E-04 -6.75478E-04 
  3099  -2.49274E-03  3.79874E-04 -6.54190E-04 
  3100  -2.24716E-03  4.38249E-04 -6.64734E-04 

 Rigid Airport Pavement
                   FAASR3D (version 1.0 ) compiled 04/15/19
 n o d a l   p r i n t   o u t   f o r   t i m e   s t e p     1  ( at time  1.0000E+00 )
   node     x-disp       y-disp       z-disp
  3101  -2.44872E-03  4.53824E-04 -6.43671E-04 
  3102  -2.40147E-03  0.00000E+00 -1.09960E-03 
  3103  -2.71232E-03  0.00000E+00 -1.06816E-03 
  3104  -2.39764E-03  8.15193E-05 -1.09795E-03 
  3105  -2.70801E-03  8.52347E-05 -1.06653E-03 
  3106  -2.38619E-03  1.62822E-04 -1.09301E-03 
  3107  -2.69514E-03  1.70251E-04 -1.06170E-03 
  3108  -2.36720E-03  2.43679E-04 -1.08487E-03 
  3109  -2.67377E-03  2.54848E-04 -1.05372E-03 
  3110  -2.34078E-03  3.23872E-04 -1.07363E-03 
  3111  -2.64406E-03  3.38843E-04 -1.04272E-03 
  3112  -2.30714E-03  4.03124E-04 -1.05939E-03 
  3113  -2.60620E-03  4.22088E-04 -1.02878E-03 
  3114  -2.26652E-03  4.81163E-04 -1.04227E-03 
  3115  -2.56038E-03  5.04464E-04 -1.01198E-03 
  3116  -2.45394E-03  0.00000E+00 -1.74367E-03 
  3117  -2.80880E-03  0.00000E+00 -1.70126E-03 
  3118  -2.44998E-03  9.00145E-05 -1.74091E-03 
  3119  -2.80436E-03  9.52895E-05 -1.69854E-03 
  3120  -2.43817E-03  1.79768E-04 -1.73270E-03 
  3121  -2.79107E-03  1.90324E-04 -1.69047E-03 
  3122  -2.41862E-03  2.69020E-04 -1.71923E-03 
  3123  -2.76904E-03  2.84870E-04 -1.67724E-03 
  3124  -2.39147E-03  3.57542E-04 -1.70077E-03 
  3125  -2.73844E-03  3.78735E-04 -1.65906E-03 
  3126  -2.35691E-03  4.45081E-04 -1.67756E-03 
  3127  -2.69946E-03  4.71769E-04 -1.63623E-03 
  3128  -2.31516E-03  5.31330E-04 -1.64991E-03 
  3129  -2.65234E-03  5.63877E-04 -1.60896E-03 
  3130   0.00000E+00  0.00000E+00  0.00000E+00 
  3131   0.00000E+00  0.00000E+00  0.00000E+00 
  3132   0.00000E+00  0.00000E+00  0.00000E+00 
  3133   0.00000E+00  0.00000E+00  0.00000E+00 
  3134   0.00000E+00  0.00000E+00  0.00000E+00 
  3135   0.00000E+00  0.00000E+00  0.00000E+00 
  3136   0.00000E+00  0.00000E+00  0.00000E+00 
  3137   0.00000E+00  0.00000E+00  0.00000E+00 
  3138   0.00000E+00  0.00000E+00  0.00000E+00 
  3139   0.00000E+00  0.00000E+00  0.00000E+00 
  3140   0.00000E+00  0.00000E+00  0.00000E+00 
  3141   0.00000E+00  0.00000E+00  0.00000E+00 
  3142   0.00000E+00  0.00000E+00  0.00000E+00 
  3143   0.00000E+00  0.00000E+00  0.00000E+00 
  3144   0.00000E+00  0.00000E+00  0.00000E+00 
  3145   0.00000E+00  0.00000E+00  0.00000E+00 
  3146   0.00000E+00  0.00000E+00  0.00000E+00 
  3147   0.00000E+00  0.00000E+00  0.00000E+00 
  3148   0.00000E+00  0.00000E+00  0.00000E+00 
  3149   0.00000E+00  0.00000E+00  0.00000E+00 
  3150   0.00000E+00  0.00000E+00  0.00000E+00 

 Rigid Airport Pavement
                   FAASR3D (version 1.0 ) compiled 04/15/19
 n o d a l   p r i n t   o u t   f o r   t i m e   s t e p     1  ( at time  1.0000E+00 )
   node     x-disp       y-disp       z-disp
  3151   0.00000E+00  0.00000E+00  0.00000E+00 
  3152   0.00000E+00  0.00000E+00  0.00000E+00 
  3153   0.00000E+00  0.00000E+00  0.00000E+00 
  3154   0.00000E+00  0.00000E+00  0.00000E+00 
  3155   0.00000E+00  0.00000E+00  0.00000E+00 
  3156   0.00000E+00  0.00000E+00  0.00000E+00 
  3157   0.00000E+00  0.00000E+00  0.00000E+00 
  3158   0.00000E+00  0.00000E+00  0.00000E+00 
  3159   0.00000E+00  0.00000E+00  0.00000E+00 
  3160   0.00000E+00  0.00000E+00  0.00000E+00 
  3161   0.00000E+00  0.00000E+00  0.00000E+00 
  3162   0.00000E+00  0.00000E+00  0.00000E+00 
  3163   0.00000E+00  0.00000E+00  0.00000E+00 
  3164   0.00000E+00  0.00000E+00  0.00000E+00 
  3165   0.00000E+00  0.00000E+00  0.00000E+00 
  3166   0.00000E+00  0.00000E+00  0.00000E+00 
  3167   0.00000E+00  0.00000E+00  0.00000E+00 
  3168   0.00000E+00  0.00000E+00  0.00000E+00 
  3169   0.00000E+00  0.00000E+00  0.00000E+00 
  3170   0.00000E+00  0.00000E+00  0.00000E+00 
  3171   0.00000E+00  0.00000E+00  0.00000E+00 
  3172   0.00000E+00  0.00000E+00  0.00000E+00 
  3173   0.00000E+00  0.00000E+00  0.00000E+00 
  3174   0.00000E+00  0.00000E+00  0.00000E+00 
  3175   0.00000E+00  0.00000E+00  0.00000E+00 
  3176   0.00000E+00  0.00000E+00  0.00000E+00 
  3177   0.00000E+00  0.00000E+00  0.00000E+00 
  3178   0.00000E+00  0.00000E+00  0.00000E+00 
  3179   0.00000E+00  0.00000E+00  0.00000E+00 
  3180   0.00000E+00  0.00000E+00  0.00000E+00 
  3181   0.00000E+00  0.00000E+00  0.00000E+00 
  3182   0.00000E+00  0.00000E+00  0.00000E+00 
  3183   0.00000E+00  0.00000E+00  0.00000E+00 
  3184   0.00000E+00  0.00000E+00  0.00000E+00 
  3185   0.00000E+00  0.00000E+00  0.00000E+00 
  3186   0.00000E+00  0.00000E+00  0.00000E+00 
  3187   0.00000E+00  0.00000E+00  0.00000E+00 
  3188   0.00000E+00  0.00000E+00  0.00000E+00 
  3189   0.00000E+00  0.00000E+00  0.00000E+00 
  3190   0.00000E+00  0.00000E+00  0.00000E+00 
  3191   0.00000E+00  0.00000E+00  0.00000E+00 
  3192   0.00000E+00  0.00000E+00  0.00000E+00 
  3193  -2.28498E-03  5.22495E-04 -1.01498E-03 
  3194  -2.23035E-03  5.32510E-04 -1.00110E-03 
  3195  -2.19996E-03  6.12215E-04 -9.75965E-04 
  3196  -2.14763E-03  6.23789E-04 -9.63114E-04 
  3197  -2.10389E-03  6.94337E-04 -9.31964E-04 
  3198  -2.05418E-03  7.07069E-04 -9.20236E-04 
  3199  -1.99934E-03  7.68058E-04 -8.84345E-04 
  3200  -1.95241E-03  7.81419E-04 -8.73909E-04 

 Rigid Airport Pavement
                   FAASR3D (version 1.0 ) compiled 04/15/19
 n o d a l   p r i n t   o u t   f o r   t i m e   s t e p     1  ( at time  1.0000E+00 )
   node     x-disp       y-disp       z-disp
  3201  -1.88849E-03  8.32370E-04 -8.34313E-04 
  3202  -1.84472E-03  8.46649E-04 -8.25113E-04 
  3203  -1.77580E-03  8.89496E-04 -7.83685E-04 
  3204  -1.73527E-03  9.01057E-04 -7.75974E-04 
  3205  -2.30780E-03  4.66306E-04 -8.23945E-04 
  3206  -2.24503E-03  4.75046E-04 -8.05857E-04 
  3207  -2.22070E-03  5.47689E-04 -7.92671E-04 
  3208  -2.16034E-03  5.57824E-04 -7.75637E-04 
  3209  -2.12245E-03  6.23152E-04 -7.57394E-04 
  3210  -2.06475E-03  6.34298E-04 -7.41500E-04 
  3211  -2.01540E-03  6.92188E-04 -7.19293E-04 
  3212  -1.96056E-03  7.03854E-04 -7.04697E-04 
  3213  -1.90258E-03  7.54023E-04 -6.79424E-04 
  3214  -1.85074E-03  7.66529E-04 -6.66072E-04 
  3215  -1.78675E-03  8.10750E-04 -6.39438E-04 
  3216  -1.73807E-03  8.20569E-04 -6.27485E-04 
  3217  -2.27986E-03  4.41579E-04 -6.32461E-04 
  3218  -2.23205E-03  4.48445E-04 -6.04325E-04 
  3219  -2.19308E-03  5.19738E-04 -6.08606E-04 
  3220  -2.14702E-03  5.27772E-04 -5.81811E-04 
  3221  -2.09526E-03  5.92903E-04 -5.81495E-04 
  3222  -2.05105E-03  6.01831E-04 -5.56166E-04 
  3223  -1.98893E-03  6.60738E-04 -5.52020E-04 
  3224  -1.94660E-03  6.70132E-04 -5.28355E-04 
  3225  -1.87690E-03  7.22509E-04 -5.21044E-04 
  3226  -1.83641E-03  7.32697E-04 -4.98985E-04 
  3227  -1.76212E-03  7.80724E-04 -4.89980E-04 
  3228  -1.72336E-03  7.88332E-04 -4.69750E-04 
  3229  -2.21074E-03  4.38720E-04 -5.03903E-04 
  3230  -2.18249E-03  4.44482E-04 -4.69910E-04 
  3231  -2.12613E-03  5.17102E-04 -4.84610E-04 
  3232  -2.09867E-03  5.24006E-04 -4.52144E-04 
  3233  -2.03097E-03  5.90831E-04 -4.62225E-04 
  3234  -2.00417E-03  5.98691E-04 -4.31444E-04 
  3235  -1.92776E-03  6.59597E-04 -4.37316E-04 
  3236  -1.90141E-03  6.68084E-04 -4.08442E-04 
  3237  -1.81929E-03  7.22872E-04 -4.10486E-04 
  3238  -1.79308E-03  7.32355E-04 -3.83478E-04 
  3239  -1.70847E-03  7.83178E-04 -3.83088E-04 
  3240  -1.68217E-03  7.90275E-04 -3.58200E-04 
  3241  -2.11731E-03  4.52143E-04 -4.67756E-04 
  3242  -2.12564E-03  4.57879E-04 -4.31386E-04 
  3243  -2.03590E-03  5.33182E-04 -4.49195E-04 
  3244  -2.04354E-03  5.40287E-04 -4.14470E-04 
  3245  -1.94465E-03  6.09343E-04 -4.26785E-04 
  3246  -1.95111E-03  6.17803E-04 -3.93910E-04 
  3247  -1.84615E-03  6.80367E-04 -4.00662E-04 
  3248  -1.85079E-03  6.89968E-04 -3.69905E-04 
  3249  -1.74313E-03  7.45838E-04 -3.71203E-04 
  3250  -1.74522E-03  7.56988E-04 -3.42541E-04 

 Rigid Airport Pavement
                   FAASR3D (version 1.0 ) compiled 04/15/19
 n o d a l   p r i n t   o u t   f o r   t i m e   s t e p     1  ( at time  1.0000E+00 )
   node     x-disp       y-disp       z-disp
  3251  -1.63829E-03  8.08404E-04 -3.39766E-04 
  3252  -1.63718E-03  8.17552E-04 -3.13501E-04 
  3253  -2.01146E-03  4.77475E-04 -5.40287E-04 
  3254  -2.05861E-03  4.84468E-04 -4.99689E-04 
  3255  -1.93378E-03  5.62845E-04 -5.18121E-04 
  3256  -1.97868E-03  5.71762E-04 -4.79414E-04 
  3257  -1.84714E-03  6.42584E-04 -4.90279E-04 
  3258  -1.88892E-03  6.53671E-04 -4.53726E-04 
  3259  -1.75437E-03  7.16368E-04 -4.56095E-04 
  3260  -1.79183E-03  7.29647E-04 -4.22035E-04 
  3261  -1.65831E-03  7.83955E-04 -4.15402E-04 
  3262  -1.69001E-03  7.99965E-04 -3.83822E-04 
  3263  -1.56117E-03  8.48495E-04 -3.69620E-04 
  3264  -1.58576E-03  8.63306E-04 -3.40896E-04 
  3265  -1.88668E-03  5.11209E-04 -7.45651E-04 
  3266  -1.98320E-03  5.20965E-04 -7.00636E-04 
  3267  -1.81331E-03  6.02063E-04 -7.14889E-04 
  3268  -1.90577E-03  6.14646E-04 -6.72067E-04 
  3269  -1.73197E-03  6.85908E-04 -6.75390E-04 
  3270  -1.81905E-03  7.01980E-04 -6.35116E-04 
  3271  -1.64603E-03  7.62116E-04 -6.24934E-04 
  3272  -1.72575E-03  7.82260E-04 -5.87599E-04 
  3273  -1.55870E-03  8.30861E-04 -5.61794E-04 
  3274  -1.62843E-03  8.55985E-04 -5.27383E-04 
  3275  -1.47155E-03  8.96540E-04 -4.87203E-04 
  3276  -1.52880E-03  9.22022E-04 -4.56019E-04 
  3277  -1.75109E-03  5.50581E-04 -1.11536E-03 
  3278  -1.90506E-03  5.64820E-04 -1.06916E-03 
  3279  -1.68210E-03  6.47689E-04 -1.07046E-03 
  3280  -1.83016E-03  6.65920E-04 -1.02667E-03 
  3281  -1.60609E-03  7.35701E-04 -1.01262E-03 
  3282  -1.74658E-03  7.59281E-04 -9.71770E-04 
  3283  -1.52716E-03  8.13353E-04 -9.36627E-04 
  3284  -1.65722E-03  8.43974E-04 -8.99160E-04 
  3285  -1.44960E-03  8.81043E-04 -8.36882E-04 
  3286  -1.56478E-03  9.20756E-04 -8.02653E-04 
  3287  -1.37323E-03  9.46116E-04 -7.14109E-04 
  3288  -1.46945E-03  9.89422E-04 -6.82446E-04 
  3289  -1.61063E-03  5.93454E-04 -1.69537E-03 
  3290  -1.84191E-03  6.14280E-04 -1.64789E-03 
  3291  -1.54606E-03  6.97240E-04 -1.62960E-03 
  3292  -1.76878E-03  7.23338E-04 -1.58493E-03 
  3293  -1.47519E-03  7.89449E-04 -1.54663E-03 
  3294  -1.68791E-03  8.22831E-04 -1.50543E-03 
  3295  -1.40212E-03  8.67777E-04 -1.43729E-03 
  3296  -1.60240E-03  9.11887E-04 -1.39984E-03 
  3297  -1.33212E-03  9.31827E-04 -1.28722E-03 
  3298  -1.51412E-03  9.92067E-04 -1.25306E-03 
  3299  -1.26762E-03  9.91309E-04 -1.08765E-03 
  3300  -1.42023E-03  1.06392E-03 -1.05568E-03 

 Rigid Airport Pavement
                   FAASR3D (version 1.0 ) compiled 04/15/19
 n o d a l   p r i n t   o u t   f o r   t i m e   s t e p     1  ( at time  1.0000E+00 )
   node     x-disp       y-disp       z-disp
  3301  -2.12732E-03  5.43328E-04 -9.92462E-04 
  3302  -2.12268E-03  5.47957E-04 -1.00839E-03 
  3303  -2.04865E-03  6.36079E-04 -9.55692E-04 
  3304  -2.04497E-03  6.41078E-04 -9.71849E-04 
  3305  -1.95968E-03  7.20353E-04 -9.14300E-04 
  3306  -1.95709E-03  7.25329E-04 -9.30683E-04 
  3307  -1.86277E-03  7.95111E-04 -8.69364E-04 
  3308  -1.86132E-03  7.99318E-04 -8.86108E-04 
  3309  -1.76019E-03  8.59413E-04 -8.22539E-04 
  3310  -1.76040E-03  8.61970E-04 -8.39661E-04 
  3311  -1.65696E-03  9.12495E-04 -7.75483E-04 
  3312  -1.65976E-03  9.12086E-04 -7.93683E-04 
  3313  -2.17643E-03  4.86551E-04 -7.70764E-04 
  3314  -2.07795E-03  4.91564E-04 -7.07815E-04 
  3315  -2.09432E-03  5.70960E-04 -7.42508E-04 
  3316  -1.99919E-03  5.76502E-04 -6.82339E-04 
  3317  -2.00149E-03  6.48578E-04 -7.10672E-04 
  3318  -1.90993E-03  6.54294E-04 -6.53613E-04 
  3319  -1.90016E-03  7.18725E-04 -6.76124E-04 
  3320  -1.81234E-03  7.23930E-04 -6.22514E-04 
  3321  -1.79344E-03  7.80687E-04 -6.40318E-04 
  3322  -1.70936E-03  7.84577E-04 -5.90238E-04 
  3323  -1.68376E-03  8.33474E-04 -6.04591E-04 
  3324  -1.60398E-03  8.34927E-04 -5.58675E-04 
  3325  -2.15166E-03  4.58490E-04 -5.52514E-04 
  3326  -2.07700E-03  4.63814E-04 -5.14486E-04 
  3327  -2.06910E-03  5.39403E-04 -5.32303E-04 
  3328  -1.99631E-03  5.45527E-04 -4.95933E-04 
  3329  -1.97564E-03  6.14681E-04 -5.09334E-04 
  3330  -1.90461E-03  6.21306E-04 -4.74803E-04 
  3331  -1.87360E-03  6.83740E-04 -4.84216E-04 
  3332  -1.80407E-03  6.90188E-04 -4.51719E-04 
  3333  -1.76563E-03  7.45684E-04 -4.58028E-04 
  3334  -1.69733E-03  7.51223E-04 -4.27638E-04 
  3335  -1.65470E-03  8.00373E-04 -4.32076E-04 
  3336  -1.58745E-03  8.03773E-04 -4.04117E-04 
  3337  -2.14578E-03  4.54086E-04 -4.24503E-04 
  3338  -2.11166E-03  4.60250E-04 -3.98011E-04 
  3339  -2.06239E-03  5.35457E-04 -4.08728E-04 
  3340  -2.02816E-03  5.42930E-04 -3.83323E-04 
  3341  -1.96788E-03  6.11793E-04 -3.90350E-04 
  3342  -1.93296E-03  6.20424E-04 -3.66140E-04 
  3343  -1.86446E-03  6.82480E-04 -3.69658E-04 
  3344  -1.82808E-03  6.91676E-04 -3.46801E-04 
  3345  -1.75479E-03  7.46701E-04 -3.47508E-04 
  3346  -1.71612E-03  7.55641E-04 -3.26035E-04 
  3347  -1.64192E-03  8.04098E-04 -3.25061E-04 
  3348  -1.60046E-03  8.11478E-04 -3.05314E-04 
  3349  -2.14968E-03  4.68771E-04 -3.84171E-04 
  3350  -2.17602E-03  4.77372E-04 -3.65648E-04 

 Rigid Airport Pavement
                   FAASR3D (version 1.0 ) compiled 04/15/19
 n o d a l   p r i n t   o u t   f o r   t i m e   s t e p     1  ( at time  1.0000E+00 )
   node     x-disp       y-disp       z-disp
  3351  -2.06536E-03  5.53766E-04 -3.69297E-04 
  3352  -2.08893E-03  5.64661E-04 -3.51471E-04 
  3353  -1.96963E-03  6.33935E-04 -3.51171E-04 
  3354  -1.98920E-03  6.47211E-04 -3.34116E-04 
  3355  -1.86461E-03  7.08591E-04 -3.29633E-04 
  3356  -1.87863E-03  7.23785E-04 -3.13506E-04 
  3357  -1.75286E-03  7.76726E-04 -3.05265E-04 
  3358  -1.75975E-03  7.92963E-04 -2.90120E-04 
  3359  -1.63736E-03  8.37648E-04 -2.79317E-04 
  3360  -1.63609E-03  8.53332E-04 -2.65521E-04 
  3361  -2.16032E-03  4.99041E-04 -4.49087E-04 
  3362  -2.26433E-03  5.12337E-04 -4.32314E-04 
  3363  -2.07503E-03  5.90286E-04 -4.31029E-04 
  3364  -2.17306E-03  6.07474E-04 -4.14798E-04 
  3365  -1.97800E-03  6.76652E-04 -4.08017E-04 
  3366  -2.06798E-03  6.98213E-04 -3.92430E-04 
  3367  -1.87119E-03  7.57293E-04 -3.79093E-04 
  3368  -1.95059E-03  7.83056E-04 -3.64382E-04 
  3369  -1.75695E-03  8.30924E-04 -3.44284E-04 
  3370  -1.82304E-03  8.59971E-04 -3.30603E-04 
  3371  -1.63792E-03  8.96282E-04 -3.04959E-04 
  3372  -1.68887E-03  9.26603E-04 -2.92883E-04 
  3373  -2.17456E-03  5.41993E-04 -6.44547E-04 
  3374  -2.36889E-03  5.62703E-04 -6.23953E-04 
  3375  -2.08838E-03  6.41679E-04 -6.18531E-04 
  3376  -2.27320E-03  6.68605E-04 -5.98538E-04 
  3377  -1.99011E-03  7.36279E-04 -5.84682E-04 
  3378  -2.16250E-03  7.70554E-04 -5.65469E-04 
  3379  -1.88147E-03  8.24821E-04 -5.40394E-04 
  3380  -2.03773E-03  8.66814E-04 -5.22338E-04 
  3381  -1.76437E-03  9.05643E-04 -4.84170E-04 
  3382  -1.90034E-03  9.54575E-04 -4.67676E-04 
  3383  -1.64097E-03  9.76638E-04 -4.17140E-04 
  3384  -1.75335E-03  1.02999E-03 -4.03322E-04 
  3385  -2.19320E-03  5.95327E-04 -1.01079E-03 
  3386  -2.47726E-03  6.26150E-04 -9.81122E-04 
  3387  -2.10621E-03  7.05168E-04 -9.71085E-04 
  3388  -2.37756E-03  7.45336E-04 -9.42232E-04 
  3389  -2.00699E-03  8.09682E-04 -9.19766E-04 
  3390  -2.26183E-03  8.61366E-04 -8.92041E-04 
  3391  -1.89689E-03  9.07953E-04 -8.50976E-04 
  3392  -2.13034E-03  9.72481E-04 -8.25130E-04 
  3393  -1.77686E-03  9.98191E-04 -7.59093E-04 
  3394  -1.98334E-03  1.07502E-03 -7.36010E-04 
  3395  -1.64798E-03  1.07730E-03 -6.43292E-04 
  3396  -1.82232E-03  1.16292E-03 -6.24738E-04 
  3397  -2.23976E-03  6.57392E-04 -1.60017E-03 
  3398  -2.56691E-03  7.00200E-04 -1.55992E-03 
  3399  -2.15081E-03  7.78445E-04 -1.53973E-03 
  3400  -2.46461E-03  8.34534E-04 -1.50045E-03 

 Rigid Airport Pavement
                   FAASR3D (version 1.0 ) compiled 04/15/19
 n o d a l   p r i n t   o u t   f o r   t i m e   s t e p     1  ( at time  1.0000E+00 )
   node     x-disp       y-disp       z-disp
  3401  -2.05056E-03  8.93603E-04 -1.46407E-03 
  3402  -2.34582E-03  9.67028E-04 -1.42647E-03 
  3403  -1.94042E-03  1.00297E-03 -1.36292E-03 
  3404  -2.21015E-03  1.09661E-03 -1.32810E-03 
  3405  -1.81926E-03  1.10657E-03 -1.22080E-03 
  3406  -2.05639E-03  1.21905E-03 -1.19005E-03 
  3407  -1.68149E-03  1.20031E-03 -1.02601E-03 
  3408  -1.88291E-03  1.32477E-03 -1.00243E-03 
  3409   0.00000E+00  0.00000E+00  0.00000E+00 
  3410   0.00000E+00  0.00000E+00  0.00000E+00 
  3411   0.00000E+00  0.00000E+00  0.00000E+00 
  3412   0.00000E+00  0.00000E+00  0.00000E+00 
  3413   0.00000E+00  0.00000E+00  0.00000E+00 
  3414   0.00000E+00  0.00000E+00  0.00000E+00 
  3415   0.00000E+00  0.00000E+00  0.00000E+00 
  3416   0.00000E+00  0.00000E+00  0.00000E+00 
  3417   0.00000E+00  0.00000E+00  0.00000E+00 
  3418   0.00000E+00  0.00000E+00  0.00000E+00 
  3419   0.00000E+00  0.00000E+00  0.00000E+00 
  3420   0.00000E+00  0.00000E+00  0.00000E+00 
  3421   0.00000E+00  0.00000E+00  0.00000E+00 
  3422   0.00000E+00  0.00000E+00  0.00000E+00 
  3423   0.00000E+00  0.00000E+00  0.00000E+00 
  3424   0.00000E+00  0.00000E+00  0.00000E+00 
  3425   0.00000E+00  0.00000E+00  0.00000E+00 
  3426   0.00000E+00  0.00000E+00  0.00000E+00 
  3427   0.00000E+00  0.00000E+00  0.00000E+00 
  3428   0.00000E+00  0.00000E+00  0.00000E+00 
  3429   0.00000E+00  0.00000E+00  0.00000E+00 
  3430   0.00000E+00  0.00000E+00  0.00000E+00 
  3431   0.00000E+00  0.00000E+00  0.00000E+00 
  3432   0.00000E+00  0.00000E+00  0.00000E+00 
  3433   0.00000E+00  0.00000E+00  0.00000E+00 
  3434   0.00000E+00  0.00000E+00  0.00000E+00 
  3435   0.00000E+00  0.00000E+00  0.00000E+00 
  3436   0.00000E+00  0.00000E+00  0.00000E+00 
  3437   0.00000E+00  0.00000E+00  0.00000E+00 
  3438   0.00000E+00  0.00000E+00  0.00000E+00 
  3439   0.00000E+00  0.00000E+00  0.00000E+00 
  3440   0.00000E+00  0.00000E+00  0.00000E+00 
  3441   0.00000E+00  0.00000E+00  0.00000E+00 
  3442   0.00000E+00  0.00000E+00  0.00000E+00 
  3443   0.00000E+00  0.00000E+00  0.00000E+00 
  3444   0.00000E+00  0.00000E+00  0.00000E+00 
  3445   0.00000E+00  0.00000E+00  0.00000E+00 
  3446   0.00000E+00  0.00000E+00  0.00000E+00 
  3447   0.00000E+00  0.00000E+00  0.00000E+00 
  3448   0.00000E+00  0.00000E+00  0.00000E+00 
  3449   0.00000E+00  0.00000E+00  0.00000E+00 
  3450   0.00000E+00  0.00000E+00  0.00000E+00 

 Rigid Airport Pavement
                   FAASR3D (version 1.0 ) compiled 04/15/19
 n o d a l   p r i n t   o u t   f o r   t i m e   s t e p     1  ( at time  1.0000E+00 )
   node     x-disp       y-disp       z-disp
  3451   0.00000E+00  0.00000E+00  0.00000E+00 
  3452   0.00000E+00  0.00000E+00  0.00000E+00 
  3453   0.00000E+00  0.00000E+00  0.00000E+00 
  3454   0.00000E+00  0.00000E+00  0.00000E+00 
  3455   0.00000E+00  0.00000E+00  0.00000E+00 
  3456   0.00000E+00  0.00000E+00  0.00000E+00 
  3457   0.00000E+00  0.00000E+00  0.00000E+00 
  3458   0.00000E+00  0.00000E+00  0.00000E+00 
  3459   0.00000E+00  0.00000E+00  0.00000E+00 
  3460   0.00000E+00  0.00000E+00  0.00000E+00 
  3461   0.00000E+00  0.00000E+00  0.00000E+00 
  3462   0.00000E+00  0.00000E+00  0.00000E+00 
  3463  -1.55416E-03  9.73917E-04 -6.99119E-04 
  3464  -1.52013E-03  9.84733E-04 -6.93707E-04 
  3465  -1.37043E-03  1.04100E-03 -6.52039E-04 
  3466  -1.34354E-03  1.03753E-03 -6.47223E-04 
  3467  -1.25972E-03  1.10586E-03 -6.88948E-04 
  3468  -1.23689E-03  1.09159E-03 -6.83618E-04 
  3469  -1.24152E-03  1.16564E-03 -8.34259E-04 
  3470  -1.21839E-03  1.13292E-03 -8.30728E-04 
  3471  -1.26132E-03  1.18990E-03 -1.04518E-03 
  3472  -1.23686E-03  1.15746E-03 -1.04381E-03 
  3473  -1.56248E-03  9.03893E-04 -5.75987E-04 
  3474  -1.51968E-03  9.12864E-04 -5.66098E-04 
  3475  -1.37879E-03  9.92021E-04 -5.49151E-04 
  3476  -1.34137E-03  9.87252E-04 -5.39384E-04 
  3477  -1.26919E-03  1.08597E-03 -5.98039E-04 
  3478  -1.23514E-03  1.07110E-03 -5.87668E-04 
  3479  -1.24620E-03  1.16768E-03 -7.43020E-04 
  3480  -1.21216E-03  1.13525E-03 -7.36055E-04 
  3481  -1.26352E-03  1.19534E-03 -9.50086E-04 
  3482  -1.22840E-03  1.16419E-03 -9.47183E-04 
  3483  -1.54098E-03  8.81099E-04 -4.44074E-04 
  3484  -1.50556E-03  8.87849E-04 -4.26423E-04 
  3485  -1.36123E-03  9.79755E-04 -4.31706E-04 
  3486  -1.32856E-03  9.73516E-04 -4.14555E-04 
  3487  -1.25284E-03  1.08370E-03 -4.89223E-04 
  3488  -1.22201E-03  1.06793E-03 -4.71522E-04 
  3489  -1.22529E-03  1.17101E-03 -6.36117E-04 
  3490  -1.19523E-03  1.13881E-03 -6.23143E-04 
  3491  -1.24427E-03  1.19407E-03 -8.38338E-04 
  3492  -1.21385E-03  1.16504E-03 -8.31481E-04 
  3493  -1.49498E-03  8.88894E-04 -3.43670E-04 
  3494  -1.46785E-03  8.95216E-04 -3.21802E-04 
  3495  -1.32119E-03  9.92198E-04 -3.36070E-04 
  3496  -1.29327E-03  9.85777E-04 -3.15069E-04 
  3497  -1.21399E-03  1.09898E-03 -3.96440E-04 
  3498  -1.18573E-03  1.08287E-03 -3.75068E-04 
  3499  -1.18282E-03  1.18532E-03 -5.44972E-04 
  3500  -1.15481E-03  1.15281E-03 -5.28918E-04 

 Rigid Airport Pavement
                   FAASR3D (version 1.0 ) compiled 04/15/19
 n o d a l   p r i n t   o u t   f o r   t i m e   s t e p     1  ( at time  1.0000E+00 )
   node     x-disp       y-disp       z-disp
  3501  -1.20969E-03  1.20341E-03 -7.44805E-04 
  3502  -1.18183E-03  1.17557E-03 -7.36146E-04 
  3503  -1.43553E-03  9.18338E-04 -2.91261E-04 
  3504  -1.42732E-03  9.26746E-04 -2.68555E-04 
  3505  -1.26939E-03  1.02459E-03 -2.75570E-04 
  3506  -1.25528E-03  1.01963E-03 -2.54243E-04 
  3507  -1.16350E-03  1.13197E-03 -3.31971E-04 
  3508  -1.14636E-03  1.11613E-03 -3.10647E-04 
  3509  -1.12948E-03  1.21674E-03 -4.81306E-04 
  3510  -1.11237E-03  1.18381E-03 -4.65779E-04 
  3511  -1.16931E-03  1.23448E-03 -6.84859E-04 
  3512  -1.15377E-03  1.20569E-03 -6.77435E-04 
  3513  -1.37305E-03  9.62586E-04 -2.90658E-04 
  3514  -1.38198E-03  9.76629E-04 -2.66285E-04 
  3515  -1.21746E-03  1.07294E-03 -2.49651E-04 
  3516  -1.21372E-03  1.07167E-03 -2.27467E-04 
  3517  -1.11399E-03  1.18280E-03 -2.93711E-04 
  3518  -1.10392E-03  1.16797E-03 -2.72111E-04 
  3519  -1.07927E-03  1.26833E-03 -4.43238E-04 
  3520  -1.06876E-03  1.23462E-03 -4.27857E-04 
  3521  -1.13547E-03  1.28815E-03 -6.56306E-04 
  3522  -1.12755E-03  1.25700E-03 -6.49246E-04 
  3523  -1.30318E-03  1.01529E-03 -3.46351E-04 
  3524  -1.33277E-03  1.04004E-03 -3.20055E-04 
  3525  -1.16280E-03  1.13364E-03 -2.55471E-04 
  3526  -1.17032E-03  1.13896E-03 -2.32161E-04 
  3527  -1.06368E-03  1.25053E-03 -2.76554E-04 
  3528  -1.06077E-03  1.23755E-03 -2.54521E-04 
  3529  -1.03032E-03  1.33998E-03 -4.25304E-04 
  3530  -1.02633E-03  1.30513E-03 -4.10029E-04 
  3531  -1.10374E-03  1.36193E-03 -6.52022E-04 
  3532  -1.10306E-03  1.32780E-03 -6.45133E-04 
  3533  -1.22779E-03  1.07036E-03 -4.66400E-04 
  3534  -1.27932E-03  1.11325E-03 -4.38398E-04 
  3535  -1.10660E-03  1.20337E-03 -2.91587E-04 
  3536  -1.12392E-03  1.21866E-03 -2.66375E-04 
  3537  -1.01299E-03  1.33317E-03 -2.77460E-04 
  3538  -1.01574E-03  1.32289E-03 -2.54225E-04 
  3539  -9.82638E-04  1.42937E-03 -4.24197E-04 
  3540  -9.83566E-04  1.39317E-03 -4.08482E-04 
  3541  -1.07220E-03  1.45336E-03 -6.67638E-04 
  3542  -1.07703E-03  1.41562E-03 -6.60317E-04 
  3543  -1.15037E-03  1.12296E-03 -6.56095E-04 
  3544  -1.22416E-03  1.19521E-03 -6.26371E-04 
  3545  -1.04920E-03  1.28058E-03 -3.51625E-04 
  3546  -1.07426E-03  1.30856E-03 -3.24359E-04 
  3547  -9.59899E-04  1.42708E-03 -2.92640E-04 
  3548  -9.67561E-04  1.42059E-03 -2.67773E-04 
  3549  -9.34493E-04  1.53296E-03 -4.35402E-04 
  3550  -9.39331E-04  1.49509E-03 -4.18866E-04 

 Rigid Airport Pavement
                   FAASR3D (version 1.0 ) compiled 04/15/19
 n o d a l   p r i n t   o u t   f o r   t i m e   s t e p     1  ( at time  1.0000E+00 )
   node     x-disp       y-disp       z-disp
  3551  -1.03775E-03  1.55941E-03 -6.98010E-04 
  3552  -1.04681E-03  1.51798E-03 -6.89933E-04 
  3553  -1.45155E-03  9.85304E-04 -6.95263E-04 
  3554  -1.45791E-03  9.74653E-04 -7.13215E-04 
  3555  -1.28719E-03  1.02477E-03 -6.52034E-04 
  3556  -1.30062E-03  9.94932E-04 -6.70781E-04 
  3557  -1.18771E-03  1.04176E-03 -6.82812E-04 
  3558  -1.21230E-03  9.97205E-04 -6.98981E-04 
  3559  -1.16767E-03  1.09929E-03 -8.30771E-04 
  3560  -1.19230E-03  1.02374E-03 -8.27311E-04 
  3561  -1.18174E-03  1.09197E-03 -1.05870E-03 
  3562  -1.23191E-03  1.13350E-03 -1.08719E-03 
  3563  -1.47130E-03  9.15144E-04 -5.46525E-04 
  3564  -1.39803E-03  9.07199E-04 -5.06123E-04 
  3565  -1.29980E-03  9.76057E-04 -5.23157E-04 
  3566  -1.23434E-03  9.48964E-04 -4.86494E-04 
  3567  -1.19917E-03  1.02198E-03 -5.66756E-04 
  3568  -1.14052E-03  9.77328E-04 -5.28739E-04 
  3569  -1.17729E-03  1.09938E-03 -7.17598E-04 
  3570  -1.12067E-03  1.02542E-03 -6.60602E-04 
  3571  -1.19707E-03  1.10841E-03 -9.47018E-04 
  3572  -1.15012E-03  1.14088E-03 -9.19887E-04 
  3573  -1.43996E-03  8.89518E-04 -3.92362E-04 
  3574  -1.37328E-03  8.83552E-04 -3.66975E-04 
  3575  -1.26608E-03  9.61413E-04 -3.83802E-04 
  3576  -1.20101E-03  9.34944E-04 -3.59662E-04 
  3577  -1.16227E-03  1.01844E-03 -4.35977E-04 
  3578  -1.09962E-03  9.73474E-04 -4.09667E-04 
  3579  -1.13660E-03  1.10161E-03 -5.90685E-04 
  3580  -1.07539E-03  1.02609E-03 -5.45172E-04 
  3581  -1.15724E-03  1.11407E-03 -8.18727E-04 
  3582  -1.10185E-03  1.14539E-03 -8.05011E-04 
  3583  -1.42218E-03  8.98676E-04 -2.91561E-04 
  3584  -1.37256E-03  8.96545E-04 -2.72875E-04 
  3585  -1.24330E-03  9.74689E-04 -2.87566E-04 
  3586  -1.18773E-03  9.50342E-04 -2.68961E-04 
  3587  -1.13393E-03  1.03332E-03 -3.42806E-04 
  3588  -1.07583E-03  9.88366E-04 -3.21727E-04 
  3589  -1.10334E-03  1.11417E-03 -5.00354E-04 
  3590  -1.04558E-03  1.03743E-03 -4.60048E-04 
  3591  -1.13156E-03  1.12700E-03 -7.29726E-04 
  3592  -1.07720E-03  1.15513E-03 -7.22749E-04 
  3593  -1.40999E-03  9.36452E-04 -2.37578E-04 
  3594  -1.38801E-03  9.42444E-04 -2.24034E-04 
  3595  -1.22379E-03  1.01261E-03 -2.26395E-04 
  3596  -1.18573E-03  9.93376E-04 -2.12382E-04 
  3597  -1.10733E-03  1.06782E-03 -2.78526E-04 
  3598  -1.06064E-03  1.02441E-03 -2.61903E-04 
  3599  -1.07239E-03  1.14380E-03 -4.37810E-04 
  3600  -1.02403E-03  1.06539E-03 -4.01893E-04 

 Rigid Airport Pavement
                   FAASR3D (version 1.0 ) compiled 04/15/19
 n o d a l   p r i n t   o u t   f o r   t i m e   s t e p     1  ( at time  1.0000E+00 )
   node     x-disp       y-disp       z-disp
  3601  -1.11449E-03  1.15502E-03 -6.72751E-04 
  3602  -1.06713E-03  1.17893E-03 -6.70846E-04 
  3603  -1.40005E-03  9.99016E-04 -2.34331E-04 
  3604  -1.41319E-03  1.01939E-03 -2.22705E-04 
  3605  -1.20458E-03  1.07308E-03 -1.99504E-04 
  3606  -1.18858E-03  1.06321E-03 -1.87728E-04 
  3607  -1.08031E-03  1.12254E-03 -2.40496E-04 
  3608  -1.04828E-03  1.08260E-03 -2.26228E-04 
  3609  -1.04231E-03  1.19309E-03 -4.00646E-04 
  3610  -1.00573E-03  1.11293E-03 -3.66623E-04 
  3611  -1.10149E-03  1.20219E-03 -6.45631E-04 
  3612  -1.06401E-03  1.22080E-03 -6.45735E-04 
  3613  -1.38935E-03  1.08373E-03 -2.86100E-04 
  3614  -1.44180E-03  1.12679E-03 -2.74174E-04 
  3615  -1.18326E-03  1.15437E-03 -2.03475E-04 
  3616  -1.19089E-03  1.15917E-03 -1.92917E-04 
  3617  -1.05122E-03  1.19684E-03 -2.22951E-04 
  3618  -1.03456E-03  1.16268E-03 -2.10352E-04 
  3619  -1.01161E-03  1.26216E-03 -3.83061E-04 
  3620  -9.86903E-04  1.18032E-03 -3.49792E-04 
  3621  -1.08845E-03  1.26788E-03 -6.41896E-04 
  3622  -1.06149E-03  1.28144E-03 -6.42839E-04 
  3623  -1.37525E-03  1.18964E-03 -4.01744E-04 
  3624  -1.46644E-03  1.26466E-03 -3.86730E-04 
  3625  -1.15777E-03  1.25447E-03 -2.35913E-04 
  3626  -1.18759E-03  1.28016E-03 -2.25409E-04 
  3627  -1.01889E-03  1.28883E-03 -2.21656E-04 
  3628  -1.01621E-03  1.26298E-03 -2.10011E-04 
  3629  -9.78960E-04  1.34916E-03 -3.80839E-04 
  3630  -9.64602E-04  1.26587E-03 -3.47172E-04 
  3631  -1.07221E-03  1.34997E-03 -6.56550E-04 
  3632  -1.05463E-03  1.35934E-03 -6.57400E-04 
  3633  -1.35440E-03  1.31921E-03 -5.88173E-04 
  3634  -1.47710E-03  1.43302E-03 -5.68118E-04 
  3635  -1.12483E-03  1.37049E-03 -2.91709E-04 
  3636  -1.17352E-03  1.42407E-03 -2.80454E-04 
  3637  -9.81124E-04  1.39497E-03 -2.33096E-04 
  3638  -9.90285E-04  1.38029E-03 -2.21495E-04 
  3639  -9.42716E-04  1.45072E-03 -3.90035E-04 
  3640  -9.36602E-04  1.36619E-03 -3.55221E-04 
  3641  -1.04984E-03  1.44598E-03 -6.84964E-04 
  3642  -1.03986E-03  1.45223E-03 -6.85224E-04 
  3643   0.00000E+00  0.00000E+00  0.00000E+00 
  3644   0.00000E+00  0.00000E+00  0.00000E+00 
  3645   0.00000E+00  0.00000E+00  0.00000E+00 
  3646   0.00000E+00  0.00000E+00  0.00000E+00 
  3647   0.00000E+00  0.00000E+00  0.00000E+00 
  3648   0.00000E+00  0.00000E+00  0.00000E+00 
  3649   0.00000E+00  0.00000E+00  0.00000E+00 
  3650   0.00000E+00  0.00000E+00  0.00000E+00 

 Rigid Airport Pavement
                   FAASR3D (version 1.0 ) compiled 04/15/19
 n o d a l   p r i n t   o u t   f o r   t i m e   s t e p     1  ( at time  1.0000E+00 )
   node     x-disp       y-disp       z-disp
  3651   0.00000E+00  0.00000E+00  0.00000E+00 
  3652   0.00000E+00  0.00000E+00  0.00000E+00 
  3653   0.00000E+00  0.00000E+00  0.00000E+00 
  3654   0.00000E+00  0.00000E+00  0.00000E+00 
  3655   0.00000E+00  0.00000E+00  0.00000E+00 
  3656   0.00000E+00  0.00000E+00  0.00000E+00 
  3657   0.00000E+00  0.00000E+00  0.00000E+00 
  3658   0.00000E+00  0.00000E+00  0.00000E+00 
  3659   0.00000E+00  0.00000E+00  0.00000E+00 
  3660   0.00000E+00  0.00000E+00  0.00000E+00 
  3661   0.00000E+00  0.00000E+00  0.00000E+00 
  3662   0.00000E+00  0.00000E+00  0.00000E+00 
  3663   0.00000E+00  0.00000E+00  0.00000E+00 
  3664   0.00000E+00  0.00000E+00  0.00000E+00 
  3665   0.00000E+00  0.00000E+00  0.00000E+00 
  3666   0.00000E+00  0.00000E+00  0.00000E+00 
  3667   0.00000E+00  0.00000E+00  0.00000E+00 
  3668   0.00000E+00  0.00000E+00  0.00000E+00 
  3669   0.00000E+00  0.00000E+00  0.00000E+00 
  3670   0.00000E+00  0.00000E+00  0.00000E+00 
  3671   0.00000E+00  0.00000E+00  0.00000E+00 
  3672   0.00000E+00  0.00000E+00  0.00000E+00 
  3673   0.00000E+00  0.00000E+00  0.00000E+00 
  3674   0.00000E+00  0.00000E+00  0.00000E+00 
  3675   0.00000E+00  0.00000E+00  0.00000E+00 
  3676   0.00000E+00  0.00000E+00  0.00000E+00 
  3677   0.00000E+00  0.00000E+00  0.00000E+00 
  3678   0.00000E+00  0.00000E+00  0.00000E+00 
  3679   0.00000E+00  0.00000E+00  0.00000E+00 
  3680   0.00000E+00  0.00000E+00  0.00000E+00 
  3681   0.00000E+00  0.00000E+00  0.00000E+00 
  3682   0.00000E+00  0.00000E+00  0.00000E+00 
  3683   0.00000E+00  0.00000E+00  0.00000E+00 
  3684   0.00000E+00  0.00000E+00  0.00000E+00 
  3685   0.00000E+00  0.00000E+00  0.00000E+00 
  3686   0.00000E+00  0.00000E+00  0.00000E+00 
  3687   0.00000E+00  0.00000E+00  0.00000E+00 
  3688  -1.69617E-03  0.00000E+00 -2.25748E-03 
  3689  -2.00259E-03  0.00000E+00 -2.21864E-03 
  3690  -1.69340E-03  8.43568E-05 -2.25394E-03 
  3691  -1.99933E-03  8.80238E-05 -2.21510E-03 
  3692  -1.68523E-03  1.68579E-04 -2.24334E-03 
  3693  -1.98956E-03  1.75837E-04 -2.20457E-03 
  3694  -1.67162E-03  2.52538E-04 -2.22592E-03 
  3695  -1.97338E-03  2.63223E-04 -2.18732E-03 
  3696  -1.65248E-03  3.35996E-04 -2.20208E-03 
  3697  -1.95085E-03  3.49935E-04 -2.16372E-03 
  3698  -1.62798E-03  4.18457E-04 -2.17207E-03 
  3699  -1.92208E-03  4.35679E-04 -2.13411E-03 
  3700  -1.59826E-03  4.99372E-04 -2.13580E-03 

 Rigid Airport Pavement
                   FAASR3D (version 1.0 ) compiled 04/15/19
 n o d a l   p r i n t   o u t   f o r   t i m e   s t e p     1  ( at time  1.0000E+00 )
   node     x-disp       y-disp       z-disp
  3701  -1.88728E-03  5.19798E-04 -2.09865E-03 
  3702  -1.58214E-03  0.00000E+00 -2.82598E-03 
  3703  -2.01660E-03  0.00000E+00 -2.74772E-03 
  3704  -1.57973E-03  8.71628E-05 -2.82131E-03 
  3705  -2.01317E-03  9.19947E-05 -2.74332E-03 
  3706  -1.57228E-03  1.74396E-04 -2.80743E-03 
  3707  -2.00316E-03  1.83672E-04 -2.72987E-03 
  3708  -1.55962E-03  2.61325E-04 -2.78502E-03 
  3709  -1.98662E-03  2.74918E-04 -2.70796E-03 
  3710  -1.54198E-03  3.47776E-04 -2.75436E-03 
  3711  -1.96369E-03  3.65454E-04 -2.67826E-03 
  3712  -1.51887E-03  4.33655E-04 -2.71650E-03 
  3713  -1.93439E-03  4.55047E-04 -2.64128E-03 
  3714  -1.49061E-03  5.17458E-04 -2.67055E-03 
  3715  -1.89914E-03  5.43208E-04 -2.59680E-03 
  3716  -1.47408E-03  0.00000E+00 -3.53511E-03 
  3717  -2.15193E-03  0.00000E+00 -3.62161E-03 
  3718  -1.47225E-03  8.98048E-05 -3.52958E-03 
  3719  -2.14687E-03  9.64966E-05 -3.61447E-03 
  3720  -1.46527E-03  1.80017E-04 -3.51112E-03 
  3721  -2.13594E-03  1.92079E-04 -3.59529E-03 
  3722  -1.45364E-03  2.69794E-04 -3.48222E-03 
  3723  -2.11777E-03  2.87564E-04 -3.56538E-03 
  3724  -1.43712E-03  3.59354E-04 -3.44282E-03 
  3725  -2.09247E-03  3.82330E-04 -3.52390E-03 
  3726  -1.41599E-03  4.48430E-04 -3.39526E-03 
  3727  -2.06022E-03  4.75405E-04 -3.47443E-03 
  3728  -1.38866E-03  5.35037E-04 -3.33695E-03 
  3729  -2.02376E-03  5.68360E-04 -3.41636E-03 
  3730  -1.46913E-03  0.00000E+00 -5.53194E-03 
  3731  -2.03778E-03  0.00000E+00 -5.00764E-03 
  3732  -1.46700E-03  9.22106E-05 -5.50408E-03 
  3733  -2.03337E-03  1.02525E-04 -4.99062E-03 
  3734  -1.45988E-03  1.85498E-04 -5.47673E-03 
  3735  -2.02322E-03  2.01373E-04 -4.96347E-03 
  3736  -1.44798E-03  2.78031E-04 -5.42751E-03 
  3737  -2.00625E-03  3.02015E-04 -4.92046E-03 
  3738  -1.43127E-03  3.70476E-04 -5.36004E-03 
  3739  -1.98250E-03  4.02261E-04 -4.85940E-03 
  3740  -1.40985E-03  4.63180E-04 -5.26996E-03 
  3741  -1.95191E-03  4.97157E-04 -4.78501E-03 
  3742  -1.38364E-03  5.52061E-04 -5.20881E-03 
  3743  -1.91529E-03  5.96833E-04 -4.71393E-03 
  3744  -2.51264E-03  0.00000E+00 -2.18062E-03 
  3745  -2.83813E-03  0.00000E+00 -2.13551E-03 
  3746  -2.50851E-03  9.48357E-05 -2.17710E-03 
  3747  -2.83365E-03  1.00754E-04 -2.13201E-03 
  3748  -2.49625E-03  1.89329E-04 -2.16660E-03 
  3749  -2.82025E-03  2.01217E-04 -2.12163E-03 
  3750  -2.47604E-03  2.83259E-04 -2.14941E-03 

 Rigid Airport Pavement
                   FAASR3D (version 1.0 ) compiled 04/15/19
 n o d a l   p r i n t   o u t   f o r   t i m e   s t e p     1  ( at time  1.0000E+00 )
   node     x-disp       y-disp       z-disp
  3751  -2.79806E-03  3.01137E-04 -2.10467E-03 
  3752  -2.44802E-03  3.76402E-04 -2.12594E-03 
  3753  -2.76725E-03  4.00314E-04 -2.08145E-03 
  3754  -2.41244E-03  4.68573E-04 -2.09649E-03 
  3755  -2.72802E-03  4.98594E-04 -2.05236E-03 
  3756  -2.36940E-03  5.59490E-04 -2.06153E-03 
  3757  -2.68062E-03  5.95893E-04 -2.01768E-03 
  3758  -2.61043E-03  0.00000E+00 -2.75075E-03 
  3759  -2.84201E-03  0.00000E+00 -2.64728E-03 
  3760  -2.60587E-03  1.00132E-04 -2.74601E-03 
  3761  -2.83753E-03  1.06439E-04 -2.64283E-03 
  3762  -2.59282E-03  1.99726E-04 -2.73230E-03 
  3763  -2.82417E-03  2.12542E-04 -2.62968E-03 
  3764  -2.57156E-03  2.98665E-04 -2.71003E-03 
  3765  -2.80205E-03  3.18034E-04 -2.60825E-03 
  3766  -2.54201E-03  3.96760E-04 -2.67973E-03 
  3767  -2.77135E-03  4.22707E-04 -2.57902E-03 
  3768  -2.50475E-03  4.93800E-04 -2.64204E-03 
  3769  -2.73228E-03  5.26410E-04 -2.54247E-03 
  3770  -2.45970E-03  5.89938E-04 -2.59743E-03 
  3771  -2.68508E-03  6.29059E-04 -2.49896E-03 
  3772  -2.64800E-03  0.00000E+00 -3.49796E-03 
  3773  -2.81100E-03  0.00000E+00 -3.20519E-03 
  3774  -2.64312E-03  1.05981E-04 -3.49141E-03 
  3775  -2.80661E-03  1.12232E-04 -3.19972E-03 
  3776  -2.62984E-03  2.11134E-04 -3.47315E-03 
  3777  -2.79349E-03  2.24084E-04 -3.18355E-03 
  3778  -2.60811E-03  3.15489E-04 -3.44397E-03 
  3779  -2.77177E-03  3.35251E-04 -3.15727E-03 
  3780  -2.57801E-03  4.18714E-04 -3.40427E-03 
  3781  -2.74162E-03  4.45519E-04 -3.12150E-03 
  3782  -2.53979E-03  5.21083E-04 -3.35570E-03 
  3783  -2.70326E-03  5.54738E-04 -3.07682E-03 
  3784  -2.49406E-03  6.23125E-04 -3.29807E-03 
  3785  -2.65694E-03  6.62806E-04 -3.02367E-03 
  3786  -2.52762E-03  0.00000E+00 -4.25229E-03 
  3787  -2.74128E-03  0.00000E+00 -3.75570E-03 
  3788  -2.52315E-03  1.12071E-04 -4.24398E-03 
  3789  -2.73704E-03  1.17984E-04 -3.74926E-03 
  3790  -2.51075E-03  2.22768E-04 -4.22130E-03 
  3791  -2.72438E-03  2.35558E-04 -3.73021E-03 
  3792  -2.49035E-03  3.32723E-04 -4.18522E-03 
  3793  -2.70343E-03  3.52373E-04 -3.69925E-03 
  3794  -2.46195E-03  4.41419E-04 -4.13636E-03 
  3795  -2.67433E-03  4.68209E-04 -3.65717E-03 
  3796  -2.42569E-03  5.48944E-04 -4.07632E-03 
  3797  -2.63729E-03  5.82906E-04 -3.60464E-03 
  3798  -2.38186E-03  6.57135E-04 -4.00610E-03 
  3799  -2.59258E-03  6.96337E-04 -3.54221E-03 
  3800   0.00000E+00  0.00000E+00  0.00000E+00 

 Rigid Airport Pavement
                   FAASR3D (version 1.0 ) compiled 04/15/19
 n o d a l   p r i n t   o u t   f o r   t i m e   s t e p     1  ( at time  1.0000E+00 )
   node     x-disp       y-disp       z-disp
  3801   0.00000E+00  0.00000E+00  0.00000E+00 
  3802   0.00000E+00  0.00000E+00  0.00000E+00 
  3803   0.00000E+00  0.00000E+00  0.00000E+00 
  3804   0.00000E+00  0.00000E+00  0.00000E+00 
  3805   0.00000E+00  0.00000E+00  0.00000E+00 
  3806   0.00000E+00  0.00000E+00  0.00000E+00 
  3807   0.00000E+00  0.00000E+00  0.00000E+00 
  3808   0.00000E+00  0.00000E+00  0.00000E+00 
  3809   0.00000E+00  0.00000E+00  0.00000E+00 
  3810   0.00000E+00  0.00000E+00  0.00000E+00 
  3811   0.00000E+00  0.00000E+00  0.00000E+00 
  3812   0.00000E+00  0.00000E+00  0.00000E+00 
  3813   0.00000E+00  0.00000E+00  0.00000E+00 
  3814   0.00000E+00  0.00000E+00  0.00000E+00 
  3815   0.00000E+00  0.00000E+00  0.00000E+00 
  3816   0.00000E+00  0.00000E+00  0.00000E+00 
  3817   0.00000E+00  0.00000E+00  0.00000E+00 
  3818   0.00000E+00  0.00000E+00  0.00000E+00 
  3819   0.00000E+00  0.00000E+00  0.00000E+00 
  3820   0.00000E+00  0.00000E+00  0.00000E+00 
  3821   0.00000E+00  0.00000E+00  0.00000E+00 
  3822   0.00000E+00  0.00000E+00  0.00000E+00 
  3823   0.00000E+00  0.00000E+00  0.00000E+00 
  3824   0.00000E+00  0.00000E+00  0.00000E+00 
  3825   0.00000E+00  0.00000E+00  0.00000E+00 
  3826   0.00000E+00  0.00000E+00  0.00000E+00 
  3827   0.00000E+00  0.00000E+00  0.00000E+00 
  3828  -1.54473E-03  6.15852E-04 -2.07110E-03 
  3829  -1.82457E-03  6.41201E-04 -2.03528E-03 
  3830  -1.48207E-03  7.23047E-04 -1.99210E-03 
  3831  -1.75157E-03  7.54203E-04 -1.95872E-03 
  3832  -1.41367E-03  8.16829E-04 -1.89410E-03 
  3833  -1.67167E-03  8.56034E-04 -1.86400E-03 
  3834  -1.34277E-03  8.96435E-04 -1.76627E-03 
  3835  -1.58835E-03  9.47124E-04 -1.73992E-03 
  3836  -1.27471E-03  9.58895E-04 -1.58924E-03 
  3837  -1.50200E-03  1.03009E-03 -1.56672E-03 
  3838  -1.21003E-03  1.01127E-03 -1.34080E-03 
  3839  -1.40790E-03  1.10649E-03 -1.31664E-03 
  3840  -1.44136E-03  6.37953E-04 -2.58772E-03 
  3841  -1.83460E-03  6.70185E-04 -2.51737E-03 
  3842  -1.38291E-03  7.49165E-04 -2.48871E-03 
  3843  -1.76032E-03  7.87041E-04 -2.42330E-03 
  3844  -1.31826E-03  8.44472E-04 -2.37092E-03 
  3845  -1.67993E-03  8.90434E-04 -2.31080E-03 
  3846  -1.25076E-03  9.23726E-04 -2.22282E-03 
  3847  -1.59976E-03  9.81417E-04 -2.16719E-03 
  3848  -1.17943E-03  9.92645E-04 -2.02993E-03 
  3849  -1.51679E-03  1.06755E-03 -1.97381E-03 
  3850  -1.11146E-03  1.02349E-03 -1.71794E-03 

 Rigid Airport Pavement
                   FAASR3D (version 1.0 ) compiled 04/15/19
 n o d a l   p r i n t   o u t   f o r   t i m e   s t e p     1  ( at time  1.0000E+00 )
   node     x-disp       y-disp       z-disp
  3851  -1.42451E-03  1.15796E-03 -1.66994E-03 
  3852  -1.34409E-03  6.59583E-04 -3.22935E-03 
  3853  -1.95013E-03  7.02266E-04 -3.30284E-03 
  3854  -1.28879E-03  7.75174E-04 -3.10534E-03 
  3855  -1.86865E-03  8.21887E-04 -3.17496E-03 
  3856  -1.22800E-03  8.71773E-04 -2.96335E-03 
  3857  -1.78290E-03  9.26380E-04 -3.03377E-03 
  3858  -1.16091E-03  9.52358E-04 -2.79632E-03 
  3859  -1.70415E-03  1.01659E-03 -2.86424E-03 
  3860  -1.09335E-03  1.02879E-03 -2.59285E-03 
  3861  -1.63632E-03  1.09123E-03 -2.68155E-03 
  3862  -9.99733E-04  1.02422E-03 -2.26605E-03 
  3863  -1.54473E-03  1.22613E-03 -2.33568E-03 
  3864  -1.33650E-03  6.80601E-04 -4.98363E-03 
  3865  -1.84823E-03  7.40617E-04 -4.53232E-03 
  3866  -1.28017E-03  8.01061E-04 -4.77756E-03 
  3867  -1.77196E-03  8.60560E-04 -4.34902E-03 
  3868  -1.21829E-03  8.98833E-04 -4.56168E-03 
  3869  -1.69126E-03  9.64806E-04 -4.16151E-03 
  3870  -1.15111E-03  9.82704E-04 -4.35727E-03 
  3871  -1.61698E-03  1.05511E-03 -3.95956E-03 
  3872  -1.08413E-03  1.06985E-03 -4.19776E-03 
  3873  -1.55405E-03  1.08565E-03 -3.82057E-03 
  3874  -9.94780E-04  1.01317E-03 -4.09987E-03 
  3875  -1.47438E-03  1.33305E-03 -3.55471E-03 
  3876  -2.29139E-03  6.92148E-04 -1.99911E-03 
  3877  -2.59472E-03  7.39911E-04 -1.95589E-03 
  3878  -2.19994E-03  8.18778E-04 -1.92492E-03 
  3879  -2.49205E-03  8.82075E-04 -1.88257E-03 
  3880  -2.09865E-03  9.38421E-04 -1.83440E-03 
  3881  -2.37296E-03  1.02317E-03 -1.79415E-03 
  3882  -1.98965E-03  1.05199E-03 -1.71547E-03 
  3883  -2.23682E-03  1.16300E-03 -1.67855E-03 
  3884  -1.87053E-03  1.16541E-03 -1.54491E-03 
  3885  -2.08180E-03  1.29765E-03 -1.51233E-03 
  3886  -1.72694E-03  1.27735E-03 -1.29877E-03 
  3887  -1.90406E-03  1.41542E-03 -1.27218E-03 
  3888  -2.37699E-03  7.29789E-04 -2.51695E-03 
  3889  -2.59960E-03  7.80946E-04 -2.42192E-03 
  3890  -2.28100E-03  8.61906E-04 -2.42393E-03 
  3891  -2.49762E-03  9.31010E-04 -2.33245E-03 
  3892  -2.17773E-03  9.84871E-04 -2.31483E-03 
  3893  -2.37950E-03  1.08073E-03 -2.22841E-03 
  3894  -2.07092E-03  1.09978E-03 -2.17786E-03 
  3895  -2.24443E-03  1.23134E-03 -2.09602E-03 
  3896  -1.95937E-03  1.22389E-03 -1.98456E-03 
  3897  -2.09013E-03  1.37968E-03 -1.90167E-03 
  3898  -1.80956E-03  1.36998E-03 -1.67650E-03 
  3899  -1.91101E-03  1.51151E-03 -1.60060E-03 
  3900  -2.40920E-03  7.70819E-04 -3.19177E-03 

 Rigid Airport Pavement
                   FAASR3D (version 1.0 ) compiled 04/15/19
 n o d a l   p r i n t   o u t   f o r   t i m e   s t e p     1  ( at time  1.0000E+00 )
   node     x-disp       y-disp       z-disp
  3901  -2.57310E-03  8.22602E-04 -2.93018E-03 
  3902  -2.31187E-03  9.08132E-04 -3.07273E-03 
  3903  -2.47317E-03  9.80551E-04 -2.82359E-03 
  3904  -2.20868E-03  1.03385E-03 -2.93949E-03 
  3905  -2.35750E-03  1.13873E-03 -2.70408E-03 
  3906  -2.10677E-03  1.14225E-03 -2.78540E-03 
  3907  -2.22524E-03  1.30029E-03 -2.55664E-03 
  3908  -2.00310E-03  1.28002E-03 -2.58366E-03 
  3909  -2.07366E-03  1.46348E-03 -2.33615E-03 
  3910  -1.86387E-03  1.48345E-03 -2.21079E-03 
  3911  -1.89656E-03  1.61119E-03 -1.97139E-03 
  3912  -2.30280E-03  8.13093E-04 -3.87370E-03 
  3913  -2.51169E-03  8.63946E-04 -3.43320E-03 
  3914  -2.21138E-03  9.54851E-04 -3.73051E-03 
  3915  -2.41525E-03  1.02969E-03 -3.31075E-03 
  3916  -2.11414E-03  1.08342E-03 -3.57381E-03 
  3917  -2.30352E-03  1.19619E-03 -3.17756E-03 
  3918  -2.01816E-03  1.18195E-03 -3.40822E-03 
  3919  -2.17561E-03  1.36869E-03 -3.01807E-03 
  3920  -1.92195E-03  1.32746E-03 -3.20023E-03 
  3921  -2.02877E-03  1.54691E-03 -2.77457E-03 
  3922  -1.79541E-03  1.60716E-03 -2.80120E-03 
  3923  -1.85656E-03  1.71100E-03 -2.34946E-03 
  3924   0.00000E+00  0.00000E+00  0.00000E+00 
  3925   0.00000E+00  0.00000E+00  0.00000E+00 
  3926   0.00000E+00  0.00000E+00  0.00000E+00 
  3927   0.00000E+00  0.00000E+00  0.00000E+00 
  3928   0.00000E+00  0.00000E+00  0.00000E+00 
  3929   0.00000E+00  0.00000E+00  0.00000E+00 
  3930   0.00000E+00  0.00000E+00  0.00000E+00 
  3931   0.00000E+00  0.00000E+00  0.00000E+00 
  3932   0.00000E+00  0.00000E+00  0.00000E+00 
  3933   0.00000E+00  0.00000E+00  0.00000E+00 
  3934   0.00000E+00  0.00000E+00  0.00000E+00 
  3935   0.00000E+00  0.00000E+00  0.00000E+00 
  3936   0.00000E+00  0.00000E+00  0.00000E+00 
  3937   0.00000E+00  0.00000E+00  0.00000E+00 
  3938   0.00000E+00  0.00000E+00  0.00000E+00 
  3939   0.00000E+00  0.00000E+00  0.00000E+00 
  3940   0.00000E+00  0.00000E+00  0.00000E+00 
  3941   0.00000E+00  0.00000E+00  0.00000E+00 
  3942   0.00000E+00  0.00000E+00  0.00000E+00 
  3943   0.00000E+00  0.00000E+00  0.00000E+00 
  3944   0.00000E+00  0.00000E+00  0.00000E+00 
  3945   0.00000E+00  0.00000E+00  0.00000E+00 
  3946   0.00000E+00  0.00000E+00  0.00000E+00 
  3947   0.00000E+00  0.00000E+00  0.00000E+00 
  3948  -1.11753E-03  1.14613E-03 -7.73834E-04 
  3949  -1.19554E-03  1.24299E-03 -7.45193E-04 
  3950  -1.01936E-03  1.32515E-03 -3.88641E-04 

 Rigid Airport Pavement
                   FAASR3D (version 1.0 ) compiled 04/15/19
 n o d a l   p r i n t   o u t   f o r   t i m e   s t e p     1  ( at time  1.0000E+00 )
   node     x-disp       y-disp       z-disp
  3951  -1.04775E-03  1.35559E-03 -3.59630E-04 
  3952  -9.31941E-04  1.47458E-03 -3.06342E-04 
  3953  -9.41724E-04  1.47307E-03 -2.80224E-04 
  3954  -9.09955E-04  1.59019E-03 -4.44698E-04 
  3955  -9.16315E-04  1.54947E-03 -4.27323E-04 
  3956  -1.01880E-03  1.61612E-03 -7.18358E-04 
  3957  -1.02928E-03  1.57425E-03 -7.09681E-04 
  3958  -1.09242E-03  1.16331E-03 -8.98820E-04 
  3959  -1.16216E-03  1.30084E-03 -8.65209E-04 
  3960  -9.87875E-04  1.37891E-03 -4.26036E-04 
  3961  -1.01999E-03  1.40057E-03 -3.98350E-04 
  3962  -9.03098E-04  1.51657E-03 -3.24167E-04 
  3963  -9.14375E-04  1.52779E-03 -2.96179E-04 
  3964  -8.85007E-04  1.65414E-03 -4.54900E-04 
  3965  -8.92652E-04  1.60551E-03 -4.36558E-04 
  3966  -9.97944E-04  1.67143E-03 -7.40709E-04 
  3967  -1.00928E-03  1.63336E-03 -7.32008E-04 
  3968  -1.08069E-03  1.17861E-03 -9.80959E-04 
  3969  -1.11971E-03  1.38183E-03 -9.50811E-04 
  3970  -9.48023E-04  1.43603E-03 -4.79849E-04 
  3971  -9.88880E-04  1.42894E-03 -4.42836E-04 
  3972  -8.76970E-04  1.55541E-03 -3.40909E-04 
  3973  -8.87155E-04  1.59168E-03 -3.15433E-04 
  3974  -8.58050E-04  1.72443E-03 -4.66937E-04 
  3975  -8.67581E-04  1.66025E-03 -4.45734E-04 
  3976  -9.75127E-04  1.72372E-03 -7.64635E-04 
  3977  -9.86758E-04  1.69557E-03 -7.57189E-04 
  3978  -1.03739E-03  1.19357E-03 -8.01035E-04 
  3979  -1.08823E-03  1.50213E-03 -9.16885E-04 
  3980  -9.18505E-04  1.49027E-03 -5.92142E-04 
  3981  -9.57792E-04  1.42802E-03 -5.14909E-04 
  3982  -8.47212E-04  1.59873E-03 -3.46833E-04 
  3983  -8.58581E-04  1.67254E-03 -3.30912E-04 
  3984  -8.30529E-04  1.79359E-03 -4.82712E-04 
  3985  -8.40553E-04  1.70786E-03 -4.56683E-04 
  3986  -9.50010E-04  1.77880E-03 -7.89797E-04 
  3987  -9.62715E-04  1.76466E-03 -7.83994E-04 
  3988  -1.33884E-03  1.40002E-03 -7.05765E-04 
  3989  -1.47366E-03  1.52784E-03 -6.85233E-04 
  3990  -1.10452E-03  1.43081E-03 -3.26244E-04 
  3991  -1.16096E-03  1.50264E-03 -3.13981E-04 
  3992  -9.59578E-04  1.45159E-03 -2.43021E-04 
  3993  -9.73770E-04  1.44350E-03 -2.30729E-04 
  3994  -9.22884E-04  1.50660E-03 -3.97920E-04 
  3995  -9.19888E-04  1.42074E-03 -3.62323E-04 
  3996  -1.03556E-03  1.49696E-03 -7.03252E-04 
  3997  -1.02877E-03  1.50213E-03 -7.02946E-04 
  3998  -1.31682E-03  1.49748E-03 -8.32843E-04 
  3999  -1.46174E-03  1.62884E-03 -8.16453E-04 
  4000  -1.08065E-03  1.48855E-03 -3.62492E-04 

 Rigid Airport Pavement
                   FAASR3D (version 1.0 ) compiled 04/15/19
 n o d a l   p r i n t   o u t   f o r   t i m e   s t e p     1  ( at time  1.0000E+00 )
   node     x-disp       y-disp       z-disp
  4001  -1.14392E-03  1.58481E-03 -3.49896E-04 
  4002  -9.36047E-04  1.51008E-03 -2.55788E-04 
  4003  -9.54553E-04  1.50901E-03 -2.41711E-04 
  4004  -9.01701E-04  1.56560E-03 -4.07156E-04 
  4005  -9.01124E-04  1.47742E-03 -3.71028E-04 
  4006  -1.01858E-03  1.54913E-03 -7.23464E-04 
  4007  -1.01472E-03  1.55454E-03 -7.22646E-04 
  4008  -1.28243E-03  1.61819E-03 -9.56122E-04 
  4009  -1.44037E-03  1.73415E-03 -9.55704E-04 
  4010  -1.05591E-03  1.53956E-03 -4.00220E-04 
  4011  -1.12198E-03  1.66940E-03 -3.87779E-04 
  4012  -9.09983E-04  1.56996E-03 -2.70677E-04 
  4013  -9.32464E-04  1.57607E-03 -2.53850E-04 
  4014  -8.79112E-04  1.62860E-03 -4.17707E-04 
  4015  -8.80226E-04  1.53589E-03 -3.81089E-04 
  4016  -9.98386E-04  1.60017E-03 -7.44891E-04 
  4017  -9.97546E-04  1.60864E-03 -7.43853E-04 
  4018  -1.25104E-03  1.75438E-03 -1.05724E-03 
  4019  -1.40946E-03  1.84054E-03 -1.09708E-03 
  4020  -1.02651E-03  1.58075E-03 -4.47250E-04 
  4021  -1.09476E-03  1.75503E-03 -4.27285E-04 
  4022  -8.83235E-04  1.63618E-03 -2.83969E-04 
  4023  -9.07548E-04  1.64427E-03 -2.66607E-04 
  4024  -8.53747E-04  1.69025E-03 -4.30282E-04 
  4025  -8.57051E-04  1.59551E-03 -3.92252E-04 
  4026  -9.76001E-04  1.65390E-03 -7.66645E-04 
  4027  -9.77137E-04  1.66388E-03 -7.66086E-04 
  4028   0.00000E+00  0.00000E+00  0.00000E+00 
  4029   0.00000E+00  0.00000E+00  0.00000E+00 
  4030   0.00000E+00  0.00000E+00  0.00000E+00 
  4031   0.00000E+00  0.00000E+00  0.00000E+00 
  4032   0.00000E+00  0.00000E+00  0.00000E+00 
  4033   0.00000E+00  0.00000E+00  0.00000E+00 
  4034   0.00000E+00  0.00000E+00  0.00000E+00 
  4035   0.00000E+00  0.00000E+00  0.00000E+00 
  4036   0.00000E+00  0.00000E+00  0.00000E+00 
  4037   0.00000E+00  0.00000E+00  0.00000E+00 
  4038   0.00000E+00  0.00000E+00  0.00000E+00 
  4039   0.00000E+00  0.00000E+00  0.00000E+00 
  4040   0.00000E+00  0.00000E+00  0.00000E+00 
  4041   0.00000E+00  0.00000E+00  0.00000E+00 
  4042   0.00000E+00  0.00000E+00  0.00000E+00 
  4043   0.00000E+00  0.00000E+00  0.00000E+00 
  4044   0.00000E+00  0.00000E+00  0.00000E+00 
  4045   0.00000E+00  0.00000E+00  0.00000E+00 
  4046   0.00000E+00  0.00000E+00  0.00000E+00 
  4047   0.00000E+00  0.00000E+00  0.00000E+00 
  4048  -1.50918E-03  0.00000E+00 -5.85257E-03 
  4049  -1.68280E-03  0.00000E+00 -5.63217E-03 
  4050  -1.50650E-03  9.65583E-05 -5.83127E-03 

 Rigid Airport Pavement
                   FAASR3D (version 1.0 ) compiled 04/15/19
 n o d a l   p r i n t   o u t   f o r   t i m e   s t e p     1  ( at time  1.0000E+00 )
   node     x-disp       y-disp       z-disp
  4051  -1.68077E-03  1.07469E-04 -5.61631E-03 
  4052  -1.49890E-03  1.94131E-04 -5.80281E-03 
  4053  -1.67287E-03  2.11882E-04 -5.58652E-03 
  4054  -1.48616E-03  2.91208E-04 -5.75312E-03 
  4055  -1.65965E-03  3.17801E-04 -5.53943E-03 
  4056  -1.46852E-03  3.88099E-04 -5.68472E-03 
  4057  -1.64110E-03  4.23144E-04 -5.47298E-03 
  4058  -1.44575E-03  4.84550E-04 -5.59713E-03 
  4059  -1.61703E-03  5.26177E-04 -5.39106E-03 
  4060  -1.41895E-03  5.79026E-04 -5.49651E-03 
  4061  -1.58574E-03  6.29517E-04 -5.29530E-03 
  4062  -1.47102E-03  0.00000E+00 -6.15673E-03 
  4063  -1.61855E-03  0.00000E+00 -5.90655E-03 
  4064  -1.46846E-03  1.01260E-04 -6.13666E-03 
  4065  -1.61608E-03  1.12217E-04 -5.89170E-03 
  4066  -1.46093E-03  2.03482E-04 -6.10771E-03 
  4067  -1.60838E-03  2.21829E-04 -5.86204E-03 
  4068  -1.44849E-03  3.05290E-04 -6.05763E-03 
  4069  -1.59558E-03  3.32699E-04 -5.81457E-03 
  4070  -1.43095E-03  4.06853E-04 -5.98866E-03 
  4071  -1.57761E-03  4.43028E-04 -5.74819E-03 
  4072  -1.40860E-03  5.08362E-04 -5.90037E-03 
  4073  -1.55472E-03  5.51470E-04 -5.66517E-03 
  4074  -1.38131E-03  6.07853E-04 -5.80358E-03 
  4075  -1.52725E-03  6.59737E-04 -5.56947E-03 
  4076  -1.39724E-03  0.00000E+00 -6.44829E-03 
  4077  -1.54424E-03  0.00000E+00 -6.21389E-03 
  4078  -1.39488E-03  1.05969E-04 -6.42840E-03 
  4079  -1.54179E-03  1.16979E-04 -6.19899E-03 
  4080  -1.38777E-03  2.12835E-04 -6.39912E-03 
  4081  -1.53440E-03  2.31506E-04 -6.16884E-03 
  4082  -1.37590E-03  3.19368E-04 -6.34854E-03 
  4083  -1.52210E-03  3.47268E-04 -6.12058E-03 
  4084  -1.35934E-03  4.25846E-04 -6.27892E-03 
  4085  -1.50493E-03  4.62567E-04 -6.05313E-03 
  4086  -1.33799E-03  5.32030E-04 -6.18991E-03 
  4087  -1.48292E-03  5.76024E-04 -5.96920E-03 
  4088  -1.31211E-03  6.36482E-04 -6.09145E-03 
  4089  -1.45614E-03  6.89121E-04 -5.87238E-03 
  4090  -1.33445E-03  0.00000E+00 -6.72121E-03 
  4091  -1.46135E-03  0.00000E+00 -6.48185E-03 
  4092  -1.33217E-03  1.10538E-04 -6.70136E-03 
  4093  -1.45901E-03  1.21690E-04 -6.46690E-03 
  4094  -1.32534E-03  2.22011E-04 -6.67170E-03 
  4095  -1.45198E-03  2.40999E-04 -6.43638E-03 
  4096  -1.31400E-03  3.33208E-04 -6.62056E-03 
  4097  -1.44030E-03  3.61568E-04 -6.38753E-03 
  4098  -1.29814E-03  4.44346E-04 -6.55019E-03 
  4099  -1.42399E-03  4.81673E-04 -6.31932E-03 
  4100  -1.27782E-03  5.55286E-04 -6.46034E-03 

 Rigid Airport Pavement
                   FAASR3D (version 1.0 ) compiled 04/15/19
 n o d a l   p r i n t   o u t   f o r   t i m e   s t e p     1  ( at time  1.0000E+00 )
   node     x-disp       y-disp       z-disp
  4101  -1.40310E-03  5.99977E-04 -6.23440E-03 
  4102  -1.25317E-03  6.64433E-04 -6.36065E-03 
  4103  -1.37775E-03  7.17856E-04 -6.13636E-03 
  4104  -1.25420E-03  0.00000E+00 -6.97015E-03 
  4105  -1.36864E-03  0.00000E+00 -6.72156E-03 
  4106  -1.25207E-03  1.14946E-04 -6.95001E-03 
  4107  -1.36642E-03  1.26271E-04 -6.70641E-03 
  4108  -1.24568E-03  2.30869E-04 -6.92000E-03 
  4109  -1.35983E-03  2.50154E-04 -6.67553E-03 
  4110  -1.23503E-03  3.46543E-04 -6.86827E-03 
  4111  -1.34885E-03  3.75331E-04 -6.62611E-03 
  4112  -1.22016E-03  4.62209E-04 -6.79711E-03 
  4113  -1.33352E-03  5.00059E-04 -6.55715E-03 
  4114  -1.20110E-03  5.77668E-04 -6.70627E-03 
  4115  -1.31391E-03  6.23004E-04 -6.47136E-03 
  4116  -1.17799E-03  6.91323E-04 -6.60555E-03 
  4117  -1.29014E-03  7.45484E-04 -6.37238E-03 
  4118  -1.15937E-03  0.00000E+00 -7.19191E-03 
  4119  -1.25773E-03  0.00000E+00 -6.93139E-03 
  4120  -1.15741E-03  1.19135E-04 -7.17139E-03 
  4121  -1.25567E-03  1.30625E-04 -6.91599E-03 
  4122  -1.15153E-03  2.39249E-04 -7.14105E-03 
  4123  -1.24961E-03  2.58799E-04 -6.88478E-03 
  4124  -1.14173E-03  3.59153E-04 -7.08872E-03 
  4125  -1.23952E-03  3.88316E-04 -6.83484E-03 
  4126  -1.12804E-03  4.79056E-04 -7.01675E-03 
  4127  -1.22543E-03  5.17404E-04 -6.76516E-03 
  4128  -1.11052E-03  5.98772E-04 -6.92488E-03 
  4129  -1.20740E-03  6.44675E-04 -6.67851E-03 
  4130  -1.08925E-03  7.16612E-04 -6.82315E-03 
  4131  -1.18555E-03  7.71472E-04 -6.57862E-03 
  4132  -1.04834E-03  0.00000E+00 -7.38445E-03 
  4133  -1.13172E-03  0.00000E+00 -7.11292E-03 
  4134  -1.04658E-03  1.22991E-04 -7.36352E-03 
  4135  -1.12987E-03  1.34637E-04 -7.09726E-03 
  4136  -1.04129E-03  2.46983E-04 -7.33286E-03 
  4137  -1.12441E-03  2.66759E-04 -7.06571E-03 
  4138  -1.03249E-03  3.70758E-04 -7.27994E-03 
  4139  -1.11534E-03  4.00275E-04 -7.01526E-03 
  4140  -1.02020E-03  4.94556E-04 -7.20719E-03 
  4141  -1.10269E-03  5.33365E-04 -6.94488E-03 
  4142  -1.00446E-03  6.18170E-04 -7.11430E-03 
  4143  -1.08650E-03  6.64590E-04 -6.85740E-03 
  4144  -9.85357E-04  7.39830E-04 -7.01161E-03 
  4145  -1.06688E-03  7.95347E-04 -6.75665E-03 
  4146  -9.25070E-04  0.00000E+00 -7.54684E-03 
  4147  -9.93635E-04  0.00000E+00 -7.26608E-03 
  4148  -9.23535E-04  1.26433E-04 -7.52552E-03 
  4149  -9.92011E-04  1.38241E-04 -7.25019E-03 
  4150  -9.18902E-04  2.53918E-04 -7.49458E-03 

 Rigid Airport Pavement
                   FAASR3D (version 1.0 ) compiled 04/15/19
 n o d a l   p r i n t   o u t   f o r   t i m e   s t e p     1  ( at time  1.0000E+00 )
   node     x-disp       y-disp       z-disp
  4151  -9.87230E-04  2.73893E-04 -7.21832E-03 
  4152  -9.11186E-04  3.81174E-04 -7.44110E-03 
  4153  -9.79283E-04  4.10989E-04 -7.16740E-03 
  4154  -9.00420E-04  5.08440E-04 -7.36760E-03 
  4155  -9.68203E-04  5.47657E-04 -7.09634E-03 
  4156  -8.86675E-04  6.35517E-04 -7.27374E-03 
  4157  -9.54040E-04  6.82413E-04 -7.00805E-03 
  4158  -8.69995E-04  7.60613E-04 -7.17014E-03 
  4159  -9.36890E-04  8.16708E-04 -6.90645E-03 
  4160  -7.92767E-04  0.00000E+00 -7.67890E-03 
  4161  -8.47042E-04  0.00000E+00 -7.39092E-03 
  4162  -7.91463E-04  1.29438E-04 -7.65727E-03 
  4163  -8.45662E-04  1.41386E-04 -7.37483E-03 
  4164  -7.87537E-04  2.59958E-04 -7.62604E-03 
  4165  -8.41605E-04  2.80126E-04 -7.34267E-03 
  4166  -7.80980E-04  3.90243E-04 -7.57207E-03 
  4167  -8.34842E-04  4.20330E-04 -7.29132E-03 
  4168  -7.71855E-04  5.20525E-04 -7.49788E-03 
  4169  -8.25423E-04  5.60116E-04 -7.21963E-03 
  4170  -7.60170E-04  6.50628E-04 -7.40314E-03 
  4171  -8.13397E-04  6.97936E-04 -7.13057E-03 
  4172  -7.46028E-04  7.78683E-04 -7.29870E-03 
  4173  -7.98852E-04  8.35298E-04 -7.02815E-03 
  4174  -6.54232E-04  0.00000E+00 -7.78102E-03 
  4175  -6.94726E-04  0.00000E+00 -7.48768E-03 
  4176  -6.53179E-04  1.31975E-04 -7.75913E-03 
  4177  -6.93594E-04  1.44016E-04 -7.47142E-03 
  4178  -6.49964E-04  2.65016E-04 -7.72766E-03 
  4179  -6.90280E-04  2.85343E-04 -7.43900E-03 
  4180  -6.44621E-04  3.97844E-04 -7.67325E-03 
  4181  -6.84761E-04  4.28167E-04 -7.38724E-03 
  4182  -6.37177E-04  5.30665E-04 -7.59847E-03 
  4183  -6.77068E-04  5.70561E-04 -7.31501E-03 
  4184  -6.27630E-04  6.63300E-04 -7.50296E-03 
  4185  -6.67243E-04  7.10966E-04 -7.22529E-03 
  4186  -6.16077E-04  7.93846E-04 -7.39779E-03 
  4187  -6.55357E-04  8.50911E-04 -7.12215E-03 
  4188  -5.11527E-04  0.00000E+00 -7.85393E-03 
  4189  -5.38750E-04  0.00000E+00 -7.55685E-03 
  4190  -5.10709E-04  1.33982E-04 -7.83184E-03 
  4191  -5.37878E-04  1.46114E-04 -7.54045E-03 
  4192  -5.08218E-04  2.69069E-04 -7.80017E-03 
  4193  -5.35312E-04  2.89529E-04 -7.50781E-03 
  4194  -5.04102E-04  4.03917E-04 -7.74540E-03 
  4195  -5.31060E-04  4.34448E-04 -7.45573E-03 
  4196  -4.98353E-04  5.38797E-04 -7.67012E-03 
  4197  -5.25119E-04  5.78942E-04 -7.38302E-03 
  4198  -4.91020E-04  6.73458E-04 -7.57398E-03 
  4199  -5.17542E-04  7.21417E-04 -7.29273E-03 
  4200  -4.82110E-04  8.06013E-04 -7.46819E-03 

 Rigid Airport Pavement
                   FAASR3D (version 1.0 ) compiled 04/15/19
 n o d a l   p r i n t   o u t   f o r   t i m e   s t e p     1  ( at time  1.0000E+00 )
   node     x-disp       y-disp       z-disp
  4201  -5.08370E-04  8.63425E-04 -7.18900E-03 
  4202  -3.66072E-04  0.00000E+00 -7.89855E-03 
  4203  -3.80573E-04  0.00000E+00 -7.59911E-03 
  4204  -3.65485E-04  1.35498E-04 -7.87634E-03 
  4205  -3.79960E-04  1.47701E-04 -7.58263E-03 
  4206  -3.63736E-04  2.72116E-04 -7.84450E-03 
  4207  -3.78143E-04  2.92665E-04 -7.54982E-03 
  4208  -3.60840E-04  4.08496E-04 -7.78946E-03 
  4209  -3.75151E-04  4.39161E-04 -7.49748E-03 
  4210  -3.56801E-04  5.44886E-04 -7.71380E-03 
  4211  -3.70996E-04  5.85217E-04 -7.42441E-03 
  4212  -3.51640E-04  6.81076E-04 -7.61717E-03 
  4213  -3.65657E-04  7.29246E-04 -7.33366E-03 
  4214  -3.45418E-04  8.15128E-04 -7.51092E-03 
  4215  -3.59228E-04  8.72798E-04 -7.22948E-03 
  4216  -2.18850E-04  0.00000E+00 -7.91592E-03 
  4217  -2.21177E-04  0.00000E+00 -7.61534E-03 
  4218  -2.18506E-04  1.36494E-04 -7.89365E-03 
  4219  -2.20829E-04  1.48727E-04 -7.59880E-03 
  4220  -2.17499E-04  2.74108E-04 -7.86170E-03 
  4221  -2.19763E-04  2.94726E-04 -7.56589E-03 
  4222  -2.15828E-04  4.11477E-04 -7.80646E-03 
  4223  -2.18023E-04  4.42253E-04 -7.51336E-03 
  4224  -2.13495E-04  5.48866E-04 -7.73055E-03 
  4225  -2.15614E-04  5.89329E-04 -7.44004E-03 
  4226  -2.10515E-04  6.86042E-04 -7.63359E-03 
  4227  -2.12543E-04  7.34367E-04 -7.34901E-03 
  4228  -2.06932E-04  8.21089E-04 -7.52702E-03 
  4229  -2.08840E-04  8.78942E-04 -7.24449E-03 
  4230  -7.05338E-05  0.00000E+00 -7.90712E-03 
  4231  -6.11979E-05  0.00000E+00 -7.60646E-03 
  4232  -7.04396E-05  1.36968E-04 -7.88484E-03 
  4233  -6.11065E-05  1.49215E-04 -7.58991E-03 
  4234  -7.01524E-05  2.75043E-04 -7.85283E-03 
  4235  -6.08048E-05  2.95705E-04 -7.55694E-03 
  4236  -6.96831E-05  4.12896E-04 -7.79749E-03 
  4237  -6.03151E-05  4.43717E-04 -7.50431E-03 
  4238  -6.90475E-05  5.50753E-04 -7.72144E-03 
  4239  -5.96497E-05  5.91295E-04 -7.43085E-03 
  4240  -6.82518E-05  6.88416E-04 -7.62431E-03 
  4241  -5.88275E-05  7.36800E-04 -7.33967E-03 
  4242  -6.72894E-05  8.23907E-04 -7.51758E-03 
  4243  -5.78517E-05  8.81851E-04 -7.23498E-03 
  4244   7.84208E-05  0.00000E+00 -7.87322E-03 
  4245   9.89100E-05  0.00000E+00 -7.57348E-03 
  4246   7.82860E-05  1.36936E-04 -7.85099E-03 
  4247   9.87513E-05  1.49168E-04 -7.55695E-03 
  4248   7.78472E-05  2.74959E-04 -7.81896E-03 
  4249   9.83048E-05  2.95616E-04 -7.52398E-03 
  4250   7.71251E-05  4.12757E-04 -7.76360E-03 

 Rigid Airport Pavement
                   FAASR3D (version 1.0 ) compiled 04/15/19
 n o d a l   p r i n t   o u t   f o r   t i m e   s t e p     1  ( at time  1.0000E+00 )
   node     x-disp       y-disp       z-disp
  4251   9.75488E-05  4.43587E-04 -7.47134E-03 
  4252   7.60483E-05  5.50573E-04 -7.68753E-03 
  4253   9.64709E-05  5.91102E-04 -7.39787E-03 
  4254   7.46617E-05  6.88174E-04 -7.59038E-03 
  4255   9.50796E-05  7.36556E-04 -7.30668E-03 
  4256   7.29287E-05  8.23624E-04 -7.48365E-03 
  4257   9.33416E-05  8.81541E-04 -7.20202E-03 
  4258   2.27772E-04  0.00000E+00 -7.81533E-03 
  4259   2.58791E-04  0.00000E+00 -7.51746E-03 
  4260   2.27405E-04  1.36387E-04 -7.79320E-03 
  4261   2.58382E-04  1.48585E-04 -7.50100E-03 
  4262   2.26233E-04  2.73842E-04 -7.76120E-03 
  4263   2.57180E-04  2.94477E-04 -7.46807E-03 
  4264   2.24280E-04  4.11079E-04 -7.70590E-03 
  4265   2.55170E-04  4.41854E-04 -7.41551E-03 
  4266   2.21530E-04  5.48283E-04 -7.62992E-03 
  4267   2.52346E-04  5.88774E-04 -7.34214E-03 
  4268   2.18002E-04  6.85359E-04 -7.53290E-03 
  4269   2.48672E-04  7.33637E-04 -7.25103E-03 
  4270   2.13770E-04  8.20235E-04 -7.42633E-03 
  4271   2.44188E-04  8.78046E-04 -7.14646E-03 
  4272   3.77115E-04  0.00000E+00 -7.73463E-03 
  4273   4.18141E-04  0.00000E+00 -7.43971E-03 
  4274   3.76504E-04  1.35324E-04 -7.71266E-03 
  4275   4.17476E-04  1.47485E-04 -7.42334E-03 
  4276   3.74611E-04  2.71717E-04 -7.68072E-03 
  4277   4.15519E-04  2.92296E-04 -7.39053E-03 
  4278   3.71397E-04  4.07833E-04 -7.62557E-03 
  4279   4.12250E-04  4.38555E-04 -7.33810E-03 
  4280   3.67004E-04  5.44028E-04 -7.54977E-03 
  4281   4.07648E-04  5.84354E-04 -7.26493E-03 
  4282   3.61062E-04  6.79799E-04 -7.45298E-03 
  4283   4.01685E-04  7.28146E-04 -7.17430E-03 
  4284   3.53764E-04  8.13712E-04 -7.34646E-03 
  4285   3.94391E-04  8.71399E-04 -7.07037E-03 
  4286   5.26348E-04  0.00000E+00 -7.63260E-03 
  4287   5.76654E-04  0.00000E+00 -7.34132E-03 
  4288   5.25477E-04  1.33788E-04 -7.61089E-03 
  4289   5.75741E-04  1.45879E-04 -7.32509E-03 
  4290   5.22840E-04  2.68591E-04 -7.57903E-03 
  4291   5.73028E-04  2.89102E-04 -7.29242E-03 
  4292   5.18490E-04  4.03175E-04 -7.52407E-03 
  4293   5.68492E-04  4.33697E-04 -7.24018E-03 
  4294   5.12105E-04  5.37502E-04 -7.44852E-03 
  4295   5.62059E-04  5.77751E-04 -7.16753E-03 
  4296   5.04418E-04  6.72114E-04 -7.35210E-03 
  4297   5.54149E-04  7.19831E-04 -7.07632E-03 
  4298   4.94529E-04  8.04291E-04 -7.24754E-03 
  4299   5.45616E-04  8.61550E-04 -6.97127E-03 
  4300   6.74720E-04  0.00000E+00 -7.51007E-03 

 Rigid Airport Pavement
                   FAASR3D (version 1.0 ) compiled 04/15/19
 n o d a l   p r i n t   o u t   f o r   t i m e   s t e p     1  ( at time  1.0000E+00 )
   node     x-disp       y-disp       z-disp
  4301   7.32667E-04  0.00000E+00 -7.22515E-03 
  4302   6.73676E-04  1.31726E-04 -7.48827E-03 
  4303   7.31287E-04  1.43765E-04 -7.20904E-03 
  4304   6.70271E-04  2.64521E-04 -7.45672E-03 
  4305   7.27897E-04  2.84863E-04 -7.17658E-03 
  4306   6.64538E-04  3.96789E-04 -7.40197E-03 
  4307   7.22174E-04  4.27272E-04 -7.12477E-03 
  4308   6.56907E-04  5.29510E-04 -7.32680E-03 
  4309   7.13903E-04  5.69456E-04 -7.05163E-03 
  4310   6.47398E-04  6.62159E-04 -7.23169E-03 
  4311   7.02885E-04  7.08491E-04 -6.96369E-03 
  4312   6.39303E-04  7.91991E-04 -7.11303E-03 
  4313   6.80880E-04  8.47941E-04 -6.86000E-03 
  4314   8.20558E-04  0.00000E+00 -7.37520E-03 
  4315   8.86695E-04  0.00000E+00 -7.09509E-03 
  4316   8.19161E-04  1.29216E-04 -7.35699E-03 
  4317   8.85338E-04  1.41073E-04 -7.08047E-03 
  4318   8.15040E-04  2.59519E-04 -7.32391E-03 
  4319   8.81215E-04  2.79744E-04 -7.04746E-03 
  4320   8.08141E-04  3.88760E-04 -7.26956E-03 
  4321   8.74240E-04  4.19289E-04 -6.99635E-03 
  4322   7.98717E-04  5.19152E-04 -7.19629E-03 
  4323   8.64382E-04  5.60090E-04 -6.92197E-03 
  4324   7.86732E-04  6.53794E-04 -7.08723E-03 
  4325   8.51078E-04  6.85623E-04 -6.83625E-03 
  4326   7.72738E-04  7.77353E-04 -7.10390E-03 
  4327   8.31326E-04  8.27415E-04 -6.79887E-03 
  4328  -2.21904E-03  0.00000E+00 -5.01370E-03 
  4329  -2.59066E-03  0.00000E+00 -4.41611E-03 
  4330  -2.21570E-03  1.19072E-04 -5.00405E-03 
  4331  -2.58674E-03  1.25769E-04 -4.40859E-03 
  4332  -2.20541E-03  2.36765E-04 -4.97758E-03 
  4333  -2.57502E-03  2.51083E-04 -4.38636E-03 
  4334  -2.18836E-03  3.53627E-04 -4.93564E-03 
  4335  -2.55559E-03  3.75562E-04 -4.35024E-03 
  4336  -2.16441E-03  4.69541E-04 -4.87836E-03 
  4337  -2.52859E-03  4.98954E-04 -4.30108E-03 
  4338  -2.13369E-03  5.84527E-04 -4.80760E-03 
  4339  -2.49420E-03  6.21065E-04 -4.23977E-03 
  4340  -2.09592E-03  6.98985E-04 -4.72363E-03 
  4341  -2.45267E-03  7.41743E-04 -4.16716E-03 
  4342  -1.97845E-03  0.00000E+00 -5.43336E-03 
  4343  -2.40409E-03  0.00000E+00 -4.89962E-03 
  4344  -1.97562E-03  1.25009E-04 -5.42340E-03 
  4345  -2.40053E-03  1.32984E-04 -4.89144E-03 
  4346  -1.96687E-03  2.48696E-04 -5.39581E-03 
  4347  -2.38989E-03  2.65477E-04 -4.86732E-03 
  4348  -1.95216E-03  3.71635E-04 -5.35179E-03 
  4349  -2.37224E-03  3.97091E-04 -4.82806E-03 
  4350  -1.93166E-03  4.93834E-04 -5.29163E-03 

 Rigid Airport Pavement
                   FAASR3D (version 1.0 ) compiled 04/15/19
 n o d a l   p r i n t   o u t   f o r   t i m e   s t e p     1  ( at time  1.0000E+00 )
   node     x-disp       y-disp       z-disp
  4351  -2.34768E-03  5.27526E-04 -4.77459E-03 
  4352  -1.90518E-03  6.14806E-04 -5.21655E-03 
  4353  -2.31638E-03  6.56551E-04 -4.70794E-03 
  4354  -1.87325E-03  7.34878E-04 -5.12822E-03 
  4355  -2.27854E-03  7.84013E-04 -4.62934E-03 
  4356  -1.84934E-03  0.00000E+00 -5.74492E-03 
  4357  -2.20625E-03  0.00000E+00 -5.24084E-03 
  4358  -1.84661E-03  1.30528E-04 -5.73482E-03 
  4359  -2.20306E-03  1.39613E-04 -5.23234E-03 
  4360  -1.83840E-03  2.59814E-04 -5.70666E-03 
  4361  -2.19348E-03  2.78712E-04 -5.20725E-03 
  4362  -1.82474E-03  3.88376E-04 -5.66159E-03 
  4363  -2.17758E-03  4.16878E-04 -5.16639E-03 
  4364  -1.80566E-03  5.16164E-04 -5.60003E-03 
  4365  -2.15543E-03  5.53801E-04 -5.11072E-03 
  4366  -1.78131E-03  6.42811E-04 -5.52335E-03 
  4367  -2.12718E-03  6.89238E-04 -5.04142E-03 
  4368  -1.75184E-03  7.68247E-04 -5.43329E-03 
  4369  -2.09300E-03  8.23031E-04 -4.95996E-03 
  4370  -1.72542E-03  0.00000E+00 -6.01167E-03 
  4371  -2.00786E-03  0.00000E+00 -5.49766E-03 
  4372  -1.72286E-03  1.35776E-04 -6.00142E-03 
  4373  -2.00498E-03  1.45671E-04 -5.48899E-03 
  4374  -1.71517E-03  2.70341E-04 -5.97279E-03 
  4375  -1.99638E-03  2.90810E-04 -5.46340E-03 
  4376  -1.70240E-03  4.04184E-04 -5.92697E-03 
  4377  -1.98211E-03  4.34982E-04 -5.42171E-03 
  4378  -1.68459E-03  5.37282E-04 -5.86441E-03 
  4379  -1.96222E-03  5.77860E-04 -5.36494E-03 
  4380  -1.66181E-03  6.69163E-04 -5.78662E-03 
  4381  -1.93682E-03  7.19206E-04 -5.29436E-03 
  4382  -1.63420E-03  7.99790E-04 -5.69541E-03 
  4383  -1.90604E-03  8.58869E-04 -5.21159E-03 
  4384  -1.58917E-03  0.00000E+00 -6.23190E-03 
  4385  -1.81013E-03  0.00000E+00 -5.70574E-03 
  4386  -1.58679E-03  1.40754E-04 -6.22154E-03 
  4387  -1.80756E-03  1.51171E-04 -5.69696E-03 
  4388  -1.57970E-03  2.80292E-04 -6.19259E-03 
  4389  -1.79988E-03  3.01796E-04 -5.67104E-03 
  4390  -1.56790E-03  4.19105E-04 -6.14628E-03 
  4391  -1.78711E-03  4.51435E-04 -5.62884E-03 
  4392  -1.55146E-03  5.57178E-04 -6.08309E-03 
  4393  -1.76933E-03  5.99749E-04 -5.57142E-03 
  4394  -1.53044E-03  6.94027E-04 -6.00455E-03 
  4395  -1.74661E-03  7.46496E-04 -5.50011E-03 
  4396  -1.50494E-03  8.29589E-04 -5.91260E-03 
  4397  -1.71902E-03  8.91554E-04 -5.41660E-03 
  4398  -1.44049E-03  0.00000E+00 -6.42149E-03 
  4399  -1.61306E-03  0.00000E+00 -5.88039E-03 
  4400  -1.43832E-03  1.45388E-04 -6.41101E-03 

 Rigid Airport Pavement
                   FAASR3D (version 1.0 ) compiled 04/15/19
 n o d a l   p r i n t   o u t   f o r   t i m e   s t e p     1  ( at time  1.0000E+00 )
   node     x-disp       y-disp       z-disp
  4401  -1.61079E-03  1.56128E-04 -5.87152E-03 
  4402  -1.43186E-03  2.89535E-04 -6.38178E-03 
  4403  -1.60397E-03  3.11699E-04 -5.84535E-03 
  4404  -1.42116E-03  4.32962E-04 -6.33504E-03 
  4405  -1.59264E-03  4.66268E-04 -5.80276E-03 
  4406  -1.40622E-03  5.75647E-04 -6.27130E-03 
  4407  -1.57685E-03  6.19498E-04 -5.74485E-03 
  4408  -1.38713E-03  7.17113E-04 -6.19212E-03 
  4409  -1.55667E-03  7.71147E-04 -5.67298E-03 
  4410  -1.36396E-03  8.57277E-04 -6.09952E-03 
  4411  -1.53215E-03  9.21115E-04 -5.58890E-03 
  4412  -1.28106E-03  0.00000E+00 -6.58404E-03 
  4413  -1.41610E-03  0.00000E+00 -6.02888E-03 
  4414  -1.27912E-03  1.49614E-04 -6.57345E-03 
  4415  -1.41410E-03  1.60543E-04 -6.01994E-03 
  4416  -1.27337E-03  2.97956E-04 -6.54393E-03 
  4417  -1.40812E-03  3.20528E-04 -5.99354E-03 
  4418  -1.26382E-03  4.45580E-04 -6.49679E-03 
  4419  -1.39817E-03  4.79495E-04 -5.95060E-03 
  4420  -1.25051E-03  5.92454E-04 -6.43252E-03 
  4421  -1.38431E-03  6.37119E-04 -5.89224E-03 
  4422  -1.23350E-03  7.38103E-04 -6.35274E-03 
  4423  -1.36660E-03  7.93163E-04 -5.81984E-03 
  4424  -1.21286E-03  8.82473E-04 -6.25948E-03 
  4425  -1.34506E-03  9.47537E-04 -5.73520E-03 
  4426  -1.11365E-03  0.00000E+00 -6.72136E-03 
  4427  -1.21885E-03  0.00000E+00 -6.15393E-03 
  4428  -1.11197E-03  1.53377E-04 -6.71066E-03 
  4429  -1.21712E-03  1.64419E-04 -6.14491E-03 
  4430  -1.10696E-03  3.05456E-04 -6.68089E-03 
  4431  -1.21195E-03  3.28278E-04 -6.11830E-03 
  4432  -1.09864E-03  4.56810E-04 -6.63335E-03 
  4433  -1.20338E-03  4.91116E-04 -6.07503E-03 
  4434  -1.08704E-03  6.07415E-04 -6.56855E-03 
  4435  -1.19142E-03  6.52606E-04 -6.01622E-03 
  4436  -1.07223E-03  7.56791E-04 -6.48816E-03 
  4437  -1.17612E-03  8.12517E-04 -5.94330E-03 
  4438  -1.05424E-03  9.04886E-04 -6.39422E-03 
  4439  -1.15753E-03  9.70776E-04 -5.85807E-03 
  4440  -9.40705E-04  0.00000E+00 -6.83378E-03 
  4441  -1.02121E-03  0.00000E+00 -6.25636E-03 
  4442  -9.39282E-04  1.56639E-04 -6.82299E-03 
  4443  -1.01976E-03  1.67755E-04 -6.24727E-03 
  4444  -9.35028E-04  3.11962E-04 -6.79296E-03 
  4445  -1.01541E-03  3.34943E-04 -6.22045E-03 
  4446  -9.27978E-04  4.66547E-04 -6.74504E-03 
  4447  -1.00819E-03  5.01109E-04 -6.17685E-03 
  4448  -9.18161E-04  6.20389E-04 -6.67974E-03 
  4449  -9.98118E-04  6.65927E-04 -6.11761E-03 
  4450  -9.05615E-04  7.72995E-04 -6.59873E-03 

 Rigid Airport Pavement
                   FAASR3D (version 1.0 ) compiled 04/15/19
 n o d a l   p r i n t   o u t   f o r   t i m e   s t e p     1  ( at time  1.0000E+00 )
   node     x-disp       y-disp       z-disp
  4451  -9.85233E-04  8.29168E-04 -6.04417E-03 
  4452  -8.90391E-04  9.24313E-04 -6.50410E-03 
  4453  -9.69575E-04  9.90774E-04 -5.95836E-03 
  4454  -7.64226E-04  0.00000E+00 -6.92133E-03 
  4455  -8.23378E-04  0.00000E+00 -6.33632E-03 
  4456  -7.63065E-04  1.59371E-04 -6.91043E-03 
  4457  -8.22199E-04  1.70544E-04 -6.32716E-03 
  4458  -7.59596E-04  3.17411E-04 -6.88017E-03 
  4459  -8.18665E-04  3.40515E-04 -6.30015E-03 
  4460  -7.53838E-04  4.74716E-04 -6.83192E-03 
  4461  -8.12792E-04  5.09459E-04 -6.25625E-03 
  4462  -7.45834E-04  6.31265E-04 -6.76616E-03 
  4463  -8.04605E-04  6.77052E-04 -6.19661E-03 
  4464  -7.35606E-04  7.86575E-04 -6.68460E-03 
  4465  -7.94135E-04  8.43074E-04 -6.12269E-03 
  4466  -7.23191E-04  9.40606E-04 -6.58933E-03 
  4467  -7.81414E-04  1.00747E-03 -6.03632E-03 
  4468  -5.85746E-04  0.00000E+00 -6.98412E-03 
  4469  -6.25705E-04  0.00000E+00 -6.39388E-03 
  4470  -5.84847E-04  1.61564E-04 -6.97316E-03 
  4471  -6.24797E-04  1.72776E-04 -6.38466E-03 
  4472  -5.82169E-04  3.21784E-04 -6.94270E-03 
  4473  -6.22076E-04  3.44973E-04 -6.35748E-03 
  4474  -5.77730E-04  4.81266E-04 -6.89413E-03 
  4475  -6.17554E-04  5.16136E-04 -6.31332E-03 
  4476  -5.71553E-04  6.39978E-04 -6.82799E-03 
  4477  -6.11255E-04  6.85943E-04 -6.25333E-03 
  4478  -5.63658E-04  7.97443E-04 -6.74594E-03 
  4479  -6.03204E-04  8.54184E-04 -6.17899E-03 
  4480  -5.54091E-04  9.53642E-04 -6.65013E-03 
  4481  -5.93426E-04  1.02079E-03 -6.09214E-03 
  4482  -4.06368E-04  0.00000E+00 -7.02252E-03 
  4483  -4.28652E-04  0.00000E+00 -6.42925E-03 
  4484  -4.05733E-04  1.63212E-04 -7.01151E-03 
  4485  -4.28016E-04  1.74432E-04 -6.41999E-03 
  4486  -4.03852E-04  3.25064E-04 -6.98090E-03 
  4487  -4.26106E-04  3.48292E-04 -6.39268E-03 
  4488  -4.00732E-04  4.86156E-04 -6.93209E-03 
  4489  -4.22937E-04  5.21111E-04 -6.34831E-03 
  4490  -3.96388E-04  6.46501E-04 -6.86562E-03 
  4491  -4.18528E-04  6.92567E-04 -6.28804E-03 
  4492  -3.90848E-04  8.05567E-04 -6.78319E-03 
  4493  -4.12899E-04  8.62450E-04 -6.21337E-03 
  4494  -3.84152E-04  9.63369E-04 -6.68696E-03 
  4495  -4.06072E-04  1.03070E-03 -6.12614E-03 
  4496  -2.26901E-04  0.00000E+00 -7.03709E-03 
  4497  -2.32711E-04  0.00000E+00 -6.44288E-03 
  4498  -2.26530E-04  1.64285E-04 -7.02604E-03 
  4499  -2.32348E-04  1.75518E-04 -6.43359E-03 
  4500  -2.25444E-04  3.27205E-04 -6.99533E-03 

 Rigid Airport Pavement
                   FAASR3D (version 1.0 ) compiled 04/15/19
 n o d a l   p r i n t   o u t   f o r   t i m e   s t e p     1  ( at time  1.0000E+00 )
   node     x-disp       y-disp       z-disp
  4501  -2.31257E-04  3.50459E-04 -6.40619E-03 
  4502  -2.23642E-04  4.89367E-04 -6.94635E-03 
  4503  -2.29444E-04  5.24362E-04 -6.36167E-03 
  4504  -2.21147E-04  6.50760E-04 -6.87966E-03 
  4505  -2.26926E-04  6.96896E-04 -6.30121E-03 
  4506  -2.17968E-04  8.10888E-04 -6.79697E-03 
  4507  -2.23720E-04  8.67844E-04 -6.22629E-03 
  4508  -2.14126E-04  9.69728E-04 -6.70043E-03 
  4509  -2.19849E-04  1.03716E-03 -6.13880E-03 
  4510  -4.79442E-05  0.00000E+00 -7.02855E-03 
  4511  -3.83858E-05  0.00000E+00 -6.43537E-03 
  4512  -4.78432E-05  1.64788E-04 -7.01749E-03 
  4513  -3.82964E-05  1.76027E-04 -6.42607E-03 
  4514  -4.75410E-05  3.28227E-04 -6.98673E-03 
  4515  -3.80233E-05  3.51470E-04 -6.39862E-03 
  4516  -4.70567E-05  4.90890E-04 -6.93766E-03 
  4517  -3.75711E-05  5.25873E-04 -6.35403E-03 
  4518  -4.63905E-05  6.52780E-04 -6.87084E-03 
  4519  -3.69520E-05  6.98907E-04 -6.29346E-03 
  4520  -4.55582E-05  8.13392E-04 -6.78802E-03 
  4521  -3.61722E-05  8.70354E-04 -6.21842E-03 
  4522  -4.45804E-05  9.72720E-04 -6.69134E-03 
  4523  -3.52495E-05  1.04016E-03 -6.13079E-03 
  4524   1.30053E-04  0.00000E+00 -6.99778E-03 
  4525   1.53851E-04  0.00000E+00 -6.40752E-03 
  4526   1.29891E-04  1.64745E-04 -6.98672E-03 
  4527   1.53668E-04  1.75953E-04 -6.39822E-03 
  4528   1.29395E-04  3.28123E-04 -6.95596E-03 
  4529   1.53119E-04  3.51324E-04 -6.37079E-03 
  4530   1.28564E-04  4.90742E-04 -6.90689E-03 
  4531   1.52207E-04  5.25651E-04 -6.32619E-03 
  4532   1.27412E-04  6.52570E-04 -6.84008E-03 
  4533   1.50923E-04  6.98610E-04 -6.26563E-03 
  4534   1.25902E-04  8.13124E-04 -6.75723E-03 
  4535   1.49271E-04  8.69978E-04 -6.19061E-03 
  4536   1.24048E-04  9.72359E-04 -6.66052E-03 
  4537   1.47249E-04  1.03969E-03 -6.10299E-03 
  4538   3.06711E-04  0.00000E+00 -6.94585E-03 
  4539   3.43558E-04  0.00000E+00 -6.36032E-03 
  4540   3.06274E-04  1.64135E-04 -6.93480E-03 
  4541   3.43103E-04  1.75303E-04 -6.35104E-03 
  4542   3.05009E-04  3.26912E-04 -6.90411E-03 
  4543   3.41738E-04  3.50026E-04 -6.32367E-03 
  4544   3.02868E-04  4.88914E-04 -6.85514E-03 
  4545   3.39459E-04  5.23703E-04 -6.27919E-03 
  4546   2.99886E-04  6.50151E-04 -6.78845E-03 
  4547   3.36266E-04  6.96007E-04 -6.21878E-03 
  4548   2.96066E-04  8.10063E-04 -6.70583E-03 
  4549   3.32178E-04  8.66727E-04 -6.14392E-03 
  4550   2.91370E-04  9.68661E-04 -6.60939E-03 

 Rigid Airport Pavement
                   FAASR3D (version 1.0 ) compiled 04/15/19
 n o d a l   p r i n t   o u t   f o r   t i m e   s t e p     1  ( at time  1.0000E+00 )
   node     x-disp       y-disp       z-disp
  4551   3.27218E-04  1.03579E-03 -6.05646E-03 
  4552   4.81669E-04  0.00000E+00 -6.87391E-03 
  4553   5.30361E-04  0.00000E+00 -6.29505E-03 
  4554   4.80982E-04  1.62980E-04 -6.86292E-03 
  4555   5.29633E-04  1.74084E-04 -6.28581E-03 
  4556   4.78917E-04  3.24594E-04 -6.83235E-03 
  4557   5.27452E-04  3.47584E-04 -6.25857E-03 
  4558   4.75476E-04  4.85442E-04 -6.78359E-03 
  4559   5.23815E-04  5.20037E-04 -6.21432E-03 
  4560   4.70579E-04  6.45418E-04 -6.71721E-03 
  4561   5.18716E-04  6.91116E-04 -6.15428E-03 
  4562   4.64447E-04  8.04192E-04 -6.63481E-03 
  4563   5.12167E-04  8.60629E-04 -6.07987E-03 
  4564   4.57076E-04  9.61653E-04 -6.53844E-03 
  4565   5.04246E-04  1.02851E-03 -5.99283E-03 
  4566   6.54261E-04  0.00000E+00 -6.78371E-03 
  4567   7.13982E-04  0.00000E+00 -6.21336E-03 
  4568   6.53293E-04  1.61277E-04 -6.77281E-03 
  4569   7.12985E-04  1.72303E-04 -6.20418E-03 
  4570   6.50471E-04  3.21217E-04 -6.74243E-03 
  4571   7.09997E-04  3.44016E-04 -6.17712E-03 
  4572   6.45639E-04  4.80290E-04 -6.69400E-03 
  4573   7.05018E-04  5.14669E-04 -6.13327E-03 
  4574   6.38876E-04  6.38508E-04 -6.62814E-03 
  4575   6.98040E-04  6.83953E-04 -6.07389E-03 
  4576   6.29285E-04  7.95147E-04 -6.54613E-03 
  4577   6.89039E-04  8.51701E-04 -6.00044E-03 
  4578   6.17506E-04  9.51155E-04 -6.45066E-03 
  4579   6.78165E-04  1.01788E-03 -5.91439E-03 
  4580   8.24271E-04  0.00000E+00 -6.67778E-03 
  4581   8.94288E-04  0.00000E+00 -6.11731E-03 
  4582   8.23016E-04  1.59076E-04 -6.66693E-03 
  4583   8.93033E-04  1.69979E-04 -6.10820E-03 
  4584   8.19469E-04  3.16815E-04 -6.63686E-03 
  4585   8.89265E-04  3.39352E-04 -6.08137E-03 
  4586   8.13353E-04  4.73616E-04 -6.58865E-03 
  4587   8.82987E-04  5.07621E-04 -6.03801E-03 
  4588   8.04364E-04  6.28438E-04 -6.52328E-03 
  4589   8.74179E-04  6.74518E-04 -5.97965E-03 
  4590   7.91784E-04  7.82248E-04 -6.44505E-03 
  4591   8.62836E-04  8.39962E-04 -5.90780E-03 
  4592   7.73889E-04  9.36831E-04 -6.35330E-03 
  4593   8.49115E-04  1.00396E-03 -5.82319E-03 
  4594   9.91579E-04  0.00000E+00 -6.55873E-03 
  4595   1.07138E-03  0.00000E+00 -6.00938E-03 
  4596   9.90149E-04  1.56358E-04 -6.54801E-03 
  4597   1.06987E-03  1.67136E-04 -6.00035E-03 
  4598   9.85849E-04  3.11415E-04 -6.51816E-03 
  4599   1.06535E-03  3.33649E-04 -5.97370E-03 
  4600   9.78535E-04  4.65514E-04 -6.47004E-03 

 Rigid Airport Pavement
                   FAASR3D (version 1.0 ) compiled 04/15/19
 n o d a l   p r i n t   o u t   f o r   t i m e   s t e p     1  ( at time  1.0000E+00 )
   node     x-disp       y-disp       z-disp
  4601   1.05782E-03  4.99013E-04 -5.93083E-03 
  4602   9.68066E-04  6.15732E-04 -6.40565E-03 
  4603   1.04729E-03  6.62991E-04 -5.87351E-03 
  4604   9.54071E-04  7.63486E-04 -6.33163E-03 
  4605   1.03377E-03  8.25594E-04 -5.80315E-03 
  4606   9.35900E-04  9.17927E-04 -6.25105E-03 
  4607   1.01741E-03  9.86925E-04 -5.72006E-03 
  4608   0.00000E+00  0.00000E+00  0.00000E+00 
  4609   0.00000E+00  0.00000E+00  0.00000E+00 
  4610   0.00000E+00  0.00000E+00  0.00000E+00 
  4611   0.00000E+00  0.00000E+00  0.00000E+00 
  4612   0.00000E+00  0.00000E+00  0.00000E+00 
  4613   0.00000E+00  0.00000E+00  0.00000E+00 
  4614   0.00000E+00  0.00000E+00  0.00000E+00 
  4615   0.00000E+00  0.00000E+00  0.00000E+00 
  4616   0.00000E+00  0.00000E+00  0.00000E+00 
  4617   0.00000E+00  0.00000E+00  0.00000E+00 
  4618   0.00000E+00  0.00000E+00  0.00000E+00 
  4619   0.00000E+00  0.00000E+00  0.00000E+00 
  4620   0.00000E+00  0.00000E+00  0.00000E+00 
  4621   0.00000E+00  0.00000E+00  0.00000E+00 
  4622   0.00000E+00  0.00000E+00  0.00000E+00 
  4623   0.00000E+00  0.00000E+00  0.00000E+00 
  4624   0.00000E+00  0.00000E+00  0.00000E+00 
  4625   0.00000E+00  0.00000E+00  0.00000E+00 
  4626   0.00000E+00  0.00000E+00  0.00000E+00 
  4627   0.00000E+00  0.00000E+00  0.00000E+00 
  4628   0.00000E+00  0.00000E+00  0.00000E+00 
  4629   0.00000E+00  0.00000E+00  0.00000E+00 
  4630   0.00000E+00  0.00000E+00  0.00000E+00 
  4631   0.00000E+00  0.00000E+00  0.00000E+00 
  4632   0.00000E+00  0.00000E+00  0.00000E+00 
  4633   0.00000E+00  0.00000E+00  0.00000E+00 
  4634   0.00000E+00  0.00000E+00  0.00000E+00 
  4635   0.00000E+00  0.00000E+00  0.00000E+00 
  4636   0.00000E+00  0.00000E+00  0.00000E+00 
  4637   0.00000E+00  0.00000E+00  0.00000E+00 
  4638   0.00000E+00  0.00000E+00  0.00000E+00 
  4639   0.00000E+00  0.00000E+00  0.00000E+00 
  4640   0.00000E+00  0.00000E+00  0.00000E+00 
  4641   0.00000E+00  0.00000E+00  0.00000E+00 
  4642   0.00000E+00  0.00000E+00  0.00000E+00 
  4643   0.00000E+00  0.00000E+00  0.00000E+00 
  4644   0.00000E+00  0.00000E+00  0.00000E+00 
  4645   0.00000E+00  0.00000E+00  0.00000E+00 
  4646   0.00000E+00  0.00000E+00  0.00000E+00 
  4647   0.00000E+00  0.00000E+00  0.00000E+00 
  4648   0.00000E+00  0.00000E+00  0.00000E+00 
  4649   0.00000E+00  0.00000E+00  0.00000E+00 
  4650   0.00000E+00  0.00000E+00  0.00000E+00 

 Rigid Airport Pavement
                   FAASR3D (version 1.0 ) compiled 04/15/19
 n o d a l   p r i n t   o u t   f o r   t i m e   s t e p     1  ( at time  1.0000E+00 )
   node     x-disp       y-disp       z-disp
  4651   0.00000E+00  0.00000E+00  0.00000E+00 
  4652   0.00000E+00  0.00000E+00  0.00000E+00 
  4653   0.00000E+00  0.00000E+00  0.00000E+00 
  4654   0.00000E+00  0.00000E+00  0.00000E+00 
  4655   0.00000E+00  0.00000E+00  0.00000E+00 
  4656   0.00000E+00  0.00000E+00  0.00000E+00 
  4657   0.00000E+00  0.00000E+00  0.00000E+00 
  4658   0.00000E+00  0.00000E+00  0.00000E+00 
  4659   0.00000E+00  0.00000E+00  0.00000E+00 
  4660   0.00000E+00  0.00000E+00  0.00000E+00 
  4661   0.00000E+00  0.00000E+00  0.00000E+00 
  4662   0.00000E+00  0.00000E+00  0.00000E+00 
  4663   0.00000E+00  0.00000E+00  0.00000E+00 
  4664   0.00000E+00  0.00000E+00  0.00000E+00 
  4665   0.00000E+00  0.00000E+00  0.00000E+00 
  4666   0.00000E+00  0.00000E+00  0.00000E+00 
  4667   0.00000E+00  0.00000E+00  0.00000E+00 
  4668   0.00000E+00  0.00000E+00  0.00000E+00 
  4669   0.00000E+00  0.00000E+00  0.00000E+00 
  4670   0.00000E+00  0.00000E+00  0.00000E+00 
  4671   0.00000E+00  0.00000E+00  0.00000E+00 
  4672   0.00000E+00  0.00000E+00  0.00000E+00 
  4673   0.00000E+00  0.00000E+00  0.00000E+00 
  4674   0.00000E+00  0.00000E+00  0.00000E+00 
  4675   0.00000E+00  0.00000E+00  0.00000E+00 
  4676   0.00000E+00  0.00000E+00  0.00000E+00 
  4677   0.00000E+00  0.00000E+00  0.00000E+00 
  4678   0.00000E+00  0.00000E+00  0.00000E+00 
  4679   0.00000E+00  0.00000E+00  0.00000E+00 
  4680   0.00000E+00  0.00000E+00  0.00000E+00 
  4681   0.00000E+00  0.00000E+00  0.00000E+00 
  4682   0.00000E+00  0.00000E+00  0.00000E+00 
  4683   0.00000E+00  0.00000E+00  0.00000E+00 
  4684   0.00000E+00  0.00000E+00  0.00000E+00 
  4685   0.00000E+00  0.00000E+00  0.00000E+00 
  4686   0.00000E+00  0.00000E+00  0.00000E+00 
  4687   0.00000E+00  0.00000E+00  0.00000E+00 
  4688   0.00000E+00  0.00000E+00  0.00000E+00 
  4689   0.00000E+00  0.00000E+00  0.00000E+00 
  4690   0.00000E+00  0.00000E+00  0.00000E+00 
  4691   0.00000E+00  0.00000E+00  0.00000E+00 
  4692   0.00000E+00  0.00000E+00  0.00000E+00 
  4693   0.00000E+00  0.00000E+00  0.00000E+00 
  4694   0.00000E+00  0.00000E+00  0.00000E+00 
  4695   0.00000E+00  0.00000E+00  0.00000E+00 
  4696   0.00000E+00  0.00000E+00  0.00000E+00 
  4697   0.00000E+00  0.00000E+00  0.00000E+00 
  4698   0.00000E+00  0.00000E+00  0.00000E+00 
  4699   0.00000E+00  0.00000E+00  0.00000E+00 
  4700   0.00000E+00  0.00000E+00  0.00000E+00 

 Rigid Airport Pavement
                   FAASR3D (version 1.0 ) compiled 04/15/19
 n o d a l   p r i n t   o u t   f o r   t i m e   s t e p     1  ( at time  1.0000E+00 )
   node     x-disp       y-disp       z-disp
  4701   0.00000E+00  0.00000E+00  0.00000E+00 
  4702   0.00000E+00  0.00000E+00  0.00000E+00 
  4703   0.00000E+00  0.00000E+00  0.00000E+00 
  4704   0.00000E+00  0.00000E+00  0.00000E+00 
  4705   0.00000E+00  0.00000E+00  0.00000E+00 
  4706   0.00000E+00  0.00000E+00  0.00000E+00 
  4707   0.00000E+00  0.00000E+00  0.00000E+00 
  4708   0.00000E+00  0.00000E+00  0.00000E+00 
  4709   0.00000E+00  0.00000E+00  0.00000E+00 
  4710   0.00000E+00  0.00000E+00  0.00000E+00 
  4711   0.00000E+00  0.00000E+00  0.00000E+00 
  4712   0.00000E+00  0.00000E+00  0.00000E+00 
  4713   0.00000E+00  0.00000E+00  0.00000E+00 
  4714   0.00000E+00  0.00000E+00  0.00000E+00 
  4715   0.00000E+00  0.00000E+00  0.00000E+00 
  4716   0.00000E+00  0.00000E+00  0.00000E+00 
  4717   0.00000E+00  0.00000E+00  0.00000E+00 
  4718   0.00000E+00  0.00000E+00  0.00000E+00 
  4719   0.00000E+00  0.00000E+00  0.00000E+00 
  4720   0.00000E+00  0.00000E+00  0.00000E+00 
  4721   0.00000E+00  0.00000E+00  0.00000E+00 
  4722   0.00000E+00  0.00000E+00  0.00000E+00 
  4723   0.00000E+00  0.00000E+00  0.00000E+00 
  4724   0.00000E+00  0.00000E+00  0.00000E+00 
  4725   0.00000E+00  0.00000E+00  0.00000E+00 
  4726   0.00000E+00  0.00000E+00  0.00000E+00 
  4727   0.00000E+00  0.00000E+00  0.00000E+00 
  4728   0.00000E+00  0.00000E+00  0.00000E+00 
  4729   0.00000E+00  0.00000E+00  0.00000E+00 
  4730   0.00000E+00  0.00000E+00  0.00000E+00 
  4731   0.00000E+00  0.00000E+00  0.00000E+00 
  4732   0.00000E+00  0.00000E+00  0.00000E+00 
  4733   0.00000E+00  0.00000E+00  0.00000E+00 
  4734   0.00000E+00  0.00000E+00  0.00000E+00 
  4735   0.00000E+00  0.00000E+00  0.00000E+00 
  4736   0.00000E+00  0.00000E+00  0.00000E+00 
  4737   0.00000E+00  0.00000E+00  0.00000E+00 
  4738   0.00000E+00  0.00000E+00  0.00000E+00 
  4739   0.00000E+00  0.00000E+00  0.00000E+00 
  4740   0.00000E+00  0.00000E+00  0.00000E+00 
  4741   0.00000E+00  0.00000E+00  0.00000E+00 
  4742   0.00000E+00  0.00000E+00  0.00000E+00 
  4743   0.00000E+00  0.00000E+00  0.00000E+00 
  4744   0.00000E+00  0.00000E+00  0.00000E+00 
  4745   0.00000E+00  0.00000E+00  0.00000E+00 
  4746   0.00000E+00  0.00000E+00  0.00000E+00 
  4747   0.00000E+00  0.00000E+00  0.00000E+00 
  4748  -1.36751E-03  7.14729E-04 -5.30469E-03 
  4749  -1.53591E-03  7.77858E-04 -5.11427E-03 
  4750  -1.30818E-03  8.40486E-04 -5.09900E-03 

 Rigid Airport Pavement
                   FAASR3D (version 1.0 ) compiled 04/15/19
 n o d a l   p r i n t   o u t   f o r   t i m e   s t e p     1  ( at time  1.0000E+00 )
   node     x-disp       y-disp       z-disp
  4751  -1.47548E-03  9.05844E-04 -4.91798E-03 
  4752  -1.24319E-03  9.41175E-04 -4.88506E-03 
  4753  -1.40884E-03  1.01167E-03 -4.72024E-03 
  4754  -1.17666E-03  1.02658E-03 -4.68482E-03 
  4755  -1.34098E-03  1.10197E-03 -4.51070E-03 
  4756  -1.10846E-03  1.12212E-03 -4.53038E-03 
  4757  -1.27023E-03  1.12428E-03 -4.39281E-03 
  4758  -1.04545E-03  1.02964E-03 -4.44884E-03 
  4759  -1.21025E-03  1.39600E-03 -4.11630E-03 
  4760  -1.33163E-03  7.50554E-04 -5.60850E-03 
  4761  -1.47653E-03  8.14832E-04 -5.38996E-03 
  4762  -1.27303E-03  8.82043E-04 -5.40286E-03 
  4763  -1.41707E-03  9.49099E-04 -5.19654E-03 
  4764  -1.20911E-03  9.85941E-04 -5.18985E-03 
  4765  -1.35185E-03  1.05761E-03 -5.00116E-03 
  4766  -1.14288E-03  1.07142E-03 -4.99166E-03 
  4767  -1.28433E-03  1.14951E-03 -4.79293E-03 
  4768  -1.08082E-03  1.17279E-03 -4.84009E-03 
  4769  -1.21825E-03  1.17265E-03 -4.67162E-03 
  4770  -1.02018E-03  1.06596E-03 -4.75886E-03 
  4771  -1.15243E-03  1.44647E-03 -4.39672E-03 
  4772  -1.26503E-03  7.86270E-04 -5.89615E-03 
  4773  -1.40773E-03  8.51160E-04 -5.69113E-03 
  4774  -1.20955E-03  9.23344E-04 -5.68976E-03 
  4775  -1.35065E-03  9.91403E-04 -5.49619E-03 
  4776  -1.14808E-03  1.03102E-03 -5.47648E-03 
  4777  -1.28739E-03  1.10380E-03 -5.30030E-03 
  4778  -1.08443E-03  1.11840E-03 -5.27856E-03 
  4779  -1.22176E-03  1.19805E-03 -5.09137E-03 
  4780  -1.02258E-03  1.21774E-03 -5.12741E-03 
  4781  -1.15712E-03  1.21932E-03 -4.96999E-03 
  4782  -9.64186E-04  1.10626E-03 -5.04555E-03 
  4783  -1.09106E-03  1.49848E-03 -4.68211E-03 
  4784  -1.20823E-03  8.20916E-04 -6.16396E-03 
  4785  -1.33174E-03  8.86745E-04 -5.95391E-03 
  4786  -1.15520E-03  9.63853E-04 -5.95609E-03 
  4787  -1.27744E-03  1.03293E-03 -5.75796E-03 
  4788  -1.09647E-03  1.07549E-03 -5.74154E-03 
  4789  -1.21706E-03  1.14955E-03 -5.56145E-03 
  4790  -1.03515E-03  1.16437E-03 -5.54258E-03 
  4791  -1.15385E-03  1.24601E-03 -5.35111E-03 
  4792  -9.74648E-04  1.26424E-03 -5.39049E-03 
  4793  -1.09028E-03  1.26618E-03 -5.22926E-03 
  4794  -9.14966E-04  1.14656E-03 -5.30735E-03 
  4795  -1.02526E-03  1.55301E-03 -4.93203E-03 
  4796  -1.13601E-03  8.54212E-04 -6.40683E-03 
  4797  -1.24694E-03  9.20952E-04 -6.18830E-03 
  4798  -1.08643E-03  1.00279E-03 -6.19701E-03 
  4799  -1.19598E-03  1.07287E-03 -5.99089E-03 
  4800  -1.03135E-03  1.11833E-03 -5.98053E-03 

 Rigid Airport Pavement
                   FAASR3D (version 1.0 ) compiled 04/15/19
 n o d a l   p r i n t   o u t   f o r   t i m e   s t e p     1  ( at time  1.0000E+00 )
   node     x-disp       y-disp       z-disp
  4801  -1.13917E-03  1.19366E-03 -5.79324E-03 
  4802  -9.73266E-04  1.20928E-03 -5.77970E-03 
  4803  -1.07928E-03  1.29285E-03 -5.58094E-03 
  4804  -9.15063E-04  1.31052E-03 -5.62593E-03 
  4805  -1.01812E-03  1.31255E-03 -5.45852E-03 
  4806  -8.56799E-04  1.18718E-03 -5.54122E-03 
  4807  -9.54383E-04  1.60800E-03 -5.15221E-03 
  4808  -1.05072E-03  8.85504E-04 -6.62211E-03 
  4809  -1.14588E-03  9.53153E-04 -6.39277E-03 
  4810  -1.00521E-03  1.03938E-03 -6.41008E-03 
  4811  -1.09909E-03  1.11042E-03 -6.19371E-03 
  4812  -9.54536E-04  1.15875E-03 -6.19126E-03 
  4813  -1.04679E-03  1.23532E-03 -5.99456E-03 
  4814  -9.00717E-04  1.25210E-03 -5.98811E-03 
  4815  -9.91296E-04  1.33751E-03 -5.77992E-03 
  4816  -8.46049E-04  1.35547E-03 -5.83231E-03 
  4817  -9.34017E-04  1.35735E-03 -5.65684E-03 
  4818  -7.90512E-04  1.22722E-03 -5.74594E-03 
  4819  -8.73886E-04  1.66160E-03 -5.34236E-03 
  4820  -9.50812E-04  9.14186E-04 -6.80818E-03 
  4821  -1.03127E-03  9.82730E-04 -6.56892E-03 
  4822  -9.10015E-04  1.07297E-03 -6.59383E-03 
  4823  -9.89269E-04  1.14495E-03 -6.36803E-03 
  4824  -8.64457E-04  1.19600E-03 -6.37253E-03 
  4825  -9.42201E-04  1.27374E-03 -6.16714E-03 
  4826  -8.15804E-04  1.29189E-03 -6.16689E-03 
  4827  -8.92019E-04  1.37897E-03 -5.94998E-03 
  4828  -7.65942E-04  1.39775E-03 -6.00896E-03 
  4829  -8.39847E-04  1.39942E-03 -5.82605E-03 
  4830  -7.14886E-04  1.26545E-03 -5.92097E-03 
  4831  -7.84839E-04  1.71202E-03 -5.50414E-03 
  4832  -8.39801E-04  9.39865E-04 -6.96443E-03 
  4833  -9.05738E-04  1.00919E-03 -6.71688E-03 
  4834  -8.04124E-04  1.10307E-03 -6.74781E-03 
  4835  -8.68981E-04  1.17588E-03 -6.51412E-03 
  4836  -7.64177E-04  1.22949E-03 -6.52407E-03 
  4837  -8.27704E-04  1.30829E-03 -6.31142E-03 
  4838  -7.21358E-04  1.32792E-03 -6.31599E-03 
  4839  -7.83534E-04  1.41645E-03 -6.09175E-03 
  4840  -6.77168E-04  1.43629E-03 -6.15601E-03 
  4841  -7.37393E-04  1.43774E-03 -5.96684E-03 
  4842  -6.31699E-04  1.30081E-03 -6.06655E-03 
  4843  -6.88663E-04  1.75783E-03 -5.63842E-03 
  4844  -7.20422E-04  9.62197E-04 -7.09091E-03 
  4845  -7.72418E-04  1.03223E-03 -6.83685E-03 
  4846  -6.90138E-04  1.12927E-03 -6.87222E-03 
  4847  -7.41199E-04  1.20283E-03 -6.63234E-03 
  4848  -6.56191E-04  1.25877E-03 -6.64624E-03 
  4849  -7.06102E-04  1.33847E-03 -6.42786E-03 
  4850  -6.19599E-04  1.35958E-03 -6.43593E-03 

 Rigid Airport Pavement
                   FAASR3D (version 1.0 ) compiled 04/15/19
 n o d a l   p r i n t   o u t   f o r   t i m e   s t e p     1  ( at time  1.0000E+00 )
   node     x-disp       y-disp       z-disp
  4851  -6.68378E-04  1.44933E-03 -6.20588E-03 
  4852  -5.81683E-04  1.47031E-03 -6.27410E-03 
  4853  -6.28874E-04  1.47159E-03 -6.07996E-03 
  4854  -5.42544E-04  1.33251E-03 -6.18338E-03 
  4855  -5.87146E-04  1.79807E-03 -5.74612E-03 
  4856  -5.95204E-04  9.80942E-04 -7.18821E-03 
  4857  -6.33798E-04  1.05158E-03 -6.92934E-03 
  4858  -5.70490E-04  1.15135E-03 -6.96771E-03 
  4859  -6.08312E-04  1.22553E-03 -6.72325E-03 
  4860  -5.42686E-04  1.28348E-03 -6.73979E-03 
  4861  -5.79596E-04  1.36395E-03 -6.51719E-03 
  4862  -5.12623E-04  1.38642E-03 -6.52759E-03 
  4863  -5.48617E-04  1.47715E-03 -6.29324E-03 
  4864  -4.81313E-04  1.49928E-03 -6.36420E-03 
  4865  -5.16084E-04  1.50045E-03 -6.16639E-03 
  4866  -4.48945E-04  1.35999E-03 -6.27245E-03 
  4867  -4.81777E-04  1.83210E-03 -5.82827E-03 
  4868  -4.66016E-04  9.96014E-04 -7.25718E-03 
  4869  -4.91754E-04  1.06712E-03 -6.99494E-03 
  4870  -4.46934E-04  1.16907E-03 -7.03523E-03 
  4871  -4.72095E-04  1.24376E-03 -6.78755E-03 
  4872  -4.25390E-04  1.30343E-03 -6.80576E-03 
  4873  -4.49870E-04  1.38448E-03 -6.58020E-03 
  4874  -4.01996E-04  1.40819E-03 -6.59206E-03 
  4875  -4.25818E-04  1.49966E-03 -6.35470E-03 
  4876  -3.77523E-04  1.52286E-03 -6.42746E-03 
  4877  -4.00471E-04  1.52398E-03 -6.22706E-03 
  4878  -3.52102E-04  1.38278E-03 -6.33496E-03 
  4879  -3.73764E-04  1.85949E-03 -5.88589E-03 
  4880  -3.34121E-04  1.00727E-03 -7.29885E-03 
  4881  -3.47584E-04  1.07871E-03 -7.03448E-03 
  4882  -3.20714E-04  1.18236E-03 -7.07582E-03 
  4883  -3.33784E-04  1.25740E-03 -6.82612E-03 
  4884  -3.05507E-04  1.31847E-03 -6.84525E-03 
  4885  -3.18129E-04  1.39991E-03 -6.61783E-03 
  4886  -2.88869E-04  1.42471E-03 -6.63050E-03 
  4887  -3.01085E-04  1.51668E-03 -6.39126E-03 
  4888  -2.71286E-04  1.54082E-03 -6.46507E-03 
  4889  -2.83022E-04  1.54194E-03 -6.26306E-03 
  4890  -2.52977E-04  1.40060E-03 -6.37208E-03 
  4891  -2.64039E-04  1.88002E-03 -5.92006E-03 
  4892  -2.00451E-04  1.01468E-03 -7.31429E-03 
  4893  -2.02175E-04  1.08634E-03 -7.04890E-03 
  4894  -1.92726E-04  1.19115E-03 -7.09060E-03 
  4895  -1.94254E-04  1.26640E-03 -6.83992E-03 
  4896  -1.83867E-04  1.32853E-03 -6.85937E-03 
  4897  -1.85198E-04  1.41017E-03 -6.63106E-03 
  4898  -1.74043E-04  1.43587E-03 -6.64404E-03 
  4899  -1.75187E-04  1.52807E-03 -6.40393E-03 
  4900  -1.63417E-04  1.55300E-03 -6.47818E-03 

 Rigid Airport Pavement
                   FAASR3D (version 1.0 ) compiled 04/15/19
 n o d a l   p r i n t   o u t   f o r   t i m e   s t e p     1  ( at time  1.0000E+00 )
   node     x-disp       y-disp       z-disp
  4901  -1.64459E-04  1.55418E-03 -6.27543E-03 
  4902  -1.52305E-04  1.41325E-03 -6.38498E-03 
  4903  -1.53261E-04  1.89356E-03 -5.93181E-03 
  4904  -6.56185E-05  1.01824E-03 -7.30458E-03 
  4905  -5.61385E-05  1.08996E-03 -7.03912E-03 
  4906  -6.35814E-05  1.19542E-03 -7.08063E-03 
  4907  -5.40827E-05  1.27072E-03 -6.82993E-03 
  4908  -6.10668E-05  1.33351E-03 -6.84919E-03 
  4909  -5.16338E-05  1.41521E-03 -6.62084E-03 
  4910  -5.80650E-05  1.44160E-03 -6.63374E-03 
  4911  -4.86849E-05  1.53377E-03 -6.39368E-03 
  4912  -5.44656E-05  1.55934E-03 -6.46785E-03 
  4913  -4.53215E-05  1.56062E-03 -6.26511E-03 
  4914  -5.06252E-05  1.42060E-03 -6.37470E-03 
  4915  -4.19562E-05  1.90001E-03 -5.92209E-03 
  4916   6.98526E-05  1.01790E-03 -7.27074E-03 
  4917   9.01269E-05  1.08958E-03 -7.00621E-03 
  4918   6.62215E-05  1.19513E-03 -7.04692E-03 
  4919   8.63127E-05  1.27036E-03 -6.79709E-03 
  4920   6.23885E-05  1.33344E-03 -6.81573E-03 
  4921   8.21715E-05  1.41501E-03 -6.58819E-03 
  4922   5.85534E-05  1.44185E-03 -6.60060E-03 
  4923   7.80655E-05  1.53376E-03 -6.36149E-03 
  4924   5.50603E-05  1.55974E-03 -6.43505E-03 
  4925   7.40246E-05  1.56120E-03 -6.23314E-03 
  4926   5.15921E-05  1.42251E-03 -6.34221E-03 
  4927   6.95057E-05  1.89932E-03 -5.89182E-03 
  4928   2.05852E-04  1.01370E-03 -7.21384E-03 
  4929   2.36066E-04  1.08525E-03 -6.95108E-03 
  4930   1.96495E-04  1.19031E-03 -6.99050E-03 
  4931   2.26479E-04  1.26536E-03 -6.74239E-03 
  4932   1.86257E-04  1.32831E-03 -6.75993E-03 
  4933   2.15758E-04  1.40960E-03 -6.53401E-03 
  4934   1.75578E-04  1.43662E-03 -6.54554E-03 
  4935   2.04576E-04  1.52806E-03 -6.30825E-03 
  4936   1.64982E-04  1.55422E-03 -6.38068E-03 
  4937   1.93090E-04  1.55590E-03 -6.18029E-03 
  4938   1.54102E-04  1.41893E-03 -6.28840E-03 
  4939   1.80669E-04  1.89148E-03 -5.84182E-03 
  4940   3.41306E-04  1.00584E-03 -7.13490E-03 
  4941   3.81497E-04  1.07696E-03 -6.87538E-03 
  4942   3.26488E-04  1.18098E-03 -6.91237E-03 
  4943   3.66104E-04  1.25576E-03 -6.66723E-03 
  4944   3.09825E-04  1.31819E-03 -6.68278E-03 
  4945   3.48833E-04  1.39903E-03 -6.45961E-03 
  4946   2.92261E-04  1.42592E-03 -6.46947E-03 
  4947   3.30592E-04  1.51671E-03 -6.23520E-03 
  4948   2.74388E-04  1.54270E-03 -6.30559E-03 
  4949   3.11652E-04  1.54475E-03 -6.10789E-03 
  4950   2.56035E-04  1.40989E-03 -6.21408E-03 

 Rigid Airport Pavement
                   FAASR3D (version 1.0 ) compiled 04/15/19
 n o d a l   p r i n t   o u t   f o r   t i m e   s t e p     1  ( at time  1.0000E+00 )
   node     x-disp       y-disp       z-disp
  4951   2.91251E-04  1.87649E-03 -5.77330E-03 
  4952   4.77546E-04  9.93773E-04 -7.03543E-03 
  4953   5.26836E-04  1.06489E-03 -6.77787E-03 
  4954   4.56493E-04  1.16743E-03 -6.81392E-03 
  4955   5.05149E-04  1.24173E-03 -6.57150E-03 
  4956   4.33668E-04  1.30307E-03 -6.58557E-03 
  4957   4.81462E-04  1.38339E-03 -6.36481E-03 
  4958   4.09072E-04  1.40975E-03 -6.37362E-03 
  4959   4.56120E-04  1.49968E-03 -6.14202E-03 
  4960   3.84136E-04  1.52552E-03 -6.21101E-03 
  4961   4.29877E-04  1.52784E-03 -6.01507E-03 
  4962   3.58245E-04  1.39532E-03 -6.12058E-03 
  4963   4.01439E-04  1.85442E-03 -5.68544E-03 
  4964   6.14123E-04  9.77764E-04 -6.91452E-03 
  4965   6.64136E-04  1.04965E-03 -6.66915E-03 
  4966   5.87318E-04  1.14944E-03 -6.69424E-03 
  4967   6.38495E-04  1.22307E-03 -6.46098E-03 
  4968   5.57744E-04  1.28306E-03 -6.46739E-03 
  4969   6.08531E-04  1.36280E-03 -6.25602E-03 
  4970   5.26469E-04  1.38827E-03 -6.25691E-03 
  4971   5.75898E-04  1.47722E-03 -6.03489E-03 
  4972   4.94241E-04  1.50248E-03 -6.09531E-03 
  4973   5.41090E-04  1.50480E-03 -5.90979E-03 
  4974   4.62221E-04  1.37502E-03 -6.00439E-03 
  4975   5.03609E-04  1.82547E-03 -5.58604E-03 
  4976   7.45310E-04  9.56035E-04 -6.81014E-03 
  4977   8.06538E-04  1.03812E-03 -6.56284E-03 
  4978   7.13364E-04  1.12750E-03 -6.58967E-03 
  4979   7.74764E-04  1.19926E-03 -6.35004E-03 
  4980   6.77601E-04  1.25831E-03 -6.36339E-03 
  4981   7.38270E-04  1.33748E-03 -6.14686E-03 
  4982   6.39208E-04  1.36158E-03 -6.15541E-03 
  4983   6.98804E-04  1.44925E-03 -5.92780E-03 
  4984   5.99523E-04  1.47462E-03 -6.00073E-03 
  4985   6.57029E-04  1.47441E-03 -5.80744E-03 
  4986   5.58555E-04  1.34828E-03 -5.93376E-03 
  4987   6.12206E-04  1.79119E-03 -5.50270E-03 
  4988  -2.03050E-03  8.63171E-04 -4.57237E-03 
  4989  -2.37754E-03  9.19960E-04 -4.04155E-03 
  4990  -1.95302E-03  1.01293E-03 -4.40955E-03 
  4991  -2.28772E-03  1.09639E-03 -3.90274E-03 
  4992  -1.86820E-03  1.14596E-03 -4.23562E-03 
  4993  -2.18330E-03  1.27452E-03 -3.75596E-03 
  4994  -1.77981E-03  1.23943E-03 -4.05983E-03 
  4995  -2.06338E-03  1.46186E-03 -3.58441E-03 
  4996  -1.68957E-03  1.39788E-03 -3.85260E-03 
  4997  -1.92558E-03  1.66007E-03 -3.31657E-03 
  4998  -1.57722E-03  1.73457E-03 -3.39357E-03 
  4999  -1.76395E-03  1.84611E-03 -2.82044E-03 
  5000  -1.81617E-03  9.07149E-04 -4.97178E-03 

 Rigid Airport Pavement
                   FAASR3D (version 1.0 ) compiled 04/15/19
 n o d a l   p r i n t   o u t   f o r   t i m e   s t e p     1  ( at time  1.0000E+00 )
   node     x-disp       y-disp       z-disp
  5001  -2.20998E-03  9.72291E-04 -4.49447E-03 
  5002  -1.74851E-03  1.06432E-03 -4.80514E-03 
  5003  -2.12769E-03  1.15905E-03 -4.34714E-03 
  5004  -1.67205E-03  1.20323E-03 -4.62784E-03 
  5005  -2.03160E-03  1.34864E-03 -4.19351E-03 
  5006  -1.58939E-03  1.30015E-03 -4.44891E-03 
  5007  -1.92087E-03  1.54998E-03 -4.01513E-03 
  5008  -1.50094E-03  1.46496E-03 -4.23322E-03 
  5009  -1.79343E-03  1.76555E-03 -3.72982E-03 
  5010  -1.40592E-03  1.82703E-03 -3.74344E-03 
  5011  -1.64533E-03  1.96995E-03 -3.18266E-03 
  5012  -1.69827E-03  9.48318E-04 -5.27483E-03 
  5013  -2.03089E-03  1.02079E-03 -4.82102E-03 
  5014  -1.63452E-03  1.11296E-03 -5.10702E-03 
  5015  -1.95608E-03  1.21740E-03 -4.67038E-03 
  5016  -1.56233E-03  1.25825E-03 -4.92925E-03 
  5017  -1.86842E-03  1.41789E-03 -4.51433E-03 
  5018  -1.48364E-03  1.35967E-03 -4.74907E-03 
  5019  -1.76711E-03  1.63207E-03 -4.33227E-03 
  5020  -1.39952E-03  1.53161E-03 -4.52604E-03 
  5021  -1.65056E-03  1.86285E-03 -4.03445E-03 
  5022  -1.30665E-03  1.90910E-03 -4.01369E-03 
  5023  -1.51661E-03  2.08297E-03 -3.45356E-03 
  5024  -1.58404E-03  9.87463E-04 -5.53535E-03 
  5025  -1.85000E-03  1.06549E-03 -5.07094E-03 
  5026  -1.52426E-03  1.15930E-03 -5.36662E-03 
  5027  -1.78231E-03  1.27134E-03 -4.91922E-03 
  5028  -1.45640E-03  1.31102E-03 -5.18839E-03 
  5029  -1.70280E-03  1.48194E-03 -4.76253E-03 
  5030  -1.38228E-03  1.41716E-03 -5.00736E-03 
  5031  -1.61083E-03  1.70780E-03 -4.57833E-03 
  5032  -1.30252E-03  1.59558E-03 -4.77953E-03 
  5033  -1.50521E-03  1.95207E-03 -4.27134E-03 
  5034  -1.21296E-03  1.98741E-03 -4.24573E-03 
  5035  -1.38468E-03  2.18585E-03 -3.66576E-03 
  5036  -1.45857E-03  1.02450E-03 -5.75157E-03 
  5037  -1.66874E-03  1.10636E-03 -5.27502E-03 
  5038  -1.40329E-03  1.20315E-03 -5.58240E-03 
  5039  -1.60788E-03  1.32074E-03 -5.12280E-03 
  5040  -1.34048E-03  1.36102E-03 -5.40386E-03 
  5041  -1.53632E-03  1.54062E-03 -4.96586E-03 
  5042  -1.27161E-03  1.47164E-03 -5.22200E-03 
  5043  -1.45353E-03  1.77701E-03 -4.78007E-03 
  5044  -1.19710E-03  1.65684E-03 -4.99028E-03 
  5045  -1.35868E-03  2.03321E-03 -4.46570E-03 
  5046  -1.11310E-03  2.06292E-03 -4.43948E-03 
  5047  -1.25099E-03  2.27892E-03 -3.83965E-03 
  5048  -1.32181E-03  1.05891E-03 -5.93746E-03 
  5049  -1.48740E-03  1.14338E-03 -5.44658E-03 
  5050  -1.27155E-03  1.24390E-03 -5.76763E-03 

 Rigid Airport Pavement
                   FAASR3D (version 1.0 ) compiled 04/15/19
 n o d a l   p r i n t   o u t   f o r   t i m e   s t e p     1  ( at time  1.0000E+00 )
   node     x-disp       y-disp       z-disp
  5051  -1.43320E-03  1.36553E-03 -5.29388E-03 
  5052  -1.21439E-03  1.40751E-03 -5.58840E-03 
  5053  -1.36942E-03  1.59379E-03 -5.13656E-03 
  5054  -1.15154E-03  1.52243E-03 -5.40548E-03 
  5055  -1.29569E-03  1.83961E-03 -4.94924E-03 
  5056  -1.08331E-03  1.71424E-03 -5.17015E-03 
  5057  -1.21143E-03  2.10633E-03 -4.62841E-03 
  5058  -1.00633E-03  2.13393E-03 -4.60404E-03 
  5059  -1.11615E-03  2.36246E-03 -3.98456E-03 
  5060  -1.17530E-03  1.09026E-03 -6.09628E-03 
  5061  -1.30574E-03  1.17650E-03 -5.59208E-03 
  5062  -1.13050E-03  1.28101E-03 -5.92554E-03 
  5063  -1.25808E-03  1.40561E-03 -5.43870E-03 
  5064  -1.07949E-03  1.44989E-03 -5.74530E-03 
  5065  -1.20203E-03  1.64134E-03 -5.28075E-03 
  5066  -1.02332E-03  1.56883E-03 -5.56105E-03 
  5067  -1.13730E-03  1.89546E-03 -5.09178E-03 
  5068  -9.62232E-04  1.76683E-03 -5.32228E-03 
  5069  -1.06352E-03  2.17137E-03 -4.76508E-03 
  5070  -8.93448E-04  2.19892E-03 -4.74255E-03 
  5071  -9.80405E-04  2.43652E-03 -4.10553E-03 
  5072  -1.02152E-03  1.11814E-03 -6.22979E-03 
  5073  -1.12358E-03  1.20565E-03 -5.71404E-03 
  5074  -9.82499E-04  1.31405E-03 -6.05796E-03 
  5075  -1.08244E-03  1.44087E-03 -5.55983E-03 
  5076  -9.38037E-04  1.48767E-03 -5.87651E-03 
  5077  -1.03410E-03  1.68311E-03 -5.40103E-03 
  5078  -8.89014E-04  1.61026E-03 -5.69075E-03 
  5079  -9.78372E-04  1.94442E-03 -5.21034E-03 
  5080  -8.35703E-04  1.81378E-03 -5.44871E-03 
  5081  -9.15030E-04  2.22822E-03 -4.87833E-03 
  5082  -7.75850E-04  2.25672E-03 -4.85712E-03 
  5083  -8.43939E-04  2.50106E-03 -4.20520E-03 
  5084  -8.62690E-04  1.14230E-03 -6.33844E-03 
  5085  -9.40986E-04  1.23072E-03 -5.81339E-03 
  5086  -8.29659E-04  1.34269E-03 -6.16546E-03 
  5087  -9.06373E-04  1.47117E-03 -5.65825E-03 
  5088  -7.92013E-04  1.52044E-03 -5.98273E-03 
  5089  -8.65758E-04  1.71896E-03 -5.49848E-03 
  5090  -7.50472E-04  1.64627E-03 -5.79544E-03 
  5091  -8.19046E-04  1.98634E-03 -5.30612E-03 
  5092  -7.05330E-04  1.85453E-03 -5.55047E-03 
  5093  -7.66137E-04  2.27673E-03 -4.96951E-03 
  5094  -6.54884E-04  2.30656E-03 -4.94899E-03 
  5095  -7.07001E-04  2.55596E-03 -4.28505E-03 
  5096  -7.00635E-04  1.16256E-03 -6.42253E-03 
  5097  -7.58198E-04  1.25163E-03 -5.89045E-03 
  5098  -6.73739E-04  1.36671E-03 -6.24845E-03 
  5099  -7.30139E-04  1.49642E-03 -5.73438E-03 
  5100  -6.43069E-04  1.54793E-03 -6.06450E-03 

 Rigid Airport Pavement
                   FAASR3D (version 1.0 ) compiled 04/15/19
 n o d a l   p r i n t   o u t   f o r   t i m e   s t e p     1  ( at time  1.0000E+00 )
   node     x-disp       y-disp       z-disp
  5101  -6.97278E-04  1.74876E-03 -5.57366E-03 
  5102  -6.09218E-04  1.67651E-03 -5.87582E-03 
  5103  -6.59608E-04  2.02107E-03 -5.37981E-03 
  5104  -5.72481E-04  1.88868E-03 -5.62841E-03 
  5105  -6.17123E-04  2.31677E-03 -5.03947E-03 
  5106  -5.31681E-04  2.34793E-03 -5.01913E-03 
  5107  -5.69886E-04  2.60112E-03 -4.34610E-03 
  5108  -5.36738E-04  1.17877E-03 -6.48238E-03 
  5109  -5.75604E-04  1.26831E-03 -5.94548E-03 
  5110  -5.16049E-04  1.38592E-03 -6.30732E-03 
  5111  -5.54113E-04  1.51651E-03 -5.78859E-03 
  5112  -4.92455E-04  1.56992E-03 -6.12234E-03 
  5113  -5.29031E-04  1.77240E-03 -5.62703E-03 
  5114  -4.66407E-04  1.70077E-03 -5.93252E-03 
  5115  -5.00417E-04  2.04850E-03 -5.43197E-03 
  5116  -4.38194E-04  1.91596E-03 -5.68325E-03 
  5117  -4.68337E-04  2.34823E-03 -5.08887E-03 
  5118  -4.07146E-04  2.38053E-03 -5.06840E-03 
  5119  -4.32931E-04  2.63646E-03 -4.38911E-03 
  5120  -3.72019E-04  1.19085E-03 -6.51845E-03 
  5121  -3.93659E-04  1.28068E-03 -5.97884E-03 
  5122  -3.57563E-04  1.40023E-03 -6.34263E-03 
  5123  -3.78743E-04  1.53137E-03 -5.82131E-03 
  5124  -3.41094E-04  1.58630E-03 -6.15688E-03 
  5125  -3.61439E-04  1.78979E-03 -5.65911E-03 
  5126  -3.22904E-04  1.71888E-03 -5.96626E-03 
  5127  -3.41865E-04  2.06856E-03 -5.46322E-03 
  5128  -3.03273E-04  1.93621E-03 -5.71581E-03 
  5129  -3.20150E-04  2.37108E-03 -5.11840E-03 
  5130  -2.81982E-04  2.40424E-03 -5.09764E-03 
  5131  -2.96478E-04  2.66194E-03 -4.41480E-03 
  5132  -2.07224E-04  1.19874E-03 -6.53141E-03 
  5133  -2.12837E-04  1.28872E-03 -5.99106E-03 
  5134  -1.99012E-04  1.40957E-03 -6.35510E-03 
  5135  -2.04486E-04  1.54095E-03 -5.83310E-03 
  5136  -1.89668E-04  1.59701E-03 -6.16888E-03 
  5137  -1.94944E-04  1.80092E-03 -5.67050E-03 
  5138  -1.79338E-04  1.73079E-03 -5.97784E-03 
  5139  -1.84366E-04  2.08123E-03 -5.47421E-03 
  5140  -1.68288E-04  1.94938E-03 -5.72694E-03 
  5141  -1.72935E-04  2.38528E-03 -5.12877E-03 
  5142  -1.56731E-04  2.41901E-03 -5.10766E-03 
  5143  -1.60872E-04  2.67758E-03 -4.42387E-03 
  5144  -4.28697E-05  1.20243E-03 -6.52207E-03 
  5145  -3.36196E-05  1.29240E-03 -5.98285E-03 
  5146  -4.08952E-05  1.41394E-03 -6.34555E-03 
  5147  -3.17985E-05  1.54527E-03 -5.82467E-03 
  5148  -3.86531E-05  1.60202E-03 -6.15913E-03 
  5149  -2.99662E-05  1.80578E-03 -5.66193E-03 
  5150  -3.61768E-05  1.73643E-03 -5.96809E-03 

 Rigid Airport Pavement
                   FAASR3D (version 1.0 ) compiled 04/15/19
 n o d a l   p r i n t   o u t   f o r   t i m e   s t e p     1  ( at time  1.0000E+00 )
   node     x-disp       y-disp       z-disp
  5151  -2.83140E-05  2.08652E-03 -5.46568E-03 
  5152  -3.36678E-05  1.95539E-03 -5.71745E-03 
  5153  -2.70582E-05  2.39089E-03 -5.12070E-03 
  5154  -3.17926E-05  2.42484E-03 -5.09929E-03 
  5155  -2.64499E-05  2.68345E-03 -4.41701E-03 
  5156   1.20583E-04  1.20194E-03 -6.49128E-03 
  5157   1.43534E-04  1.29176E-03 -5.95504E-03 
  5158   1.16382E-04  1.41334E-03 -6.31479E-03 
  5159   1.38881E-04  1.54434E-03 -5.79689E-03 
  5160   1.11547E-04  1.60132E-03 -6.12856E-03 
  5161   1.33085E-04  1.80441E-03 -5.63428E-03 
  5162   1.06212E-04  1.73583E-03 -5.93790E-03 
  5163   1.25920E-04  2.08450E-03 -5.43851E-03 
  5164   1.00210E-04  1.95427E-03 -5.68822E-03 
  5165   1.17138E-04  2.38800E-03 -5.09503E-03 
  5166   9.24722E-05  2.42176E-03 -5.07330E-03 
  5167   1.06481E-04  2.67967E-03 -4.39498E-03 
  5168   2.82795E-04  1.19730E-03 -6.44040E-03 
  5169   3.18204E-04  1.28684E-03 -5.90874E-03 
  5170   2.72437E-04  1.40781E-03 -6.26408E-03 
  5171   3.07159E-04  1.53826E-03 -5.75082E-03 
  5172   2.60599E-04  1.59501E-03 -6.07828E-03 
  5173   2.93842E-04  1.79692E-03 -5.58855E-03 
  5174   2.47516E-04  1.72904E-03 -5.88839E-03 
  5175   2.77991E-04  2.07529E-03 -5.39368E-03 
  5176   2.33067E-04  1.94608E-03 -5.64037E-03 
  5177   2.59340E-04  2.37676E-03 -5.05272E-03 
  5178   2.15737E-04  2.40983E-03 -5.03070E-03 
  5179   2.37637E-04  2.66643E-03 -4.35865E-03 
  5180   4.43283E-04  1.18859E-03 -6.37007E-03 
  5181   4.89997E-04  1.27772E-03 -5.84557E-03 
  5182   4.26799E-04  1.39752E-03 -6.19434E-03 
  5183   4.72692E-04  1.52710E-03 -5.68795E-03 
  5184   4.08055E-04  1.58313E-03 -6.00919E-03 
  5185   4.51983E-04  1.78343E-03 -5.52616E-03 
  5186   3.87281E-04  1.71613E-03 -5.82034E-03 
  5187   4.27599E-04  2.05904E-03 -5.33255E-03 
  5188   3.64446E-04  1.93091E-03 -5.57452E-03 
  5189   3.99264E-04  2.35736E-03 -4.99509E-03 
  5190   3.37570E-04  2.38923E-03 -4.97213E-03 
  5191   3.66757E-04  2.64397E-03 -4.30918E-03 
  5192   5.99294E-04  1.17622E-03 -6.28287E-03 
  5193   6.58772E-04  1.26451E-03 -5.76769E-03 
  5194   5.77757E-04  1.38247E-03 -6.10769E-03 
  5195   6.35314E-04  1.51102E-03 -5.61020E-03 
  5196   5.52203E-04  1.56585E-03 -5.92328E-03 
  5197   6.07339E-04  1.76411E-03 -5.44887E-03 
  5198   5.23793E-04  1.69717E-03 -5.73573E-03 
  5199   5.74606E-04  2.03597E-03 -5.25684E-03 
  5200   4.92212E-04  1.90873E-03 -5.49276E-03 

 Rigid Airport Pavement
                   FAASR3D (version 1.0 ) compiled 04/15/19
 n o d a l   p r i n t   o u t   f o r   t i m e   s t e p     1  ( at time  1.0000E+00 )
   node     x-disp       y-disp       z-disp
  5201   5.36806E-04  2.33006E-03 -4.92385E-03 
  5202   4.55891E-04  2.36018E-03 -4.89948E-03 
  5203   4.93750E-04  2.61260E-03 -4.24809E-03 
  5204   7.52851E-04  1.16033E-03 -6.18553E-03 
  5205   8.24649E-04  1.24731E-03 -5.67716E-03 
  5206   7.25851E-04  1.36369E-03 -6.00820E-03 
  5207   7.95066E-04  1.49020E-03 -5.51945E-03 
  5208   6.93889E-04  1.54311E-03 -5.82462E-03 
  5209   7.59957E-04  1.73913E-03 -5.35849E-03 
  5210   6.57771E-04  1.67208E-03 -5.63869E-03 
  5211   7.19053E-04  2.00626E-03 -5.16823E-03 
  5212   6.17677E-04  1.87967E-03 -5.39991E-03 
  5213   6.72056E-04  2.29515E-03 -4.84054E-03 
  5214   5.71356E-04  2.32321E-03 -4.81756E-03 
  5215   6.18733E-04  2.57268E-03 -4.17675E-03 
  5216   9.08377E-04  1.14328E-03 -6.07713E-03 
  5217   9.87862E-04  1.22626E-03 -5.57458E-03 
  5218   8.74824E-04  1.34051E-03 -5.89794E-03 
  5219   9.52157E-04  1.46470E-03 -5.41684E-03 
  5220   8.35982E-04  1.51518E-03 -5.71474E-03 
  5221   9.09994E-04  1.70869E-03 -5.25614E-03 
  5222   7.92648E-04  1.64132E-03 -5.53060E-03 
  5223   8.61099E-04  1.97021E-03 -5.06761E-03 
  5224   7.44837E-04  1.84340E-03 -5.29606E-03 
  5225   8.05158E-04  2.25292E-03 -4.74546E-03 
  5226   6.89878E-04  2.27886E-03 -4.72915E-03 
  5227   7.41943E-04  2.52455E-03 -4.09537E-03 
  5228   0.00000E+00  0.00000E+00  0.00000E+00 
  5229   0.00000E+00  0.00000E+00  0.00000E+00 
  5230   0.00000E+00  0.00000E+00  0.00000E+00 
  5231   0.00000E+00  0.00000E+00  0.00000E+00 
  5232   0.00000E+00  0.00000E+00  0.00000E+00 
  5233   0.00000E+00  0.00000E+00  0.00000E+00 
  5234   0.00000E+00  0.00000E+00  0.00000E+00 
  5235   0.00000E+00  0.00000E+00  0.00000E+00 
  5236   0.00000E+00  0.00000E+00  0.00000E+00 
  5237   0.00000E+00  0.00000E+00  0.00000E+00 
  5238   0.00000E+00  0.00000E+00  0.00000E+00 
  5239   0.00000E+00  0.00000E+00  0.00000E+00 
  5240   0.00000E+00  0.00000E+00  0.00000E+00 
  5241   0.00000E+00  0.00000E+00  0.00000E+00 
  5242   0.00000E+00  0.00000E+00  0.00000E+00 
  5243   0.00000E+00  0.00000E+00  0.00000E+00 
  5244   0.00000E+00  0.00000E+00  0.00000E+00 
  5245   0.00000E+00  0.00000E+00  0.00000E+00 
  5246   0.00000E+00  0.00000E+00  0.00000E+00 
  5247   0.00000E+00  0.00000E+00  0.00000E+00 
  5248   0.00000E+00  0.00000E+00  0.00000E+00 
  5249   0.00000E+00  0.00000E+00  0.00000E+00 
  5250   0.00000E+00  0.00000E+00  0.00000E+00 

 Rigid Airport Pavement
                   FAASR3D (version 1.0 ) compiled 04/15/19
 n o d a l   p r i n t   o u t   f o r   t i m e   s t e p     1  ( at time  1.0000E+00 )
   node     x-disp       y-disp       z-disp
  5251   0.00000E+00  0.00000E+00  0.00000E+00 
  5252   0.00000E+00  0.00000E+00  0.00000E+00 
  5253   0.00000E+00  0.00000E+00  0.00000E+00 
  5254   0.00000E+00  0.00000E+00  0.00000E+00 
  5255   0.00000E+00  0.00000E+00  0.00000E+00 
  5256   0.00000E+00  0.00000E+00  0.00000E+00 
  5257   0.00000E+00  0.00000E+00  0.00000E+00 
  5258   0.00000E+00  0.00000E+00  0.00000E+00 
  5259   0.00000E+00  0.00000E+00  0.00000E+00 
  5260   0.00000E+00  0.00000E+00  0.00000E+00 
  5261   0.00000E+00  0.00000E+00  0.00000E+00 
  5262   0.00000E+00  0.00000E+00  0.00000E+00 
  5263   0.00000E+00  0.00000E+00  0.00000E+00 
  5264   0.00000E+00  0.00000E+00  0.00000E+00 
  5265   0.00000E+00  0.00000E+00  0.00000E+00 
  5266   0.00000E+00  0.00000E+00  0.00000E+00 
  5267   0.00000E+00  0.00000E+00  0.00000E+00 
  5268   0.00000E+00  0.00000E+00  0.00000E+00 
  5269   0.00000E+00  0.00000E+00  0.00000E+00 
  5270   0.00000E+00  0.00000E+00  0.00000E+00 
  5271   0.00000E+00  0.00000E+00  0.00000E+00 
  5272   0.00000E+00  0.00000E+00  0.00000E+00 
  5273   0.00000E+00  0.00000E+00  0.00000E+00 
  5274   0.00000E+00  0.00000E+00  0.00000E+00 
  5275   0.00000E+00  0.00000E+00  0.00000E+00 
  5276   0.00000E+00  0.00000E+00  0.00000E+00 
  5277   0.00000E+00  0.00000E+00  0.00000E+00 
  5278   0.00000E+00  0.00000E+00  0.00000E+00 
  5279   0.00000E+00  0.00000E+00  0.00000E+00 
  5280   0.00000E+00  0.00000E+00  0.00000E+00 
  5281   0.00000E+00  0.00000E+00  0.00000E+00 
  5282   0.00000E+00  0.00000E+00  0.00000E+00 
  5283   0.00000E+00  0.00000E+00  0.00000E+00 
  5284   0.00000E+00  0.00000E+00  0.00000E+00 
  5285   0.00000E+00  0.00000E+00  0.00000E+00 
  5286   0.00000E+00  0.00000E+00  0.00000E+00 
  5287   0.00000E+00  0.00000E+00  0.00000E+00 
  5288   0.00000E+00  0.00000E+00  0.00000E+00 
  5289   0.00000E+00  0.00000E+00  0.00000E+00 
  5290   0.00000E+00  0.00000E+00  0.00000E+00 
  5291   0.00000E+00  0.00000E+00  0.00000E+00 
  5292   0.00000E+00  0.00000E+00  0.00000E+00 
  5293   0.00000E+00  0.00000E+00  0.00000E+00 
  5294   0.00000E+00  0.00000E+00  0.00000E+00 
  5295   0.00000E+00  0.00000E+00  0.00000E+00 
  5296   0.00000E+00  0.00000E+00  0.00000E+00 
  5297   0.00000E+00  0.00000E+00  0.00000E+00 
  5298   0.00000E+00  0.00000E+00  0.00000E+00 
  5299   0.00000E+00  0.00000E+00  0.00000E+00 
  5300   0.00000E+00  0.00000E+00  0.00000E+00 

 Rigid Airport Pavement
                   FAASR3D (version 1.0 ) compiled 04/15/19
 n o d a l   p r i n t   o u t   f o r   t i m e   s t e p     1  ( at time  1.0000E+00 )
   node     x-disp       y-disp       z-disp
  5301   0.00000E+00  0.00000E+00  0.00000E+00 
  5302   0.00000E+00  0.00000E+00  0.00000E+00 
  5303   0.00000E+00  0.00000E+00  0.00000E+00 
  5304   0.00000E+00  0.00000E+00  0.00000E+00 
  5305   0.00000E+00  0.00000E+00  0.00000E+00 
  5306   0.00000E+00  0.00000E+00  0.00000E+00 
  5307   0.00000E+00  0.00000E+00  0.00000E+00 
  5308   0.00000E+00  0.00000E+00  0.00000E+00 
  5309   0.00000E+00  0.00000E+00  0.00000E+00 
  5310   0.00000E+00  0.00000E+00  0.00000E+00 
  5311   0.00000E+00  0.00000E+00  0.00000E+00 
  5312   0.00000E+00  0.00000E+00  0.00000E+00 
  5313   0.00000E+00  0.00000E+00  0.00000E+00 
  5314   0.00000E+00  0.00000E+00  0.00000E+00 
  5315   0.00000E+00  0.00000E+00  0.00000E+00 
  5316   0.00000E+00  0.00000E+00  0.00000E+00 
  5317   0.00000E+00  0.00000E+00  0.00000E+00 
  5318   0.00000E+00  0.00000E+00  0.00000E+00 
  5319   0.00000E+00  0.00000E+00  0.00000E+00 
  5320   0.00000E+00  0.00000E+00  0.00000E+00 
  5321   0.00000E+00  0.00000E+00  0.00000E+00 
  5322   0.00000E+00  0.00000E+00  0.00000E+00 
  5323   0.00000E+00  0.00000E+00  0.00000E+00 
  5324   0.00000E+00  0.00000E+00  0.00000E+00 
  5325   0.00000E+00  0.00000E+00  0.00000E+00 
  5326   0.00000E+00  0.00000E+00  0.00000E+00 
  5327   0.00000E+00  0.00000E+00  0.00000E+00 
  5328   0.00000E+00  0.00000E+00  0.00000E+00 
  5329   0.00000E+00  0.00000E+00  0.00000E+00 
  5330   0.00000E+00  0.00000E+00  0.00000E+00 
  5331   0.00000E+00  0.00000E+00  0.00000E+00 
  5332   0.00000E+00  0.00000E+00  0.00000E+00 
  5333   0.00000E+00  0.00000E+00  0.00000E+00 
  5334   0.00000E+00  0.00000E+00  0.00000E+00 
  5335   0.00000E+00  0.00000E+00  0.00000E+00 
  5336   0.00000E+00  0.00000E+00  0.00000E+00 
  5337   0.00000E+00  0.00000E+00  0.00000E+00 
  5338   0.00000E+00  0.00000E+00  0.00000E+00 
  5339   0.00000E+00  0.00000E+00  0.00000E+00 
  5340   0.00000E+00  0.00000E+00  0.00000E+00 
  5341   0.00000E+00  0.00000E+00  0.00000E+00 
  5342   0.00000E+00  0.00000E+00  0.00000E+00 
  5343   0.00000E+00  0.00000E+00  0.00000E+00 
  5344   0.00000E+00  0.00000E+00  0.00000E+00 
  5345   0.00000E+00  0.00000E+00  0.00000E+00 
  5346   0.00000E+00  0.00000E+00  0.00000E+00 
  5347   0.00000E+00  0.00000E+00  0.00000E+00 
  5348  -9.61151E-04  1.21920E-03 -1.00751E-03 
  5349  -1.04765E-03  1.59147E-03 -1.09829E-03 
  5350  -8.82595E-04  1.56637E-03 -6.48222E-04 

 Rigid Airport Pavement
                   FAASR3D (version 1.0 ) compiled 04/15/19
 n o d a l   p r i n t   o u t   f o r   t i m e   s t e p     1  ( at time  1.0000E+00 )
   node     x-disp       y-disp       z-disp
  5351  -9.14194E-04  1.48924E-03 -5.69743E-04 
  5352  -8.02274E-04  1.66220E-03 -3.76747E-04 
  5353  -8.16005E-04  1.75480E-03 -3.59839E-04 
  5354  -7.90029E-04  1.88860E-03 -5.01974E-04 
  5355  -7.99850E-04  1.79163E-03 -4.73677E-04 
  5356  -9.11035E-04  1.85964E-03 -8.26571E-04 
  5357  -9.25409E-04  1.85071E-03 -8.20944E-04 
  5358  -9.11609E-04  1.25197E-03 -1.20193E-03 
  5359  -9.92465E-04  1.65989E-03 -1.28334E-03 
  5360  -8.32789E-04  1.63715E-03 -7.02813E-04 
  5361  -8.63540E-04  1.56366E-03 -6.26572E-04 
  5362  -7.59055E-04  1.73332E-03 -4.05393E-04 
  5363  -7.71972E-04  1.83343E-03 -3.84896E-04 
  5364  -7.45916E-04  1.97748E-03 -5.23307E-04 
  5365  -7.56288E-04  1.87595E-03 -4.93840E-04 
  5366  -8.67183E-04  1.94518E-03 -8.64232E-04 
  5367  -8.82074E-04  1.93623E-03 -8.57493E-04 
  5368  -8.65766E-04  1.29317E-03 -1.34910E-03 
  5369  -9.32484E-04  1.72552E-03 -1.43398E-03 
  5370  -7.81733E-04  1.69935E-03 -7.62703E-04 
  5371  -8.10330E-04  1.63335E-03 -6.82385E-04 
  5372  -7.11475E-04  1.80943E-03 -4.29961E-04 
  5373  -7.23686E-04  1.91350E-03 -4.07780E-04 
  5374  -6.99711E-04  2.06234E-03 -5.45830E-04 
  5375  -7.10110E-04  1.95851E-03 -5.14935E-04 
  5376  -8.18367E-04  2.03019E-03 -9.01733E-04 
  5377  -8.33220E-04  2.01935E-03 -8.93823E-04 
  5378  -8.16842E-04  1.33642E-03 -1.46910E-03 
  5379  -8.70979E-04  1.79053E-03 -1.55405E-03 
  5380  -7.28082E-04  1.76130E-03 -8.16883E-04 
  5381  -7.53667E-04  1.69987E-03 -7.33140E-04 
  5382  -6.60614E-04  1.88267E-03 -4.53073E-04 
  5383  -6.71939E-04  1.99124E-03 -4.29303E-04 
  5384  -6.50565E-04  2.14528E-03 -5.68016E-04 
  5385  -6.60664E-04  2.03874E-03 -5.35645E-04 
  5386  -7.64987E-04  2.11134E-03 -9.38163E-04 
  5387  -7.79329E-04  2.09900E-03 -9.29267E-04 
  5388  -7.61017E-04  1.38098E-03 -1.56314E-03 
  5389  -8.05328E-04  1.85430E-03 -1.64969E-03 
  5390  -6.71493E-04  1.82216E-03 -8.64483E-04 
  5391  -6.93465E-04  1.76290E-03 -7.77108E-04 
  5392  -6.06887E-04  1.95220E-03 -4.74364E-04 
  5393  -6.17107E-04  2.06549E-03 -4.49172E-04 
  5394  -5.98375E-04  2.22450E-03 -5.89181E-04 
  5395  -6.07950E-04  2.11490E-03 -5.55375E-04 
  5396  -7.06856E-04  2.18824E-03 -9.73013E-04 
  5397  -7.20494E-04  2.17484E-03 -9.63228E-04 
  5398  -6.98548E-04  1.42534E-03 -1.63766E-03 
  5399  -7.34210E-04  1.91554E-03 -1.72552E-03 
  5400  -6.11413E-04  1.88078E-03 -9.04773E-04 

 Rigid Airport Pavement
                   FAASR3D (version 1.0 ) compiled 04/15/19
 n o d a l   p r i n t   o u t   f o r   t i m e   s t e p     1  ( at time  1.0000E+00 )
   node     x-disp       y-disp       z-disp
  5401  -6.29762E-04  1.82213E-03 -8.13920E-04 
  5402  -5.50426E-04  2.01728E-03 -4.93412E-04 
  5403  -5.59447E-04  2.13502E-03 -4.66998E-04 
  5404  -5.43294E-04  2.29869E-03 -6.08972E-04 
  5405  -5.52155E-04  2.18597E-03 -5.73790E-04 
  5406  -6.44297E-04  2.26002E-03 -1.00581E-03 
  5407  -6.56982E-04  2.24575E-03 -9.95213E-04 
  5408  -6.29278E-04  1.46798E-03 -1.69657E-03 
  5409  -6.57909E-04  1.97271E-03 -1.78585E-03 
  5410  -5.47675E-04  1.93586E-03 -9.37964E-04 
  5411  -5.62686E-04  1.87694E-03 -8.43969E-04 
  5412  -4.91440E-04  2.07726E-03 -5.10090E-04 
  5413  -4.99183E-04  2.19889E-03 -4.82598E-04 
  5414  -4.85506E-04  2.36676E-03 -6.27090E-04 
  5415  -4.93512E-04  2.25107E-03 -5.90641E-04 
  5416  -5.77654E-04  2.32574E-03 -1.03587E-03 
  5417  -5.89183E-04  2.31076E-03 -1.02455E-03 
  5418  -5.54345E-04  1.50766E-03 -1.74311E-03 
  5419  -5.76969E-04  2.02455E-03 -1.83364E-03 
  5420  -4.80529E-04  1.98618E-03 -9.64771E-04 
  5421  -4.92523E-04  1.92659E-03 -8.68058E-04 
  5422  -4.30114E-04  2.13141E-03 -5.24212E-04 
  5423  -4.36554E-04  2.25627E-03 -4.95776E-04 
  5424  -4.25253E-04  2.42782E-03 -6.43255E-04 
  5425  -4.32280E-04  2.30945E-03 -6.05699E-04 
  5426  -5.07302E-04  2.38469E-03 -1.06286E-03 
  5427  -5.17537E-04  2.36903E-03 -1.05089E-03 
  5428  -4.74793E-04  1.54338E-03 -1.77929E-03 
  5429  -4.92217E-04  2.07006E-03 -1.87084E-03 
  5430  -4.10412E-04  2.03079E-03 -9.85854E-04 
  5431  -4.19676E-04  1.97045E-03 -8.86895E-04 
  5432  -3.66661E-04  2.17907E-03 -5.35793E-04 
  5433  -3.71848E-04  2.30647E-03 -5.06548E-04 
  5434  -3.62817E-04  2.48116E-03 -6.57249E-04 
  5435  -3.68792E-04  2.36046E-03 -6.18762E-04 
  5436  -4.33725E-04  2.43621E-03 -1.08648E-03 
  5437  -4.42521E-04  2.41990E-03 -1.07395E-03 
  5438  -3.91702E-04  1.57433E-03 -1.80656E-03 
  5439  -4.04491E-04  2.10853E-03 -1.89885E-03 
  5440  -3.37820E-04  2.06890E-03 -1.00172E-03 
  5441  -3.44620E-04  2.00788E-03 -9.00985E-04 
  5442  -3.01378E-04  2.21965E-03 -5.45025E-04 
  5443  -3.05377E-04  2.34892E-03 -5.15097E-04 
  5444  -2.98486E-04  2.52620E-03 -6.68959E-04 
  5445  -3.03369E-04  2.40359E-03 -6.29690E-04 
  5446  -3.57407E-04  2.47974E-03 -1.10638E-03 
  5447  -3.64683E-04  2.46280E-03 -1.09339E-03 
  5448  -3.06036E-04  1.60001E-03 -1.82577E-03 
  5449  -3.14554E-04  2.13950E-03 -1.91851E-03 
  5450  -2.63270E-04  2.09993E-03 -1.01291E-03 

 Rigid Airport Pavement
                   FAASR3D (version 1.0 ) compiled 04/15/19
 n o d a l   p r i n t   o u t   f o r   t i m e   s t e p     1  ( at time  1.0000E+00 )
   node     x-disp       y-disp       z-disp
  5451  -2.67857E-04  2.03842E-03 -9.10872E-04 
  5452  -2.34619E-04  2.25270E-03 -5.51918E-04 
  5453  -2.37486E-04  2.38316E-03 -5.21448E-04 
  5454  -2.32589E-04  2.56245E-03 -6.78313E-04 
  5455  -2.36348E-04  2.43838E-03 -6.38441E-04 
  5456  -2.78888E-04  2.51490E-03 -1.12242E-03 
  5457  -2.84560E-04  2.49737E-03 -1.10904E-03 
  5458  -2.18491E-04  1.62003E-03 -1.83751E-03 
  5459  -2.23072E-04  2.16267E-03 -1.93039E-03 
  5460  -1.87291E-04  2.12348E-03 -1.01988E-03 
  5461  -1.89848E-04  2.06168E-03 -9.16992E-04 
  5462  -1.66693E-04  2.27776E-03 -5.56638E-04 
  5463  -1.68503E-04  2.40885E-03 -5.25747E-04 
  5464  -1.65500E-04  2.58963E-03 -6.85248E-04 
  5465  -1.68104E-04  2.46453E-03 -6.44950E-04 
  5466  -1.98669E-04  2.54133E-03 -1.13440E-03 
  5467  -2.02676E-04  2.52325E-03 -1.12072E-03 
  5468  -1.29663E-04  1.63412E-03 -1.84237E-03 
  5469  -1.30592E-04  2.17783E-03 -1.93507E-03 
  5470  -1.10324E-04  2.13928E-03 -1.02293E-03 
  5471  -1.11000E-04  2.07741E-03 -9.19607E-04 
  5472  -9.79777E-05  2.29457E-03 -5.59316E-04 
  5473  -9.87779E-05  2.42578E-03 -5.28151E-04 
  5474  -9.75645E-05  2.60751E-03 -6.89715E-04 
  5475  -9.90152E-05  2.48183E-03 -6.49160E-04 
  5476  -1.17257E-04  2.55879E-03 -1.14222E-03 
  5477  -1.19580E-04  2.54026E-03 -1.12835E-03 
  5478  -4.00371E-05  1.64209E-03 -1.84080E-03 
  5479  -3.75644E-05  2.18488E-03 -1.93299E-03 
  5480  -3.27557E-05  2.14714E-03 -1.02238E-03 
  5481  -3.17122E-05  2.08544E-03 -9.19022E-04 
  5482  -2.88147E-05  2.30298E-03 -5.60030E-04 
  5483  -2.86689E-05  2.43380E-03 -5.28721E-04 
  5484  -2.91355E-05  2.61590E-03 -6.91735E-04 
  5485  -2.94428E-05  2.49014E-03 -6.51092E-04 
  5486  -3.52125E-05  2.56721E-03 -1.14583E-03 
  5487  -3.58523E-05  2.54829E-03 -1.13187E-03 
  5488   4.99368E-05  1.64379E-03 -1.83326E-03 
  5489   5.56020E-05  2.18376E-03 -1.92464E-03 
  5490   4.50167E-05  2.14695E-03 -1.01846E-03 
  5491   4.76623E-05  2.08571E-03 -9.15473E-04 
  5492   4.04631E-05  2.30290E-03 -5.58882E-04 
  5493   4.15261E-05  2.43286E-03 -5.27537E-04 
  5494   3.94033E-05  2.61482E-03 -6.91292E-04 
  5495   4.02246E-05  2.48944E-03 -6.50749E-04 
  5496   4.69517E-05  2.56654E-03 -1.14529E-03 
  5497   4.79964E-05  2.54732E-03 -1.13131E-03 
  5498   1.39957E-04  1.63918E-03 -1.82029E-03 
  5499   1.48514E-04  2.17449E-03 -1.91048E-03 
  5500   1.22624E-04  2.13871E-03 -1.01145E-03 

 Rigid Airport Pavement
                   FAASR3D (version 1.0 ) compiled 04/15/19
 n o d a l   p r i n t   o u t   f o r   t i m e   s t e p     1  ( at time  1.0000E+00 )
   node     x-disp       y-disp       z-disp
  5501   1.26776E-04  2.07823E-03 -9.09215E-04 
  5502   1.09516E-04  2.29438E-03 -5.55899E-04 
  5503   1.11465E-04  2.42304E-03 -5.24658E-04 
  5504   1.07676E-04  2.60431E-03 -6.88410E-04 
  5505   1.09598E-04  2.47976E-03 -6.48126E-04 
  5506   1.28701E-04  2.55685E-03 -1.14064E-03 
  5507   1.31412E-04  2.53742E-03 -1.12674E-03 
  5508   2.29567E-04  1.62825E-03 -1.80230E-03 
  5509   2.40765E-04  2.15709E-03 -1.89113E-03 
  5510   1.99703E-04  2.12250E-03 -1.00150E-03 
  5511   2.05316E-04  2.06311E-03 -9.00343E-04 
  5512   1.78023E-04  2.27750E-03 -5.51160E-04 
  5513   1.80832E-04  2.40442E-03 -5.20143E-04 
  5514   1.75335E-04  2.58451E-03 -6.83180E-04 
  5515   1.78331E-04  2.46123E-03 -6.43315E-04 
  5516   2.09503E-04  2.53827E-03 -1.13186E-03 
  5517   2.13852E-04  2.51870E-03 -1.11813E-03 
  5518   3.18353E-04  1.61081E-03 -1.78044E-03 
  5519   3.32127E-04  2.13177E-03 -1.86716E-03 
  5520   2.75795E-04  2.09868E-03 -9.88395E-04 
  5521   2.82859E-04  2.04060E-03 -8.88927E-04 
  5522   2.45709E-04  2.25232E-03 -5.44789E-04 
  5523   2.49336E-04  2.37716E-03 -5.14058E-04 
  5524   2.41943E-04  2.55568E-03 -6.75597E-04 
  5525   2.46020E-04  2.43408E-03 -6.36333E-04 
  5526   2.88884E-04  2.51094E-03 -1.11907E-03 
  5527   2.94828E-04  2.49138E-03 -1.10562E-03 
  5528   4.05051E-04  1.58714E-03 -1.75473E-03 
  5529   4.22225E-04  2.09913E-03 -1.83877E-03 
  5530   3.50932E-04  2.06732E-03 -9.72516E-04 
  5531   3.59300E-04  2.01046E-03 -8.74790E-04 
  5532   3.11996E-04  2.21917E-03 -5.36727E-04 
  5533   3.16561E-04  2.34172E-03 -5.06505E-04 
  5534   3.07233E-04  2.51821E-03 -6.65717E-04 
  5535   3.12367E-04  2.39861E-03 -6.27135E-04 
  5536   3.66350E-04  2.47506E-03 -1.10239E-03 
  5537   3.73880E-04  2.45566E-03 -1.08929E-03 
  5538   4.91241E-04  1.55727E-03 -1.71373E-03 
  5539   5.09985E-04  2.06103E-03 -1.80002E-03 
  5540   4.23754E-04  2.02854E-03 -9.55494E-04 
  5541   4.33662E-04  1.97243E-03 -8.59292E-04 
  5542   3.76851E-04  2.17891E-03 -5.26388E-04 
  5543   3.82262E-04  2.29879E-03 -4.96999E-04 
  5544   3.70833E-04  2.47201E-03 -6.53498E-04 
  5545   3.76960E-04  2.35500E-03 -6.15859E-04 
  5546   4.41439E-04  2.43149E-03 -1.08182E-03 
  5547   4.50400E-04  2.41212E-03 -1.06922E-03 
  5548  -1.20467E-03  1.90204E-03 -1.24393E-03 
  5549  -1.35068E-03  1.98600E-03 -1.28830E-03 
  5550  -9.79074E-04  1.66457E-03 -5.00747E-04 

 Rigid Airport Pavement
                   FAASR3D (version 1.0 ) compiled 04/15/19
 n o d a l   p r i n t   o u t   f o r   t i m e   s t e p     1  ( at time  1.0000E+00 )
   node     x-disp       y-disp       z-disp
  5551  -1.04805E-03  1.87484E-03 -4.82720E-04 
  5552  -8.43298E-04  1.72083E-03 -3.06878E-04 
  5553  -8.67818E-04  1.74069E-03 -2.85877E-04 
  5554  -8.14345E-04  1.77955E-03 -4.47542E-04 
  5555  -8.20731E-04  1.67985E-03 -4.08604E-04 
  5556  -9.40212E-04  1.72989E-03 -8.00112E-04 
  5557  -9.43009E-04  1.74269E-03 -7.98734E-04 
  5558  -1.13554E-03  2.01530E-03 -1.42087E-03 
  5559  -1.27583E-03  2.12109E-03 -1.46023E-03 
  5560  -9.28210E-04  1.75646E-03 -5.56473E-04 
  5561  -9.92510E-04  1.99112E-03 -5.37380E-04 
  5562  -7.98039E-04  1.80683E-03 -3.27953E-04 
  5563  -8.22366E-04  1.83660E-03 -3.05418E-04 
  5564  -7.71995E-04  1.86524E-03 -4.66168E-04 
  5565  -7.79916E-04  1.76387E-03 -4.25563E-04 
  5566  -8.97742E-04  1.80898E-03 -8.34442E-04 
  5567  -9.02348E-04  1.82127E-03 -8.32097E-04 
  5568  -1.06148E-03  2.11423E-03 -1.56920E-03 
  5569  -1.18904E-03  2.24521E-03 -1.60467E-03 
  5570  -8.69855E-04  1.84691E-03 -6.10003E-04 
  5571  -9.29368E-04  2.10151E-03 -5.89168E-04 
  5572  -7.48566E-04  1.89162E-03 -3.47630E-04 
  5573  -7.71684E-04  1.92995E-03 -3.24328E-04 
  5574  -7.26027E-04  1.94884E-03 -4.85352E-04 
  5575  -7.34568E-04  1.84621E-03 -4.42701E-04 
  5576  -8.49449E-04  1.88673E-03 -8.68735E-04 
  5577  -8.55281E-04  1.89838E-03 -8.65380E-04 
  5578  -9.82624E-04  2.20625E-03 -1.69091E-03 
  5579  -1.09441E-03  2.35862E-03 -1.72308E-03 
  5580  -8.06540E-04  1.93164E-03 -6.57259E-04 
  5581  -8.59953E-04  2.20462E-03 -6.35306E-04 
  5582  -6.95040E-04  1.97350E-03 -3.66319E-04 
  5583  -7.16373E-04  2.01896E-03 -3.42193E-04 
  5584  -6.76243E-04  2.02962E-03 -5.04199E-04 
  5585  -6.84849E-04  1.92550E-03 -4.59537E-04 
  5586  -7.95504E-04  1.96163E-03 -9.02266E-04 
  5587  -8.02013E-04  1.97288E-03 -8.97937E-04 
  5588  -8.99342E-04  2.29285E-03 -1.78825E-03 
  5589  -9.94580E-04  2.46144E-03 -1.81973E-03 
  5590  -7.39196E-04  2.01008E-03 -6.97723E-04 
  5591  -7.85635E-04  2.29955E-03 -6.74601E-04 
  5592  -6.37941E-04  2.05094E-03 -3.83533E-04 
  5593  -6.57053E-04  2.10232E-03 -3.58557E-04 
  5594  -6.22760E-04  2.10631E-03 -5.22211E-04 
  5595  -6.31059E-04  2.00052E-03 -4.75682E-04 
  5596  -7.36150E-04  2.03273E-03 -9.34397E-04 
  5597  -7.42887E-04  2.04368E-03 -9.29155E-04 
  5598  -8.12055E-04  2.37309E-03 -1.86675E-03 
  5599  -8.91323E-04  2.55378E-03 -1.89839E-03 
  5600  -6.68320E-04  2.08202E-03 -7.31229E-04 

 Rigid Airport Pavement
                   FAASR3D (version 1.0 ) compiled 04/15/19
 n o d a l   p r i n t   o u t   f o r   t i m e   s t e p     1  ( at time  1.0000E+00 )
   node     x-disp       y-disp       z-disp
  5601  -7.07567E-04  2.38573E-03 -7.07115E-04 
  5602  -5.77717E-04  2.12279E-03 -3.98873E-04 
  5603  -5.94333E-04  2.17901E-03 -3.73087E-04 
  5604  -5.65856E-04  2.17783E-03 -5.39078E-04 
  5605  -5.73561E-04  2.07021E-03 -4.90816E-04 
  5606  -6.71715E-04  2.09906E-03 -9.64598E-04 
  5607  -6.78349E-04  2.10978E-03 -9.58485E-04 
  5608  -7.21197E-04  2.44594E-03 -1.92982E-03 
  5609  -7.85765E-04  2.63563E-03 -1.96220E-03 
  5610  -5.94404E-04  2.14710E-03 -7.58315E-04 
  5611  -6.26678E-04  2.46273E-03 -7.33453E-04 
  5612  -5.14762E-04  2.18824E-03 -4.12191E-04 
  5613  -5.28772E-04  2.24829E-03 -3.85627E-04 
  5614  -5.05858E-04  2.24321E-03 -5.54522E-04 
  5615  -5.12762E-04  2.13369E-03 -5.04668E-04 
  5616  -6.02670E-04  2.15981E-03 -9.92354E-04 
  5617  -6.08928E-04  2.17029E-03 -9.85472E-04 
  5618  -6.27341E-04  2.51047E-03 -1.98013E-03 
  5619  -6.78660E-04  2.70692E-03 -2.01340E-03 
  5620  -5.17933E-04  2.20492E-03 -7.79827E-04 
  5621  -5.43689E-04  2.53024E-03 -7.54376E-04 
  5622  -4.49448E-04  2.24660E-03 -4.23382E-04 
  5623  -4.60878E-04  2.30960E-03 -3.96150E-04 
  5624  -4.43089E-04  2.30167E-03 -5.68322E-04 
  5625  -4.49078E-04  2.19025E-03 -5.17035E-04 
  5626  -5.29536E-04  2.21426E-03 -1.01729E-03 
  5627  -5.35203E-04  2.22447E-03 -1.00974E-03 
  5628  -5.31087E-04  2.56601E-03 -2.01946E-03 
  5629  -5.70552E-04  2.76753E-03 -2.05359E-03 
  5630  -4.39350E-04  2.25509E-03 -7.96519E-04 
  5631  -4.59168E-04  2.58799E-03 -7.70604E-04 
  5632  -3.82156E-04  2.29734E-03 -4.32488E-04 
  5633  -3.91114E-04  2.36248E-03 -4.04716E-04 
  5634  -3.77931E-04  2.35258E-03 -5.80291E-04 
  5635  -3.82929E-04  2.23936E-03 -5.27762E-04 
  5636  -4.52870E-04  2.26179E-03 -1.03913E-03 
  5637  -4.57783E-04  2.27172E-03 -1.03098E-03 
  5638  -4.33014E-04  2.61210E-03 -2.04906E-03 
  5639  -4.61858E-04  2.81736E-03 -2.08389E-03 
  5640  -3.59114E-04  2.29724E-03 -8.08940E-04 
  5641  -3.73576E-04  2.63579E-03 -7.82717E-04 
  5642  -3.13236E-04  2.33999E-03 -4.39669E-04 
  5643  -3.19886E-04  2.40660E-03 -4.11439E-04 
  5644  -3.10772E-04  2.39544E-03 -5.90299E-04 
  5645  -3.14736E-04  2.28057E-03 -5.36739E-04 
  5646  -3.73226E-04  2.30192E-03 -1.05760E-03 
  5647  -3.77282E-04  2.31156E-03 -1.04894E-03 
  5648  -3.33674E-04  2.64845E-03 -2.06975E-03 
  5649  -3.52938E-04  2.85636E-03 -2.10510E-03 
  5650  -2.77670E-04  2.33104E-03 -8.17605E-04 

 Rigid Airport Pavement
                   FAASR3D (version 1.0 ) compiled 04/15/19
 n o d a l   p r i n t   o u t   f o r   t i m e   s t e p     1  ( at time  1.0000E+00 )
   node     x-disp       y-disp       z-disp
  5651  -2.87298E-04  2.67351E-03 -7.91183E-04 
  5652  -2.43033E-04  2.37421E-03 -4.44987E-04 
  5653  -2.47562E-04  2.44173E-03 -4.16433E-04 
  5654  -2.41992E-04  2.42985E-03 -5.98299E-04 
  5655  -2.44918E-04  2.31358E-03 -5.43898E-04 
  5656  -2.91171E-04  2.33427E-03 -1.07248E-03 
  5657  -2.94321E-04  2.34361E-03 -1.06341E-03 
  5658  -2.33552E-04  2.67489E-03 -2.08212E-03 
  5659  -2.44118E-04  2.88450E-03 -2.11782E-03 
  5660  -1.95381E-04  2.35627E-03 -8.22895E-04 
  5661  -2.00667E-04  2.70107E-03 -7.96366E-04 
  5662  -1.71901E-04  2.39974E-03 -4.48556E-04 
  5663  -1.74488E-04  2.46771E-03 -4.19807E-04 
  5664  -1.71976E-04  2.45558E-03 -6.04247E-04 
  5665  -1.73883E-04  2.33816E-03 -5.49195E-04 
  5666  -2.07317E-04  2.35854E-03 -1.08362E-03 
  5667  -2.09512E-04  2.36761E-03 -1.07427E-03 
  5668  -1.33091E-04  2.69134E-03 -2.08670E-03 
  5669  -1.35689E-04  2.90180E-03 -2.12256E-03 
  5670  -1.12620E-04  2.37276E-03 -8.25083E-04 
  5671  -1.13980E-04  2.71844E-03 -7.98550E-04 
  5672  -1.00168E-04  2.41644E-03 -4.50539E-04 
  5673  -1.00979E-04  2.48444E-03 -4.21677E-04 
  5674  -1.01109E-04  2.47243E-03 -6.08070E-04 
  5675  -1.02038E-04  2.35420E-03 -5.52608E-04 
  5676  -1.22231E-04  2.37455E-03 -1.09095E-03 
  5677  -1.23460E-04  2.38339E-03 -1.08141E-03 
  5678  -3.26639E-05  2.69779E-03 -2.08397E-03 
  5679  -2.79236E-05  2.90835E-03 -2.11980E-03 
  5680  -2.97319E-05  2.38044E-03 -8.24448E-04 
  5681  -2.75072E-05  2.72566E-03 -7.97979E-04 
  5682  -2.81603E-05  2.42420E-03 -4.50985E-04 
  5683  -2.73353E-05  2.49192E-03 -4.22113E-04 
  5684  -2.97947E-05  2.48032E-03 -6.09792E-04 
  5685  -2.97770E-05  2.36163E-03 -5.54139E-04 
  5686  -3.64931E-05  2.38221E-03 -1.09441E-03 
  5687  -3.67474E-05  2.39085E-03 -1.08478E-03 
  5688   6.73947E-05  2.69429E-03 -2.07439E-03 
  5689   7.89330E-05  2.90430E-03 -2.10998E-03 
  5690   5.29825E-05  2.37934E-03 -8.21203E-04 
  5691   5.85183E-05  2.72284E-03 -7.94863E-04 
  5692   4.38197E-05  2.42303E-03 -4.49968E-04 
  5693   4.61546E-05  2.49019E-03 -4.21187E-04 
  5694   4.15851E-05  2.47922E-03 -6.09429E-04 
  5695   4.25123E-05  2.36046E-03 -5.53788E-04 
  5696   4.93318E-05  2.38150E-03 -1.09398E-03 
  5697   5.00441E-05  2.39000E-03 -1.08438E-03 
  5698   1.66780E-04  2.68094E-03 -2.05848E-03 
  5699   1.84672E-04  2.88984E-03 -2.09359E-03 
  5700   1.35243E-04  2.36954E-03 -8.15547E-04 

 Rigid Airport Pavement
                   FAASR3D (version 1.0 ) compiled 04/15/19
 n o d a l   p r i n t   o u t   f o r   t i m e   s t e p     1  ( at time  1.0000E+00 )
   node     x-disp       y-disp       z-disp
  5701   1.43879E-04  2.71013E-03 -7.89396E-04 
  5702   1.15473E-04  2.41302E-03 -4.47555E-04 
  5703   1.19223E-04  2.47936E-03 -4.18960E-04 
  5704   1.12636E-04  2.46921E-03 -6.06973E-04 
  5705   1.14448E-04  2.35076E-03 -5.51579E-04 
  5706   1.34689E-04  2.37245E-03 -1.08974E-03 
  5707   1.36355E-04  2.38087E-03 -1.08024E-03 
  5708   2.65180E-04  2.65797E-03 -2.03670E-03 
  5709   2.89128E-04  2.86525E-03 -2.07117E-03 
  5710   2.16790E-04  2.35120E-03 -8.07663E-04 
  5711   2.28392E-04  2.68775E-03 -7.81723E-04 
  5712   1.86506E-04  2.39427E-03 -4.43776E-04 
  5713   1.91621E-04  2.45958E-03 -4.15491E-04 
  5714   1.83005E-04  2.45043E-03 -6.02501E-04 
  5715   1.85663E-04  2.33269E-03 -5.47544E-04 
  5716   2.19066E-04  2.35519E-03 -1.08169E-03 
  5717   2.21640E-04  2.36360E-03 -1.07239E-03 
  5718   3.62219E-04  2.62582E-03 -2.00970E-03 
  5719   3.92214E-04  2.83084E-03 -2.04324E-03 
  5720   2.97421E-04  2.32448E-03 -7.97569E-04 
  5721   3.11904E-04  2.65594E-03 -7.71929E-04 
  5722   2.56621E-04  2.36699E-03 -4.38707E-04 
  5723   2.63106E-04  2.43104E-03 -4.10791E-04 
  5724   2.52316E-04  2.42307E-03 -5.96020E-04 
  5725   2.55793E-04  2.30640E-03 -5.41716E-04 
  5726   3.01923E-04  2.32992E-03 -1.06991E-03 
  5727   3.05349E-04  2.33837E-03 -1.06093E-03 
  5728   4.58205E-04  2.58522E-03 -1.97780E-03 
  5729   4.93902E-04  2.78701E-03 -2.01009E-03 
  5730   3.76686E-04  2.28951E-03 -7.85193E-04 
  5731   3.94284E-04  2.61500E-03 -7.60087E-04 
  5732   3.25571E-04  2.33137E-03 -4.32351E-04 
  5733   3.33458E-04  2.39398E-03 -4.04861E-04 
  5734   3.20194E-04  2.38750E-03 -5.87574E-04 
  5735   3.24474E-04  2.27215E-03 -5.34145E-04 
  5736   3.82754E-04  2.29679E-03 -1.05452E-03 
  5737   3.86959E-04  2.30546E-03 -1.04597E-03 
  5738   5.52088E-04  2.53683E-03 -1.93933E-03 
  5739   5.94177E-04  2.73408E-03 -1.97176E-03 
  5740   4.54413E-04  2.24623E-03 -7.71347E-04 
  5741   4.75453E-04  2.56518E-03 -7.46290E-04 
  5742   3.93016E-04  2.28819E-03 -4.24495E-04 
  5743   4.02463E-04  2.34872E-03 -3.97611E-04 
  5744   3.86296E-04  2.34366E-03 -5.77263E-04 
  5745   3.91334E-04  2.23012E-03 -5.24908E-04 
  5746   4.60903E-04  2.25656E-03 -1.03566E-03 
  5747   4.65898E-04  2.26535E-03 -1.02767E-03 
  5748   0.00000E+00  0.00000E+00  0.00000E+00 
  5749   0.00000E+00  0.00000E+00  0.00000E+00 
  5750   0.00000E+00  0.00000E+00  0.00000E+00 

 Rigid Airport Pavement
                   FAASR3D (version 1.0 ) compiled 04/15/19
 n o d a l   p r i n t   o u t   f o r   t i m e   s t e p     1  ( at time  1.0000E+00 )
   node     x-disp       y-disp       z-disp
  5751   0.00000E+00  0.00000E+00  0.00000E+00 
  5752   0.00000E+00  0.00000E+00  0.00000E+00 
  5753   0.00000E+00  0.00000E+00  0.00000E+00 
  5754   0.00000E+00  0.00000E+00  0.00000E+00 
  5755   0.00000E+00  0.00000E+00  0.00000E+00 
  5756   0.00000E+00  0.00000E+00  0.00000E+00 
  5757   0.00000E+00  0.00000E+00  0.00000E+00 
  5758   0.00000E+00  0.00000E+00  0.00000E+00 
  5759   0.00000E+00  0.00000E+00  0.00000E+00 
  5760   0.00000E+00  0.00000E+00  0.00000E+00 
  5761   0.00000E+00  0.00000E+00  0.00000E+00 
  5762   0.00000E+00  0.00000E+00  0.00000E+00 
  5763   0.00000E+00  0.00000E+00  0.00000E+00 
  5764   0.00000E+00  0.00000E+00  0.00000E+00 
  5765   0.00000E+00  0.00000E+00  0.00000E+00 
  5766   0.00000E+00  0.00000E+00  0.00000E+00 
  5767   0.00000E+00  0.00000E+00  0.00000E+00 
  5768   0.00000E+00  0.00000E+00  0.00000E+00 
  5769   0.00000E+00  0.00000E+00  0.00000E+00 
  5770   0.00000E+00  0.00000E+00  0.00000E+00 
  5771   0.00000E+00  0.00000E+00  0.00000E+00 
  5772   0.00000E+00  0.00000E+00  0.00000E+00 
  5773   0.00000E+00  0.00000E+00  0.00000E+00 
  5774   0.00000E+00  0.00000E+00  0.00000E+00 
  5775   0.00000E+00  0.00000E+00  0.00000E+00 
  5776   0.00000E+00  0.00000E+00  0.00000E+00 
  5777   0.00000E+00  0.00000E+00  0.00000E+00 
  5778   0.00000E+00  0.00000E+00  0.00000E+00 
  5779   0.00000E+00  0.00000E+00  0.00000E+00 
  5780   0.00000E+00  0.00000E+00  0.00000E+00 
  5781   0.00000E+00  0.00000E+00  0.00000E+00 
  5782   0.00000E+00  0.00000E+00  0.00000E+00 
  5783   0.00000E+00  0.00000E+00  0.00000E+00 
  5784   0.00000E+00  0.00000E+00  0.00000E+00 
  5785   0.00000E+00  0.00000E+00  0.00000E+00 
  5786   0.00000E+00  0.00000E+00  0.00000E+00 
  5787   0.00000E+00  0.00000E+00  0.00000E+00 
  5788   0.00000E+00  0.00000E+00  0.00000E+00 
  5789   0.00000E+00  0.00000E+00  0.00000E+00 
  5790   0.00000E+00  0.00000E+00  0.00000E+00 
  5791   0.00000E+00  0.00000E+00  0.00000E+00 
  5792   0.00000E+00  0.00000E+00  0.00000E+00 
  5793   0.00000E+00  0.00000E+00  0.00000E+00 
  5794   0.00000E+00  0.00000E+00  0.00000E+00 
  5795   0.00000E+00  0.00000E+00  0.00000E+00 
  5796   0.00000E+00  0.00000E+00  0.00000E+00 
  5797   0.00000E+00  0.00000E+00  0.00000E+00 
  5798   0.00000E+00  0.00000E+00  0.00000E+00 
  5799   0.00000E+00  0.00000E+00  0.00000E+00 
  5800   0.00000E+00  0.00000E+00  0.00000E+00 

 Rigid Airport Pavement
                   FAASR3D (version 1.0 ) compiled 04/15/19
 n o d a l   p r i n t   o u t   f o r   t i m e   s t e p     1  ( at time  1.0000E+00 )
   node     x-disp       y-disp       z-disp
  5801   0.00000E+00  0.00000E+00  0.00000E+00 
  5802   0.00000E+00  0.00000E+00  0.00000E+00 
  5803   0.00000E+00  0.00000E+00  0.00000E+00 
  5804   0.00000E+00  0.00000E+00  0.00000E+00 
  5805   0.00000E+00  0.00000E+00  0.00000E+00 
  5806   0.00000E+00  0.00000E+00  0.00000E+00 
  5807   0.00000E+00  0.00000E+00  0.00000E+00 
  5808   0.00000E+00  0.00000E+00  0.00000E+00 
  5809   0.00000E+00  0.00000E+00  0.00000E+00 
  5810   0.00000E+00  0.00000E+00  0.00000E+00 
  5811   0.00000E+00  0.00000E+00  0.00000E+00 
  5812   0.00000E+00  0.00000E+00  0.00000E+00 
  5813   0.00000E+00  0.00000E+00  0.00000E+00 
  5814   0.00000E+00  0.00000E+00  0.00000E+00 
  5815   0.00000E+00  0.00000E+00  0.00000E+00 
  5816   0.00000E+00  0.00000E+00  0.00000E+00 
  5817   0.00000E+00  0.00000E+00  0.00000E+00 
  5818   0.00000E+00  0.00000E+00  0.00000E+00 
  5819   0.00000E+00  0.00000E+00  0.00000E+00 
  5820   0.00000E+00  0.00000E+00  0.00000E+00 
  5821   0.00000E+00  0.00000E+00  0.00000E+00 
  5822   0.00000E+00  0.00000E+00  0.00000E+00 
  5823   0.00000E+00  0.00000E+00  0.00000E+00 
  5824   0.00000E+00  0.00000E+00  0.00000E+00 
  5825   0.00000E+00  0.00000E+00  0.00000E+00 
  5826   0.00000E+00  0.00000E+00  0.00000E+00 
  5827   0.00000E+00  0.00000E+00  0.00000E+00 
  5828   0.00000E+00  0.00000E+00  0.00000E+00 
  5829   0.00000E+00  0.00000E+00  0.00000E+00 
  5830   0.00000E+00  0.00000E+00  0.00000E+00 
  5831   0.00000E+00  0.00000E+00  0.00000E+00 
  5832   0.00000E+00  0.00000E+00  0.00000E+00 
  5833   0.00000E+00  0.00000E+00  0.00000E+00 
  5834   0.00000E+00  0.00000E+00  0.00000E+00 
  5835   0.00000E+00  0.00000E+00  0.00000E+00 
  5836   0.00000E+00  0.00000E+00  0.00000E+00 
  5837   0.00000E+00  0.00000E+00  0.00000E+00 
  5838   0.00000E+00  0.00000E+00  0.00000E+00 
  5839   0.00000E+00  0.00000E+00  0.00000E+00 
  5840   0.00000E+00  0.00000E+00  0.00000E+00 
  5841   0.00000E+00  0.00000E+00  0.00000E+00 
  5842   0.00000E+00  0.00000E+00  0.00000E+00 
  5843   0.00000E+00  0.00000E+00  0.00000E+00 
  5844   0.00000E+00  0.00000E+00  0.00000E+00 
  5845   0.00000E+00  0.00000E+00  0.00000E+00 
  5846   0.00000E+00  0.00000E+00  0.00000E+00 
  5847   0.00000E+00  0.00000E+00  0.00000E+00 
  5848   1.01871E-03  0.00000E+00 -7.14430E-03 
  5849   1.09636E-03  0.00000E+00 -6.87960E-03 
  5850   1.01692E-03  1.24645E-04 -7.12133E-03 

 Rigid Airport Pavement
                   FAASR3D (version 1.0 ) compiled 04/15/19
 n o d a l   p r i n t   o u t   f o r   t i m e   s t e p     1  ( at time  1.0000E+00 )
   node     x-disp       y-disp       z-disp
  5851   1.09488E-03  1.36861E-04 -6.86286E-03 
  5852   1.01183E-03  2.50602E-04 -7.08973E-03 
  5853   1.08964E-03  2.70594E-04 -6.83038E-03 
  5854   1.00349E-03  3.75648E-04 -7.03598E-03 
  5855   1.08095E-03  4.05761E-04 -6.77960E-03 
  5856   9.91359E-04  5.01651E-04 -6.96205E-03 
  5857   1.06891E-03  5.41084E-04 -6.70673E-03 
  5858   9.75644E-04  6.28397E-04 -6.86622E-03 
  5859   1.05409E-03  6.68692E-04 -6.62301E-03 
  5860   9.54798E-04  7.50127E-04 -6.78981E-03 
  5861   1.04305E-03  8.02735E-04 -6.54188E-03 
  5862   1.19870E-03  0.00000E+00 -6.90246E-03 
  5863   1.27881E-03  0.00000E+00 -6.65343E-03 
  5864   1.19672E-03  1.19408E-04 -6.88023E-03 
  5865   1.27666E-03  1.31435E-04 -6.63697E-03 
  5866   1.19077E-03  2.40008E-04 -6.84898E-03 
  5867   1.27056E-03  2.59789E-04 -6.60485E-03 
  5868   1.18081E-03  3.59973E-04 -6.79590E-03 
  5869   1.26041E-03  3.89546E-04 -6.55451E-03 
  5870   1.16716E-03  4.80026E-04 -6.72278E-03 
  5871   1.24636E-03  5.18970E-04 -6.48323E-03 
  5872   1.14954E-03  6.01412E-04 -6.62800E-03 
  5873   1.22818E-03  6.42903E-04 -6.39750E-03 
  5874   1.12841E-03  7.18271E-04 -6.55098E-03 
  5875   1.20532E-03  7.71122E-04 -6.31179E-03 
  5876   1.33970E-03  0.00000E+00 -6.65889E-03 
  5877   1.42414E-03  0.00000E+00 -6.43234E-03 
  5878   1.33751E-03  1.13533E-04 -6.63718E-03 
  5879   1.42189E-03  1.25313E-04 -6.41625E-03 
  5880   1.33089E-03  2.28174E-04 -6.60635E-03 
  5881   1.41507E-03  2.47622E-04 -6.38455E-03 
  5882   1.31987E-03  3.42140E-04 -6.55400E-03 
  5883   1.40375E-03  3.71257E-04 -6.33477E-03 
  5884   1.30445E-03  4.56432E-04 -6.48185E-03 
  5885   1.38794E-03  4.94683E-04 -6.26420E-03 
  5886   1.28472E-03  5.71476E-04 -6.38830E-03 
  5887   1.36777E-03  6.12732E-04 -6.17995E-03 
  5888   1.26080E-03  6.82510E-04 -6.31142E-03 
  5889   1.34342E-03  7.34754E-04 -6.09564E-03 
  5890   1.45037E-03  0.00000E+00 -6.43681E-03 
  5891   1.54318E-03  0.00000E+00 -6.19941E-03 
  5892   1.44800E-03  1.07172E-04 -6.41495E-03 
  5893   1.54074E-03  1.18859E-04 -6.18339E-03 
  5894   1.44083E-03  2.15496E-04 -6.38464E-03 
  5895   1.53331E-03  2.34585E-04 -6.15229E-03 
  5896   1.42895E-03  3.23079E-04 -6.33307E-03 
  5897   1.52097E-03  3.51668E-04 -6.10345E-03 
  5898   1.41220E-03  4.30860E-04 -6.26195E-03 
  5899   1.50360E-03  4.68489E-04 -6.03411E-03 
  5900   1.39090E-03  5.39696E-04 -6.16953E-03 

 Rigid Airport Pavement
                   FAASR3D (version 1.0 ) compiled 04/15/19
 n o d a l   p r i n t   o u t   f o r   t i m e   s t e p     1  ( at time  1.0000E+00 )
   node     x-disp       y-disp       z-disp
  5901   1.48150E-03  5.79723E-04 -5.95110E-03 
  5902   1.36495E-03  6.44055E-04 -6.09488E-03 
  5903   1.45452E-03  6.95330E-04 -5.86852E-03 
  5904   1.56952E-03  0.00000E+00 -6.26977E-03 
  5905   1.57145E-03  0.00000E+00 -6.06870E-03 
  5906   1.56665E-03  1.00604E-04 -6.24603E-03 
  5907   1.56964E-03  1.12377E-04 -6.05153E-03 
  5908   1.55887E-03  2.02407E-04 -6.21630E-03 
  5909   1.56215E-03  2.20886E-04 -6.02021E-03 
  5910   1.54588E-03  3.03377E-04 -6.16541E-03 
  5911   1.54948E-03  3.31180E-04 -5.97201E-03 
  5912   1.52806E-03  4.04670E-04 -6.09527E-03 
  5913   1.53182E-03  4.41242E-04 -5.90274E-03 
  5914   1.50514E-03  5.06710E-04 -6.00349E-03 
  5915   1.50876E-03  5.44321E-04 -5.82157E-03 
  5916   1.47813E-03  6.04050E-04 -5.93598E-03 
  5917   1.47891E-03  6.53453E-04 -5.74381E-03 
  5918   1.43807E-03  0.00000E+00 -6.18437E-03 
  5919   1.90354E-03  0.00000E+00 -5.73809E-03 
  5920   1.43606E-03  9.33873E-05 -6.15266E-03 
  5921   1.89983E-03  1.05467E-04 -5.71738E-03 
  5922   1.42918E-03  1.88879E-04 -6.12386E-03 
  5923   1.89035E-03  2.06366E-04 -5.68770E-03 
  5924   1.41763E-03  2.83012E-04 -6.07348E-03 
  5925   1.87466E-03  3.09261E-04 -5.64214E-03 
  5926   1.40133E-03  3.77435E-04 -6.00418E-03 
  5927   1.85271E-03  4.11860E-04 -5.57664E-03 
  5928   1.38012E-03  4.74015E-04 -5.91156E-03 
  5929   1.82468E-03  5.06362E-04 -5.50031E-03 
  5930   1.35323E-03  5.62789E-04 -5.86987E-03 
  5931   1.79221E-03  6.08736E-04 -5.44135E-03 
  5932   1.21993E-03  0.00000E+00 -6.36908E-03 
  5933   1.31978E-03  0.00000E+00 -5.84217E-03 
  5934   1.21825E-03  1.51778E-04 -6.35818E-03 
  5935   1.31791E-03  1.62223E-04 -5.83319E-03 
  5936   1.21282E-03  3.02009E-04 -6.32847E-03 
  5937   1.31231E-03  3.23821E-04 -5.80678E-03 
  5938   1.20384E-03  4.51177E-04 -6.28088E-03 
  5939   1.30300E-03  4.84293E-04 -5.76431E-03 
  5940   1.19159E-03  5.97333E-04 -6.21701E-03 
  5941   1.29004E-03  6.43407E-04 -5.70752E-03 
  5942   1.17628E-03  7.42367E-04 -6.14278E-03 
  5943   1.27348E-03  8.01155E-04 -5.63780E-03 
  5944   1.15989E-03  8.90533E-04 -6.05638E-03 
  5945   1.25340E-03  9.57575E-04 -5.55525E-03 
  5946   1.42925E-03  0.00000E+00 -6.17651E-03 
  5947   1.56667E-03  0.00000E+00 -5.66918E-03 
  5948   1.42708E-03  1.46101E-04 -6.16572E-03 
  5949   1.56441E-03  1.56296E-04 -5.66026E-03 
  5950   1.42065E-03  2.90646E-04 -6.13612E-03 

 Rigid Airport Pavement
                   FAASR3D (version 1.0 ) compiled 04/15/19
 n o d a l   p r i n t   o u t   f o r   t i m e   s t e p     1  ( at time  1.0000E+00 )
   node     x-disp       y-disp       z-disp
  5951   1.55767E-03  3.11989E-04 -5.63405E-03 
  5952   1.41002E-03  4.34107E-04 -6.08907E-03 
  5953   1.54647E-03  4.66606E-04 -5.59181E-03 
  5954   1.39521E-03  5.75531E-04 -6.02561E-03 
  5955   1.53089E-03  6.19901E-04 -5.53506E-03 
  5956   1.37713E-03  7.15336E-04 -5.94915E-03 
  5957   1.51104E-03  7.71800E-04 -5.46508E-03 
  5958   1.35500E-03  8.57228E-04 -5.86107E-03 
  5959   1.48694E-03  9.22320E-04 -5.38252E-03 
  5960   1.61419E-03  0.00000E+00 -5.97905E-03 
  5961   1.81929E-03  0.00000E+00 -5.49616E-03 
  5962   1.61171E-03  1.39609E-04 -5.96842E-03 
  5963   1.81662E-03  1.49322E-04 -5.48733E-03 
  5964   1.60434E-03  2.77679E-04 -5.93917E-03 
  5965   1.80864E-03  2.98065E-04 -5.46136E-03 
  5966   1.59212E-03  4.14722E-04 -5.89260E-03 
  5967   1.79538E-03  4.45774E-04 -5.41945E-03 
  5968   1.57515E-03  5.49755E-04 -5.82966E-03 
  5969   1.77692E-03  5.92205E-04 -5.36301E-03 
  5970   1.55327E-03  6.83503E-04 -5.75385E-03 
  5971   1.75338E-03  7.37293E-04 -5.29326E-03 
  5972   1.52674E-03  8.18810E-04 -5.66592E-03 
  5973   1.72486E-03  8.81019E-04 -5.21084E-03 
  5974   1.74556E-03  0.00000E+00 -5.78226E-03 
  5975   2.09037E-03  0.00000E+00 -5.29532E-03 
  5976   1.74299E-03  1.32520E-04 -5.77171E-03 
  5977   2.08723E-03  1.41272E-04 -5.28665E-03 
  5978   1.73506E-03  2.63425E-04 -5.74289E-03 
  5979   2.07785E-03  2.81989E-04 -5.26119E-03 
  5980   1.72167E-03  3.93293E-04 -5.69701E-03 
  5981   2.06227E-03  4.21726E-04 -5.22014E-03 
  5982   1.70295E-03  5.21162E-04 -5.63507E-03 
  5983   2.04059E-03  5.60259E-04 -5.16488E-03 
  5984   1.67872E-03  6.47625E-04 -5.56056E-03 
  5985   2.01294E-03  6.97536E-04 -5.09652E-03 
  5986   1.64945E-03  7.76078E-04 -5.47415E-03 
  5987   1.97950E-03  8.33550E-04 -5.01549E-03 
  5988   1.95786E-03  0.00000E+00 -5.53313E-03 
  5989   2.38372E-03  0.00000E+00 -4.95498E-03 
  5990   1.95505E-03  1.24870E-04 -5.52274E-03 
  5991   2.38007E-03  1.32113E-04 -4.94678E-03 
  5992   1.94590E-03  2.47945E-04 -5.49451E-03 
  5993   2.36913E-03  2.63699E-04 -4.92268E-03 
  5994   1.93056E-03  3.69886E-04 -5.45010E-03 
  5995   2.35100E-03  3.94355E-04 -4.88400E-03 
  5996   1.90896E-03  4.89504E-04 -5.39033E-03 
  5997   2.32580E-03  5.23920E-04 -4.83212E-03 
  5998   1.88120E-03  6.07929E-04 -5.31940E-03 
  5999   2.29372E-03  6.52394E-04 -4.76801E-03 
  6000   1.84691E-03  7.29097E-04 -5.23659E-03 

 Rigid Airport Pavement
                   FAASR3D (version 1.0 ) compiled 04/15/19
 n o d a l   p r i n t   o u t   f o r   t i m e   s t e p     1  ( at time  1.0000E+00 )
   node     x-disp       y-disp       z-disp
  6001   2.25495E-03  7.79753E-04 -4.69148E-03 
  6002   2.41339E-03  0.00000E+00 -4.93311E-03 
  6003   2.66554E-03  0.00000E+00 -4.27101E-03 
  6004   2.40917E-03  1.16254E-04 -4.92275E-03 
  6005   2.66138E-03  1.21835E-04 -4.26388E-03 
  6006   2.39725E-03  2.30189E-04 -4.89746E-03 
  6007   2.64894E-03  2.43170E-04 -4.24320E-03 
  6008   2.37773E-03  3.43187E-04 -4.85804E-03 
  6009   2.62836E-03  3.63665E-04 -4.21011E-03 
  6010   2.35068E-03  4.53862E-04 -4.80513E-03 
  6011   2.59981E-03  4.83191E-04 -4.16582E-03 
  6012   2.31654E-03  5.62704E-04 -4.74303E-03 
  6013   2.56352E-03  6.01790E-04 -4.11115E-03 
  6014   2.27573E-03  6.75681E-04 -4.67365E-03 
  6015   2.51971E-03  7.19547E-04 -4.04588E-03 
  6016   0.00000E+00  0.00000E+00  0.00000E+00 
  6017   0.00000E+00  0.00000E+00  0.00000E+00 
  6018   0.00000E+00  0.00000E+00  0.00000E+00 
  6019   0.00000E+00  0.00000E+00  0.00000E+00 
  6020   0.00000E+00  0.00000E+00  0.00000E+00 
  6021   0.00000E+00  0.00000E+00  0.00000E+00 
  6022   0.00000E+00  0.00000E+00  0.00000E+00 
  6023   0.00000E+00  0.00000E+00  0.00000E+00 
  6024   0.00000E+00  0.00000E+00  0.00000E+00 
  6025   0.00000E+00  0.00000E+00  0.00000E+00 
  6026   0.00000E+00  0.00000E+00  0.00000E+00 
  6027   0.00000E+00  0.00000E+00  0.00000E+00 
  6028   0.00000E+00  0.00000E+00  0.00000E+00 
  6029   0.00000E+00  0.00000E+00  0.00000E+00 
  6030   0.00000E+00  0.00000E+00  0.00000E+00 
  6031   0.00000E+00  0.00000E+00  0.00000E+00 
  6032   0.00000E+00  0.00000E+00  0.00000E+00 
  6033   0.00000E+00  0.00000E+00  0.00000E+00 
  6034   0.00000E+00  0.00000E+00  0.00000E+00 
  6035   0.00000E+00  0.00000E+00  0.00000E+00 
  6036   0.00000E+00  0.00000E+00  0.00000E+00 
  6037   0.00000E+00  0.00000E+00  0.00000E+00 
  6038   0.00000E+00  0.00000E+00  0.00000E+00 
  6039   0.00000E+00  0.00000E+00  0.00000E+00 
  6040   0.00000E+00  0.00000E+00  0.00000E+00 
  6041   0.00000E+00  0.00000E+00  0.00000E+00 
  6042   0.00000E+00  0.00000E+00  0.00000E+00 
  6043   0.00000E+00  0.00000E+00  0.00000E+00 
  6044   0.00000E+00  0.00000E+00  0.00000E+00 
  6045   0.00000E+00  0.00000E+00  0.00000E+00 
  6046   0.00000E+00  0.00000E+00  0.00000E+00 
  6047   0.00000E+00  0.00000E+00  0.00000E+00 
  6048   0.00000E+00  0.00000E+00  0.00000E+00 
  6049   0.00000E+00  0.00000E+00  0.00000E+00 
  6050   0.00000E+00  0.00000E+00  0.00000E+00 

 Rigid Airport Pavement
                   FAASR3D (version 1.0 ) compiled 04/15/19
 n o d a l   p r i n t   o u t   f o r   t i m e   s t e p     1  ( at time  1.0000E+00 )
   node     x-disp       y-disp       z-disp
  6051   0.00000E+00  0.00000E+00  0.00000E+00 
  6052   0.00000E+00  0.00000E+00  0.00000E+00 
  6053   0.00000E+00  0.00000E+00  0.00000E+00 
  6054   0.00000E+00  0.00000E+00  0.00000E+00 
  6055   0.00000E+00  0.00000E+00  0.00000E+00 
  6056   0.00000E+00  0.00000E+00  0.00000E+00 
  6057   0.00000E+00  0.00000E+00  0.00000E+00 
  6058   9.23488E-04  9.24850E-04 -6.56803E-03 
  6059   1.00389E-03  9.99071E-04 -6.34140E-03 
  6060   8.84381E-04  1.08821E-03 -6.35057E-03 
  6061   9.62301E-04  1.16008E-03 -6.13317E-03 
  6062   8.40255E-04  1.21487E-03 -6.12705E-03 
  6063   9.16803E-04  1.29297E-03 -5.93114E-03 
  6064   7.92189E-04  1.31463E-03 -5.92054E-03 
  6065   8.68209E-04  1.40089E-03 -5.71437E-03 
  6066   7.42465E-04  1.42318E-03 -5.76369E-03 
  6067   8.17579E-04  1.42603E-03 -5.59159E-03 
  6068   6.90194E-04  1.30414E-03 -5.68238E-03 
  6069   7.62875E-04  1.72849E-03 -5.28767E-03 
  6070   1.08896E-03  8.85798E-04 -6.33231E-03 
  6071   1.16605E-03  9.57548E-04 -6.11588E-03 
  6072   1.04265E-03  1.04199E-03 -6.11662E-03 
  6073   1.11926E-03  1.11338E-03 -5.91175E-03 
  6074   9.90329E-04  1.16321E-03 -5.89471E-03 
  6075   1.06618E-03  1.24030E-03 -5.70990E-03 
  6076   9.34353E-04  1.25883E-03 -5.68976E-03 
  6077   1.00921E-03  1.34344E-03 -5.49497E-03 
  6078   8.76361E-04  1.36330E-03 -5.53433E-03 
  6079   9.49144E-04  1.36765E-03 -5.37049E-03 
  6080   8.16344E-04  1.24993E-03 -5.45439E-03 
  6081   8.85682E-04  1.65677E-03 -5.07584E-03 
  6082   1.21711E-03  8.41770E-04 -6.09544E-03 
  6083   1.29876E-03  9.12170E-04 -5.90078E-03 
  6084   1.16532E-03  9.89727E-04 -5.88126E-03 
  6085   1.24602E-03  1.06039E-03 -5.69678E-03 
  6086   1.10702E-03  1.10501E-03 -5.66027E-03 
  6087   1.18673E-03  1.18109E-03 -5.49475E-03 
  6088   1.04485E-03  1.19673E-03 -5.45573E-03 
  6089   1.12363E-03  1.27987E-03 -5.28017E-03 
  6090   9.81075E-04  1.29719E-03 -5.30072E-03 
  6091   1.05877E-03  1.30208E-03 -5.15447E-03 
  6092   9.17664E-04  1.18868E-03 -5.22175E-03 
  6093   9.91524E-04  1.58012E-03 -4.86600E-03 
  6094   1.31765E-03  7.93668E-04 -5.88004E-03 
  6095   1.40599E-03  8.63680E-04 -5.67560E-03 
  6096   1.26162E-03  9.33793E-04 -5.66723E-03 
  6097   1.34846E-03  1.00353E-03 -5.47318E-03 
  6098   1.19941E-03  1.04291E-03 -5.44657E-03 
  6099   1.28486E-03  1.11806E-03 -5.27137E-03 
  6100   1.13267E-03  1.13008E-03 -5.24093E-03 

 Rigid Airport Pavement
                   FAASR3D (version 1.0 ) compiled 04/15/19
 n o d a l   p r i n t   o u t   f o r   t i m e   s t e p     1  ( at time  1.0000E+00 )
   node     x-disp       y-disp       z-disp
  6101   1.21718E-03  1.21222E-03 -5.05540E-03 
  6102   1.06803E-03  1.23148E-03 -5.08413E-03 
  6103   1.15065E-03  1.23431E-03 -4.92716E-03 
  6104   1.00551E-03  1.12088E-03 -5.00464E-03 
  6105   1.08131E-03  1.50702E-03 -4.64760E-03 
  6106   1.42619E-03  7.43848E-04 -5.71823E-03 
  6107   1.43024E-03  8.13220E-04 -5.54800E-03 
  6108   1.36609E-03  8.75809E-04 -5.50665E-03 
  6109   1.37165E-03  9.43577E-04 -5.34366E-03 
  6110   1.29989E-03  9.79196E-04 -5.28629E-03 
  6111   1.30598E-03  1.05333E-03 -5.14058E-03 
  6112   1.23415E-03  1.06549E-03 -5.07881E-03 
  6113   1.23814E-03  1.14577E-03 -4.92206E-03 
  6114   1.16417E-03  1.16153E-03 -4.91740E-03 
  6115   1.16528E-03  1.16150E-03 -4.79855E-03 
  6116   1.09980E-03  1.05181E-03 -4.83710E-03 
  6117   1.11381E-03  1.44361E-03 -4.50590E-03 
  6118   1.30787E-03  6.91407E-04 -5.63549E-03 
  6119   1.72969E-03  7.58875E-04 -5.24417E-03 
  6120   1.25285E-03  8.15850E-04 -5.42512E-03 
  6121   1.65837E-03  8.80422E-04 -5.04827E-03 
  6122   1.19115E-03  9.15872E-04 -5.20564E-03 
  6123   1.58216E-03  9.86358E-04 -4.85080E-03 
  6124   1.12309E-03  1.00308E-03 -4.99758E-03 
  6125   1.50941E-03  1.07664E-03 -4.64081E-03 
  6126   1.05395E-03  1.09720E-03 -4.83534E-03 
  6127   1.44622E-03  1.11010E-03 -4.50405E-03 
  6128   9.80538E-04  9.78343E-04 -4.72808E-03 
  6129   1.37047E-03  1.36779E-03 -4.22121E-03 
  6130   1.12222E-03  1.10564E-03 -5.88948E-03 
  6131   1.21661E-03  1.18946E-03 -5.41104E-03 
  6132   1.07926E-03  1.29825E-03 -5.71182E-03 
  6133   1.17218E-03  1.42027E-03 -5.25389E-03 
  6134   1.03077E-03  1.46728E-03 -5.52970E-03 
  6135   1.12004E-03  1.65600E-03 -5.09372E-03 
  6136   9.77608E-04  1.58873E-03 -5.34667E-03 
  6137   1.05993E-03  1.90823E-03 -4.90700E-03 
  6138   9.19493E-04  1.78327E-03 -5.11599E-03 
  6139   9.91523E-04  2.18060E-03 -4.59220E-03 
  6140   8.53352E-04  2.20099E-03 -4.56434E-03 
  6141   9.14628E-04  2.44208E-03 -3.96158E-03 
  6142   1.31283E-03  1.06285E-03 -5.69567E-03 
  6143   1.44284E-03  1.14528E-03 -5.23887E-03 
  6144   1.26228E-03  1.24770E-03 -5.52054E-03 
  6145   1.38962E-03  1.36696E-03 -5.08244E-03 
  6146   1.20550E-03  1.41047E-03 -5.33849E-03 
  6147   1.32745E-03  1.59308E-03 -4.92223E-03 
  6148   1.14296E-03  1.52643E-03 -5.15538E-03 
  6149   1.25609E-03  1.83462E-03 -4.73615E-03 
  6150   1.07488E-03  1.71187E-03 -4.92672E-03 

 Rigid Airport Pavement
                   FAASR3D (version 1.0 ) compiled 04/15/19
 n o d a l   p r i n t   o u t   f o r   t i m e   s t e p     1  ( at time  1.0000E+00 )
   node     x-disp       y-disp       z-disp
  6151   1.17519E-03  2.09508E-03 -4.42711E-03 
  6152   9.97682E-04  2.11134E-03 -4.39115E-03 
  6153   1.08458E-03  2.34486E-03 -3.81546E-03 
  6154   1.47911E-03  1.01470E-03 -5.50150E-03 
  6155   1.67298E-03  1.09378E-03 -5.06762E-03 
  6156   1.42249E-03  1.19109E-03 -5.32635E-03 
  6157   1.61061E-03  1.30509E-03 -4.91107E-03 
  6158   1.35797E-03  1.34592E-03 -5.14351E-03 
  6159   1.53796E-03  1.52027E-03 -4.74994E-03 
  6160   1.28731E-03  1.45561E-03 -4.95916E-03 
  6161   1.45483E-03  1.74974E-03 -4.56339E-03 
  6162   1.21123E-03  1.63263E-03 -4.73134E-03 
  6163   1.36073E-03  1.99692E-03 -4.25826E-03 
  6164   1.12635E-03  2.01592E-03 -4.21039E-03 
  6165   1.25558E-03  2.23354E-03 -3.66165E-03 
  6166   1.59725E-03  9.62068E-04 -5.31053E-03 
  6167   1.91898E-03  1.03483E-03 -4.87374E-03 
  6168   1.53528E-03  1.12892E-03 -5.13510E-03 
  6169   1.84651E-03  1.23451E-03 -4.71759E-03 
  6170   1.46467E-03  1.27541E-03 -4.95093E-03 
  6171   1.76237E-03  1.43744E-03 -4.55583E-03 
  6172   1.38718E-03  1.37807E-03 -4.76495E-03 
  6173   1.66644E-03  1.65357E-03 -4.36914E-03 
  6174   1.30486E-03  1.54807E-03 -4.53828E-03 
  6175   1.55767E-03  1.88587E-03 -4.06782E-03 
  6176   1.22394E-03  1.92125E-03 -4.02541E-03 
  6177   1.43484E-03  2.10761E-03 -3.48385E-03 
  6178   1.78766E-03  9.04785E-04 -5.07617E-03 
  6179   2.18488E-03  9.68240E-04 -4.55611E-03 
  6180   1.71698E-03  1.06150E-03 -4.90219E-03 
  6181   2.10122E-03  1.15501E-03 -4.40496E-03 
  6182   1.63834E-03  1.19976E-03 -4.71854E-03 
  6183   2.00445E-03  1.34421E-03 -4.24659E-03 
  6184   1.55417E-03  1.29594E-03 -4.53355E-03 
  6185   1.89427E-03  1.54509E-03 -4.06343E-03 
  6186   1.46775E-03  1.46152E-03 -4.31201E-03 
  6187   1.76938E-03  1.76068E-03 -3.77381E-03 
  6188   1.37628E-03  1.82594E-03 -3.80673E-03 
  6189   1.62489E-03  1.96474E-03 -3.21647E-03 
  6190   2.19989E-03  8.40122E-04 -4.52620E-03 
  6191   2.44029E-03  8.93936E-04 -3.92767E-03 
  6192   2.11202E-03  9.85471E-04 -4.36678E-03 
  6193   2.34566E-03  1.06645E-03 -3.79373E-03 
  6194   2.01808E-03  1.11576E-03 -4.19661E-03 
  6195   2.23639E-03  1.24054E-03 -3.64910E-03 
  6196   1.92446E-03  1.21555E-03 -4.01898E-03 
  6197   2.11192E-03  1.42312E-03 -3.47775E-03 
  6198   1.82975E-03  1.37022E-03 -3.80470E-03 
  6199   1.96991E-03  1.61643E-03 -3.21436E-03 
  6200   1.70695E-03  1.70295E-03 -3.36935E-03 

 Rigid Airport Pavement
                   FAASR3D (version 1.0 ) compiled 04/15/19
 n o d a l   p r i n t   o u t   f o r   t i m e   s t e p     1  ( at time  1.0000E+00 )
   node     x-disp       y-disp       z-disp
  6201   1.80558E-03  1.80010E-03 -2.74139E-03 
  6202   0.00000E+00  0.00000E+00  0.00000E+00 
  6203   0.00000E+00  0.00000E+00  0.00000E+00 
  6204   0.00000E+00  0.00000E+00  0.00000E+00 
  6205   0.00000E+00  0.00000E+00  0.00000E+00 
  6206   0.00000E+00  0.00000E+00  0.00000E+00 
  6207   0.00000E+00  0.00000E+00  0.00000E+00 
  6208   0.00000E+00  0.00000E+00  0.00000E+00 
  6209   0.00000E+00  0.00000E+00  0.00000E+00 
  6210   0.00000E+00  0.00000E+00  0.00000E+00 
  6211   0.00000E+00  0.00000E+00  0.00000E+00 
  6212   0.00000E+00  0.00000E+00  0.00000E+00 
  6213   0.00000E+00  0.00000E+00  0.00000E+00 
  6214   0.00000E+00  0.00000E+00  0.00000E+00 
  6215   0.00000E+00  0.00000E+00  0.00000E+00 
  6216   0.00000E+00  0.00000E+00  0.00000E+00 
  6217   0.00000E+00  0.00000E+00  0.00000E+00 
  6218   0.00000E+00  0.00000E+00  0.00000E+00 
  6219   0.00000E+00  0.00000E+00  0.00000E+00 
  6220   0.00000E+00  0.00000E+00  0.00000E+00 
  6221   0.00000E+00  0.00000E+00  0.00000E+00 
  6222   0.00000E+00  0.00000E+00  0.00000E+00 
  6223   0.00000E+00  0.00000E+00  0.00000E+00 
  6224   0.00000E+00  0.00000E+00  0.00000E+00 
  6225   0.00000E+00  0.00000E+00  0.00000E+00 
  6226   0.00000E+00  0.00000E+00  0.00000E+00 
  6227   0.00000E+00  0.00000E+00  0.00000E+00 
  6228   0.00000E+00  0.00000E+00  0.00000E+00 
  6229   0.00000E+00  0.00000E+00  0.00000E+00 
  6230   0.00000E+00  0.00000E+00  0.00000E+00 
  6231   0.00000E+00  0.00000E+00  0.00000E+00 
  6232   0.00000E+00  0.00000E+00  0.00000E+00 
  6233   0.00000E+00  0.00000E+00  0.00000E+00 
  6234   0.00000E+00  0.00000E+00  0.00000E+00 
  6235   0.00000E+00  0.00000E+00  0.00000E+00 
  6236   0.00000E+00  0.00000E+00  0.00000E+00 
  6237   0.00000E+00  0.00000E+00  0.00000E+00 
  6238   6.07992E-04  1.50580E-03 -1.67008E-03 
  6239   6.30302E-04  1.99020E-03 -1.75010E-03 
  6240   5.23255E-04  1.96204E-03 -9.22411E-04 
  6241   5.35719E-04  1.90947E-03 -8.30453E-04 
  6242   4.66194E-04  2.10904E-03 -5.09397E-04 
  6243   4.72867E-04  2.22413E-03 -4.80885E-04 
  6244   4.58222E-04  2.39312E-03 -6.32858E-04 
  6245   4.65651E-04  2.27996E-03 -5.96635E-04 
  6246   5.43655E-04  2.35542E-03 -1.04687E-03 
  6247   5.54397E-04  2.33677E-03 -1.03501E-03 
  6248   7.13271E-04  1.44436E-03 -1.60719E-03 
  6249   7.41610E-04  1.90956E-03 -1.68407E-03 
  6250   6.16601E-04  1.88475E-03 -8.81892E-04 

 Rigid Airport Pavement
                   FAASR3D (version 1.0 ) compiled 04/15/19
 n o d a l   p r i n t   o u t   f o r   t i m e   s t e p     1  ( at time  1.0000E+00 )
   node     x-disp       y-disp       z-disp
  6251   6.32435E-04  1.83467E-03 -7.94711E-04 
  6252   5.50785E-04  2.02684E-03 -4.87986E-04 
  6253   5.59065E-04  2.13645E-03 -4.60734E-04 
  6254   5.40937E-04  2.29992E-03 -6.08185E-04 
  6255   5.49527E-04  2.19110E-03 -5.73757E-04 
  6256   6.38819E-04  2.26566E-03 -1.00560E-03 
  6257   6.51235E-04  2.24791E-03 -9.94693E-04 
  6258   8.02829E-04  1.37700E-03 -1.51947E-03 
  6259   8.41063E-04  1.82326E-03 -1.59699E-03 
  6260   7.02315E-04  1.80061E-03 -8.31480E-04 
  6261   7.21943E-04  1.74931E-03 -7.48522E-04 
  6262   6.30601E-04  1.93363E-03 -4.62349E-04 
  6263   6.40386E-04  2.03841E-03 -4.36825E-04 
  6264   6.18297E-04  2.19522E-03 -5.80234E-04 
  6265   6.27758E-04  2.09014E-03 -5.47599E-04 
  6266   7.25866E-04  2.16396E-03 -9.59252E-04 
  6267   7.39529E-04  2.14805E-03 -9.49498E-04 
  6268   8.73692E-04  1.30624E-03 -1.38973E-03 
  6269   9.32233E-04  1.73727E-03 -1.46618E-03 
  6270   7.80515E-04  1.71571E-03 -7.68310E-04 
  6271   8.04699E-04  1.65567E-03 -6.90026E-04 
  6272   7.05034E-04  1.83029E-03 -4.33225E-04 
  6273   7.15845E-04  1.93195E-03 -4.10214E-04 
  6274   6.89872E-04  2.08268E-03 -5.49912E-04 
  6275   6.99737E-04  1.98029E-03 -5.18990E-04 
  6276   8.04226E-04  2.05217E-03 -9.09224E-04 
  6277   8.18590E-04  2.03905E-03 -9.01096E-04 
  6278   9.37374E-04  1.24310E-03 -1.17909E-03 
  6279   1.00641E-03  1.65546E-03 -1.27270E-03 
  6280   8.52844E-04  1.62482E-03 -6.97145E-04 
  6281   8.85220E-04  1.54995E-03 -6.15755E-04 
  6282   7.71129E-04  1.72631E-03 -3.99313E-04 
  6283   7.83965E-04  1.82314E-03 -3.80681E-04 
  6284   7.56035E-04  1.96146E-03 -5.18681E-04 
  6285   7.66452E-04  1.86440E-03 -4.89235E-04 
  6286   8.72389E-04  1.93580E-03 -8.56963E-04 
  6287   8.87443E-04  1.92286E-03 -8.50178E-04 
  6288   1.02015E-03  1.17736E-03 -9.29347E-04 
  6289   1.08206E-03  1.54703E-03 -1.02570E-03 
  6290   9.17622E-04  1.52489E-03 -6.02992E-04 
  6291   9.46396E-04  1.46438E-03 -5.33855E-04 
  6292   8.37516E-04  1.63157E-03 -3.65384E-04 
  6293   8.47850E-04  1.69985E-03 -3.45219E-04 
  6294   8.16993E-04  1.82904E-03 -4.88213E-04 
  6295   8.25081E-04  1.75181E-03 -4.63223E-04 
  6296   9.33284E-04  1.82307E-03 -8.03702E-04 
  6297   9.44998E-04  1.79949E-03 -7.96599E-04 
  6298   6.82104E-04  2.45045E-03 -1.88054E-03 
  6299   7.35174E-04  2.64311E-03 -1.90938E-03 
  6300   5.62238E-04  2.17335E-03 -7.46189E-04 

 Rigid Airport Pavement
                   FAASR3D (version 1.0 ) compiled 04/15/19
 n o d a l   p r i n t   o u t   f o r   t i m e   s t e p     1  ( at time  1.0000E+00 )
   node     x-disp       y-disp       z-disp
  6301   5.89044E-04  2.47941E-03 -7.22108E-04 
  6302   4.86329E-04  2.21303E-03 -4.10908E-04 
  6303   4.98211E-04  2.27054E-03 -3.84867E-04 
  6304   4.77002E-04  2.26853E-03 -5.59486E-04 
  6305   4.83086E-04  2.15759E-03 -5.08920E-04 
  6306   5.67008E-04  2.18627E-03 -1.00332E-03 
  6307   5.72797E-04  2.19539E-03 -9.96200E-04 
  6308   8.07118E-04  2.35080E-03 -1.80960E-03 
  6309   8.74119E-04  2.53546E-03 -1.83559E-03 
  6310   6.65553E-04  2.08623E-03 -7.14620E-04 
  6311   6.99459E-04  2.37719E-03 -6.91345E-04 
  6312   5.75498E-04  2.12421E-03 -3.93778E-04 
  6313   5.89997E-04  2.17739E-03 -3.68837E-04 
  6314   5.62584E-04  2.17937E-03 -5.38439E-04 
  6315   5.69560E-04  2.07139E-03 -4.90022E-04 
  6316   6.65478E-04  2.10340E-03 -9.65213E-04 
  6317   6.71691E-04  2.11285E-03 -9.59164E-04 
  6318   9.26011E-04  2.24295E-03 -1.71934E-03 
  6319   1.01132E-03  2.41182E-03 -1.74598E-03 
  6320   7.63815E-04  1.98558E-03 -6.73032E-04 
  6321   8.05883E-04  2.25933E-03 -6.50580E-04 
  6322   6.59673E-04  2.02318E-03 -3.73233E-04 
  6323   6.76879E-04  2.07050E-03 -3.49260E-04 
  6324   6.42123E-04  2.07857E-03 -5.14630E-04 
  6325   6.49731E-04  1.97332E-03 -4.68698E-04 
  6326   7.54826E-04  2.00950E-03 -9.22405E-04 
  6327   7.61010E-04  2.01951E-03 -9.17565E-04 
  6328   1.03476E-03  2.13130E-03 -1.59647E-03 
  6329   1.14621E-03  2.27171E-03 -1.62796E-03 
  6330   8.57168E-04  1.87114E-03 -6.16949E-04 
  6331   9.06434E-04  2.12647E-03 -5.96402E-04 
  6332   7.38088E-04  1.91198E-03 -3.49773E-04 
  6333   7.57599E-04  1.95159E-03 -3.26397E-04 
  6334   7.14801E-04  1.96901E-03 -4.88728E-04 
  6335   7.22557E-04  1.86572E-03 -4.45708E-04 
  6336   8.34269E-04  1.90661E-03 -8.76106E-04 
  6337   8.39342E-04  1.91788E-03 -8.72662E-04 
  6338   1.14194E-03  2.01413E-03 -1.41946E-03 
  6339   1.27384E-03  2.11330E-03 -1.45840E-03 
  6340   9.40958E-04  1.74333E-03 -5.46759E-04 
  6341   9.98168E-04  1.97942E-03 -5.28944E-04 
  6342   8.08892E-04  1.79520E-03 -3.23761E-04 
  6343   8.30580E-04  1.82313E-03 -3.01326E-04 
  6344   7.80462E-04  1.85254E-03 -4.62260E-04 
  6345   7.87023E-04  1.75183E-03 -4.21956E-04 
  6346   9.02534E-04  1.79849E-03 -8.28100E-04 
  6347   9.05644E-04  1.81092E-03 -8.26017E-04 
  6348   1.23933E-03  1.85878E-03 -1.16263E-03 
  6349   1.38213E-03  1.93345E-03 -1.21208E-03 
  6350   1.01224E-03  1.61944E-03 -4.74961E-04 

 Rigid Airport Pavement
                   FAASR3D (version 1.0 ) compiled 04/15/19
 n o d a l   p r i n t   o u t   f o r   t i m e   s t e p     1  ( at time  1.0000E+00 )
   node     x-disp       y-disp       z-disp
  6351   1.07772E-03  1.81856E-03 -4.58226E-04 
  6352   8.71671E-04  1.67525E-03 -2.94228E-04 
  6353   8.93839E-04  1.69030E-03 -2.75158E-04 
  6354   8.38710E-04  1.72915E-03 -4.36559E-04 
  6355   8.42354E-04  1.63446E-03 -3.98963E-04 
  6356   9.58279E-04  1.69301E-03 -7.80723E-04 
  6357   9.58699E-04  1.70392E-03 -7.80035E-04 
  6358   0.00000E+00  0.00000E+00  0.00000E+00 
  6359   0.00000E+00  0.00000E+00  0.00000E+00 
  6360   0.00000E+00  0.00000E+00  0.00000E+00 
  6361   0.00000E+00  0.00000E+00  0.00000E+00 
  6362   0.00000E+00  0.00000E+00  0.00000E+00 
  6363   0.00000E+00  0.00000E+00  0.00000E+00 
  6364   0.00000E+00  0.00000E+00  0.00000E+00 
  6365   0.00000E+00  0.00000E+00  0.00000E+00 
  6366   0.00000E+00  0.00000E+00  0.00000E+00 
  6367   0.00000E+00  0.00000E+00  0.00000E+00 
  6368   0.00000E+00  0.00000E+00  0.00000E+00 
  6369   0.00000E+00  0.00000E+00  0.00000E+00 
  6370   0.00000E+00  0.00000E+00  0.00000E+00 
  6371   0.00000E+00  0.00000E+00  0.00000E+00 
  6372   0.00000E+00  0.00000E+00  0.00000E+00 
  6373   0.00000E+00  0.00000E+00  0.00000E+00 
  6374   0.00000E+00  0.00000E+00  0.00000E+00 
  6375   0.00000E+00  0.00000E+00  0.00000E+00 
  6376   0.00000E+00  0.00000E+00  0.00000E+00 
  6377   0.00000E+00  0.00000E+00  0.00000E+00 
  6378   0.00000E+00  0.00000E+00  0.00000E+00 
  6379   0.00000E+00  0.00000E+00  0.00000E+00 
  6380   0.00000E+00  0.00000E+00  0.00000E+00 
  6381   0.00000E+00  0.00000E+00  0.00000E+00 
  6382   0.00000E+00  0.00000E+00  0.00000E+00 
  6383   0.00000E+00  0.00000E+00  0.00000E+00 
  6384   0.00000E+00  0.00000E+00  0.00000E+00 
  6385   0.00000E+00  0.00000E+00  0.00000E+00 
  6386   0.00000E+00  0.00000E+00  0.00000E+00 
  6387   0.00000E+00  0.00000E+00  0.00000E+00 
  6388   1.65638E-03  0.00000E+00 -1.77274E-03 
  6389   2.18266E-03  0.00000E+00 -1.86321E-03 
  6390   1.65377E-03  8.38924E-05 -1.77456E-03 
  6391   2.17822E-03  8.62703E-05 -1.86291E-03 
  6392   1.64570E-03  1.67064E-04 -1.76745E-03 
  6393   2.16729E-03  1.72469E-04 -1.85536E-03 
  6394   1.63229E-03  2.50087E-04 -1.75579E-03 
  6395   2.14939E-03  2.58079E-04 -1.84302E-03 
  6396   1.61321E-03  3.32420E-04 -1.74087E-03 
  6397   2.12454E-03  3.43036E-04 -1.82633E-03 
  6398   1.58884E-03  4.12892E-04 -1.72202E-03 
  6399   2.09333E-03  4.27173E-04 -1.80512E-03 
  6400   1.55916E-03  4.93439E-04 -1.68653E-03 

 Rigid Airport Pavement
                   FAASR3D (version 1.0 ) compiled 04/15/19
 n o d a l   p r i n t   o u t   f o r   t i m e   s t e p     1  ( at time  1.0000E+00 )
   node     x-disp       y-disp       z-disp
  6401   2.05761E-03  5.09333E-04 -1.77285E-03 
  6402   2.14732E-03  0.00000E+00 -9.88851E-04 
  6403   2.08584E-03  0.00000E+00 -8.88037E-04 
  6404   2.14378E-03  7.23359E-05 -9.86699E-04 
  6405   2.08302E-03  7.37642E-05 -8.86462E-04 
  6406   2.13317E-03  1.44666E-04 -9.82736E-04 
  6407   2.07313E-03  1.47370E-04 -8.83086E-04 
  6408   2.11558E-03  2.16346E-04 -9.76290E-04 
  6409   2.05652E-03  2.20444E-04 -8.77355E-04 
  6410   2.09157E-03  2.87189E-04 -9.66634E-04 
  6411   2.03359E-03  2.92761E-04 -8.69122E-04 
  6412   2.06100E-03  3.57357E-04 -9.54262E-04 
  6413   2.00398E-03  3.64236E-04 -8.58186E-04 
  6414   2.02381E-03  4.25476E-04 -9.41123E-04 
  6415   1.96725E-03  4.33965E-04 -8.46096E-04 
  6416   2.29979E-03  0.00000E+00 -5.47301E-04 
  6417   2.42544E-03  0.00000E+00 -5.16580E-04 
  6418   2.29613E-03  6.46965E-05 -5.46695E-04 
  6419   2.42132E-03  6.54373E-05 -5.15929E-04 
  6420   2.28525E-03  1.29061E-04 -5.44447E-04 
  6421   2.40967E-03  1.30610E-04 -5.13773E-04 
  6422   2.26716E-03  1.92981E-04 -5.40606E-04 
  6423   2.39046E-03  1.95331E-04 -5.10202E-04 
  6424   2.24175E-03  2.56193E-04 -5.35395E-04 
  6425   2.36363E-03  2.59295E-04 -5.05254E-04 
  6426   2.20942E-03  3.18150E-04 -5.28708E-04 
  6427   2.32966E-03  3.22185E-04 -4.99014E-04 
  6428   2.17101E-03  3.78953E-04 -5.19708E-04 
  6429   2.28922E-03  3.83825E-04 -4.90844E-04 
  6430   2.60538E-03  0.00000E+00 -6.85540E-04 
  6431   2.48123E-03  0.00000E+00 -6.45739E-04 
  6432   2.60127E-03  6.39624E-05 -6.84468E-04 
  6433   2.47744E-03  6.49891E-05 -6.44766E-04 
  6434   2.58890E-03  1.27679E-04 -6.81387E-04 
  6435   2.46582E-03  1.29688E-04 -6.41918E-04 
  6436   2.56845E-03  1.90781E-04 -6.76261E-04 
  6437   2.44652E-03  1.93787E-04 -6.37139E-04 
  6438   2.54024E-03  2.53009E-04 -6.69069E-04 
  6439   2.41973E-03  2.56976E-04 -6.30456E-04 
  6440   2.50443E-03  3.14091E-04 -6.59883E-04 
  6441   2.38568E-03  3.19010E-04 -6.21873E-04 
  6442   2.46083E-03  3.73667E-04 -6.48635E-04 
  6443   2.34438E-03  3.79536E-04 -6.11449E-04 
  6444   2.55889E-03  0.00000E+00 -1.13933E-03 
  6445   2.53845E-03  0.00000E+00 -1.12562E-03 
  6446   2.55498E-03  7.63742E-05 -1.13760E-03 
  6447   2.53448E-03  7.78840E-05 -1.12390E-03 
  6448   2.54332E-03  1.52345E-04 -1.13223E-03 
  6449   2.52283E-03  1.55361E-04 -1.11861E-03 
  6450   2.52393E-03  2.27470E-04 -1.12331E-03 

 Rigid Airport Pavement
                   FAASR3D (version 1.0 ) compiled 04/15/19
 n o d a l   p r i n t   o u t   f o r   t i m e   s t e p     1  ( at time  1.0000E+00 )
   node     x-disp       y-disp       z-disp
  6451   2.50351E-03  2.31975E-04 -1.10986E-03 
  6452   2.49684E-03  3.01345E-04 -1.11089E-03 
  6453   2.47668E-03  3.07338E-04 -1.09771E-03 
  6454   2.46228E-03  3.73616E-04 -1.09497E-03 
  6455   2.44247E-03  3.81066E-04 -1.08212E-03 
  6456   2.42103E-03  4.43871E-04 -1.07564E-03 
  6457   2.40140E-03  4.52626E-04 -1.06327E-03 
  6458   2.67826E-03  0.00000E+00 -2.01068E-03 
  6459   2.88086E-03  0.00000E+00 -2.04668E-03 
  6460   2.67344E-03  9.21718E-05 -2.00841E-03 
  6461   2.87630E-03  9.79360E-05 -2.04372E-03 
  6462   2.66013E-03  1.84313E-04 -1.99990E-03 
  6463   2.86268E-03  1.95645E-04 -2.03481E-03 
  6464   2.63848E-03  2.75783E-04 -1.98590E-03 
  6465   2.84014E-03  2.92912E-04 -2.02024E-03 
  6466   2.60874E-03  3.66464E-04 -1.96683E-03 
  6467   2.80887E-03  3.89601E-04 -2.00029E-03 
  6468   2.57152E-03  4.56673E-04 -1.94275E-03 
  6469   2.76911E-03  4.85616E-04 -1.97510E-03 
  6470   2.52730E-03  5.45263E-04 -1.91184E-03 
  6471   2.72103E-03  5.80865E-04 -1.94455E-03 
  6472   2.36994E-03  0.00000E+00 -7.96037E-04 
  6473   2.70208E-03  0.00000E+00 -7.70680E-04 
  6474   2.36645E-03  7.65407E-05 -7.94858E-04 
  6475   2.69781E-03  7.92190E-05 -7.69665E-04 
  6476   2.35527E-03  1.52849E-04 -7.91883E-04 
  6477   2.68499E-03  1.58251E-04 -7.66712E-04 
  6478   2.33665E-03  2.28805E-04 -7.86869E-04 
  6479   2.66373E-03  2.36929E-04 -7.61772E-04 
  6480   2.31069E-03  3.04151E-04 -7.79713E-04 
  6481   2.63415E-03  3.15088E-04 -7.54806E-04 
  6482   2.27747E-03  3.78462E-04 -7.70291E-04 
  6483   2.59643E-03  3.92582E-04 -7.45827E-04 
  6484   2.23677E-03  4.51643E-04 -7.59438E-04 
  6485   2.55070E-03  4.69298E-04 -7.34876E-04 
  6486   2.41239E-03  0.00000E+00 -4.40587E-04 
  6487   2.47448E-03  0.00000E+00 -4.12544E-04 
  6488   2.40846E-03  6.68880E-05 -4.40061E-04 
  6489   2.47055E-03  6.80781E-05 -4.12017E-04 
  6490   2.39701E-03  1.33574E-04 -4.38279E-04 
  6491   2.45880E-03  1.35947E-04 -4.10397E-04 
  6492   2.37797E-03  1.99781E-04 -4.35336E-04 
  6493   2.43928E-03  2.03395E-04 -4.07693E-04 
  6494   2.35146E-03  2.65285E-04 -4.31254E-04 
  6495   2.41210E-03  2.70208E-04 -4.03890E-04 
  6496   2.31761E-03  3.29888E-04 -4.25982E-04 
  6497   2.37738E-03  3.36185E-04 -3.98953E-04 
  6498   2.27714E-03  3.93247E-04 -4.19291E-04 
  6499   2.33536E-03  4.01128E-04 -3.92773E-04 
  6500   2.46853E-03  0.00000E+00 -6.04905E-04 

 Rigid Airport Pavement
                   FAASR3D (version 1.0 ) compiled 04/15/19
 n o d a l   p r i n t   o u t   f o r   t i m e   s t e p     1  ( at time  1.0000E+00 )
   node     x-disp       y-disp       z-disp
  6501   2.34844E-03  0.00000E+00 -5.49739E-04 
  6502   2.46469E-03  6.65049E-05 -6.03988E-04 
  6503   2.34476E-03  6.72177E-05 -5.48933E-04 
  6504   2.45308E-03  1.32667E-04 -6.01339E-04 
  6505   2.33374E-03  1.34133E-04 -5.46547E-04 
  6506   2.43388E-03  1.98231E-04 -5.96932E-04 
  6507   2.31546E-03  2.00446E-04 -5.42574E-04 
  6508   2.40721E-03  2.62890E-04 -5.90749E-04 
  6509   2.29001E-03  2.65852E-04 -5.37033E-04 
  6510   2.37338E-03  3.26331E-04 -5.82873E-04 
  6511   2.25757E-03  3.30053E-04 -5.29962E-04 
  6512   2.33216E-03  3.88289E-04 -5.73337E-04 
  6513   2.21822E-03  3.92724E-04 -5.21423E-04 
  6514   2.37339E-03  0.00000E+00 -1.08922E-03 
  6515   2.38076E-03  0.00000E+00 -1.07983E-03 
  6516   2.36977E-03  7.96522E-05 -1.08758E-03 
  6517   2.37718E-03  8.04874E-05 -1.07822E-03 
  6518   2.35901E-03  1.58882E-04 -1.08259E-03 
  6519   2.36646E-03  1.60535E-04 -1.07334E-03 
  6520   2.34110E-03  2.37243E-04 -1.07429E-03 
  6521   2.34867E-03  2.39700E-04 -1.06524E-03 
  6522   2.31620E-03  3.14324E-04 -1.06274E-03 
  6523   2.32395E-03  3.17533E-04 -1.05401E-03 
  6524   2.28438E-03  3.89675E-04 -1.04801E-03 
  6525   2.29249E-03  3.93590E-04 -1.03969E-03 
  6526   2.24638E-03  4.62733E-04 -1.03025E-03 
  6527   2.25471E-03  4.67373E-04 -1.02245E-03 
  6528   0.00000E+00  0.00000E+00  0.00000E+00 
  6529   0.00000E+00  0.00000E+00  0.00000E+00 
  6530   0.00000E+00  0.00000E+00  0.00000E+00 
  6531   0.00000E+00  0.00000E+00  0.00000E+00 
  6532   0.00000E+00  0.00000E+00  0.00000E+00 
  6533   0.00000E+00  0.00000E+00  0.00000E+00 
  6534   0.00000E+00  0.00000E+00  0.00000E+00 
  6535   0.00000E+00  0.00000E+00  0.00000E+00 
  6536   0.00000E+00  0.00000E+00  0.00000E+00 
  6537   0.00000E+00  0.00000E+00  0.00000E+00 
  6538   0.00000E+00  0.00000E+00  0.00000E+00 
  6539   0.00000E+00  0.00000E+00  0.00000E+00 
  6540   0.00000E+00  0.00000E+00  0.00000E+00 
  6541   0.00000E+00  0.00000E+00  0.00000E+00 
  6542   0.00000E+00  0.00000E+00  0.00000E+00 
  6543   0.00000E+00  0.00000E+00  0.00000E+00 
  6544   0.00000E+00  0.00000E+00  0.00000E+00 
  6545   0.00000E+00  0.00000E+00  0.00000E+00 
  6546   0.00000E+00  0.00000E+00  0.00000E+00 
  6547   0.00000E+00  0.00000E+00  0.00000E+00 
  6548   0.00000E+00  0.00000E+00  0.00000E+00 
  6549   0.00000E+00  0.00000E+00  0.00000E+00 
  6550   0.00000E+00  0.00000E+00  0.00000E+00 

 Rigid Airport Pavement
                   FAASR3D (version 1.0 ) compiled 04/15/19
 n o d a l   p r i n t   o u t   f o r   t i m e   s t e p     1  ( at time  1.0000E+00 )
   node     x-disp       y-disp       z-disp
  6551   0.00000E+00  0.00000E+00  0.00000E+00 
  6552   0.00000E+00  0.00000E+00  0.00000E+00 
  6553   0.00000E+00  0.00000E+00  0.00000E+00 
  6554   0.00000E+00  0.00000E+00  0.00000E+00 
  6555   0.00000E+00  0.00000E+00  0.00000E+00 
  6556   0.00000E+00  0.00000E+00  0.00000E+00 
  6557   0.00000E+00  0.00000E+00  0.00000E+00 
  6558   0.00000E+00  0.00000E+00  0.00000E+00 
  6559   0.00000E+00  0.00000E+00  0.00000E+00 
  6560   0.00000E+00  0.00000E+00  0.00000E+00 
  6561   0.00000E+00  0.00000E+00  0.00000E+00 
  6562   0.00000E+00  0.00000E+00  0.00000E+00 
  6563   1.50663E-03  6.08275E-04 -1.65088E-03 
  6564   1.98732E-03  6.28139E-04 -1.73078E-03 
  6565   1.44461E-03  7.12132E-04 -1.59367E-03 
  6566   1.90750E-03  7.38533E-04 -1.67063E-03 
  6567   1.37705E-03  8.00832E-04 -1.51042E-03 
  6568   1.82208E-03  8.37624E-04 -1.58815E-03 
  6569   1.30634E-03  8.71335E-04 -1.38391E-03 
  6570   1.73688E-03  9.28826E-04 -1.46062E-03 
  6571   1.24341E-03  9.35067E-04 -1.17569E-03 
  6572   1.65570E-03  1.00336E-03 -1.26954E-03 
  6573   1.17791E-03  1.01814E-03 -9.27778E-04 
  6574   1.54766E-03  1.07958E-03 -1.02423E-03 
  6575   1.95748E-03  5.23501E-04 -9.11526E-04 
  6576   1.90457E-03  5.34787E-04 -8.20526E-04 
  6577   1.88071E-03  6.15836E-04 -8.74075E-04 
  6578   1.83031E-03  6.30696E-04 -7.87598E-04 
  6579   1.79724E-03  7.00901E-04 -8.26041E-04 
  6580   1.74562E-03  7.19770E-04 -7.43556E-04 
  6581   1.71311E-03  7.78769E-04 -7.64708E-04 
  6582   1.65277E-03  8.02384E-04 -6.86729E-04 
  6583   1.62296E-03  8.51018E-04 -6.94865E-04 
  6584   1.54785E-03  8.82988E-04 -6.13674E-04 
  6585   1.52367E-03  9.15915E-04 -6.01587E-04 
  6586   1.46305E-03  9.44401E-04 -5.32578E-04 
  6587   2.10158E-03  4.67141E-04 -5.04119E-04 
  6588   2.21551E-03  4.73323E-04 -4.76029E-04 
  6589   2.02011E-03  5.50817E-04 -4.83864E-04 
  6590   2.12900E-03  5.58693E-04 -4.56974E-04 
  6591   1.92787E-03  6.29998E-04 -4.59223E-04 
  6592   2.03224E-03  6.39425E-04 -4.33999E-04 
  6593   1.82556E-03  7.04001E-04 -4.30962E-04 
  6594   1.92704E-03  7.14528E-04 -4.08191E-04 
  6595   1.72262E-03  7.69838E-04 -3.97699E-04 
  6596   1.81941E-03  7.82469E-04 -3.79253E-04 
  6597   1.62890E-03  8.36143E-04 -3.64263E-04 
  6598   1.69716E-03  8.46306E-04 -3.44222E-04 
  6599   2.38310E-03  4.59836E-04 -6.28621E-04 
  6600   2.27034E-03  4.66998E-04 -5.92773E-04 

 Rigid Airport Pavement
                   FAASR3D (version 1.0 ) compiled 04/15/19
 n o d a l   p r i n t   o u t   f o r   t i m e   s t e p     1  ( at time  1.0000E+00 )
   node     x-disp       y-disp       z-disp
  6601   2.29122E-03  5.41566E-04 -6.04655E-04 
  6602   2.18267E-03  5.49898E-04 -5.70509E-04 
  6603   2.18791E-03  6.18115E-04 -5.77370E-04 
  6604   2.08300E-03  6.27357E-04 -5.44949E-04 
  6605   2.07675E-03  6.89107E-04 -5.47627E-04 
  6606   1.97446E-03  6.98761E-04 -5.16868E-04 
  6607   1.95686E-03  7.54863E-04 -5.16936E-04 
  6608   1.85985E-03  7.65085E-04 -4.87605E-04 
  6609   1.82559E-03  8.15525E-04 -4.86970E-04 
  6610   1.74842E-03  8.23468E-04 -4.62054E-04 
  6611   2.34583E-03  5.44507E-04 -1.04145E-03 
  6612   2.32705E-03  5.55014E-04 -1.02978E-03 
  6613   2.25722E-03  6.38433E-04 -1.00098E-03 
  6614   2.23946E-03  6.50592E-04 -9.90213E-04 
  6615   2.15676E-03  7.24529E-04 -9.55417E-04 
  6616   2.14090E-03  7.37947E-04 -9.45777E-04 
  6617   2.04619E-03  8.02202E-04 -9.06126E-04 
  6618   2.03317E-03  8.16342E-04 -8.98090E-04 
  6619   1.93103E-03  8.69920E-04 -8.54565E-04 
  6620   1.91820E-03  8.84756E-04 -8.47850E-04 
  6621   1.81948E-03  9.30565E-04 -8.01962E-04 
  6622   1.79598E-03  9.42086E-04 -7.94888E-04 
  6623   2.44342E-03  6.74695E-04 -1.86095E-03 
  6624   2.63362E-03  7.22300E-04 -1.88997E-03 
  6625   2.34610E-03  7.99848E-04 -1.79620E-03 
  6626   2.52912E-03  8.62380E-04 -1.82239E-03 
  6627   2.24027E-03  9.19316E-04 -1.71071E-03 
  6628   2.40812E-03  1.00116E-03 -1.73752E-03 
  6629   2.13022E-03  1.02898E-03 -1.59124E-03 
  6630   2.27010E-03  1.13788E-03 -1.62293E-03 
  6631   2.01419E-03  1.13725E-03 -1.41659E-03 
  6632   2.11323E-03  1.26738E-03 -1.45568E-03 
  6633   1.85957E-03  1.23580E-03 -1.16128E-03 
  6634   1.93443E-03  1.37745E-03 -1.21079E-03 
  6635   2.16534E-03  5.58684E-04 -7.37315E-04 
  6636   2.46778E-03  5.82556E-04 -7.13629E-04 
  6637   2.07971E-03  6.61649E-04 -7.08285E-04 
  6638   2.36821E-03  6.93134E-04 -6.85278E-04 
  6639   1.98052E-03  7.59931E-04 -6.68651E-04 
  6640   2.25272E-03  8.00071E-04 -6.46395E-04 
  6641   1.86743E-03  8.53539E-04 -6.14043E-04 
  6642   2.12188E-03  9.01356E-04 -5.93638E-04 
  6643   1.74082E-03  9.37785E-04 -5.44931E-04 
  6644   1.97647E-03  9.93936E-04 -5.27202E-04 
  6645   1.61796E-03  1.00960E-03 -4.73857E-04 
  6646   1.81692E-03  1.07435E-03 -4.57191E-04 
  6647   2.20336E-03  4.85587E-04 -4.06802E-04 
  6648   2.25921E-03  4.96087E-04 -3.81053E-04 
  6649   2.11604E-03  5.74102E-04 -3.90630E-04 
  6650   2.16807E-03  5.87421E-04 -3.65915E-04 

 Rigid Airport Pavement
                   FAASR3D (version 1.0 ) compiled 04/15/19
 n o d a l   p r i n t   o u t   f o r   t i m e   s t e p     1  ( at time  1.0000E+00 )
   node     x-disp       y-disp       z-disp
  6651   2.01651E-03  6.57875E-04 -3.70883E-04 
  6652   2.06309E-03  6.74122E-04 -3.47082E-04 
  6653   1.90676E-03  7.36102E-04 -3.48087E-04 
  6654   1.94592E-03  7.54863E-04 -3.24824E-04 
  6655   1.79131E-03  8.06879E-04 -3.22576E-04 
  6656   1.81898E-03  8.28003E-04 -3.00213E-04 
  6657   1.67249E-03  8.69750E-04 -2.93393E-04 
  6658   1.68744E-03  8.91501E-04 -2.74388E-04 
  6659   2.25833E-03  4.77787E-04 -5.56068E-04 
  6660   2.14717E-03  4.83285E-04 -5.05893E-04 
  6661   2.17059E-03  5.62411E-04 -5.35552E-04 
  6662   2.06254E-03  5.68852E-04 -4.87464E-04 
  6663   2.07126E-03  6.41232E-04 -5.12285E-04 
  6664   1.96604E-03  6.48372E-04 -4.66606E-04 
  6665   1.96315E-03  7.13414E-04 -4.86857E-04 
  6666   1.85992E-03  7.20763E-04 -4.44040E-04 
  6667   1.84800E-03  7.78746E-04 -4.60814E-04 
  6668   1.74738E-03  7.84974E-04 -4.20666E-04 
  6669   1.72579E-03  8.36814E-04 -4.35498E-04 
  6670   1.63120E-03  8.40189E-04 -3.97999E-04 
  6671   2.17702E-03  5.67196E-04 -9.98472E-04 
  6672   2.18581E-03  5.72609E-04 -9.91492E-04 
  6673   2.09531E-03  6.64411E-04 -9.61020E-04 
  6674   2.10449E-03  6.70237E-04 -9.55075E-04 
  6675   2.00261E-03  7.52837E-04 -9.18872E-04 
  6676   2.01243E-03  7.58652E-04 -9.14116E-04 
  6677   1.90094E-03  8.31643E-04 -8.73230E-04 
  6678   1.91207E-03  8.36394E-04 -8.69839E-04 
  6679   1.79397E-03  8.99518E-04 -8.25855E-04 
  6680   1.80630E-03  9.02356E-04 -8.23784E-04 
  6681   1.68958E-03  9.55097E-04 -7.79031E-04 
  6682   1.70038E-03  9.55278E-04 -7.78330E-04 
  6683   0.00000E+00  0.00000E+00  0.00000E+00 
  6684   0.00000E+00  0.00000E+00  0.00000E+00 
  6685   0.00000E+00  0.00000E+00  0.00000E+00 
  6686   0.00000E+00  0.00000E+00  0.00000E+00 
  6687   0.00000E+00  0.00000E+00  0.00000E+00 
  6688   0.00000E+00  0.00000E+00  0.00000E+00 
  6689   0.00000E+00  0.00000E+00  0.00000E+00 
  6690   0.00000E+00  0.00000E+00  0.00000E+00 
  6691   0.00000E+00  0.00000E+00  0.00000E+00 
  6692   0.00000E+00  0.00000E+00  0.00000E+00 
  6693   0.00000E+00  0.00000E+00  0.00000E+00 
  6694   0.00000E+00  0.00000E+00  0.00000E+00 
  6695   0.00000E+00  0.00000E+00  0.00000E+00 
  6696   0.00000E+00  0.00000E+00  0.00000E+00 
  6697   0.00000E+00  0.00000E+00  0.00000E+00 
  6698   0.00000E+00  0.00000E+00  0.00000E+00 
  6699   0.00000E+00  0.00000E+00  0.00000E+00 
  6700   0.00000E+00  0.00000E+00  0.00000E+00 

 Rigid Airport Pavement
                   FAASR3D (version 1.0 ) compiled 04/15/19
 n o d a l   p r i n t   o u t   f o r   t i m e   s t e p     1  ( at time  1.0000E+00 )
   node     x-disp       y-disp       z-disp
  6701   0.00000E+00  0.00000E+00  0.00000E+00 
  6702   0.00000E+00  0.00000E+00  0.00000E+00 
  6703   0.00000E+00  0.00000E+00  0.00000E+00 
  6704   0.00000E+00  0.00000E+00  0.00000E+00 
  6705   0.00000E+00  0.00000E+00  0.00000E+00 
  6706   0.00000E+00  0.00000E+00  0.00000E+00 
  6707   0.00000E+00  0.00000E+00  0.00000E+00 
  6708   0.00000E+00  0.00000E+00  0.00000E+00 
  6709   0.00000E+00  0.00000E+00  0.00000E+00 
  6710   0.00000E+00  0.00000E+00  0.00000E+00 
  6711   0.00000E+00  0.00000E+00  0.00000E+00 
  6712   0.00000E+00  0.00000E+00  0.00000E+00 
  6713   1.14324E-03  1.14226E-03 -7.91784E-04 
  6714   1.22456E-03  1.22344E-03 -7.53893E-04 
  6715   1.03543E-03  1.30860E-03 -4.02401E-04 
  6716   1.06677E-03  1.32692E-03 -3.70101E-04 
  6717   9.52550E-04  1.44781E-03 -3.08620E-04 
  6718   9.62311E-04  1.46193E-03 -2.84713E-04 
  6719   9.22460E-04  1.58197E-03 -4.46426E-04 
  6720   9.29701E-04  1.52899E-03 -4.27555E-04 
  6721   1.02333E-03  1.59273E-03 -7.14935E-04 
  6722   1.03426E-03  1.56305E-03 -7.08246E-04 
  6723   1.30842E-03  1.03424E-03 -4.02014E-04 
  6724   1.32677E-03  1.06546E-03 -3.69769E-04 
  6725   1.16610E-03  1.16549E-03 -2.81261E-04 
  6726   1.17550E-03  1.17486E-03 -2.58340E-04 
  6727   1.06249E-03  1.28521E-03 -2.89549E-04 
  6728   1.05791E-03  1.27488E-03 -2.64776E-04 
  6729   1.02660E-03  1.38235E-03 -4.36267E-04 
  6730   1.01998E-03  1.34441E-03 -4.19802E-04 
  6731   1.09550E-03  1.40121E-03 -6.67091E-04 
  6732   1.09211E-03  1.36947E-03 -6.59604E-04 
  6733   1.44675E-03  9.51200E-04 -3.08148E-04 
  6734   1.46088E-03  9.60873E-04 -2.84299E-04 
  6735   1.28535E-03  1.06131E-03 -2.89419E-04 
  6736   1.27503E-03  1.05669E-03 -2.64659E-04 
  6737   1.17595E-03  1.17492E-03 -3.43809E-04 
  6738   1.16039E-03  1.15936E-03 -3.20543E-04 
  6739   1.13547E-03  1.26292E-03 -4.95984E-04 
  6740   1.11950E-03  1.22891E-03 -4.79020E-04 
  6741   1.16866E-03  1.28133E-03 -7.06585E-04 
  6742   1.15374E-03  1.25146E-03 -6.98183E-04 
  6743   1.58048E-03  9.20729E-04 -4.45799E-04 
  6744   1.52751E-03  9.27876E-04 -4.26964E-04 
  6745   1.38229E-03  1.02481E-03 -4.36075E-04 
  6746   1.34435E-03  1.01814E-03 -4.19620E-04 
  6747   1.26388E-03  1.13366E-03 -4.96022E-04 
  6748   1.22986E-03  1.11768E-03 -4.79061E-04 
  6749   1.22818E-03  1.22632E-03 -6.47482E-04 
  6750   1.19445E-03  1.19262E-03 -6.35247E-04 

 Rigid Airport Pavement
                   FAASR3D (version 1.0 ) compiled 04/15/19
 n o d a l   p r i n t   o u t   f o r   t i m e   s t e p     1  ( at time  1.0000E+00 )
   node     x-disp       y-disp       z-disp
  6751   1.23624E-03  1.25330E-03 -8.57814E-04 
  6752   1.20237E-03  1.22306E-03 -8.51927E-04 
  6753   1.59112E-03  1.02044E-03 -7.14145E-04 
  6754   1.56145E-03  1.03125E-03 -7.07467E-04 
  6755   1.40105E-03  1.09275E-03 -6.66958E-04 
  6756   1.36929E-03  1.08929E-03 -6.59455E-04 
  6757   1.28232E-03  1.16601E-03 -7.06825E-04 
  6758   1.25239E-03  1.15105E-03 -6.98420E-04 
  6759   1.25521E-03  1.23350E-03 -8.58139E-04 
  6760   1.22491E-03  1.19966E-03 -8.52257E-04 
  6761   1.25971E-03  1.25684E-03 -1.07317E-03 
  6762   1.22782E-03  1.22504E-03 -1.07093E-03 
  6763   1.36325E-03  1.36182E-03 -7.17040E-04 
  6764   1.49158E-03  1.48978E-03 -6.91058E-04 
  6765   1.11972E-03  1.40756E-03 -3.28568E-04 
  6766   1.17676E-03  1.47743E-03 -3.14326E-04 
  6767   9.74946E-04  1.43280E-03 -2.46786E-04 
  6768   9.86347E-04  1.42432E-03 -2.33047E-04 
  6769   9.32416E-04  1.49382E-03 -3.98960E-04 
  6770   9.26586E-04  1.40572E-03 -3.63279E-04 
  6771   1.03596E-03  1.48027E-03 -6.99767E-04 
  6772   1.02609E-03  1.49020E-03 -7.00391E-04 
  6773   1.40745E-03  1.11815E-03 -3.28291E-04 
  6774   1.47737E-03  1.17491E-03 -3.14064E-04 
  6775   1.19723E-03  1.19653E-03 -2.29310E-04 
  6776   1.20555E-03  1.20474E-03 -2.17194E-04 
  6777   1.05432E-03  1.23612E-03 -2.32509E-04 
  6778   1.03778E-03  1.20522E-03 -2.19724E-04 
  6779   1.00798E-03  1.30278E-03 -3.92363E-04 
  6780   9.81467E-04  1.21994E-03 -3.58152E-04 
  6781   1.08032E-03  1.30736E-03 -6.57254E-04 
  6782   1.05052E-03  1.32179E-03 -6.59130E-04 
  6783   1.43178E-03  9.73333E-04 -2.46453E-04 
  6784   1.42332E-03  9.84539E-04 -2.32739E-04 
  6785   1.23631E-03  1.05303E-03 -2.32410E-04 
  6786   1.20543E-03  1.03642E-03 -2.19634E-04 
  6787   1.11137E-03  1.11032E-03 -2.83986E-04 
  6788   1.06799E-03  1.06693E-03 -2.68174E-04 
  6789   1.06846E-03  1.18813E-03 -4.47081E-04 
  6790   1.02215E-03  1.10727E-03 -4.11110E-04 
  6791   1.10250E-03  1.19855E-03 -6.90234E-04 
  6792   1.05720E-03  1.22360E-03 -6.89591E-04 
  6793   1.49236E-03  9.30413E-04 -3.98423E-04 
  6794   1.40434E-03  9.24421E-04 -3.62792E-04 
  6795   1.30269E-03  1.00604E-03 -3.92194E-04 
  6796   1.21988E-03  9.79453E-04 -3.57996E-04 
  6797   1.18905E-03  1.06662E-03 -4.47117E-04 
  6798   1.10816E-03  1.02031E-03 -4.11133E-04 
  6799   1.15561E-03  1.15382E-03 -6.06752E-04 
  6800   1.07636E-03  1.07465E-03 -5.51306E-04 

 Rigid Airport Pavement
                   FAASR3D (version 1.0 ) compiled 04/15/19
 n o d a l   p r i n t   o u t   f o r   t i m e   s t e p     1  ( at time  1.0000E+00 )
   node     x-disp       y-disp       z-disp
  6801   1.16740E-03  1.16840E-03 -8.44945E-04 
  6802   1.09111E-03  1.19452E-03 -8.22658E-04 
  6803   1.47870E-03  1.03278E-03 -6.98976E-04 
  6804   1.48854E-03  1.02275E-03 -6.99567E-04 
  6805   1.30716E-03  1.07735E-03 -6.57083E-04 
  6806   1.32150E-03  1.04746E-03 -6.58927E-04 
  6807   1.19940E-03  1.09977E-03 -6.90469E-04 
  6808   1.22438E-03  1.05443E-03 -6.89805E-04 
  6809   1.17015E-03  1.16475E-03 -8.45295E-04 
  6810   1.19618E-03  1.08854E-03 -8.23025E-04 
  6811   1.16805E-03  1.16542E-03 -1.08165E-03 
  6812   1.21732E-03  1.21486E-03 -1.09332E-03 
  6813   0.00000E+00  0.00000E+00  0.00000E+00 
  6814   0.00000E+00  0.00000E+00  0.00000E+00 
  6815   0.00000E+00  0.00000E+00  0.00000E+00 
  6816   0.00000E+00  0.00000E+00  0.00000E+00 
  6817   0.00000E+00  0.00000E+00  0.00000E+00 
  6818   0.00000E+00  0.00000E+00  0.00000E+00 
  6819   0.00000E+00  0.00000E+00  0.00000E+00 
  6820   0.00000E+00  0.00000E+00  0.00000E+00 
  6821   0.00000E+00  0.00000E+00  0.00000E+00 
  6822   0.00000E+00  0.00000E+00  0.00000E+00 
  6823   0.00000E+00  0.00000E+00  0.00000E+00 
  6824   0.00000E+00  0.00000E+00  0.00000E+00 
  6825   0.00000E+00  0.00000E+00  0.00000E+00 
  6826   0.00000E+00  0.00000E+00  0.00000E+00 
  6827   0.00000E+00  0.00000E+00  0.00000E+00 
  6828   0.00000E+00  0.00000E+00  0.00000E+00 
  6829   0.00000E+00  0.00000E+00  0.00000E+00 
  6830   0.00000E+00  0.00000E+00  0.00000E+00 
  6831   0.00000E+00  0.00000E+00  0.00000E+00 
  6832   0.00000E+00  0.00000E+00  0.00000E+00 
  6833   0.00000E+00  0.00000E+00  0.00000E+00 
  6834   0.00000E+00  0.00000E+00  0.00000E+00 
  6835   0.00000E+00  0.00000E+00  0.00000E+00 
  6836   0.00000E+00  0.00000E+00  0.00000E+00 
  6837   0.00000E+00  0.00000E+00  0.00000E+00 
  6838   0.00000E+00  0.00000E+00  0.00000E+00 
