element_id,layer,cx_in,cy_in,cz_in,po_sx,po_sy,po_sz,po_sxy,po_syz,po_szx,ae_sx,ae_sy,ae_sz,ae_sxy,ae_syz,ae_sxz,max_abs_diff_psi,rel_to_peak_pct
1,1,2.1000,2.0000,6.0000,0.030260,-0.106600,-2.149000,0.025660,-0.206800,-0.645700,0.030265,-0.106621,-2.148775,0.025656,-0.206753,-0.645673,2.247467e-04,0.006589
2,1,6.3000,2.0000,6.0000,0.077540,0.116900,-0.649100,-0.011760,-0.055090,-0.682700,0.077535,0.116919,-0.649131,-0.011762,-0.055091,-0.682682,3.083521e-05,0.000904
3,1,10.5000,2.0000,6.0000,0.128200,0.089810,-0.844300,-0.002209,-0.060640,-0.753500,0.128168,0.089808,-0.844293,-0.002209,-0.060636,-0.753540,3.968671e-05,0.001163
4,1,14.7000,2.0000,6.0000,0.165500,0.105900,-0.744100,-0.000471,-0.052850,-0.647700,0.165544,0.105867,-0.744105,-0.000471,-0.052848,-0.647718,4.423507e-05,0.001297
5,1,18.9000,2.0000,6.0000,0.196700,0.104100,-0.766700,0.000580,-0.053990,-0.660200,0.196687,0.104056,-0.766740,0.000580,-0.053990,-0.660198,4.421823e-05,0.001296
6,1,23.1000,2.0000,6.0000,0.224200,0.110400,-0.733800,0.000264,-0.049950,-0.544000,0.224218,0.110431,-0.733819,0.000264,-0.049954,-0.544031,3.142945e-05,0.000921
7,1,27.3000,2.0000,6.0000,0.248400,0.110100,-0.746900,0.000967,-0.050510,-0.532000,0.248449,0.110069,-0.746945,0.000966,-0.050507,-0.531993,4.857241e-05,0.001424
8,1,31.5000,2.0000,6.0000,0.269100,0.114700,-0.727300,0.000588,-0.047790,-0.418900,0.269090,0.114730,-0.727294,0.000588,-0.047792,-0.418907,2.992145e-05,0.000877
9,1,35.7000,2.0000,6.0000,0.286300,0.115000,-0.738900,0.001483,-0.048220,-0.393600,0.286340,0.115037,-0.738919,0.001483,-0.048219,-0.393622,4.042060e-05,0.001185
10,1,39.9000,2.0000,6.0000,0.300400,0.116800,-0.738000,0.000718,-0.048330,-0.288700,0.300366,0.116750,-0.737980,0.000718,-0.048331,-0.288734,4.996772e-05,0.001465
11,1,44.1000,2.0000,6.0000,0.311400,0.116900,-0.748400,0.001710,-0.048720,-0.267300,0.311367,0.116863,-0.748397,0.001710,-0.048721,-0.267309,3.664695e-05,0.001074
12,1,48.3000,2.0000,6.0000,0.319600,0.117400,-0.754700,0.000753,-0.049460,-0.173800,0.319583,0.117375,-0.754722,0.000753,-0.049455,-0.173794,2.544346e-05,0.000746
13,1,52.5000,2.0000,6.0000,0.325200,0.117500,-0.762600,0.001733,-0.049510,-0.162000,0.325232,0.117534,-0.762575,0.001733,-0.049505,-0.161963,3.742361e-05,0.001097
14,1,56.7000,2.0000,6.0000,0.328800,0.117200,-0.773400,0.000798,-0.050980,-0.080240,0.328800,0.117239,-0.773388,0.000798,-0.050979,-0.080245,3.894418e-05,0.001142
15,1,60.9000,2.0000,6.0000,0.330500,0.117500,-0.778700,0.001586,-0.050990,-0.081920,0.330482,0.117508,-0.778670,0.001586,-0.050992,-0.081917,3.015255e-05,0.000884
16,1,65.1000,2.0000,6.0000,0.330800,0.116800,-0.790300,0.000724,-0.052420,-0.010320,0.330779,0.116849,-0.790252,0.000724,-0.052416,-0.010316,4.888411e-05,0.001433
17,1,69.3000,2.0000,6.0000,0.329700,0.117400,-0.793200,0.001525,-0.052300,-0.024580,0.329743,0.117355,-0.793172,0.001525,-0.052305,-0.024577,4.514203e-05,0.001323
18,1,73.5000,2.0000,6.0000,0.327500,0.116200,-0.804000,0.000498,-0.053950,0.039510,0.327451,0.116241,-0.804026,0.000498,-0.053951,0.039511,4.935788e-05,0.001447
19,1,77.7000,2.0000,6.0000,0.324100,0.116600,-0.805400,0.001389,-0.053720,0.013990,0.324146,0.116580,-0.805358,0.001389,-0.053724,0.013987,4.590631e-05,0.001346
20,1,81.9000,2.0000,6.0000,0.320200,0.115700,-0.814600,0.000425,-0.054560,0.073070,0.320238,0.115677,-0.814571,0.000425,-0.054559,0.073069,3.833077e-05,0.001124
21,1,86.1000,2.0000,6.0000,0.316300,0.116000,-0.814300,0.001335,-0.054350,0.038410,0.316288,0.115985,-0.814256,0.001335,-0.054348,0.038414,4.354119e-05,0.001276
22,1,90.3000,2.0000,6.0000,0.311700,0.115200,-0.821900,0.000423,-0.055310,0.094130,0.311671,0.115241,-0.821870,0.000423,-0.055313,0.094131,4.123475e-05,0.001209
23,1,94.5000,2.0000,6.0000,0.306700,0.115800,-0.820500,0.001088,-0.055010,0.052280,0.306720,0.115805,-0.820487,0.001088,-0.055011,0.052281,2.045952e-05,0.000600
24,1,98.7000,2.0000,6.0000,0.301500,0.115000,-0.826300,0.000183,-0.055550,0.106600,0.301529,0.115027,-0.826346,0.000183,-0.055554,0.106603,4.556042e-05,0.001336
25,1,102.9000,2.0000,6.0000,0.296500,0.115300,-0.824400,0.001040,-0.055480,0.060120,0.296451,0.115306,-0.824375,0.001040,-0.055480,0.060121,4.908306e-05,0.001439
26,1,107.1000,2.0000,6.0000,0.291500,0.114700,-0.828200,0.000147,-0.056030,0.114200,0.291514,0.114691,-0.828237,0.000147,-0.056026,0.114165,3.663587e-05,0.001074
27,1,111.3000,2.0000,6.0000,0.286300,0.114800,-0.825400,0.000798,-0.055660,0.064710,0.286268,0.114837,-0.825395,0.000798,-0.055662,0.064706,3.685005e-05,0.001080
28,1,115.5000,2.0000,6.0000,0.281100,0.114100,-0.828200,-0.000082,-0.055870,0.120600,0.281121,0.114110,-0.828190,-0.000082,-0.055868,0.120645,4.522343e-05,0.001326
29,1,119.7000,2.0000,6.0000,0.276000,0.114200,-0.825200,0.000630,-0.055680,0.070440,0.276025,0.114209,-0.825185,0.000630,-0.055675,0.070444,2.475752e-05,0.000726
30,1,123.9000,2.0000,6.0000,0.270500,0.113800,-0.825000,-0.000141,-0.055580,0.129300,0.270504,0.113848,-0.825047,-0.000141,-0.055577,0.129297,4.835242e-05,0.001418
31,1,128.1000,2.0000,6.0000,0.264800,0.113900,-0.820900,0.000515,-0.055380,0.079660,0.264774,0.113876,-0.820866,0.000515,-0.055384,0.079663,3.353593e-05,0.000983
32,1,132.3000,2.0000,6.0000,0.259200,0.113200,-0.819800,-0.000268,-0.055150,0.142300,0.259201,0.113235,-0.819774,-0.000268,-0.055155,0.142261,3.872984e-05,0.001135
33,1,136.5000,2.0000,6.0000,0.253300,0.113000,-0.815000,0.000371,-0.054970,0.095230,0.253252,0.112994,-0.815026,0.000371,-0.054968,0.095232,4.836377e-05,0.001418
34,1,140.7000,2.0000,6.0000,0.247000,0.112400,-0.812900,-0.000377,-0.054530,0.162800,0.246977,0.112410,-0.812861,-0.000377,-0.054525,0.162800,3.856544e-05,0.001131
35,1,144.9000,2.0000,6.0000,0.240200,0.112200,-0.807200,0.000308,-0.054230,0.119300,0.240240,0.112220,-0.807191,0.000308,-0.054227,0.119252,4.753428e-05,0.001394
36,1,149.1000,2.0000,6.0000,0.232600,0.112100,-0.799900,-0.000313,-0.053170,0.194800,0.232595,0.112121,-0.799927,-0.000313,-0.053166,0.194756,4.421030e-05,0.001296
37,1,153.3000,2.0000,6.0000,0.224000,0.111700,-0.793000,0.000503,-0.053000,0.160500,0.224011,0.111748,-0.793007,0.000503,-0.052996,0.160458,4.767566e-05,0.001398
38,1,157.5000,2.0000,6.0000,0.214700,0.106800,-0.816100,0.000095,-0.055590,0.239600,0.214656,0.106768,-0.816098,0.000095,-0.055593,0.239636,4.386093e-05,0.001286
39,1,161.7000,2.0000,6.0000,0.204000,0.111000,-0.772800,0.003467,-0.047850,0.192400,0.203984,0.111023,-0.772774,0.003467,-0.047847,0.192405,2.584877e-05,0.000758
40,1,165.9000,2.0000,6.0000,0.192500,0.123500,-0.673900,0.006307,-0.084640,0.329500,0.192481,0.123479,-0.673921,0.006307,-0.084645,0.329547,4.714057e-05,0.001382
41,1,2.1000,6.0000,6.0000,0.038810,-0.109100,-2.005000,-0.020990,0.186600,-0.641300,0.038810,-0.109071,-2.005461,-0.020989,0.186555,-0.641322,4.614794e-04,0.013529
42,1,6.3000,6.0000,6.0000,0.091960,0.118900,-0.556300,0.010190,0.057350,-0.673500,0.091959,0.118940,-0.556295,0.010193,0.057352,-0.673537,4.048808e-05,0.001187
43,1,10.5000,6.0000,6.0000,0.138500,0.087470,-0.784700,0.003082,0.071750,-0.756700,0.138528,0.087465,-0.784678,0.003082,0.071749,-0.756716,2.828058e-05,0.000829
44,1,14.7000,6.0000,6.0000,0.174500,0.105100,-0.684900,0.002378,0.064640,-0.644700,0.174534,0.105080,-0.684923,0.002378,0.064637,-0.644741,4.062343e-05,0.001191
45,1,18.9000,6.0000,6.0000,0.205400,0.103400,-0.705200,0.002760,0.065400,-0.663800,0.205427,0.103399,-0.705175,0.002760,0.065402,-0.663826,2.731976e-05,0.000801
46,1,23.1000,6.0000,6.0000,0.232600,0.109300,-0.677700,0.002346,0.063460,-0.538400,0.232619,0.109272,-0.677728,0.002346,0.063464,-0.538394,2.809901e-05,0.000824
47,1,27.3000,6.0000,6.0000,0.256700,0.109500,-0.688700,0.003192,0.064650,-0.537300,0.256666,0.109452,-0.688685,0.003192,0.064647,-0.537325,4.770058e-05,0.001398
48,1,31.5000,6.0000,6.0000,0.277300,0.114100,-0.671900,0.002841,0.064080,-0.411900,0.277336,0.114054,-0.671914,0.002841,0.064080,-0.411856,4.648608e-05,0.001363
49,1,35.7000,6.0000,6.0000,0.294600,0.114300,-0.681300,0.003480,0.065010,-0.400400,0.294613,0.114292,-0.681315,0.003480,0.065011,-0.400418,1.800638e-05,0.000528
50,1,39.9000,6.0000,6.0000,0.308600,0.115900,-0.681800,0.002671,0.066350,-0.280800,0.308573,0.115864,-0.681849,0.002671,0.066350,-0.280779,4.893744e-05,0.001435
51,1,44.1000,6.0000,6.0000,0.319700,0.116200,-0.690000,0.003746,0.066990,-0.274900,0.319675,0.116233,-0.690010,0.003746,0.066992,-0.274932,3.309074e-05,0.000970
52,1,48.3000,6.0000,6.0000,0.327900,0.116600,-0.696900,0.002528,0.068800,-0.165100,0.327949,0.116599,-0.696855,0.002528,0.068803,-0.165063,4.928043e-05,0.001445
53,1,52.5000,6.0000,6.0000,0.333800,0.116900,-0.703300,0.003697,0.069270,-0.170400,0.333778,0.116905,-0.703313,0.003697,0.069265,-0.170419,2.245221e-05,0.000658
54,1,56.7000,6.0000,6.0000,0.337400,0.116500,-0.713800,0.002527,0.071310,-0.071350,0.337386,0.116502,-0.713831,0.002527,0.071314,-0.071348,3.057504e-05,0.000896
55,1,60.9000,6.0000,6.0000,0.339200,0.116800,-0.718100,0.003443,0.071650,-0.090560,0.339204,0.116821,-0.718127,0.003443,0.071648,-0.090562,2.667930e-05,0.000782
56,1,65.1000,6.0000,6.0000,0.339700,0.116100,-0.728800,0.002498,0.073600,-0.001238,0.339679,0.116129,-0.728762,0.002498,0.073597,-0.001238,3.795331e-05,0.001113
57,1,69.3000,6.0000,6.0000,0.338700,0.116500,-0.730900,0.003130,0.073910,-0.033330,0.338668,0.116456,-0.730901,0.003130,0.073910,-0.033326,4.430328e-05,0.001299
58,1,73.5000,6.0000,6.0000,0.336400,0.115400,-0.741100,0.001927,0.075730,0.048430,0.336423,0.115419,-0.741111,0.001927,0.075726,0.048430,2.329239e-05,0.000683
59,1,77.7000,6.0000,6.0000,0.333400,0.115800,-0.742100,0.003051,0.076040,0.005700,0.333374,0.115830,-0.742083,0.003051,0.076037,0.005700,2.968156e-05,0.000870
60,1,81.9000,6.0000,6.0000,0.329700,0.115100,-0.750500,0.001756,0.077300,0.081800,0.329747,0.115083,-0.750476,0.001756,0.077297,0.081802,4.672699e-05,0.001370
61,1,86.1000,6.0000,6.0000,0.325600,0.115400,-0.750300,0.002625,0.077510,0.029960,0.325632,0.115429,-0.750255,0.002625,0.077511,0.029965,4.483098e-05,0.001314
62,1,90.3000,6.0000,6.0000,0.320900,0.114500,-0.756900,0.001667,0.078460,0.102600,0.320938,0.114542,-0.756874,0.001667,0.078460,0.102555,4.481649e-05,0.001314
63,1,94.5000,6.0000,6.0000,0.316100,0.114900,-0.756100,0.002441,0.078460,0.044490,0.316087,0.114882,-0.756057,0.002441,0.078457,0.044487,4.275712e-05,0.001254
64,1,98.7000,6.0000,6.0000,0.311000,0.114200,-0.761500,0.001242,0.079140,0.114900,0.311041,0.114167,-0.761492,0.001242,0.079141,0.114873,4.137614e-05,0.001213
65,1,102.9000,6.0000,6.0000,0.305900,0.114400,-0.760000,0.002090,0.079170,0.052020,0.305891,0.114374,-0.759985,0.002090,0.079165,0.052016,2.637235e-05,0.000773
66,1,107.1000,6.0000,6.0000,0.300800,0.113900,-0.763000,0.000939,0.079550,0.122000,0.300798,0.113909,-0.762982,0.000939,0.079549,0.122011,1.771177e-05,0.000519
67,1,111.3000,6.0000,6.0000,0.295800,0.114200,-0.760300,0.001572,0.079540,0.057120,0.295785,0.114171,-0.760300,0.001572,0.079538,0.057123,2.914715e-05,0.000855
68,1,115.5000,6.0000,6.0000,0.290700,0.113500,-0.762400,0.000634,0.079630,0.128100,0.290740,0.113483,-0.762361,0.000634,0.079634,0.128149,4.880281e-05,0.001431
69,1,119.7000,6.0000,6.0000,0.285500,0.113600,-0.759800,0.001418,0.079590,0.063150,0.285542,0.113578,-0.759805,0.001418,0.079593,0.063152,4.151872e-05,0.001217
70,1,123.9000,6.0000,6.0000,0.280000,0.113100,-0.759600,0.000331,0.079270,0.136300,0.280012,0.113128,-0.759584,0.000331,0.079265,0.136289,2.783021e-05,0.000816
71,1,128.1000,6.0000,6.0000,0.274300,0.112900,-0.756800,0.000983,0.079130,0.072730,0.274293,0.112865,-0.756797,0.000983,0.079133,0.072735,3.521820e-05,0.001032
72,1,132.3000,6.0000,6.0000,0.268600,0.112400,-0.755000,0.000024,0.078590,0.149100,0.268616,0.112393,-0.754978,0.000024,0.078587,0.149065,3.456335e-05,0.001013
73,1,136.5000,6.0000,6.0000,0.262600,0.112200,-0.751000,0.000815,0.078390,0.088490,0.262596,0.112185,-0.751032,0.000815,0.078387,0.088489,3.177248e-05,0.000931
74,1,140.7000,6.0000,6.0000,0.256400,0.111800,-0.748800,0.000018,0.077720,0.169200,0.256368,0.111770,-0.748751,0.000018,0.077721,0.169186,4.888448e-05,0.001433
75,1,144.9000,6.0000,6.0000,0.249500,0.111600,-0.743900,0.000558,0.077660,0.113000,0.249550,0.111617,-0.743854,0.000558,0.077663,0.112955,4.977634e-05,0.001459
76,1,149.1000,6.0000,6.0000,0.241800,0.111500,-0.736500,-0.000383,0.076210,0.200600,0.241828,0.111466,-0.736547,-0.000383,0.076209,0.200618,4.681468e-05,0.001372
77,1,153.3000,6.0000,6.0000,0.233200,0.110900,-0.731100,0.000061,0.075850,0.154400,0.233155,0.110944,-0.731051,0.000061,0.075851,0.154406,4.933159e-05,0.001446
78,1,157.5000,6.0000,6.0000,0.223700,0.106200,-0.752700,-0.001093,0.077450,0.244700,0.223684,0.106174,-0.752665,-0.001093,0.077454,0.244739,3.923964e-05,0.001150
79,1,161.7000,6.0000,6.0000,0.212400,0.110100,-0.718000,-0.003587,0.070450,0.188000,0.212367,0.110063,-0.718043,-0.003587,0.070452,0.187969,4.284158e-05,0.001256
80,1,165.9000,6.0000,6.0000,0.199500,0.123200,-0.625600,-0.006943,0.107900,0.334300,0.199523,0.123209,-0.625603,-0.006943,0.107884,0.334301,2.287002e-05,0.000670
81,1,2.1000,10.0000,6.0000,0.027900,-0.107500,-2.206000,0.016590,-0.124800,-0.659500,0.027898,-0.107536,-2.205678,0.016588,-0.124768,-0.659469,3.220990e-04,0.009443
82,1,6.3000,10.0000,6.0000,0.072940,0.115100,-0.676100,-0.008131,-0.002781,-0.674400,0.072938,0.115073,-0.676118,-0.008131,-0.002781,-0.674423,2.666714e-05,0.000782
83,1,10.5000,10.0000,6.0000,0.123900,0.087210,-0.880100,0.000715,-0.013760,-0.756000,0.123883,0.087207,-0.880081,0.000715,-0.013759,-0.755956,4.403899e-05,0.001291
84,1,14.7000,10.0000,6.0000,0.161200,0.103800,-0.771900,0.002224,-0.004663,-0.644900,0.161168,0.103769,-0.771872,0.002224,-0.004663,-0.644850,4.997038e-05,0.001465
85,1,18.9000,10.0000,6.0000,0.192400,0.102400,-0.788400,0.003114,-0.004108,-0.663000,0.192390,0.102409,-0.788420,0.003114,-0.004108,-0.663008,1.953709e-05,0.000573
86,1,23.1000,10.0000,6.0000,0.220000,0.108100,-0.760100,0.003976,-0.000539,-0.537800,0.219972,0.108085,-0.760134,0.003976,-0.000539,-0.537817,3.406376e-05,0.000999
87,1,27.3000,10.0000,6.0000,0.244100,0.108600,-0.769300,0.004400,0.000569,-0.536100,0.244059,0.108591,-0.769320,0.004400,0.000569,-0.536096,4.068362e-05,0.001193
88,1,31.5000,10.0000,6.0000,0.264700,0.112900,-0.752400,0.005095,0.003371,-0.411400,0.264678,0.112911,-0.752443,0.005095,0.003371,-0.411387,4.335334e-05,0.001271
89,1,35.7000,10.0000,6.0000,0.282100,0.113400,-0.761200,0.005069,0.004654,-0.399100,0.282099,0.113355,-0.761242,0.005069,0.004654,-0.399063,4.478743e-05,0.001313
90,1,39.9000,10.0000,6.0000,0.295900,0.114900,-0.763000,0.005464,0.005392,-0.280200,0.295950,0.114916,-0.763004,0.005464,0.005392,-0.280241,4.976989e-05,0.001459
91,1,44.1000,10.0000,6.0000,0.306700,0.115300,-0.771700,0.005596,0.006778,-0.273400,0.306726,0.115268,-0.771668,0.005596,0.006778,-0.273439,3.916843e-05,0.001148
92,1,48.3000,10.0000,6.0000,0.314800,0.115700,-0.780000,0.005511,0.006625,-0.164900,0.314844,0.115676,-0.779983,0.005511,0.006625,-0.164861,4.402424e-05,0.001291
93,1,52.5000,10.0000,6.0000,0.320400,0.116000,-0.787400,0.005486,0.007846,-0.169100,0.320432,0.116036,-0.787386,0.005486,0.007846,-0.169123,3.636623e-05,0.001066
94,1,56.7000,10.0000,6.0000,0.324100,0.115600,-0.799000,0.005385,0.007343,-0.071290,0.324059,0.115623,-0.798952,0.005385,0.007343,-0.071286,4.770073e-05,0.001398
95,1,60.9000,10.0000,6.0000,0.325800,0.115900,-0.804600,0.005056,0.008324,-0.089370,0.325765,0.115883,-0.804588,0.005056,0.008324,-0.089375,3.452335e-05,0.001012
96,1,65.1000,10.0000,6.0000,0.325900,0.114900,-0.816400,0.005227,0.007600,-0.001279,0.325931,0.114866,-0.816395,0.005227,0.007600,-0.001279,3.437430e-05,0.001008
97,1,69.3000,10.0000,6.0000,0.324700,0.115200,-0.819500,0.004798,0.008593,-0.032160,0.324672,0.115245,-0.819524,0.004798,0.008593,-0.032156,4.498397e-05,0.001319
98,1,73.5000,10.0000,6.0000,0.322300,0.114700,-0.830500,0.004686,0.008213,0.048520,0.322340,0.114703,-0.830492,0.004686,0.008213,0.048516,4.039704e-05,0.001184
99,1,77.7000,10.0000,6.0000,0.319300,0.115200,-0.832300,0.004317,0.008972,0.006668,0.319251,0.115176,-0.832349,0.004317,0.008972,0.006668,4.923778e-05,0.001443
100,1,81.9000,10.0000,6.0000,0.315600,0.114200,-0.841400,0.003994,0.008513,0.081640,0.315632,0.114231,-0.841410,0.003994,0.008513,0.081637,3.156319e-05,0.000925
101,1,86.1000,10.0000,6.0000,0.311300,0.114500,-0.842100,0.003536,0.009242,0.030890,0.311302,0.114501,-0.842127,0.003536,0.009242,0.030886,2.690023e-05,0.000789
102,1,90.3000,10.0000,6.0000,0.306700,0.113600,-0.849100,0.003574,0.009021,0.102200,0.306652,0.113601,-0.849061,0.003574,0.009021,0.102243,4.813362e-05,0.001411
103,1,94.5000,10.0000,6.0000,0.301700,0.113700,-0.848500,0.003231,0.009261,0.045260,0.301737,0.113659,-0.848484,0.003231,0.009261,0.045257,4.112755e-05,0.001206
104,1,98.7000,10.0000,6.0000,0.296600,0.113000,-0.853900,0.003010,0.008919,0.114700,0.296584,0.113023,-0.853877,0.003010,0.008919,0.114679,2.325817e-05,0.000682
105,1,102.9000,10.0000,6.0000,0.291500,0.113400,-0.852700,0.002536,0.009390,0.052760,0.291478,0.113387,-0.852685,0.002536,0.009390,0.052757,2.156377e-05,0.000632
106,1,107.1000,10.0000,6.0000,0.286200,0.112800,-0.856200,0.002435,0.009412,0.121700,0.286234,0.112804,-0.856181,0.002435,0.009412,0.121698,3.365995e-05,0.000987
107,1,111.3000,10.0000,6.0000,0.281400,0.113000,-0.854000,0.001884,0.009537,0.057630,0.281360,0.113049,-0.853992,0.001884,0.009537,0.057625,4.886831e-05,0.001433
108,1,115.5000,10.0000,6.0000,0.276400,0.112700,-0.855200,0.001823,0.009495,0.127800,0.276415,0.112654,-0.855152,0.001823,0.009495,0.127786,4.791826e-05,0.001405
109,1,119.7000,10.0000,6.0000,0.271000,0.112600,-0.852600,0.001462,0.009390,0.063440,0.271011,0.112596,-0.852550,0.001462,0.009390,0.063440,4.974186e-05,0.001458
110,1,123.9000,10.0000,6.0000,0.265600,0.112000,-0.852500,0.001256,0.009464,0.135700,0.265597,0.112031,-0.852540,0.001256,0.009464,0.135735,4.004712e-05,0.001174
111,1,128.1000,10.0000,6.0000,0.260200,0.111700,-0.849300,0.000761,0.009252,0.073010,0.260157,0.111747,-0.849331,0.000761,0.009252,0.073013,4.726478e-05,0.001386
112,1,132.3000,10.0000,6.0000,0.254400,0.111300,-0.846900,0.000764,0.009346,0.148500,0.254413,0.111313,-0.846894,0.000764,0.009346,0.148520,2.042754e-05,0.000599
113,1,136.5000,10.0000,6.0000,0.248600,0.111400,-0.842400,0.000497,0.009014,0.088540,0.248598,0.111353,-0.842413,0.000497,0.009014,0.088539,4.652884e-05,0.001364
114,1,140.7000,10.0000,6.0000,0.242400,0.110900,-0.839100,0.000527,0.009298,0.168600,0.242409,0.110939,-0.839092,0.000527,0.009298,0.168590,3.926946e-05,0.001151
115,1,144.9000,10.0000,6.0000,0.235500,0.110500,-0.833600,-0.000026,0.009015,0.113100,0.235549,0.110469,-0.833564,-0.000026,0.009015,0.113148,4.938193e-05,0.001448
116,1,149.1000,10.0000,6.0000,0.228100,0.110300,-0.825800,0.000111,0.010110,0.200100,0.228082,0.110304,-0.825846,0.000111,0.010105,0.200139,4.593683e-05,0.001347
117,1,153.3000,10.0000,6.0000,0.219500,0.109800,-0.820500,0.000094,0.009643,0.154200,0.219503,0.109752,-0.820536,0.000094,0.009643,0.154178,4.797639e-05,0.001407
118,1,157.5000,10.0000,6.0000,0.210500,0.105100,-0.839800,0.000497,0.007379,0.244300,0.210476,0.105080,-0.839806,0.000497,0.007379,0.244326,2.553641e-05,0.000749
119,1,161.7000,10.0000,6.0000,0.200200,0.108300,-0.800300,0.003412,0.012290,0.186600,0.200230,0.108342,-0.800316,0.003412,0.012290,0.186644,4.369101e-05,0.001281
120,1,165.9000,10.0000,6.0000,0.189900,0.122200,-0.686100,0.007371,-0.033210,0.328200,0.189919,0.122231,-0.686087,0.007371,-0.033209,0.328179,3.143968e-05,0.000922
121,1,2.1000,14.0000,6.0000,0.034660,-0.109900,-2.093000,-0.013790,0.122300,-0.645700,0.034662,-0.109880,-2.092621,-0.013793,0.122264,-0.645728,3.793328e-04,0.011121
122,1,6.3000,14.0000,6.0000,0.084420,0.114300,-0.607300,0.010520,0.039730,-0.677100,0.084417,0.114288,-0.607326,0.010518,0.039727,-0.677130,3.010245e-05,0.000883
123,1,10.5000,14.0000,6.0000,0.131700,0.084150,-0.824700,0.003823,0.059910,-0.751600,0.131730,0.084145,-0.824663,0.003823,0.059911,-0.751592,3.728976e-05,0.001093
124,1,14.7000,14.0000,6.0000,0.168100,0.101600,-0.722800,0.004661,0.056330,-0.646000,0.168064,0.101646,-0.722847,0.004661,0.056326,-0.645977,4.697874e-05,0.001377
125,1,18.9000,14.0000,6.0000,0.198900,0.100200,-0.741500,0.004868,0.059650,-0.658900,0.198857,0.100185,-0.741548,0.004868,0.059645,-0.658879,4.819514e-05,0.001413
126,1,23.1000,14.0000,6.0000,0.226200,0.105900,-0.714300,0.006116,0.059650,-0.538800,0.226166,0.105912,-0.714332,0.006116,0.059650,-0.538768,3.416709e-05,0.001002
127,1,27.3000,14.0000,6.0000,0.250000,0.106500,-0.723700,0.006452,0.061960,-0.532100,0.250021,0.106455,-0.723725,0.006452,0.061955,-0.532137,4.482774e-05,0.001314
128,1,31.5000,14.0000,6.0000,0.270700,0.110800,-0.707600,0.007211,0.062560,-0.412500,0.270704,0.110827,-0.707557,0.007211,0.062557,-0.412455,4.451821e-05,0.001305
129,1,35.7000,14.0000,6.0000,0.287900,0.111300,-0.716200,0.007091,0.064500,-0.395200,0.287913,0.111270,-0.716155,0.007091,0.064503,-0.395209,4.480702e-05,0.001314
130,1,39.9000,14.0000,6.0000,0.301800,0.112800,-0.717700,0.007595,0.066800,-0.281300,0.301791,0.112836,-0.717660,0.007595,0.066800,-0.281322,4.024978e-05,0.001180
131,1,44.1000,14.0000,6.0000,0.312600,0.113300,-0.725900,0.007395,0.068080,-0.269700,0.312611,0.113260,-0.725863,0.007395,0.068076,-0.269722,4.028338e-05,0.001181
132,1,48.3000,14.0000,6.0000,0.320700,0.113700,-0.733600,0.007634,0.070280,-0.166500,0.320750,0.113695,-0.733639,0.007634,0.070285,-0.166485,4.955925e-05,0.001453
133,1,52.5000,14.0000,6.0000,0.326500,0.114100,-0.740300,0.007343,0.071080,-0.165600,0.326503,0.114087,-0.740333,0.007343,0.071081,-0.165607,3.279956e-05,0.000962
134,1,56.7000,14.0000,6.0000,0.330200,0.113400,-0.751000,0.007472,0.073400,-0.073090,0.330219,0.113446,-0.751021,0.007472,0.073403,-0.073094,4.636791e-05,0.001359
135,1,60.9000,14.0000,6.0000,0.332100,0.113800,-0.756100,0.006908,0.073980,-0.085930,0.332090,0.113759,-0.756140,0.006908,0.073975,-0.085932,4.131252e-05,0.001211
136,1,65.1000,14.0000,6.0000,0.332400,0.113100,-0.767300,0.006947,0.076040,-0.003264,0.332357,0.113057,-0.767306,0.006947,0.076038,-0.003264,4.319276e-05,0.001266
137,1,69.3000,14.0000,6.0000,0.331100,0.113400,-0.770100,0.006388,0.076540,-0.028700,0.331091,0.113378,-0.770140,0.006388,0.076539,-0.028701,4.037183e-05,0.001184
138,1,73.5000,14.0000,6.0000,0.328800,0.112700,-0.780500,0.006481,0.078330,0.046370,0.328781,0.112684,-0.780548,0.006481,0.078329,0.046367,4.845062e-05,0.001420
139,1,77.7000,14.0000,6.0000,0.325800,0.113000,-0.782100,0.005785,0.078690,0.009905,0.325796,0.113039,-0.782147,0.005785,0.078688,0.009905,4.744050e-05,0.001391
140,1,81.9000,14.0000,6.0000,0.322300,0.112100,-0.790500,0.005662,0.080140,0.079310,0.322317,0.112144,-0.790451,0.005662,0.080140,0.079310,4.869100e-05,0.001427
141,1,86.1000,14.0000,6.0000,0.318000,0.112500,-0.790600,0.004941,0.080520,0.034050,0.318044,0.112472,-0.790645,0.004941,0.080521,0.034045,4.476654e-05,0.001312
142,1,90.3000,14.0000,6.0000,0.313500,0.111700,-0.797500,0.004816,0.081600,0.099740,0.313466,0.111682,-0.797521,0.004816,0.081601,0.099742,3.423284e-05,0.001004
143,1,94.5000,14.0000,6.0000,0.308700,0.111800,-0.796900,0.004120,0.081780,0.048260,0.308651,0.111833,-0.796868,0.004120,0.081776,0.048265,4.894796e-05,0.001435
144,1,98.7000,14.0000,6.0000,0.303500,0.111000,-0.802200,0.004116,0.082380,0.112100,0.303522,0.110969,-0.802211,0.004116,0.082378,0.112072,3.140710e-05,0.000921
145,1,102.9000,14.0000,6.0000,0.298400,0.111100,-0.801000,0.003493,0.082580,0.056010,0.298390,0.111123,-0.800992,0.003493,0.082584,0.056011,2.286023e-05,0.000670
146,1,107.1000,14.0000,6.0000,0.293300,0.110600,-0.804000,0.003404,0.083210,0.119000,0.293255,0.110567,-0.803974,0.003404,0.083215,0.119003,4.512142e-05,0.001323
147,1,111.3000,14.0000,6.0000,0.288400,0.110700,-0.802000,0.002617,0.083360,0.060630,0.288416,0.110738,-0.801963,0.002617,0.083364,0.060626,3.758172e-05,0.001102
148,1,115.5000,14.0000,6.0000,0.283300,0.110400,-0.803200,0.002565,0.083290,0.124900,0.283332,0.110362,-0.803197,0.002565,0.083286,0.124892,3.848170e-05,0.001128
149,1,119.7000,14.0000,6.0000,0.278000,0.110400,-0.800500,0.001982,0.083140,0.066300,0.277988,0.110367,-0.800540,0.001982,0.083142,0.066304,3.955814e-05,0.001160
150,1,123.9000,14.0000,6.0000,0.272700,0.109900,-0.800500,0.001882,0.083020,0.132800,0.272680,0.109873,-0.800491,0.001882,0.083015,0.132844,4.421475e-05,0.001296
151,1,128.1000,14.0000,6.0000,0.267200,0.109800,-0.797200,0.001035,0.082920,0.075490,0.267231,0.109782,-0.797247,0.001035,0.082918,0.075485,4.693454e-05,0.001376
152,1,132.3000,14.0000,6.0000,0.261500,0.109400,-0.795300,0.001125,0.082370,0.145500,0.261538,0.109381,-0.795319,0.001125,0.082366,0.145522,3.788248e-05,0.001111
153,1,136.5000,14.0000,6.0000,0.255600,0.109200,-0.791400,0.000689,0.082280,0.091220,0.255602,0.109164,-0.791412,0.000689,0.082283,0.091221,3.583357e-05,0.001051
154,1,140.7000,14.0000,6.0000,0.249400,0.108700,-0.788200,0.000737,0.081450,0.165500,0.249383,0.108707,-0.788192,0.000737,0.081450,0.165474,2.586576e-05,0.000758
155,1,144.9000,14.0000,6.0000,0.242500,0.108400,-0.783400,0.000122,0.081420,0.116000,0.242527,0.108382,-0.783355,0.000122,0.081424,0.116013,4.525510e-05,0.001327
156,1,149.1000,14.0000,6.0000,0.234900,0.108100,-0.776400,0.000285,0.080330,0.197300,0.234872,0.108103,-0.776418,0.000285,0.080334,0.197309,2.800262e-05,0.000821
157,1,153.3000,14.0000,6.0000,0.226300,0.107200,-0.770800,-0.000507,0.080080,0.156300,0.226308,0.107206,-0.770816,-0.000507,0.080081,0.156318,1.833416e-05,0.000538
158,1,157.5000,14.0000,6.0000,0.217100,0.103000,-0.787800,-0.001316,0.080890,0.240700,0.217133,0.103035,-0.787824,-0.001316,0.080885,0.240658,4.211339e-05,0.001235
159,1,161.7000,14.0000,6.0000,0.206400,0.106200,-0.756000,-0.005627,0.076610,0.190900,0.206353,0.106168,-0.755967,-0.005627,0.076613,0.190939,4.664122e-05,0.001367
160,1,165.9000,14.0000,6.0000,0.194800,0.119300,-0.654200,-0.008040,0.123300,0.325000,0.194805,0.119280,-0.654230,-0.008040,0.123292,0.325021,3.001372e-05,0.000880
161,1,2.1000,18.0000,6.0000,0.032230,-0.112100,-2.087000,0.014420,-0.116200,-0.642500,0.032230,-0.112105,-2.086763,0.014418,-0.116218,-0.642526,2.365485e-04,0.006935
162,1,6.3000,18.0000,6.0000,0.081160,0.111500,-0.614100,-0.005256,0.009039,-0.673800,0.081163,0.111533,-0.614063,-0.005256,0.009039,-0.673825,3.662630e-05,0.001074
163,1,10.5000,18.0000,6.0000,0.130400,0.081600,-0.826400,0.002980,0.003556,-0.750100,0.130439,0.081603,-0.826400,0.002980,0.003556,-0.750058,4.246197e-05,0.001245
164,1,14.7000,18.0000,6.0000,0.167000,0.098430,-0.723800,0.004581,0.013980,-0.643500,0.167014,0.098426,-0.723819,0.004581,0.013982,-0.643465,3.510104e-05,0.001029
165,1,18.9000,18.0000,6.0000,0.198000,0.097450,-0.741900,0.005897,0.015970,-0.656900,0.198022,0.097446,-0.741946,0.005897,0.015967,-0.656877,4.557591e-05,0.001336
166,1,23.1000,18.0000,6.0000,0.225100,0.103300,-0.714800,0.007262,0.020730,-0.536300,0.225115,0.103281,-0.714797,0.007262,0.020733,-0.536263,3.695133e-05,0.001083
167,1,27.3000,18.0000,6.0000,0.249000,0.103800,-0.724100,0.008233,0.022950,-0.530300,0.248993,0.103759,-0.724096,0.008233,0.022954,-0.530315,4.139153e-05,0.001213
168,1,31.5000,18.0000,6.0000,0.269500,0.108000,-0.708200,0.008893,0.026810,-0.410200,0.269511,0.107971,-0.708203,0.008893,0.026807,-0.410204,2.935901e-05,0.000861
169,1,35.7000,18.0000,6.0000,0.286400,0.108600,-0.716600,0.009163,0.029330,-0.393500,0.286449,0.108581,-0.716571,0.009163,0.029327,-0.393497,4.891556e-05,0.001434
170,1,39.9000,18.0000,6.0000,0.300400,0.110300,-0.717900,0.009598,0.031020,-0.279400,0.300435,0.110315,-0.717935,0.009598,0.031018,-0.279366,3.484847e-05,0.001022
171,1,44.1000,18.0000,6.0000,0.311300,0.110700,-0.726100,0.009637,0.032980,-0.268500,0.311345,0.110730,-0.726100,0.009637,0.032980,-0.268479,4.505856e-05,0.001321
172,1,48.3000,18.0000,6.0000,0.319500,0.111000,-0.733900,0.009879,0.033720,-0.164800,0.319472,0.111017,-0.733927,0.009879,0.033718,-0.164769,3.059154e-05,0.000897
173,1,52.5000,18.0000,6.0000,0.325200,0.111400,-0.740600,0.009641,0.035640,-0.164800,0.325235,0.111409,-0.740596,0.009641,0.035638,-0.164751,4.915464e-05,0.001441
174,1,56.7000,18.0000,6.0000,0.328800,0.111000,-0.751400,0.009482,0.035750,-0.071670,0.328821,0.110983,-0.751427,0.009482,0.035755,-0.071670,2.736818e-05,0.000802
175,1,60.9000,18.0000,6.0000,0.330700,0.111400,-0.756500,0.009194,0.037380,-0.085110,0.330724,0.111375,-0.756460,0.009194,0.037382,-0.085105,3.952775e-05,0.001159
176,1,65.1000,18.0000,6.0000,0.330900,0.110700,-0.767500,0.008825,0.037270,-0.001965,0.330925,0.110711,-0.767533,0.008825,0.037269,-0.001965,3.270030e-05,0.000959
177,1,69.3000,18.0000,6.0000,0.329700,0.111000,-0.770400,0.008438,0.038540,-0.028150,0.329734,0.111036,-0.770439,0.008438,0.038535,-0.028153,3.947003e-05,0.001157
178,1,73.5000,18.0000,6.0000,0.327600,0.110000,-0.780900,0.008247,0.038370,0.047370,0.327596,0.109997,-0.780852,0.008247,0.038375,0.047365,4.764515e-05,0.001397
179,1,77.7000,18.0000,6.0000,0.324500,0.110200,-0.782700,0.007592,0.039550,0.010250,0.324504,0.110192,-0.782677,0.007592,0.039554,0.010253,2.349374e-05,0.000689
180,1,81.9000,18.0000,6.0000,0.320900,0.109400,-0.791200,0.007121,0.039610,0.080220,0.320850,0.109446,-0.791177,0.007121,0.039612,0.080218,4.966382e-05,0.001456
181,1,86.1000,18.0000,6.0000,0.316700,0.109900,-0.791500,0.006544,0.040500,0.034230,0.316682,0.109901,-0.791451,0.006544,0.040504,0.034230,4.857017e-05,0.001424
182,1,90.3000,18.0000,6.0000,0.312200,0.109300,-0.798100,0.006152,0.040420,0.100600,0.312188,0.109300,-0.798133,0.006152,0.040417,0.100560,3.969419e-05,0.001164
183,1,94.5000,18.0000,6.0000,0.307500,0.109500,-0.797300,0.005561,0.041020,0.048280,0.307465,0.109474,-0.797269,0.005561,0.041022,0.048285,3.458679e-05,0.001014
184,1,98.7000,18.0000,6.0000,0.302400,0.108400,-0.802700,0.005177,0.041130,0.112700,0.302423,0.108425,-0.802673,0.005177,0.041134,0.112680,2.669964e-05,0.000783
185,1,102.9000,18.0000,6.0000,0.297200,0.108400,-0.801300,0.004600,0.041600,0.055900,0.297220,0.108444,-0.801311,0.004600,0.041598,0.055898,4.414516e-05,0.001294
186,1,107.1000,18.0000,6.0000,0.292200,0.107800,-0.804300,0.004120,0.041520,0.119500,0.292215,0.107811,-0.804289,0.004120,0.041518,0.119510,1.460788e-05,0.000428
187,1,111.3000,18.0000,6.0000,0.287300,0.107800,-0.802500,0.003521,0.041730,0.060460,0.287271,0.107799,-0.802509,0.003521,0.041730,0.060458,2.920613e-05,0.000856
188,1,115.5000,18.0000,6.0000,0.282100,0.107500,-0.803600,0.003152,0.041830,0.125200,0.282089,0.107473,-0.803612,0.003152,0.041829,0.125235,3.503493e-05,0.001027
189,1,119.7000,18.0000,6.0000,0.277000,0.107700,-0.801000,0.002569,0.041800,0.065880,0.276957,0.107703,-0.801026,0.002569,0.041801,0.065880,4.294510e-05,0.001259
190,1,123.9000,18.0000,6.0000,0.271700,0.107300,-0.800800,0.002107,0.041750,0.133000,0.271696,0.107286,-0.800847,0.002107,0.041747,0.133015,4.660777e-05,0.001366
191,1,128.1000,18.0000,6.0000,0.266200,0.107100,-0.797700,0.001458,0.041710,0.074990,0.266182,0.107113,-0.797733,0.001458,0.041707,0.074986,3.275231e-05,0.000960
192,1,132.3000,18.0000,6.0000,0.260600,0.106700,-0.795700,0.001265,0.041990,0.145600,0.260585,0.106692,-0.795712,0.001265,0.041988,0.145565,3.451106e-05,0.001012
193,1,136.5000,18.0000,6.0000,0.254700,0.106400,-0.791700,0.000880,0.041420,0.090720,0.254694,0.106411,-0.791699,0.000881,0.041423,0.090716,1.107352e-05,0.000325
194,1,140.7000,18.0000,6.0000,0.248500,0.105800,-0.789000,0.000641,0.041670,0.165800,0.248525,0.105840,-0.788974,0.000641,0.041666,0.165768,3.988867e-05,0.001169
195,1,144.9000,18.0000,6.0000,0.241700,0.105600,-0.783900,0.000181,0.041140,0.115400,0.241738,0.105604,-0.783866,0.000181,0.041141,0.115376,3.822917e-05,0.001121
196,1,149.1000,18.0000,6.0000,0.233900,0.105400,-0.776400,-0.000126,0.041490,0.197300,0.233893,0.105368,-0.776353,-0.000126,0.041490,0.197286,4.678256e-05,0.001372
197,1,153.3000,18.0000,6.0000,0.225500,0.104500,-0.770600,-0.000355,0.041300,0.155800,0.225471,0.104531,-0.770580,-0.000355,0.041295,0.155767,3.256808e-05,0.000955
198,1,157.5000,18.0000,6.0000,0.216400,0.100500,-0.786400,0.000125,0.040200,0.240700,0.216362,0.100472,-0.786401,0.000125,0.040196,0.240697,3.781856e-05,0.001109
199,1,161.7000,18.0000,6.0000,0.205600,0.103400,-0.756400,0.003110,0.045240,0.191600,0.205602,0.103435,-0.756435,0.003110,0.045241,0.191641,4.104573e-05,0.001203
200,1,165.9000,18.0000,6.0000,0.193700,0.116200,-0.661400,0.006503,0.000255,0.326000,0.193676,0.116193,-0.661365,0.006503,0.000255,0.326019,3.471654e-05,0.001018
201,1,2.1000,22.0000,6.0000,0.032230,-0.114200,-2.081000,-0.014230,0.147600,-0.640900,0.032233,-0.114207,-2.080646,-0.014231,0.147629,-0.640878,3.536904e-04,0.010369
202,1,6.3000,22.0000,6.0000,0.080300,0.107400,-0.614500,0.010520,0.065700,-0.671500,0.080298,0.107423,-0.614515,0.010525,0.065700,-0.671510,2.285256e-05,0.000670
203,1,10.5000,22.0000,6.0000,0.129000,0.078230,-0.825200,0.005921,0.086620,-0.747500,0.129041,0.078234,-0.825241,0.005921,0.086616,-0.747465,4.117205e-05,0.001207
204,1,14.7000,22.0000,6.0000,0.165900,0.094990,-0.723200,0.007025,0.084220,-0.640900,0.165930,0.094986,-0.723190,0.007025,0.084222,-0.640879,3.046026e-05,0.000893
205,1,18.9000,22.0000,6.0000,0.196900,0.094050,-0.741200,0.007814,0.088390,-0.654100,0.196917,0.094046,-0.741170,0.007814,0.088394,-0.654124,3.032940e-05,0.000889
206,1,23.1000,22.0000,6.0000,0.223900,0.099970,-0.714400,0.009139,0.089410,-0.533600,0.223940,0.099970,-0.714390,0.009139,0.089410,-0.533609,3.978020e-05,0.001166
207,1,27.3000,22.0000,6.0000,0.247800,0.100300,-0.723800,0.009998,0.092950,-0.527400,0.247785,0.100350,-0.723779,0.009998,0.092951,-0.527414,4.995618e-05,0.001465
208,1,31.5000,22.0000,6.0000,0.268000,0.104400,-0.708100,0.010650,0.094870,-0.407600,0.268030,0.104441,-0.708144,0.010650,0.094873,-0.407557,4.410021e-05,0.001293
209,1,35.7000,22.0000,6.0000,0.284900,0.105200,-0.716400,0.011210,0.097800,-0.391100,0.284937,0.105230,-0.716446,0.011206,0.097797,-0.391061,4.580610e-05,0.001343
210,1,39.9000,22.0000,6.0000,0.298900,0.107100,-0.717900,0.011670,0.100900,-0.277300,0.298850,0.107108,-0.717925,0.011666,0.100916,-0.277284,4.965689e-05,0.001456
211,1,44.1000,22.0000,6.0000,0.309700,0.107600,-0.726300,0.011520,0.103100,-0.266500,0.309703,0.107604,-0.726286,0.011522,0.103080,-0.266476,2.426712e-05,0.000711
212,1,48.3000,22.0000,6.0000,0.317900,0.108000,-0.734000,0.011650,0.106200,-0.162800,0.317904,0.107965,-0.734035,0.011653,0.106241,-0.162841,4.097304e-05,0.001201
213,1,52.5000,22.0000,6.0000,0.323700,0.108400,-0.740800,0.011410,0.107800,-0.163300,0.323716,0.108361,-0.740822,0.011408,0.107837,-0.163299,3.892613e-05,0.001141
214,1,56.7000,22.0000,6.0000,0.327200,0.108000,-0.751800,0.011270,0.110900,-0.070190,0.327224,0.107982,-0.751802,0.011271,0.110890,-0.070192,2.375551e-05,0.000696
215,1,60.9000,22.0000,6.0000,0.329100,0.108300,-0.756700,0.011020,0.112100,-0.083840,0.329051,0.108333,-0.756678,0.011024,0.112113,-0.083835,4.898758e-05,0.001436
216,1,65.1000,22.0000,6.0000,0.329300,0.107600,-0.767900,0.010650,0.114700,-0.000688,0.329284,0.107642,-0.767880,0.010652,0.114708,-0.000688,4.186612e-05,0.001227
217,1,69.3000,22.0000,6.0000,0.328000,0.108000,-0.770900,0.010210,0.115700,-0.027180,0.327954,0.108028,-0.770922,0.010208,0.115669,-0.027185,4.621276e-05,0.001355
218,1,73.5000,22.0000,6.0000,0.325900,0.107000,-0.781200,0.009638,0.117900,0.048320,0.325919,0.107048,-0.781191,0.009638,0.117905,0.048315,4.801305e-05,0.001408
219,1,77.7000,22.0000,6.0000,0.323000,0.107200,-0.782800,0.008939,0.118900,0.011160,0.323049,0.107152,-0.782806,0.008939,0.118885,0.011165,4.855542e-05,0.001423
220,1,81.9000,22.0000,6.0000,0.319200,0.106300,-0.791400,0.008515,0.120700,0.080980,0.319245,0.106303,-0.791384,0.008515,0.120726,0.080980,4.517542e-05,0.001324
221,1,86.1000,22.0000,6.0000,0.315100,0.106700,-0.791800,0.007916,0.121300,0.035020,0.315113,0.106727,-0.791810,0.007916,0.121332,0.035018,3.208063e-05,0.000941
222,1,90.3000,22.0000,6.0000,0.310700,0.106000,-0.798600,0.007269,0.122700,0.101200,0.310750,0.105970,-0.798597,0.007269,0.122668,0.101221,4.999855e-05,0.001466
223,1,94.5000,22.0000,6.0000,0.306000,0.106100,-0.797800,0.006526,0.123200,0.048700,0.306028,0.106094,-0.797828,0.006526,0.123185,0.048698,2.810271e-05,0.000824
224,1,98.7000,22.0000,6.0000,0.301000,0.105300,-0.802900,0.006125,0.124200,0.113100,0.300987,0.105280,-0.802904,0.006125,0.124197,0.113079,2.082882e-05,0.000611
225,1,102.9000,22.0000,6.0000,0.295900,0.105400,-0.801100,0.005597,0.124400,0.056040,0.295924,0.105437,-0.801145,0.005597,0.124443,0.056039,4.481049e-05,0.001314
226,1,107.1000,22.0000,6.0000,0.290900,0.104600,-0.804700,0.004900,0.125000,0.119900,0.290875,0.104596,-0.804653,0.004900,0.124978,0.119878,4.678652e-05,0.001372
227,1,111.3000,22.0000,6.0000,0.285800,0.104600,-0.803100,0.004218,0.125100,0.060490,0.285755,0.104586,-0.803050,0.004218,0.125110,0.060488,4.993544e-05,0.001464
228,1,115.5000,22.0000,6.0000,0.280700,0.104300,-0.803800,0.003743,0.125200,0.125300,0.280669,0.104342,-0.803806,0.003743,0.125159,0.125316,4.221063e-05,0.001237
229,1,119.7000,22.0000,6.0000,0.275700,0.104300,-0.801500,0.003052,0.125100,0.065660,0.275699,0.104346,-0.801514,0.003052,0.125150,0.065656,4.965166e-05,0.001456
230,1,123.9000,22.0000,6.0000,0.270600,0.103900,-0.801300,0.002539,0.124900,0.132800,0.270564,0.103885,-0.801284,0.002539,0.124867,0.132818,3.636252e-05,0.001066
231,1,128.1000,22.0000,6.0000,0.265100,0.103900,-0.797800,0.001893,0.124800,0.074970,0.265131,0.103867,-0.797803,0.001893,0.124777,0.074967,3.304275e-05,0.000969
232,1,132.3000,22.0000,6.0000,0.259400,0.103400,-0.795700,0.001541,0.124300,0.145200,0.259443,0.103368,-0.795747,0.001541,0.124326,0.145242,4.669211e-05,0.001369
233,1,136.5000,22.0000,6.0000,0.253600,0.103000,-0.791900,0.001222,0.124300,0.090460,0.253623,0.103046,-0.791856,0.001222,0.124338,0.090463,4.638711e-05,0.001360
234,1,140.7000,22.0000,6.0000,0.247400,0.102500,-0.789200,0.000814,0.123400,0.165500,0.247445,0.102483,-0.789222,0.000814,0.123360,0.165529,4.513085e-05,0.001323
235,1,144.9000,22.0000,6.0000,0.240500,0.102100,-0.783800,0.000206,0.123000,0.114900,0.240534,0.102065,-0.783752,0.000206,0.123029,0.114944,4.800531e-05,0.001407
236,1,149.1000,22.0000,6.0000,0.232900,0.101900,-0.776100,-0.000286,0.121700,0.196800,0.232890,0.101917,-0.776087,-0.000286,0.121698,0.196821,2.130956e-05,0.000625
237,1,153.3000,22.0000,6.0000,0.224500,0.101400,-0.770600,-0.000834,0.121300,0.155600,0.224540,0.101428,-0.770638,-0.000834,0.121308,0.155584,3.998405e-05,0.001172
238,1,157.5000,22.0000,6.0000,0.215600,0.097260,-0.787100,-0.001592,0.122400,0.240800,0.215606,0.097261,-0.787111,-0.001592,0.122430,0.240787,2.961738e-05,0.000868
239,1,161.7000,22.0000,6.0000,0.204900,0.100100,-0.756500,-0.005026,0.117100,0.191300,0.204867,0.100077,-0.756525,-0.005026,0.117068,0.191276,3.287497e-05,0.000964
240,1,165.9000,22.0000,6.0000,0.193300,0.112900,-0.659000,-0.008314,0.160800,0.325300,0.193308,0.112904,-0.658987,-0.008314,0.160804,0.325265,3.518444e-05,0.001031
241,1,2.1000,26.0000,6.0000,0.031660,-0.117200,-2.073000,0.015000,-0.090440,-0.639100,0.031661,-0.117229,-2.072580,0.014999,-0.090443,-0.639080,4.203654e-04,0.012324
242,1,6.3000,26.0000,6.0000,0.079230,0.102600,-0.613700,-0.004795,0.035530,-0.668700,0.079235,0.102585,-0.613735,-0.004795,0.035525,-0.668728,3.470233e-05,0.001017
243,1,10.5000,26.0000,6.0000,0.128100,0.073940,-0.822700,0.003922,0.030720,-0.744600,0.128071,0.073940,-0.822714,0.003922,0.030718,-0.744619,2.858120e-05,0.000838
244,1,14.7000,26.0000,6.0000,0.164900,0.090660,-0.721100,0.006703,0.041840,-0.637800,0.164854,0.090665,-0.721054,0.006703,0.041841,-0.637780,4.596076e-05,0.001347
245,1,18.9000,26.0000,6.0000,0.195700,0.089640,-0.739000,0.008769,0.044890,-0.651000,0.195739,0.089642,-0.738954,0.008769,0.044892,-0.650952,4.800265e-05,0.001407
246,1,23.1000,26.0000,6.0000,0.222700,0.095560,-0.712200,0.010360,0.050950,-0.530300,0.222687,0.095559,-0.712239,0.010357,0.050952,-0.530310,3.862478e-05,0.001132
247,1,27.3000,26.0000,6.0000,0.246300,0.095950,-0.721500,0.011400,0.054470,-0.524100,0.246316,0.095954,-0.721545,0.011398,0.054467,-0.524080,4.532773e-05,0.001329
248,1,31.5000,26.0000,6.0000,0.266700,0.100300,-0.705800,0.012380,0.059250,-0.404400,0.266655,0.100333,-0.705827,0.012377,0.059247,-0.404390,4.487394e-05,0.001316
249,1,35.7000,26.0000,6.0000,0.283600,0.101200,-0.714100,0.013120,0.062490,-0.388200,0.283577,0.101221,-0.714068,0.013119,0.062489,-0.388222,3.238995e-05,0.000950
250,1,39.9000,26.0000,6.0000,0.297200,0.102900,-0.715600,0.013580,0.065170,-0.274500,0.297217,0.102918,-0.715564,0.013579,0.065173,-0.274549,4.869680e-05,0.001428
251,1,44.1000,26.0000,6.0000,0.308200,0.103600,-0.723900,0.013590,0.068300,-0.264000,0.308178,0.103603,-0.723910,0.013592,0.068298,-0.264044,4.440343e-05,0.001302
252,1,48.3000,26.0000,6.0000,0.316300,0.104100,-0.731600,0.013780,0.069780,-0.160600,0.316324,0.104074,-0.731556,0.013778,0.069777,-0.160643,4.415814e-05,0.001295
253,1,52.5000,26.0000,6.0000,0.322300,0.104500,-0.738300,0.013560,0.072380,-0.161400,0.322261,0.104464,-0.738321,0.013558,0.072379,-0.161413,3.938582e-05,0.001155
254,1,56.7000,26.0000,6.0000,0.325900,0.104100,-0.749400,0.013360,0.073100,-0.068530,0.325870,0.104098,-0.749406,0.013357,0.073099,-0.068535,3.040807e-05,0.000891
255,1,60.9000,26.0000,6.0000,0.327500,0.104400,-0.754200,0.013050,0.075180,-0.082390,0.327513,0.104371,-0.754195,0.013048,0.075184,-0.082391,2.934659e-05,0.000860
256,1,65.1000,26.0000,6.0000,0.327700,0.103800,-0.765300,0.012710,0.075610,0.000758,0.327651,0.103795,-0.765283,0.012714,0.075613,0.000758,4.926718e-05,0.001444
257,1,69.3000,26.0000,6.0000,0.326300,0.104200,-0.768300,0.011930,0.077540,-0.025880,0.326342,0.104235,-0.768293,0.011927,0.077536,-0.025877,4.176246e-05,0.001224
258,1,73.5000,26.0000,6.0000,0.324200,0.103100,-0.778600,0.011330,0.078020,0.049560,0.324231,0.103058,-0.778563,0.011333,0.078024,0.049563,4.180239e-05,0.001226
259,1,77.7000,26.0000,6.0000,0.321500,0.103300,-0.780300,0.010610,0.079520,0.012190,0.321473,0.103308,-0.780325,0.010612,0.079525,0.012188,2.686648e-05,0.000788
260,1,81.9000,26.0000,6.0000,0.317900,0.102500,-0.788900,0.009979,0.079850,0.081940,0.317881,0.102517,-0.788902,0.009979,0.079854,0.081944,1.876512e-05,0.000550
261,1,86.1000,26.0000,6.0000,0.313800,0.102700,-0.789100,0.009288,0.081080,0.035880,0.313802,0.102664,-0.789070,0.009288,0.081077,0.035876,3.641318e-05,0.001068
262,1,90.3000,26.0000,6.0000,0.309400,0.101700,-0.795800,0.008577,0.081250,0.102000,0.309392,0.101685,-0.795827,0.008577,0.081252,0.102021,2.736487e-05,0.000802
263,1,94.5000,26.0000,6.0000,0.304700,0.101900,-0.795100,0.007643,0.082080,0.049280,0.304684,0.101857,-0.795119,0.007643,0.082077,0.049283,4.326723e-05,0.001268
264,1,98.7000,26.0000,6.0000,0.299700,0.101200,-0.800400,0.007141,0.082330,0.113600,0.299712,0.101247,-0.800385,0.007141,0.082327,0.113615,4.718771e-05,0.001383
265,1,102.9000,26.0000,6.0000,0.294700,0.101400,-0.798900,0.006306,0.083010,0.056320,0.294731,0.101395,-0.798862,0.006306,0.083007,0.056321,3.846427e-05,0.001128
266,1,107.1000,26.0000,6.0000,0.289600,0.100700,-0.801700,0.005573,0.083030,0.120200,0.289627,0.100668,-0.801738,0.005573,0.083031,0.120216,3.827186e-05,0.001122
267,1,111.3000,26.0000,6.0000,0.284500,0.100700,-0.799900,0.004897,0.083230,0.060600,0.284496,0.100748,-0.799865,0.004897,0.083231,0.060600,4.770858e-05,0.001399
268,1,115.5000,26.0000,6.0000,0.279600,0.100200,-0.801300,0.004414,0.083310,0.125400,0.279592,0.100198,-0.801328,0.004414,0.083307,0.125375,2.771327e-05,0.000812
269,1,119.7000,26.0000,6.0000,0.274700,0.100100,-0.798900,0.003652,0.083460,0.065680,0.274719,0.100077,-0.798860,0.003652,0.083457,0.065680,4.032595e-05,0.001182
270,1,123.9000,26.0000,6.0000,0.269600,0.099560,-0.798300,0.003013,0.083710,0.132600,0.269587,0.099559,-0.798302,0.003013,0.083713,0.132647,4.656833e-05,0.001365
271,1,128.1000,26.0000,6.0000,0.264100,0.099390,-0.794900,0.002131,0.083340,0.074630,0.264112,0.099394,-0.794863,0.002131,0.083343,0.074633,3.733944e-05,0.001095
272,1,132.3000,26.0000,6.0000,0.258600,0.099100,-0.792800,0.001666,0.083540,0.145300,0.258589,0.099097,-0.792824,0.001666,0.083542,0.145266,3.441150e-05,0.001009
273,1,136.5000,26.0000,6.0000,0.252700,0.098850,-0.789200,0.001213,0.083270,0.090080,0.252735,0.098850,-0.789203,0.001213,0.083269,0.090079,3.498400e-05,0.001026
274,1,140.7000,26.0000,6.0000,0.246500,0.098240,-0.786400,0.000734,0.083190,0.165000,0.246484,0.098242,-0.786360,0.000734,0.083190,0.164997,3.983264e-05,0.001168
275,1,144.9000,26.0000,6.0000,0.239600,0.097830,-0.781000,0.000119,0.082410,0.114500,0.239632,0.097830,-0.780989,0.000119,0.082413,0.114465,3.487958e-05,0.001023
276,1,149.1000,26.0000,6.0000,0.232300,0.097620,-0.773600,-0.000089,0.082900,0.196400,0.232274,0.097620,-0.773624,-0.000089,0.082904,0.196373,2.704890e-05,0.000793
277,1,153.3000,26.0000,6.0000,0.223800,0.096980,-0.768100,-0.000272,0.082420,0.155200,0.223760,0.096980,-0.768142,-0.000272,0.082423,0.155202,4.165497e-05,0.001221
278,1,157.5000,26.0000,6.0000,0.214800,0.092920,-0.785700,-0.000022,0.080960,0.241000,0.214820,0.092924,-0.785692,-0.000022,0.080961,0.240957,4.341551e-05,0.001273
279,1,161.7000,26.0000,6.0000,0.204400,0.095890,-0.753400,0.003192,0.085050,0.189900,0.204351,0.095893,-0.753450,0.003192,0.085053,0.189936,4.953645e-05,0.001452
280,1,165.9000,26.0000,6.0000,0.192600,0.108400,-0.654100,0.005937,0.039440,0.324800,0.192604,0.108421,-0.654083,0.005937,0.039440,0.324774,2.600664e-05,0.000762
281,1,2.1000,30.0000,6.0000,0.031510,-0.121600,-2.043000,-0.013450,0.180600,-0.632900,0.031512,-0.121588,-2.042619,-0.013449,0.180594,-0.632912,3.805193e-04,0.011156
282,1,6.3000,30.0000,6.0000,0.079720,0.097700,-0.603800,0.010630,0.097930,-0.667500,0.079724,0.097701,-0.603782,0.010629,0.097931,-0.667523,2.254146e-05,0.000661
283,1,10.5000,30.0000,6.0000,0.128300,0.068320,-0.813700,0.006788,0.117300,-0.740700,0.128311,0.068322,-0.813723,0.006788,0.117330,-0.740664,3.605720e-05,0.001057
284,1,14.7000,30.0000,6.0000,0.164300,0.084820,-0.713800,0.008951,0.115600,-0.634900,0.164308,0.084821,-0.713766,0.008951,0.115605,-0.634859,4.083087e-05,0.001197
285,1,18.9000,30.0000,6.0000,0.195000,0.084080,-0.731900,0.010740,0.121400,-0.646000,0.195033,0.084078,-0.731927,0.010741,0.121395,-0.646014,3.273381e-05,0.000960
286,1,23.1000,30.0000,6.0000,0.221700,0.090140,-0.705300,0.012150,0.123900,-0.527300,0.221735,0.090143,-0.705260,0.012153,0.123939,-0.527271,4.009449e-05,0.001175
287,1,27.3000,30.0000,6.0000,0.245300,0.090810,-0.714700,0.013250,0.128500,-0.519500,0.245314,0.090808,-0.714673,0.013250,0.128535,-0.519543,4.338636e-05,0.001272
288,1,31.5000,30.0000,6.0000,0.265500,0.095280,-0.699500,0.014370,0.131400,-0.401600,0.265467,0.095280,-0.699466,0.014372,0.131363,-0.401647,4.658463e-05,0.001366
289,1,35.7000,30.0000,6.0000,0.282200,0.096250,-0.708000,0.015050,0.135200,-0.384000,0.282234,0.096251,-0.708015,0.015046,0.135217,-0.384046,4.626777e-05,0.001356
290,1,39.9000,30.0000,6.0000,0.295900,0.097980,-0.709500,0.015370,0.139400,-0.272100,0.295899,0.097981,-0.709509,0.015368,0.139410,-0.272120,1.958718e-05,0.000574
291,1,44.1000,30.0000,6.0000,0.306900,0.098480,-0.717600,0.015430,0.142600,-0.260500,0.306866,0.098476,-0.717607,0.015432,0.142563,-0.260483,3.707624e-05,0.001087
292,1,48.3000,30.0000,6.0000,0.315100,0.098990,-0.725000,0.015360,0.146600,-0.158900,0.315094,0.098988,-0.725035,0.015364,0.146566,-0.158927,3.498367e-05,0.001026
293,1,52.5000,30.0000,6.0000,0.321000,0.099580,-0.731500,0.015350,0.149000,-0.158300,0.321035,0.099577,-0.731506,0.015346,0.149013,-0.158281,3.476285e-05,0.001019
294,1,56.7000,30.0000,6.0000,0.324800,0.099390,-0.742600,0.014960,0.152600,-0.067520,0.324796,0.099388,-0.742564,0.014960,0.152633,-0.067524,3.622836e-05,0.001062
295,1,60.9000,30.0000,6.0000,0.326300,0.099770,-0.747300,0.014490,0.154400,-0.079760,0.326274,0.099773,-0.747322,0.014486,0.154408,-0.079765,2.563203e-05,0.000751
296,1,65.1000,30.0000,6.0000,0.326100,0.098820,-0.758400,0.014080,0.157700,0.001584,0.326145,0.098817,-0.758373,0.014085,0.157679,0.001584,4.536848e-05,0.001330
297,1,69.3000,30.0000,6.0000,0.325100,0.099120,-0.761500,0.013330,0.159200,-0.023460,0.325061,0.099116,-0.761496,0.013327,0.159213,-0.023455,3.943783e-05,0.001156
298,1,73.5000,30.0000,6.0000,0.323200,0.098430,-0.771500,0.012510,0.161900,0.050150,0.323190,0.098428,-0.771450,0.012511,0.161917,0.050151,4.950626e-05,0.001451
299,1,77.7000,30.0000,6.0000,0.320300,0.098620,-0.773000,0.012070,0.163100,0.014110,0.320314,0.098621,-0.773024,0.012071,0.163077,0.014115,2.374273e-05,0.000696
300,1,81.9000,30.0000,6.0000,0.316800,0.097590,-0.781800,0.011320,0.165100,0.082310,0.316805,0.097587,-0.781837,0.011318,0.165128,0.082308,3.713108e-05,0.001089
301,1,86.1000,30.0000,6.0000,0.312700,0.097700,-0.782200,0.010470,0.166100,0.037630,0.312750,0.097702,-0.782203,0.010473,0.166056,0.037626,4.990442e-05,0.001463
302,1,90.3000,30.0000,6.0000,0.308300,0.096690,-0.789100,0.009463,0.167700,0.102100,0.308272,0.096691,-0.789115,0.009463,0.167673,0.102054,4.578790e-05,0.001342
303,1,94.5000,30.0000,6.0000,0.303600,0.096930,-0.788200,0.008661,0.168500,0.050920,0.303608,0.096925,-0.788229,0.008661,0.168508,0.050919,2.937126e-05,0.000861
304,1,98.7000,30.0000,6.0000,0.298700,0.096110,-0.793100,0.007911,0.169700,0.113400,0.298723,0.096112,-0.793082,0.007911,0.169681,0.113393,2.297770e-05,0.000674
305,1,102.9000,30.0000,6.0000,0.293900,0.096170,-0.791700,0.007009,0.170200,0.057660,0.293887,0.096171,-0.791676,0.007009,0.170187,0.057661,2.425032e-05,0.000711
306,1,107.1000,30.0000,6.0000,0.288900,0.095680,-0.794600,0.006208,0.170900,0.119600,0.288931,0.095682,-0.794591,0.006208,0.170869,0.119600,3.097344e-05,0.000908
307,1,111.3000,30.0000,6.0000,0.283800,0.095720,-0.792500,0.005699,0.171000,0.061760,0.283831,0.095725,-0.792485,0.005699,0.171045,0.061756,4.482144e-05,0.001314
308,1,115.5000,30.0000,6.0000,0.278900,0.094920,-0.794200,0.004953,0.171300,0.124600,0.278942,0.094919,-0.794180,0.004953,0.171252,0.124625,4.761856e-05,0.001396
309,1,119.7000,30.0000,6.0000,0.274000,0.094780,-0.791700,0.004153,0.171300,0.066650,0.273955,0.094783,-0.791676,0.004153,0.171310,0.066653,4.450485e-05,0.001305
310,1,123.9000,30.0000,6.0000,0.268900,0.094360,-0.791100,0.003196,0.171100,0.131800,0.268871,0.094356,-0.791055,0.003196,0.171128,0.131755,4.519011e-05,0.001325
311,1,128.1000,30.0000,6.0000,0.263500,0.094080,-0.788000,0.002522,0.171100,0.075210,0.263545,0.094081,-0.787969,0.002522,0.171112,0.075211,4.506835e-05,0.001321
312,1,132.3000,30.0000,6.0000,0.258000,0.093770,-0.785600,0.001985,0.170400,0.144200,0.257983,0.093770,-0.785617,0.001985,0.170383,0.144248,4.815943e-05,0.001412
313,1,136.5000,30.0000,6.0000,0.252200,0.093660,-0.781800,0.001403,0.170000,0.090560,0.252240,0.093661,-0.781754,0.001403,0.170027,0.090561,4.617853e-05,0.001354
314,1,140.7000,30.0000,6.0000,0.246200,0.092960,-0.778800,0.000706,0.169100,0.163700,0.246152,0.092958,-0.778809,0.000706,0.169131,0.163727,4.769963e-05,0.001398
315,1,144.9000,30.0000,6.0000,0.239500,0.092360,-0.773800,0.000291,0.168800,0.114700,0.239452,0.092358,-0.773752,0.000291,0.168816,0.114716,4.844649e-05,0.001420
316,1,149.1000,30.0000,6.0000,0.231900,0.092100,-0.767000,-0.000118,0.167300,0.194900,0.231938,0.092101,-0.767036,-0.000118,0.167277,0.194911,3.825542e-05,0.001122
317,1,153.3000,30.0000,6.0000,0.223400,0.091530,-0.762300,-0.000628,0.166500,0.155300,0.223399,0.091533,-0.762342,-0.000628,0.166543,0.155333,4.272056e-05,0.001252
318,1,157.5000,30.0000,6.0000,0.214300,0.087690,-0.778800,-0.001674,0.168000,0.240500,0.214284,0.087688,-0.778790,-0.001674,0.167972,0.240535,3.527036e-05,0.001034
319,1,161.7000,30.0000,6.0000,0.204900,0.090450,-0.739500,-0.006159,0.164700,0.191100,0.204927,0.090448,-0.739476,-0.006159,0.164736,0.191144,4.428382e-05,0.001298
320,1,165.9000,30.0000,6.0000,0.195000,0.102400,-0.628900,-0.009614,0.208900,0.322600,0.194962,0.102401,-0.628893,-0.009614,0.208854,0.322612,4.551733e-05,0.001334
321,1,2.1000,34.0000,6.0000,0.032930,-0.126300,-2.033000,0.014460,-0.029580,-0.632700,0.032932,-0.126332,-2.032981,0.014462,-0.029580,-0.632732,3.208287e-05,0.000941
322,1,6.3000,34.0000,6.0000,0.080970,0.090640,-0.595600,-0.004666,0.078150,-0.667700,0.080973,0.090639,-0.595629,-0.004666,0.078150,-0.667686,2.927611e-05,0.000858
323,1,10.5000,34.0000,6.0000,0.127200,0.061210,-0.806900,0.006327,0.068530,-0.736500,0.127183,0.061206,-0.806858,0.006327,0.068532,-0.736517,4.181358e-05,0.001226
324,1,14.7000,34.0000,6.0000,0.162700,0.078480,-0.709500,0.008611,0.081050,-0.629800,0.162748,0.078483,-0.709459,0.008611,0.081048,-0.629752,4.809028e-05,0.001410
325,1,18.9000,34.0000,6.0000,0.193400,0.077540,-0.728200,0.011660,0.086040,-0.641200,0.193351,0.077536,-0.728190,0.011661,0.086039,-0.641243,4.948046e-05,0.001451
326,1,23.1000,34.0000,6.0000,0.220200,0.083660,-0.701000,0.012960,0.093330,-0.522800,0.220220,0.083658,-0.701003,0.012959,0.093332,-0.522823,2.339449e-05,0.000686
327,1,27.3000,34.0000,6.0000,0.243600,0.084530,-0.710400,0.014930,0.097950,-0.515300,0.243550,0.084535,-0.710437,0.014928,0.097945,-0.515335,4.954652e-05,0.001453
328,1,31.5000,34.0000,6.0000,0.263600,0.089170,-0.695300,0.015760,0.103800,-0.397600,0.263607,0.089166,-0.695264,0.015764,0.103752,-0.397636,4.813612e-05,0.001411
329,1,35.7000,34.0000,6.0000,0.280300,0.090180,-0.703900,0.017240,0.108000,-0.380200,0.280312,0.090183,-0.703861,0.017242,0.108036,-0.380205,3.879527e-05,0.001137
330,1,39.9000,34.0000,6.0000,0.293800,0.091870,-0.705600,0.016940,0.111600,-0.268600,0.293809,0.091874,-0.705601,0.016945,0.111612,-0.268578,2.235144e-05,0.000655
331,1,44.1000,34.0000,6.0000,0.304800,0.092380,-0.713500,0.017610,0.115700,-0.257200,0.304759,0.092378,-0.713513,0.017615,0.115710,-0.257206,4.123140e-05,0.001209
332,1,48.3000,34.0000,6.0000,0.313100,0.093030,-0.721100,0.017140,0.118100,-0.156200,0.313134,0.093028,-0.721052,0.017138,0.118082,-0.156168,4.785321e-05,0.001403
333,1,52.5000,34.0000,6.0000,0.319000,0.093790,-0.727400,0.017520,0.121300,-0.155600,0.318998,0.093791,-0.727378,0.017518,0.121325,-0.155609,2.474961e-05,0.000726
334,1,56.7000,34.0000,6.0000,0.322700,0.093490,-0.738400,0.016450,0.123000,-0.065130,0.322708,0.093491,-0.738389,0.016450,0.122991,-0.065127,1.107540e-05,0.000325
335,1,60.9000,34.0000,6.0000,0.324200,0.093870,-0.743200,0.016380,0.126000,-0.077650,0.324177,0.093872,-0.743207,0.016379,0.126011,-0.077649,2.342943e-05,0.000687
336,1,65.1000,34.0000,6.0000,0.324200,0.093110,-0.754200,0.015420,0.127100,0.003474,0.324208,0.093106,-0.754216,0.015425,0.127086,0.003474,1.612844e-05,0.000473
337,1,69.3000,34.0000,6.0000,0.323200,0.093360,-0.757100,0.015340,0.129300,-0.021870,0.323211,0.093363,-0.757076,0.015336,0.129313,-0.021865,2.405516e-05,0.000705
338,1,73.5000,34.0000,6.0000,0.321200,0.092400,-0.767400,0.013850,0.130000,0.051750,0.321247,0.092400,-0.767385,0.013849,0.130006,0.051751,4.650214e-05,0.001363
339,1,77.7000,34.0000,6.0000,0.318500,0.092670,-0.768700,0.013670,0.131900,0.015570,0.318517,0.092675,-0.768749,0.013674,0.131949,0.015565,4.882581e-05,0.001431
340,1,81.9000,34.0000,6.0000,0.315000,0.091650,-0.777300,0.012270,0.132500,0.083590,0.315020,0.091646,-0.777295,0.012272,0.132539,0.083593,3.931051e-05,0.001152
341,1,86.1000,34.0000,6.0000,0.310900,0.091680,-0.777500,0.011880,0.134000,0.038690,0.310916,0.091678,-0.777521,0.011881,0.134038,0.038689,3.845376e-05,0.001127
342,1,90.3000,34.0000,6.0000,0.306600,0.090700,-0.784400,0.010370,0.134800,0.103000,0.306569,0.090704,-0.784395,0.010367,0.134773,0.103021,3.124462e-05,0.000916
343,1,94.5000,34.0000,6.0000,0.301800,0.090940,-0.783700,0.010070,0.136000,0.051760,0.301825,0.090942,-0.783743,0.010068,0.135958,0.051760,4.291201e-05,0.001258
344,1,98.7000,34.0000,6.0000,0.296900,0.090090,-0.788700,0.008443,0.136300,0.114100,0.296943,0.090087,-0.788750,0.008443,0.136293,0.114104,4.997649e-05,0.001465
345,1,102.9000,34.0000,6.0000,0.292200,0.089990,-0.787400,0.008091,0.137100,0.058350,0.292247,0.089992,-0.787397,0.008091,0.137083,0.058348,4.727627e-05,0.001386
346,1,107.1000,34.0000,6.0000,0.287600,0.089420,-0.790300,0.006638,0.137500,0.120100,0.287564,0.089418,-0.790278,0.006638,0.137483,0.120082,3.599851e-05,0.001055
347,1,111.3000,34.0000,6.0000,0.282600,0.089460,-0.787800,0.006370,0.137900,0.062020,0.282631,0.089457,-0.787796,0.006370,0.137942,0.062019,4.162995e-05,0.001220
348,1,115.5000,34.0000,6.0000,0.277500,0.088590,-0.789300,0.004945,0.138100,0.124800,0.277526,0.088588,-0.789339,0.004945,0.138080,0.124785,3.949326e-05,0.001158
349,1,119.7000,34.0000,6.0000,0.272500,0.088310,-0.787000,0.004812,0.138000,0.066600,0.272457,0.088314,-0.787034,0.004812,0.138030,0.066599,4.266986e-05,0.001251
350,1,123.9000,34.0000,6.0000,0.267500,0.087890,-0.786500,0.003239,0.138100,0.131800,0.267463,0.087889,-0.786523,0.003239,0.138098,0.131805,3.684531e-05,0.001080
351,1,128.1000,34.0000,6.0000,0.262400,0.087880,-0.783500,0.002922,0.137900,0.074940,0.262352,0.087877,-0.783475,0.002922,0.137903,0.074942,4.781070e-05,0.001402
352,1,132.3000,34.0000,6.0000,0.256900,0.087540,-0.781200,0.001808,0.137800,0.143800,0.256861,0.087541,-0.781211,0.001808,0.137805,0.143756,4.406010e-05,0.001292
353,1,136.5000,34.0000,6.0000,0.251100,0.087090,-0.777400,0.001823,0.137100,0.090160,0.251134,0.087092,-0.777404,0.001823,0.137072,0.090164,3.354505e-05,0.000983
354,1,140.7000,34.0000,6.0000,0.245000,0.086350,-0.774100,0.000404,0.137200,0.163500,0.245048,0.086350,-0.774116,0.000404,0.137247,0.163510,4.824045e-05,0.001414
355,1,144.9000,34.0000,6.0000,0.238500,0.085860,-0.769100,0.000397,0.136900,0.114400,0.238476,0.085855,-0.769124,0.000397,0.136945,0.114412,4.487103e-05,0.001315
356,1,149.1000,34.0000,6.0000,0.231000,0.085530,-0.763400,-0.000460,0.137300,0.194100,0.231010,0.085534,-0.763379,-0.000460,0.137341,0.194129,4.100048e-05,0.001202
357,1,153.3000,34.0000,6.0000,0.222700,0.085020,-0.757100,-0.000097,0.134600,0.152600,0.222659,0.085024,-0.757067,-0.000097,0.134649,0.152614,4.875694e-05,0.001429
358,1,157.5000,34.0000,6.0000,0.213700,0.082250,-0.763500,-0.001179,0.130500,0.239600,0.213703,0.082252,-0.763504,-0.001179,0.130524,0.239584,2.372180e-05,0.000695
359,1,161.7000,34.0000,6.0000,0.203200,0.084710,-0.734600,0.000269,0.144800,0.201400,0.203160,0.084713,-0.734597,0.000269,0.144756,0.201416,4.404254e-05,0.001291
360,1,165.9000,34.0000,6.0000,0.192300,0.095000,-0.646800,0.002394,0.118600,0.329600,0.192281,0.094998,-0.646773,0.002394,0.118583,0.329596,2.728112e-05,0.000800
361,1,2.1000,38.0000,6.0000,0.025340,-0.131400,-2.132000,-0.014040,0.240400,-0.644800,0.025340,-0.131392,-2.132224,-0.014045,0.240384,-0.644791,2.235639e-04,0.006554
362,1,6.3000,38.0000,6.0000,0.069850,0.081140,-0.636100,0.011640,0.132800,-0.662400,0.069850,0.081140,-0.636092,0.011640,0.132778,-0.662383,2.184991e-05,0.000641
363,1,10.5000,38.0000,6.0000,0.121000,0.053930,-0.825300,0.010060,0.154700,-0.729300,0.120994,0.053935,-0.825334,0.010062,0.154711,-0.729294,3.369765e-05,0.000988
364,1,14.7000,38.0000,6.0000,0.157700,0.071230,-0.724600,0.010010,0.156900,-0.622700,0.157728,0.071230,-0.724645,0.010010,0.156913,-0.622665,4.485496e-05,0.001315
365,1,18.9000,38.0000,6.0000,0.188000,0.070150,-0.747000,0.013900,0.163700,-0.637300,0.187952,0.070151,-0.746971,0.013899,0.163736,-0.637334,4.842659e-05,0.001420
366,1,23.1000,38.0000,6.0000,0.215000,0.076450,-0.719700,0.013830,0.167300,-0.516500,0.214983,0.076449,-0.719678,0.013825,0.167348,-0.516475,4.797213e-05,0.001406
367,1,27.3000,38.0000,6.0000,0.238200,0.077400,-0.728800,0.017240,0.173400,-0.511600,0.238168,0.077397,-0.728846,0.017241,0.173416,-0.511579,4.615759e-05,0.001353
368,1,31.5000,38.0000,6.0000,0.258100,0.082110,-0.713200,0.016740,0.177600,-0.391900,0.258114,0.082107,-0.713209,0.016741,0.177555,-0.391890,4.529638e-05,0.001328
369,1,35.7000,38.0000,6.0000,0.274800,0.082990,-0.721500,0.019470,0.182500,-0.377100,0.274761,0.082994,-0.721503,0.019473,0.182489,-0.377068,3.944622e-05,0.001156
370,1,39.9000,38.0000,6.0000,0.288200,0.084670,-0.723600,0.017760,0.187600,-0.263400,0.288173,0.084666,-0.723634,0.017759,0.187577,-0.263429,3.441978e-05,0.001009
371,1,44.1000,38.0000,6.0000,0.299100,0.085660,-0.731500,0.020030,0.191500,-0.254700,0.299127,0.085658,-0.731515,0.020032,0.191475,-0.254711,2.650750e-05,0.000777
372,1,48.3000,38.0000,6.0000,0.307300,0.086360,-0.739800,0.018060,0.196300,-0.151700,0.307341,0.086359,-0.739783,0.018063,0.196298,-0.151694,4.068773e-05,0.001193
373,1,52.5000,38.0000,6.0000,0.313000,0.087030,-0.746100,0.019820,0.199500,-0.153900,0.312991,0.087035,-0.746132,0.019821,0.199498,-0.153852,4.827759e-05,0.001415
374,1,56.7000,38.0000,6.0000,0.316600,0.086670,-0.757600,0.017060,0.204100,-0.060970,0.316583,0.086670,-0.757639,0.017063,0.204079,-0.060966,3.909408e-05,0.001146
375,1,60.9000,38.0000,6.0000,0.318300,0.087160,-0.762500,0.018490,0.206600,-0.076650,0.318308,0.087164,-0.762530,0.018490,0.206633,-0.076650,3.251741e-05,0.000953
376,1,65.1000,38.0000,6.0000,0.318600,0.086370,-0.774300,0.015860,0.210400,0.006870,0.318604,0.086372,-0.774252,0.015855,0.210352,0.006870,4.815407e-05,0.001412
377,1,69.3000,38.0000,6.0000,0.317500,0.086680,-0.776900,0.017350,0.212300,-0.021370,0.317459,0.086681,-0.776938,0.017354,0.212301,-0.021372,4.128844e-05,0.001210
378,1,73.5000,38.0000,6.0000,0.315300,0.085610,-0.787900,0.014240,0.215400,0.054890,0.315316,0.085610,-0.787860,0.014238,0.215379,0.054891,3.966839e-05,0.001163
379,1,77.7000,38.0000,6.0000,0.312500,0.085710,-0.789400,0.015570,0.216800,0.015810,0.312490,0.085706,-0.789407,0.015572,0.216846,0.015812,4.570263e-05,0.001340
380,1,81.9000,38.0000,6.0000,0.309100,0.084730,-0.798000,0.012490,0.219300,0.086400,0.309140,0.084728,-0.798007,0.012491,0.219346,0.086402,4.572718e-05,0.001341
381,1,86.1000,38.0000,6.0000,0.305000,0.084890,-0.798400,0.013540,0.220600,0.038480,0.305024,0.084892,-0.798419,0.013541,0.220638,0.038475,3.774179e-05,0.001106
382,1,90.3000,38.0000,6.0000,0.300700,0.083800,-0.805600,0.010290,0.222500,0.105500,0.300665,0.083805,-0.805557,0.010288,0.222471,0.105537,4.347332e-05,0.001275
383,1,94.5000,38.0000,6.0000,0.295900,0.084020,-0.804600,0.011650,0.223400,0.051260,0.295920,0.084022,-0.804564,0.011651,0.223409,0.051257,3.575350e-05,0.001048
384,1,98.7000,38.0000,6.0000,0.291200,0.083100,-0.810100,0.008177,0.224900,0.116500,0.291178,0.083100,-0.810129,0.008177,0.224895,0.116509,2.869114e-05,0.000841
385,1,102.9000,38.0000,6.0000,0.286500,0.082920,-0.809200,0.009601,0.225500,0.057420,0.286535,0.082920,-0.809210,0.009601,0.225460,0.057422,4.009084e-05,0.001175
386,1,107.1000,38.0000,6.0000,0.281800,0.082190,-0.812100,0.006504,0.226100,0.122100,0.281830,0.082185,-0.812075,0.006504,0.226125,0.122093,3.019775e-05,0.000885
387,1,111.3000,38.0000,6.0000,0.277000,0.082180,-0.809700,0.007633,0.226600,0.060920,0.276976,0.082184,-0.809685,0.007633,0.226577,0.060917,2.383581e-05,0.000699
388,1,115.5000,38.0000,6.0000,0.271900,0.081440,-0.811100,0.004337,0.226900,0.126400,0.271855,0.081437,-0.811069,0.004337,0.226908,0.126448,4.770510e-05,0.001399
389,1,119.7000,38.0000,6.0000,0.267100,0.081200,-0.808700,0.005866,0.226900,0.064910,0.267060,0.081198,-0.808713,0.005866,0.226887,0.064914,3.973405e-05,0.001165
390,1,123.9000,38.0000,6.0000,0.262000,0.080600,-0.808300,0.002726,0.226600,0.133100,0.261983,0.080600,-0.808304,0.002726,0.226565,0.133050,4.954269e-05,0.001452
391,1,128.1000,38.0000,6.0000,0.256800,0.080480,-0.805300,0.004199,0.226500,0.073170,0.256785,0.080477,-0.805316,0.004199,0.226528,0.073166,2.842783e-05,0.000833
392,1,132.3000,38.0000,6.0000,0.251600,0.080150,-0.803100,0.001164,0.225700,0.144600,0.251593,0.080152,-0.803093,0.001164,0.225727,0.144582,2.683499e-05,0.000787
393,1,136.5000,38.0000,6.0000,0.245900,0.079550,-0.799100,0.002475,0.225300,0.088250,0.245929,0.079551,-0.799128,0.002475,0.225272,0.088253,2.851359e-05,0.000836
394,1,140.7000,38.0000,6.0000,0.239700,0.078810,-0.796000,-0.000488,0.224400,0.164700,0.239698,0.078813,-0.796027,-0.000488,0.224353,0.164676,4.689430e-05,0.001375
395,1,144.9000,38.0000,6.0000,0.233100,0.078590,-0.791800,0.001338,0.224300,0.113000,0.233141,0.078592,-0.791812,0.001338,0.224289,0.112967,4.111636e-05,0.001205
396,1,149.1000,38.0000,6.0000,0.226200,0.078300,-0.784400,-0.001485,0.224100,0.196000,0.226206,0.078298,-0.784421,-0.001485,0.224096,0.196018,2.127537e-05,0.000624
397,1,153.3000,38.0000,6.0000,0.219100,0.077580,-0.768500,-0.000538,0.224300,0.149000,0.219108,0.077578,-0.768527,-0.000538,0.224252,0.149039,4.798225e-05,0.001407
398,1,157.5000,38.0000,6.0000,0.209500,0.073900,-0.778600,-0.002288,0.214400,0.229900,0.209459,0.073897,-0.778610,-0.002288,0.214381,0.229852,4.760866e-05,0.001396
399,1,161.7000,38.0000,6.0000,0.186200,0.079340,-0.821000,0.000437,0.200400,0.208500,0.186233,0.079344,-0.821012,0.000437,0.200405,0.208474,3.263334e-05,0.000957
400,1,165.9000,38.0000,6.0000,0.161700,0.090720,-0.838800,-0.012410,0.253400,0.345200,0.161714,0.090725,-0.838750,-0.012406,0.253435,0.345242,4.959221e-05,0.001454
401,1,2.1000,42.0000,6.0000,0.023040,-0.141800,-1.933000,0.030720,-0.051140,-0.610600,0.023037,-0.141845,-1.933059,0.030724,-0.051135,-0.610565,5.938934e-05,0.001741
402,1,6.3000,42.0000,6.0000,0.070900,0.077040,-0.572200,-0.016280,0.094990,-0.638000,0.070902,0.077043,-0.572206,-0.016280,0.094993,-0.638010,1.041506e-05,0.000305
403,1,10.5000,42.0000,6.0000,0.124000,0.040230,-0.821400,0.008377,0.104500,-0.714400,0.123951,0.040233,-0.821357,0.008377,0.104517,-0.714428,4.933417e-05,0.001446
404,1,14.7000,42.0000,6.0000,0.160100,0.062150,-0.689100,0.006365,0.114800,-0.623700,0.160128,0.062153,-0.689052,0.006365,0.114846,-0.623714,4.821173e-05,0.001413
405,1,18.9000,42.0000,6.0000,0.190100,0.061300,-0.711100,0.018070,0.117400,-0.627000,0.190128,0.061304,-0.711145,0.018074,0.117413,-0.626980,4.477474e-05,0.001313
406,1,23.1000,42.0000,6.0000,0.216900,0.067710,-0.685700,0.011060,0.126600,-0.514500,0.216920,0.067705,-0.685684,0.011056,0.126554,-0.514495,4.597886e-05,0.001348
407,1,27.3000,42.0000,6.0000,0.240300,0.068610,-0.696300,0.021840,0.133000,-0.501500,0.240303,0.068615,-0.696281,0.021839,0.133038,-0.501492,3.832470e-05,0.001124
408,1,31.5000,42.0000,6.0000,0.259600,0.073200,-0.681400,0.014530,0.140300,-0.390900,0.259647,0.073200,-0.681443,0.014530,0.140318,-0.390915,4.683050e-05,0.001373
409,1,35.7000,42.0000,6.0000,0.276100,0.074230,-0.689500,0.024470,0.145800,-0.367900,0.276114,0.074227,-0.689548,0.024466,0.145832,-0.367855,4.798624e-05,0.001407
410,1,39.9000,42.0000,6.0000,0.289900,0.076180,-0.691800,0.015930,0.150100,-0.263400,0.289902,0.076182,-0.691850,0.015934,0.150126,-0.263421,4.988462e-05,0.001462
411,1,44.1000,42.0000,6.0000,0.300500,0.077420,-0.698800,0.025330,0.154800,-0.246300,0.300544,0.077425,-0.698803,0.025326,0.154808,-0.246255,4.451468e-05,0.001305
412,1,48.3000,42.0000,6.0000,0.308700,0.077920,-0.707700,0.016070,0.157800,-0.152300,0.308671,0.077922,-0.707687,0.016067,0.157848,-0.152348,4.809245e-05,0.001410
413,1,52.5000,42.0000,6.0000,0.314500,0.078870,-0.712700,0.025100,0.162200,-0.145900,0.314516,0.078874,-0.712673,0.025098,0.162160,-0.145892,3.991562e-05,0.001170
414,1,56.7000,42.0000,6.0000,0.318000,0.078150,-0.724700,0.015100,0.164100,-0.062710,0.318044,0.078148,-0.724731,0.015104,0.164085,-0.062705,4.446559e-05,0.001304
415,1,60.9000,42.0000,6.0000,0.319900,0.078880,-0.728100,0.024090,0.167400,-0.069350,0.319907,0.078882,-0.728057,0.024093,0.167432,-0.069351,4.266903e-05,0.001251
416,1,65.1000,42.0000,6.0000,0.320600,0.077900,-0.740100,0.013490,0.168900,0.004511,0.320602,0.077899,-0.740095,0.013494,0.168886,0.004511,1.436068e-05,0.000421
417,1,69.3000,42.0000,6.0000,0.319500,0.078260,-0.741700,0.022510,0.171600,-0.014520,0.319510,0.078256,-0.741681,0.022514,0.171606,-0.014522,1.938205e-05,0.000568
418,1,73.5000,42.0000,6.0000,0.317400,0.076990,-0.752800,0.011610,0.172300,0.051780,0.317415,0.076993,-0.752820,0.011608,0.172341,0.051776,4.095925e-05,0.001201
419,1,77.7000,42.0000,6.0000,0.314500,0.077460,-0.753300,0.020600,0.174500,0.022450,0.314478,0.077461,-0.753318,0.020597,0.174524,0.022446,2.447949e-05,0.000718
420,1,81.9000,42.0000,6.0000,0.311400,0.076270,-0.762000,0.009498,0.175400,0.083030,0.311354,0.076266,-0.762022,0.009498,0.175392,0.083026,4.617251e-05,0.001354
421,1,86.1000,42.0000,6.0000,0.307400,0.076320,-0.761600,0.018430,0.177100,0.044810,0.307396,0.076325,-0.761614,0.018432,0.177068,0.044813,3.204654e-05,0.000940
422,1,90.3000,42.0000,6.0000,0.303100,0.075260,-0.768900,0.007236,0.177800,0.101800,0.303100,0.075259,-0.768935,0.007236,0.177766,0.101791,3.478502e-05,0.001020
423,1,94.5000,42.0000,6.0000,0.298400,0.075350,-0.767300,0.016590,0.179100,0.057280,0.298408,0.075345,-0.767336,0.016589,0.179126,0.057284,3.641520e-05,0.001068
424,1,98.7000,42.0000,6.0000,0.293900,0.074240,-0.772600,0.004901,0.179400,0.112300,0.293920,0.074237,-0.772578,0.004901,0.179398,0.112263,3.727185e-05,0.001093
425,1,102.9000,42.0000,6.0000,0.289500,0.074160,-0.771400,0.014240,0.180100,0.062920,0.289457,0.074157,-0.771373,0.014245,0.180063,0.062918,4.347124e-05,0.001274
426,1,107.1000,42.0000,6.0000,0.284600,0.073390,-0.774400,0.003003,0.180500,0.117600,0.284556,0.073392,-0.774403,0.003003,0.180472,0.117552,4.759447e-05,0.001395
427,1,111.3000,42.0000,6.0000,0.279700,0.073310,-0.772200,0.012010,0.180900,0.066240,0.279670,0.073313,-0.772216,0.012015,0.180916,0.066235,2.989717e-05,0.000876
428,1,115.5000,42.0000,6.0000,0.274800,0.072600,-0.773200,0.000607,0.181000,0.121600,0.274843,0.072603,-0.773201,0.000606,0.181038,0.121572,4.250379e-05,0.001246
429,1,119.7000,42.0000,6.0000,0.270300,0.072330,-0.770800,0.010140,0.181100,0.069720,0.270295,0.072327,-0.770848,0.010145,0.181095,0.069718,4.767372e-05,0.001398
430,1,123.9000,42.0000,6.0000,0.265100,0.071780,-0.770200,-0.001161,0.181200,0.127700,0.265088,0.071781,-0.770225,-0.001161,0.181189,0.127694,2.470816e-05,0.000724
431,1,128.1000,42.0000,6.0000,0.260000,0.071420,-0.767200,0.008145,0.180700,0.077730,0.260044,0.071419,-0.767159,0.008145,0.180675,0.077730,4.406716e-05,0.001292
432,1,132.3000,42.0000,6.0000,0.254900,0.070850,-0.764600,-0.002873,0.180700,0.139200,0.254895,0.070854,-0.764584,-0.002873,0.180656,0.139166,4.360984e-05,0.001279
433,1,136.5000,42.0000,6.0000,0.249300,0.070370,-0.761400,0.006360,0.180300,0.092940,0.249314,0.070371,-0.761356,0.006360,0.180330,0.092936,4.425311e-05,0.001297
434,1,140.7000,42.0000,6.0000,0.243100,0.069870,-0.758600,-0.004350,0.180400,0.159200,0.243124,0.069865,-0.758635,-0.004350,0.180433,0.159227,3.535050e-05,0.001036
435,1,144.9000,42.0000,6.0000,0.236800,0.069300,-0.753400,0.005209,0.178700,0.116700,0.236759,0.069296,-0.753402,0.005209,0.178724,0.116734,4.069994e-05,0.001193
436,1,149.1000,42.0000,6.0000,0.229500,0.070090,-0.739200,-0.006109,0.179600,0.192900,0.229540,0.070093,-0.739194,-0.006109,0.179622,0.192909,4.043136e-05,0.001185
437,1,153.3000,42.0000,6.0000,0.221800,0.068740,-0.734200,0.001340,0.190400,0.163700,0.221837,0.068735,-0.734241,0.001340,0.190443,0.163703,4.316038e-05,0.001265
438,1,157.5000,42.0000,6.0000,0.215100,0.052700,-0.815500,-0.000852,0.200000,0.218000,0.215052,0.052700,-0.815541,-0.000852,0.199984,0.217957,4.824013e-05,0.001414
439,1,161.7000,42.0000,6.0000,0.206100,0.071670,-0.675300,0.030540,0.130400,0.140500,0.206118,0.071672,-0.675326,0.030537,0.130364,0.140548,4.796450e-05,0.001406
440,1,165.9000,42.0000,6.0000,0.202700,0.100200,-0.413100,-0.001203,-0.015330,0.326000,0.202709,0.100158,-0.413143,-0.001203,-0.015326,0.325954,4.607790e-05,0.001351
441,1,2.1000,46.0000,6.0000,0.046030,-0.152300,-1.639000,-0.005427,0.420700,-0.678400,0.046031,-0.152317,-1.638923,-0.005427,0.420660,-0.678350,7.658021e-05,0.002245
442,1,6.3000,46.0000,6.0000,0.101900,0.073900,-0.355200,-0.002695,0.217400,-0.535300,0.101940,0.073905,-0.355245,-0.002695,0.217404,-0.535302,4.468620e-05,0.001310
443,1,10.5000,46.0000,6.0000,0.137700,0.021340,-0.769600,0.015900,0.244700,-0.757300,0.137714,0.021337,-0.769560,0.015896,0.244728,-0.757266,3.983727e-05,0.001168
444,1,14.7000,46.0000,6.0000,0.171500,0.052830,-0.588900,0.005170,0.237400,-0.573100,0.171501,0.052827,-0.588873,0.005170,0.237354,-0.573131,4.635039e-05,0.001359
445,1,18.9000,46.0000,6.0000,0.201000,0.051220,-0.617300,0.022310,0.243200,-0.667500,0.201041,0.051222,-0.617340,0.022312,0.243235,-0.667478,4.087194e-05,0.001198
446,1,23.1000,46.0000,6.0000,0.227000,0.057680,-0.595000,0.009884,0.247400,-0.460200,0.227017,0.057682,-0.595012,0.009884,0.247372,-0.460239,3.908884e-05,0.001146
447,1,27.3000,46.0000,6.0000,0.250000,0.058710,-0.609600,0.026330,0.254400,-0.542200,0.250033,0.058709,-0.609616,0.026331,0.254350,-0.542182,4.976556e-05,0.001459
448,1,31.5000,46.0000,6.0000,0.269000,0.063560,-0.596100,0.013040,0.259300,-0.337900,0.268967,0.063560,-0.596065,0.013036,0.259320,-0.337881,3.519140e-05,0.001032
449,1,35.7000,46.0000,6.0000,0.285600,0.065030,-0.602900,0.028630,0.264900,-0.409700,0.285553,0.065027,-0.602937,0.028632,0.264891,-0.409678,4.729586e-05,0.001387
450,1,39.9000,46.0000,6.0000,0.299000,0.066760,-0.607600,0.014470,0.271600,-0.210400,0.299020,0.066759,-0.607563,0.014473,0.271582,-0.210426,3.738299e-05,0.001096
451,1,44.1000,46.0000,6.0000,0.309700,0.068570,-0.609900,0.029250,0.275900,-0.290100,0.309702,0.068571,-0.609898,0.029252,0.275927,-0.290052,4.791751e-05,0.001405
452,1,48.3000,46.0000,6.0000,0.318100,0.068460,-0.621800,0.014110,0.282800,-0.098560,0.318114,0.068465,-0.621757,0.014107,0.282778,-0.098556,4.315861e-05,0.001265
453,1,52.5000,46.0000,6.0000,0.324400,0.069840,-0.621200,0.029030,0.286300,-0.191900,0.324393,0.069841,-0.621220,0.029027,0.286285,-0.191882,2.049831e-05,0.000601
454,1,56.7000,46.0000,6.0000,0.328100,0.068690,-0.636000,0.013020,0.292800,-0.008283,0.328081,0.068693,-0.636031,0.013017,0.292803,-0.008283,3.064935e-05,0.000899
455,1,60.9000,46.0000,6.0000,0.330000,0.069930,-0.634000,0.028210,0.295700,-0.117600,0.330038,0.069928,-0.633966,0.028211,0.295665,-0.117595,3.826508e-05,0.001122
456,1,65.1000,46.0000,6.0000,0.331000,0.068410,-0.647900,0.011300,0.300900,0.059370,0.330957,0.068408,-0.647905,0.011299,0.300859,0.059374,4.281276e-05,0.001255
457,1,69.3000,46.0000,6.0000,0.330000,0.069110,-0.644800,0.026430,0.303200,-0.064390,0.329978,0.069105,-0.644838,0.026429,0.303239,-0.064392,3.940375e-05,0.001155
458,1,73.5000,46.0000,6.0000,0.328400,0.067560,-0.657600,0.008992,0.307900,0.107000,0.328397,0.067561,-0.657559,0.008992,0.307901,0.107016,4.058228e-05,0.001190
459,1,77.7000,46.0000,6.0000,0.325500,0.068150,-0.654600,0.024360,0.309500,-0.029050,0.325516,0.068150,-0.654616,0.024363,0.309478,-0.029047,2.241640e-05,0.000657
460,1,81.9000,46.0000,6.0000,0.322800,0.066630,-0.664900,0.006801,0.312900,0.138800,0.322784,0.066633,-0.664917,0.006801,0.312876,0.138828,2.809454e-05,0.000824
461,1,86.1000,46.0000,6.0000,0.318900,0.066960,-0.661800,0.022380,0.314500,-0.007672,0.318893,0.066955,-0.661833,0.022385,0.314450,-0.007672,4.996384e-05,0.001465
462,1,90.3000,46.0000,6.0000,0.315000,0.065710,-0.669400,0.004598,0.317200,0.157800,0.314995,0.065714,-0.669413,0.004598,0.317233,0.157763,3.676746e-05,0.001078
463,1,94.5000,46.0000,6.0000,0.310300,0.065680,-0.666500,0.020420,0.318400,0.003807,0.310313,0.065677,-0.666453,0.020419,0.318407,0.003807,4.650330e-05,0.001363
464,1,98.7000,46.0000,6.0000,0.305700,0.064490,-0.671800,0.002251,0.320000,0.167700,0.305721,0.064489,-0.671780,0.002251,0.319995,0.167682,2.111354e-05,0.000619
465,1,102.9000,46.0000,6.0000,0.301400,0.064790,-0.669400,0.017960,0.320800,0.009062,0.301443,0.064792,-0.669393,0.017958,0.320808,0.009062,4.271639e-05,0.001252
466,1,107.1000,46.0000,6.0000,0.296700,0.063790,-0.672300,-0.000203,0.321800,0.172700,0.296682,0.063794,-0.672323,-0.000203,0.321763,0.172735,3.728118e-05,0.001093
467,1,111.3000,46.0000,6.0000,0.292100,0.063300,-0.670500,0.015570,0.322200,0.011810,0.292069,0.063298,-0.670502,0.015567,0.322196,0.011805,3.140844e-05,0.000921
468,1,115.5000,46.0000,6.0000,0.287100,0.062690,-0.671100,-0.002361,0.322400,0.176200,0.287127,0.062689,-0.671134,-0.002361,0.322377,0.176225,3.383082e-05,0.000992
469,1,119.7000,46.0000,6.0000,0.282800,0.062490,-0.669400,0.013550,0.322600,0.015350,0.282791,0.062491,-0.669414,0.013549,0.322641,0.015347,4.104490e-05,0.001203
470,1,123.9000,46.0000,6.0000,0.277300,0.061890,-0.667900,-0.004338,0.322100,0.181600,0.277334,0.061890,-0.667942,-0.004338,0.322091,0.181558,4.212587e-05,0.001235
471,1,128.1000,46.0000,6.0000,0.272800,0.061340,-0.666600,0.011500,0.321900,0.023320,0.272773,0.061337,-0.666633,0.011495,0.321861,0.023325,3.893684e-05,0.001142
472,1,132.3000,46.0000,6.0000,0.267500,0.061080,-0.662700,-0.005985,0.320700,0.192800,0.267530,0.061079,-0.662670,-0.005985,0.320650,0.192771,4.995778e-05,0.001465
473,1,136.5000,46.0000,6.0000,0.261900,0.060260,-0.662300,0.009715,0.320600,0.039310,0.261865,0.060264,-0.662314,0.009715,0.320579,0.039311,3.456001e-05,0.001013
474,1,140.7000,46.0000,6.0000,0.255800,0.059710,-0.659200,-0.007415,0.319300,0.211800,0.255769,0.059714,-0.659247,-0.007415,0.319277,0.211808,4.734799e-05,0.001388
475,1,144.9000,46.0000,6.0000,0.249400,0.059400,-0.654100,0.008521,0.318900,0.061980,0.249402,0.059396,-0.654110,0.008521,0.318860,0.061978,3.965262e-05,0.001162
476,1,149.1000,46.0000,6.0000,0.241500,0.062120,-0.627800,-0.009016,0.315500,0.244700,0.241533,0.062122,-0.627832,-0.009016,0.315475,0.244738,3.809993e-05,0.001117
477,1,153.3000,46.0000,6.0000,0.231500,0.059290,-0.645800,0.004276,0.322600,0.129100,0.231520,0.059288,-0.645844,0.004276,0.322596,0.129078,4.384189e-05,0.001285
478,1,157.5000,46.0000,6.0000,0.226100,0.029970,-0.831700,-0.012060,0.338000,0.280000,0.226056,0.029975,-0.831737,-0.012064,0.338036,0.279966,4.393002e-05,0.001288
479,1,161.7000,46.0000,6.0000,0.234700,0.068770,-0.417100,0.001402,0.311900,-0.013440,0.234676,0.068775,-0.417122,0.001402,0.311865,-0.013443,3.524093e-05,0.001033
480,1,165.9000,46.0000,6.0000,0.248700,0.115000,0.090710,-0.042610,0.459500,0.481700,0.248729,0.115015,0.090709,-0.042609,0.459488,0.481702,2.860836e-05,0.000839
481,1,2.1000,54.0000,6.0000,0.022060,-0.178700,-2.093000,0.004419,0.279300,-0.790200,0.022062,-0.178700,-2.093013,0.004419,0.279275,-0.790241,4.101451e-05,0.001202
482,1,6.3000,54.0000,6.0000,0.065560,0.041380,-0.534500,0.002188,0.272500,-0.474100,0.065556,0.041384,-0.534498,0.002188,0.272487,-0.474072,2.766413e-05,0.000811
483,1,10.5000,54.0000,6.0000,0.112000,-0.008325,-0.894400,0.009147,0.255400,-0.799800,0.112039,-0.008325,-0.894390,0.009147,0.255352,-0.799801,4.766182e-05,0.001397
484,1,14.7000,54.0000,6.0000,0.147500,0.023850,-0.696000,0.011000,0.262700,-0.506000,0.147487,0.023848,-0.695959,0.010996,0.262730,-0.506036,4.113754e-05,0.001206
485,1,18.9000,54.0000,6.0000,0.177300,0.021530,-0.730600,0.016360,0.270900,-0.703100,0.177272,0.021529,-0.730617,0.016363,0.270949,-0.703076,4.927764e-05,0.001445
486,1,23.1000,54.0000,6.0000,0.202700,0.029020,-0.701200,0.018010,0.278800,-0.397800,0.202743,0.029022,-0.701192,0.018013,0.278820,-0.397767,4.267714e-05,0.001251
487,1,27.3000,54.0000,6.0000,0.225400,0.030530,-0.713300,0.021470,0.286000,-0.577400,0.225358,0.030525,-0.713289,0.021468,0.285974,-0.577387,4.179590e-05,0.001225
488,1,31.5000,54.0000,6.0000,0.244800,0.035930,-0.698000,0.021480,0.293700,-0.275800,0.244847,0.035932,-0.697988,0.021477,0.293674,-0.275824,4.673322e-05,0.001370
489,1,35.7000,54.0000,6.0000,0.261700,0.038250,-0.702800,0.024030,0.301000,-0.445900,0.261692,0.038252,-0.702786,0.024033,0.300952,-0.445897,4.782514e-05,0.001402
490,1,39.9000,54.0000,6.0000,0.274300,0.039580,-0.710800,0.023060,0.307700,-0.148900,0.274275,0.039580,-0.710809,0.023059,0.307682,-0.148933,3.278997e-05,0.000961
491,1,44.1000,54.0000,6.0000,0.285100,0.041810,-0.711000,0.024700,0.314200,-0.329000,0.285114,0.041805,-0.711016,0.024704,0.314204,-0.328961,3.919414e-05,0.001149
492,1,48.3000,54.0000,6.0000,0.293200,0.041200,-0.727800,0.022800,0.319800,-0.037180,0.293162,0.041195,-0.727842,0.022803,0.319823,-0.037179,4.218971e-05,0.001237
493,1,52.5000,54.0000,6.0000,0.299400,0.042950,-0.725600,0.023950,0.325500,-0.234000,0.299398,0.042951,-0.725623,0.023946,0.325471,-0.234001,2.885759e-05,0.000846
494,1,56.7000,54.0000,6.0000,0.302800,0.041170,-0.745700,0.021740,0.330100,0.053140,0.302783,0.041173,-0.745673,0.021737,0.330082,0.053144,2.732608e-05,0.000801
495,1,60.9000,54.0000,6.0000,0.304600,0.042560,-0.742100,0.022680,0.334800,-0.162500,0.304608,0.042563,-0.742120,0.022683,0.334829,-0.162517,2.948892e-05,0.000865
496,1,65.1000,54.0000,6.0000,0.305400,0.040640,-0.760800,0.019960,0.338600,0.120500,0.305376,0.040643,-0.760793,0.019955,0.338577,0.120507,2.369203e-05,0.000695
497,1,69.3000,54.0000,6.0000,0.303800,0.041580,-0.757000,0.020740,0.342400,-0.111900,0.303781,0.041576,-0.756984,0.020738,0.342430,-0.111875,3.023153e-05,0.000886
498,1,73.5000,54.0000,6.0000,0.302300,0.039560,-0.773500,0.018040,0.345400,0.168000,0.302332,0.039562,-0.773471,0.018035,0.345409,0.168010,3.222194e-05,0.000945
499,1,77.7000,54.0000,6.0000,0.299400,0.040250,-0.769800,0.018530,0.348500,-0.079090,0.299404,0.040247,-0.769818,0.018527,0.348521,-0.079090,2.052701e-05,0.000602
500,1,81.9000,54.0000,6.0000,0.296800,0.038490,-0.782900,0.015520,0.350900,0.199300,0.296827,0.038485,-0.782886,0.015522,0.350905,0.199251,4.893526e-05,0.001435
501,1,86.1000,54.0000,6.0000,0.292500,0.038780,-0.779700,0.016030,0.353400,-0.059680,0.292545,0.038775,-0.779685,0.016032,0.353386,-0.059682,4.546030e-05,0.001333
502,1,90.3000,54.0000,6.0000,0.288700,0.037230,-0.789300,0.013020,0.355200,0.217300,0.288743,0.037226,-0.789266,0.013018,0.355226,0.217328,4.335932e-05,0.001271
503,1,94.5000,54.0000,6.0000,0.284000,0.037270,-0.786400,0.013400,0.356900,-0.050090,0.284027,0.037266,-0.786429,0.013404,0.356902,-0.050086,2.932361e-05,0.000860
504,1,98.7000,54.0000,6.0000,0.279500,0.035960,-0.793000,0.010460,0.358100,0.226400,0.279455,0.035957,-0.793042,0.010459,0.358130,0.226450,4.957367e-05,0.001453
505,1,102.9000,54.0000,6.0000,0.275200,0.035920,-0.790700,0.011000,0.359100,-0.046210,0.275240,0.035921,-0.790686,0.010999,0.359110,-0.046207,4.022104e-05,0.001179
506,1,107.1000,54.0000,6.0000,0.270500,0.034860,-0.793900,0.007953,0.359700,0.230600,0.270471,0.034862,-0.793872,0.007953,0.359720,0.230569,3.055654e-05,0.000896
507,1,111.3000,54.0000,6.0000,0.266300,0.034540,-0.792400,0.008370,0.360100,-0.044590,0.266272,0.034539,-0.792400,0.008370,0.360149,-0.044590,4.867960e-05,0.001427
508,1,115.5000,54.0000,6.0000,0.260900,0.033630,-0.793000,0.005430,0.360300,0.232900,0.260919,0.033627,-0.793027,0.005430,0.360274,0.232943,4.264925e-05,0.001250
509,1,119.7000,54.0000,6.0000,0.257100,0.033120,-0.792000,0.006029,0.360100,-0.041760,0.257068,0.033120,-0.792028,0.006029,0.360108,-0.041756,3.186831e-05,0.000934
510,1,123.9000,54.0000,6.0000,0.251900,0.032580,-0.789400,0.003231,0.359800,0.237000,0.251945,0.032584,-0.789370,0.003231,0.359772,0.236963,4.474634e-05,0.001312
511,1,128.1000,54.0000,6.0000,0.247800,0.031930,-0.789100,0.004011,0.359200,-0.034020,0.247797,0.031929,-0.789061,0.004011,0.359249,-0.034017,4.929065e-05,0.001445
512,1,132.3000,54.0000,6.0000,0.242500,0.031890,-0.783100,0.001307,0.358500,0.246700,0.242465,0.031892,-0.783074,0.001307,0.358507,0.246700,3.530139e-05,0.001035
513,1,136.5000,54.0000,6.0000,0.237200,0.030900,-0.783200,0.001980,0.357200,-0.018340,0.237184,0.030898,-0.783244,0.001980,0.357240,-0.018340,4.362256e-05,0.001279
514,1,140.7000,54.0000,6.0000,0.231600,0.030770,-0.777100,-0.000532,0.356100,0.264700,0.231593,0.030768,-0.777067,-0.000532,0.356102,0.264667,3.328982e-05,0.000976
515,1,144.9000,54.0000,6.0000,0.225300,0.029690,-0.776000,0.000317,0.355300,0.006264,0.225269,0.029686,-0.776041,0.000317,0.355315,0.006264,4.050079e-05,0.001187
516,1,149.1000,54.0000,6.0000,0.218300,0.031750,-0.751900,-0.001400,0.354600,0.295300,0.218339,0.031749,-0.751944,-0.001400,0.354582,0.295282,4.379501e-05,0.001284
517,1,153.3000,54.0000,6.0000,0.209300,0.030780,-0.751500,0.000620,0.346900,0.063230,0.209342,0.030783,-0.751454,0.000620,0.346944,0.063226,4.554926e-05,0.001335
518,1,157.5000,54.0000,6.0000,0.200700,0.008166,-0.903200,-0.004497,0.339700,0.336700,0.200651,0.008166,-0.903165,-0.004497,0.339685,0.336744,4.883120e-05,0.001432
519,1,161.7000,54.0000,6.0000,0.187800,0.041270,-0.680000,-0.007689,0.373800,-0.000584,0.187784,0.041274,-0.679988,-0.007689,0.373764,-0.000584,3.595845e-05,0.001054
520,1,165.9000,54.0000,6.0000,0.166100,0.085970,-0.450300,0.000345,0.355700,0.562000,0.166094,0.085971,-0.450314,0.000345,0.355708,0.561995,1.364854e-05,0.000400
521,1,2.1000,66.0000,6.0000,0.021050,-0.235700,-1.806000,-0.009593,0.543200,-0.650600,0.021050,-0.235722,-1.806080,-0.009593,0.543193,-0.650628,7.971341e-05,0.002337
522,1,6.3000,66.0000,6.0000,0.064770,-0.024740,-0.487600,0.008922,0.440800,-0.537800,0.064772,-0.024738,-0.487624,0.008922,0.440838,-0.537818,3.836220e-05,0.001125
523,1,10.5000,66.0000,6.0000,0.109400,-0.063200,-0.778900,0.006777,0.422300,-0.728100,0.109430,-0.063200,-0.778902,0.006777,0.422278,-0.728092,3.049552e-05,0.000894
524,1,14.7000,66.0000,6.0000,0.142900,-0.035990,-0.628300,0.016090,0.421900,-0.525600,0.142862,-0.035989,-0.628347,0.016092,0.421940,-0.525594,4.749142e-05,0.001392
525,1,18.9000,66.0000,6.0000,0.171300,-0.036330,-0.664700,0.015480,0.428800,-0.632300,0.171294,-0.036330,-0.664731,0.015480,0.428834,-0.632251,4.913983e-05,0.001441
526,1,23.1000,66.0000,6.0000,0.196100,-0.027290,-0.637200,0.022720,0.437900,-0.418500,0.196095,-0.027292,-0.637227,0.022715,0.437868,-0.418511,3.223678e-05,0.000945
527,1,27.3000,66.0000,6.0000,0.218500,-0.024390,-0.647300,0.019960,0.447500,-0.508400,0.218458,-0.024395,-0.647342,0.019963,0.447549,-0.508411,4.867165e-05,0.001427
528,1,31.5000,66.0000,6.0000,0.237700,-0.018940,-0.635800,0.025460,0.457100,-0.295700,0.237658,-0.018944,-0.635793,0.025459,0.457132,-0.295735,4.185864e-05,0.001227
529,1,35.7000,66.0000,6.0000,0.254700,-0.016500,-0.640400,0.021990,0.466400,-0.379700,0.254691,-0.016497,-0.640364,0.021988,0.466365,-0.379685,3.591573e-05,0.001053
530,1,39.9000,66.0000,6.0000,0.267500,-0.015280,-0.647900,0.026620,0.475200,-0.171600,0.267469,-0.015283,-0.647904,0.026622,0.475219,-0.171617,3.129138e-05,0.000917
531,1,44.1000,66.0000,6.0000,0.278700,-0.013400,-0.648600,0.022380,0.483400,-0.264800,0.278664,-0.013398,-0.648633,0.022384,0.483415,-0.264754,4.577380e-05,0.001342
532,1,48.3000,66.0000,6.0000,0.286700,-0.014100,-0.663100,0.026430,0.491100,-0.063600,0.286685,-0.014099,-0.663088,0.026427,0.491079,-0.063603,2.148314e-05,0.000630
533,1,52.5000,66.0000,6.0000,0.292900,-0.012630,-0.661700,0.021530,0.498200,-0.171300,0.292949,-0.012631,-0.661724,0.021529,0.498166,-0.171295,4.888369e-05,0.001433
534,1,56.7000,66.0000,6.0000,0.296700,-0.014460,-0.679000,0.025570,0.504900,0.022950,0.296662,-0.014462,-0.678972,0.025567,0.504945,0.022949,4.513870e-05,0.001323
535,1,60.9000,66.0000,6.0000,0.298700,-0.013590,-0.676400,0.020090,0.511000,-0.101000,0.298685,-0.013592,-0.676355,0.020091,0.511036,-0.100953,4.650489e-05,0.001363
536,1,65.1000,66.0000,6.0000,0.299800,-0.015760,-0.692300,0.023860,0.516800,0.086450,0.299824,-0.015756,-0.692316,0.023859,0.516778,0.086445,2.420912e-05,0.000710
537,1,69.3000,66.0000,6.0000,0.298600,-0.015150,-0.689300,0.018260,0.522000,-0.051750,0.298604,-0.015147,-0.689271,0.018261,0.521991,-0.051746,2.940423e-05,0.000862
538,1,73.5000,66.0000,6.0000,0.297300,-0.017260,-0.703300,0.021930,0.526800,0.130400,0.297322,-0.017260,-0.703342,0.021926,0.526830,0.130427,4.204271e-05,0.001233
539,1,77.7000,66.0000,6.0000,0.294300,-0.017250,-0.700500,0.015820,0.531000,-0.020490,0.294326,-0.017250,-0.700467,0.015820,0.530993,-0.020489,3.310117e-05,0.000970
540,1,81.9000,66.0000,6.0000,0.292000,-0.019200,-0.711300,0.019400,0.534800,0.158400,0.292014,-0.019204,-0.711250,0.019398,0.534816,0.158403,4.979938e-05,0.001460
541,1,86.1000,66.0000,6.0000,0.288000,-0.019270,-0.708700,0.013300,0.538000,-0.002788,0.287958,-0.019274,-0.708688,0.013296,0.538004,-0.002788,4.224364e-05,0.001238
542,1,90.3000,66.0000,6.0000,0.284200,-0.020960,-0.717000,0.016840,0.540700,0.173300,0.284208,-0.020959,-0.717023,0.016843,0.540707,0.173347,4.731675e-05,0.001387
543,1,94.5000,66.0000,6.0000,0.279700,-0.021100,-0.714600,0.010520,0.542800,0.005039,0.279725,-0.021099,-0.714590,0.010523,0.542840,0.005039,3.997811e-05,0.001172
544,1,98.7000,66.0000,6.0000,0.275700,-0.022530,-0.720200,0.014080,0.544400,0.179600,0.275726,-0.022533,-0.720176,0.014078,0.544422,0.179607,2.605401e-05,0.000764
545,1,102.9000,66.0000,6.0000,0.271700,-0.022960,-0.718100,0.007622,0.545600,0.006906,0.271667,-0.022962,-0.718077,0.007622,0.545595,0.006906,3.287406e-05,0.000964
546,1,107.1000,66.0000,6.0000,0.266900,-0.024170,-0.720600,0.011240,0.546400,0.181500,0.266947,-0.024167,-0.720642,0.011243,0.546424,0.181506,4.671796e-05,0.001370
547,1,111.3000,66.0000,6.0000,0.263200,-0.024550,-0.719300,0.004943,0.546800,0.006558,0.263190,-0.024553,-0.719279,0.004943,0.546820,0.006558,2.098346e-05,0.000615
548,1,115.5000,66.0000,6.0000,0.257800,-0.025420,-0.719700,0.008684,0.546900,0.181800,0.257847,-0.025423,-0.719738,0.008684,0.546888,0.181752,4.825350e-05,0.001415
549,1,119.7000,66.0000,6.0000,0.254400,-0.025940,-0.718700,0.002374,0.546600,0.007426,0.254391,-0.025936,-0.718738,0.002374,0.546565,0.007426,3.771388e-05,0.001106
550,1,123.9000,66.0000,6.0000,0.249600,-0.026560,-0.716300,0.006093,0.545800,0.184300,0.249607,-0.026558,-0.716324,0.006093,0.545822,0.184343,4.299655e-05,0.001261
551,1,128.1000,66.0000,6.0000,0.245600,-0.027420,-0.715800,0.000118,0.544600,0.013220,0.245623,-0.027416,-0.715828,0.000118,0.544616,0.013220,2.753910e-05,0.000807
552,1,132.3000,66.0000,6.0000,0.240300,-0.027750,-0.710700,0.003887,0.543100,0.192400,0.240314,-0.027746,-0.710680,0.003887,0.543085,0.192438,3.798192e-05,0.001114
553,1,136.5000,66.0000,6.0000,0.235500,-0.028750,-0.710300,-0.002150,0.541300,0.026880,0.235451,-0.028755,-0.710319,-0.002150,0.541299,0.026884,4.942041e-05,0.001449
554,1,140.7000,66.0000,6.0000,0.230200,-0.028780,-0.703200,0.001981,0.539100,0.209600,0.230181,-0.028777,-0.703227,0.001981,0.539068,0.209555,4.536924e-05,0.001330
555,1,144.9000,66.0000,6.0000,0.224300,-0.029940,-0.703900,-0.003854,0.536500,0.051660,0.224252,-0.029940,-0.703947,-0.003854,0.536509,0.051664,4.767611e-05,0.001398
556,1,149.1000,66.0000,6.0000,0.218000,-0.029350,-0.692600,0.000045,0.533500,0.239400,0.218037,-0.029349,-0.692629,0.000045,0.533514,0.239376,3.698792e-05,0.001084
557,1,153.3000,66.0000,6.0000,0.210300,-0.029230,-0.676700,-0.004993,0.531900,0.091990,0.210256,-0.029226,-0.676742,-0.004993,0.531931,0.091988,4.434824e-05,0.001300
558,1,157.5000,66.0000,6.0000,0.203300,-0.039060,-0.727400,-0.000815,0.530800,0.281300,0.203297,-0.039059,-0.727449,-0.000815,0.530846,0.281342,4.905009e-05,0.001438
559,1,161.7000,66.0000,6.0000,0.191500,-0.029830,-0.671400,-0.007474,0.518500,0.121700,0.191506,-0.029833,-0.671442,-0.007474,0.518451,0.121700,4.879900e-05,0.001431
560,1,165.9000,66.0000,6.0000,0.182300,0.007078,-0.377900,0.004257,0.514700,0.382400,0.182286,0.007078,-0.377944,0.004257,0.514723,0.382417,4.428200e-05,0.001298
561,1,2.1000,78.0000,6.0000,0.016260,-0.316400,-1.725000,0.001094,0.881200,-0.643700,0.016261,-0.316402,-1.724705,0.001094,0.881191,-0.643655,2.947532e-04,0.008641
562,1,6.3000,78.0000,6.0000,0.055790,-0.118000,-0.481800,-0.006665,0.683700,-0.503200,0.055791,-0.117955,-0.481756,-0.006665,0.683682,-0.503169,4.497714e-05,0.001319
563,1,10.5000,78.0000,6.0000,0.093520,-0.151100,-0.746400,0.006825,0.632500,-0.704800,0.093523,-0.151129,-0.746431,0.006825,0.632525,-0.704780,3.143906e-05,0.000922
564,1,14.7000,78.0000,6.0000,0.124700,-0.120300,-0.606800,0.011090,0.626800,-0.492100,0.124719,-0.120285,-0.606780,0.011085,0.626763,-0.492138,3.778233e-05,0.001108
565,1,18.9000,78.0000,6.0000,0.153100,-0.116600,-0.637100,0.016500,0.633800,-0.604400,0.153085,-0.116580,-0.637123,0.016503,0.633791,-0.604436,3.629337e-05,0.001064
566,1,23.1000,78.0000,6.0000,0.178700,-0.106600,-0.611600,0.016210,0.644600,-0.383600,0.178698,-0.106649,-0.611624,0.016207,0.644630,-0.383583,4.920288e-05,0.001442
567,1,27.3000,78.0000,6.0000,0.202000,-0.103400,-0.620500,0.019680,0.656300,-0.481000,0.201965,-0.103402,-0.620468,0.019679,0.656281,-0.481039,3.937838e-05,0.001154
568,1,31.5000,78.0000,6.0000,0.221600,-0.098430,-0.610300,0.018500,0.667900,-0.262300,0.221553,-0.098426,-0.610251,0.018496,0.667941,-0.262299,4.867948e-05,0.001427
569,1,35.7000,78.0000,6.0000,0.239500,-0.096300,-0.613800,0.021540,0.679400,-0.354300,0.239456,-0.096301,-0.613816,0.021544,0.679402,-0.354336,4.427644e-05,0.001298
570,1,39.9000,78.0000,6.0000,0.252700,-0.095890,-0.621500,0.019910,0.690500,-0.140300,0.252734,-0.095885,-0.621516,0.019910,0.690542,-0.140251,4.925822e-05,0.001444
571,1,44.1000,78.0000,6.0000,0.263900,-0.094640,-0.621900,0.022670,0.701200,-0.242200,0.263852,-0.094643,-0.621860,0.022674,0.701246,-0.242160,4.842027e-05,0.001420
572,1,48.3000,78.0000,6.0000,0.272200,-0.095870,-0.635900,0.020350,0.711300,-0.035000,0.272193,-0.095871,-0.635909,0.020352,0.711343,-0.034997,4.307194e-05,0.001263
573,1,52.5000,78.0000,6.0000,0.278200,-0.094950,-0.634300,0.022770,0.721000,-0.151700,0.278249,-0.094948,-0.634285,0.022774,0.721011,-0.151685,4.889334e-05,0.001433
574,1,56.7000,78.0000,6.0000,0.281900,-0.097220,-0.651100,0.019990,0.730000,0.048910,0.281863,-0.097219,-0.651069,0.019985,0.730046,0.048905,4.577114e-05,0.001342
575,1,60.9000,78.0000,6.0000,0.283900,-0.096820,-0.648400,0.021940,0.738500,-0.084840,0.283864,-0.096816,-0.648353,0.021943,0.738502,-0.084842,4.658857e-05,0.001366
576,1,65.1000,78.0000,6.0000,0.284800,-0.099210,-0.663700,0.018770,0.746300,0.109300,0.284776,-0.099212,-0.663748,0.018765,0.746264,0.109261,4.770754e-05,0.001399
577,1,69.3000,78.0000,6.0000,0.283800,-0.099310,-0.660800,0.020630,0.753500,-0.038730,0.283819,-0.099305,-0.660827,0.020627,0.753480,-0.038728,2.709128e-05,0.000794
578,1,73.5000,78.0000,6.0000,0.282400,-0.102000,-0.674400,0.016820,0.760000,0.150100,0.282379,-0.101973,-0.674441,0.016824,0.760042,0.150085,4.165615e-05,0.001221
579,1,77.7000,78.0000,6.0000,0.279500,-0.102300,-0.671600,0.018280,0.766000,-0.011460,0.279494,-0.102278,-0.671561,0.018278,0.765959,-0.011465,4.099585e-05,0.001202
580,1,81.9000,78.0000,6.0000,0.277000,-0.104500,-0.681900,0.014520,0.771100,0.174800,0.277020,-0.104516,-0.681934,0.014516,0.771108,0.174757,4.313454e-05,0.001265
581,1,86.1000,78.0000,6.0000,0.273100,-0.105100,-0.679300,0.016110,0.775600,0.002777,0.273092,-0.105063,-0.679326,0.016111,0.775645,0.002777,4.464416e-05,0.001309
582,1,90.3000,78.0000,6.0000,0.269300,-0.107200,-0.687400,0.012100,0.779400,0.186600,0.269259,-0.107175,-0.687431,0.012102,0.779432,0.186553,4.705211e-05,0.001379
583,1,94.5000,78.0000,6.0000,0.265000,-0.107800,-0.685100,0.013550,0.782500,0.007342,0.265036,-0.107762,-0.685118,0.013547,0.782492,0.007342,3.782876e-05,0.001109
584,1,98.7000,78.0000,6.0000,0.261200,-0.109400,-0.690500,0.009342,0.784800,0.189200,0.261233,-0.109393,-0.690503,0.009342,0.784797,0.189153,4.685873e-05,0.001374
585,1,102.9000,78.0000,6.0000,0.257100,-0.110000,-0.688500,0.010610,0.786400,0.005933,0.257064,-0.109968,-0.688470,0.010605,0.786429,0.005933,3.574444e-05,0.001048
586,1,107.1000,78.0000,6.0000,0.252500,-0.111400,-0.691000,0.006537,0.787400,0.188100,0.252546,-0.111352,-0.690992,0.006537,0.787374,0.188076,4.792481e-05,0.001405
587,1,111.3000,78.0000,6.0000,0.249100,-0.112000,-0.689700,0.008058,0.787700,0.002356,0.249058,-0.111950,-0.689657,0.008058,0.787717,0.002356,4.953437e-05,0.001452
588,1,115.5000,78.0000,6.0000,0.244200,-0.113000,-0.689900,0.003891,0.787600,0.185300,0.244211,-0.112987,-0.689895,0.003891,0.787560,0.185276,3.951578e-05,0.001158
589,1,119.7000,78.0000,6.0000,0.240900,-0.113600,-0.689100,0.005337,0.786800,0.000338,0.240894,-0.113609,-0.689063,0.005337,0.786785,0.000338,3.686082e-05,0.001081
590,1,123.9000,78.0000,6.0000,0.236100,-0.114100,-0.686700,0.001407,0.785300,0.185200,0.236059,-0.114110,-0.686743,0.001407,0.785343,0.185228,4.331337e-05,0.001270
591,1,128.1000,78.0000,6.0000,0.232500,-0.114700,-0.686200,0.003035,0.783300,0.003320,0.232464,-0.114740,-0.686197,0.003035,0.783333,0.003320,3.995334e-05,0.001171
592,1,132.3000,78.0000,6.0000,0.227600,-0.115000,-0.681200,-0.000825,0.780800,0.190700,0.227620,-0.115022,-0.681165,-0.000825,0.780846,0.190733,4.649765e-05,0.001363
593,1,136.5000,78.0000,6.0000,0.222900,-0.115900,-0.681100,0.000938,0.777900,0.014850,0.222909,-0.115950,-0.681094,0.000938,0.777910,0.014851,4.975227e-05,0.001459
594,1,140.7000,78.0000,6.0000,0.217900,-0.115800,-0.673900,-0.002570,0.774500,0.205300,0.217915,-0.115779,-0.673915,-0.002570,0.774504,0.205277,2.324788e-05,0.000682
595,1,144.9000,78.0000,6.0000,0.212500,-0.116800,-0.673900,-0.000653,0.770700,0.037100,0.212518,-0.116804,-0.673893,-0.000653,0.770674,0.037101,2.632891e-05,0.000772
596,1,149.1000,78.0000,6.0000,0.206400,-0.116100,-0.662400,-0.004171,0.766700,0.233100,0.206415,-0.116093,-0.662391,-0.004171,0.766650,0.233083,4.983677e-05,0.001461
597,1,153.3000,78.0000,6.0000,0.198200,-0.116400,-0.657000,-0.002396,0.761700,0.079070,0.198249,-0.116366,-0.656999,-0.002396,0.761722,0.079068,4.857725e-05,0.001424
598,1,157.5000,78.0000,6.0000,0.190700,-0.124300,-0.702300,-0.004893,0.755800,0.275300,0.190750,-0.124258,-0.702324,-0.004893,0.755835,0.275259,4.975003e-05,0.001459
599,1,161.7000,78.0000,6.0000,0.180900,-0.119200,-0.648200,-0.001339,0.753200,0.086740,0.180898,-0.119164,-0.648215,-0.001339,0.753231,0.086737,3.615678e-05,0.001060
600,1,165.9000,78.0000,6.0000,0.170000,-0.082320,-0.398200,-0.006955,0.748600,0.389600,0.170015,-0.082316,-0.398215,-0.006955,0.748595,0.389590,1.530748e-05,0.000449
601,1,2.1000,90.0000,6.0000,0.001492,-0.429300,-1.745000,-0.015550,1.280000,-0.639300,0.001492,-0.429280,-1.745322,-0.015547,1.280425,-0.639275,4.251799e-04,0.012465
602,1,6.3000,90.0000,6.0000,0.019400,-0.250700,-0.558400,0.005925,0.959100,-0.475400,0.019400,-0.250664,-0.558396,0.005925,0.959072,-0.475443,4.275751e-05,0.001254
603,1,10.5000,90.0000,6.0000,0.056110,-0.259200,-0.792700,0.004369,0.878900,-0.671400,0.056110,-0.259214,-0.792675,0.004369,0.878947,-0.671351,4.920069e-05,0.001442
604,1,14.7000,90.0000,6.0000,0.090970,-0.224700,-0.654400,0.005865,0.866800,-0.455300,0.090969,-0.224740,-0.654401,0.005865,0.866762,-0.455276,4.025269e-05,0.001180
605,1,18.9000,90.0000,6.0000,0.122900,-0.221500,-0.684400,0.003434,0.872300,-0.573400,0.122949,-0.221508,-0.684351,0.003434,0.872335,-0.573410,4.939459e-05,0.001448
606,1,23.1000,90.0000,6.0000,0.150700,-0.213800,-0.664200,0.006999,0.883300,-0.345000,0.150749,-0.213784,-0.664153,0.006999,0.883254,-0.344989,4.859491e-05,0.001425
607,1,27.3000,90.0000,6.0000,0.175200,-0.211700,-0.672400,0.006670,0.895800,-0.448900,0.175245,-0.211738,-0.672383,0.006670,0.895835,-0.448940,4.481430e-05,0.001314
608,1,31.5000,90.0000,6.0000,0.195200,-0.208400,-0.665700,0.011370,0.909500,-0.221600,0.195243,-0.208366,-0.665736,0.011369,0.909474,-0.221625,4.263575e-05,0.001250
609,1,35.7000,90.0000,6.0000,0.212600,-0.207100,-0.669200,0.010560,0.923300,-0.322500,0.212564,-0.207067,-0.669208,0.010562,0.923314,-0.322463,3.743175e-05,0.001097
610,1,39.9000,90.0000,6.0000,0.225500,-0.207300,-0.679200,0.014790,0.937400,-0.100100,0.225536,-0.207318,-0.679226,0.014793,0.937395,-0.100137,3.736924e-05,0.001096
611,1,44.1000,90.0000,6.0000,0.235700,-0.206700,-0.679900,0.013690,0.951000,-0.212600,0.235708,-0.206671,-0.679866,0.013689,0.951035,-0.212617,3.544856e-05,0.001039
612,1,48.3000,90.0000,6.0000,0.243200,-0.208700,-0.695800,0.017050,0.964400,0.003063,0.243192,-0.208653,-0.695769,0.017052,0.964417,0.003063,4.715089e-05,0.001382
613,1,52.5000,90.0000,6.0000,0.248600,-0.208500,-0.694500,0.015170,0.977000,-0.125700,0.248577,-0.208467,-0.694524,0.015169,0.976986,-0.125729,3.269977e-05,0.000959
614,1,56.7000,90.0000,6.0000,0.251700,-0.211400,-0.712700,0.017760,0.989100,0.083700,0.251726,-0.211443,-0.712664,0.017755,0.989081,0.083701,4.348683e-05,0.001275
615,1,60.9000,90.0000,6.0000,0.253000,-0.211700,-0.710400,0.015270,1.000000,-0.062870,0.253016,-0.211660,-0.710381,0.015273,1.000387,-0.062874,3.872102e-04,0.011352
616,1,65.1000,90.0000,6.0000,0.253100,-0.214900,-0.726700,0.017460,1.011000,0.140200,0.253083,-0.214889,-0.726737,0.017460,1.011047,0.140196,4.746214e-05,0.001391
617,1,69.3000,90.0000,6.0000,0.251700,-0.215600,-0.724200,0.014350,1.021000,-0.021030,0.251656,-0.215616,-0.724188,0.014346,1.020708,-0.021031,2.917612e-04,0.008554
618,1,73.5000,90.0000,6.0000,0.249700,-0.218900,-0.738600,0.016220,1.030000,0.176900,0.249678,-0.218882,-0.738567,0.016216,1.029576,0.176926,4.236749e-04,0.012421
619,1,77.7000,90.0000,6.0000,0.247000,-0.219700,-0.736000,0.012700,1.037000,0.001520,0.247006,-0.219658,-0.735972,0.012698,1.037412,0.001520,4.119649e-04,0.012078
620,1,81.9000,90.0000,6.0000,0.243900,-0.222400,-0.747100,0.014460,1.044000,0.196900,0.243866,-0.222449,-0.747148,0.014460,1.044412,0.196863,4.120729e-04,0.012081
621,1,86.1000,90.0000,6.0000,0.239900,-0.223400,-0.744700,0.010780,1.050000,0.010730,0.239927,-0.223371,-0.744749,0.010780,1.050377,0.010732,3.770558e-04,0.011054
622,1,90.3000,90.0000,6.0000,0.236000,-0.226000,-0.753100,0.012390,1.055000,0.203800,0.236013,-0.225959,-0.753142,0.012394,1.055483,0.203795,4.833539e-04,0.014170
623,1,94.5000,90.0000,6.0000,0.231700,-0.227100,-0.750900,0.008520,1.060000,0.010390,0.231745,-0.227061,-0.750931,0.008520,1.059545,0.010394,4.548279e-04,0.013334
624,1,98.7000,90.0000,6.0000,0.228000,-0.229100,-0.756500,0.010070,1.063000,0.201700,0.227953,-0.229139,-0.756455,0.010071,1.062658,0.201731,3.424378e-04,0.010039
625,1,102.9000,90.0000,6.0000,0.224000,-0.229900,-0.754500,0.006076,1.065000,0.004362,0.223994,-0.229900,-0.754494,0.006076,1.064865,0.004362,1.345193e-04,0.003944
626,1,107.1000,90.0000,6.0000,0.219600,-0.231300,-0.756900,0.007638,1.066000,0.196100,0.219644,-0.231284,-0.756937,0.007638,1.066126,0.196087,1.257232e-04,0.003686
627,1,111.3000,90.0000,6.0000,0.215800,-0.232200,-0.755600,0.003853,1.066000,-0.003498,0.215788,-0.232154,-0.755644,0.003853,1.066462,-0.003498,4.619207e-04,0.013542
628,1,115.5000,90.0000,6.0000,0.211700,-0.233200,-0.755600,0.005401,1.066000,0.189200,0.211660,-0.233187,-0.755622,0.005401,1.065962,0.189184,3.988014e-05,0.001169
629,1,119.7000,90.0000,6.0000,0.208600,-0.233800,-0.754700,0.001539,1.065000,-0.009623,0.208602,-0.233759,-0.754677,0.001539,1.064598,-0.009623,4.019380e-04,0.011784
630,1,123.9000,90.0000,6.0000,0.204000,-0.234300,-0.752000,0.003259,1.062000,0.184900,0.204013,-0.234278,-0.752048,0.003259,1.062329,0.184855,3.288596e-04,0.009641
631,1,128.1000,90.0000,6.0000,0.200700,-0.234900,-0.751500,-0.000526,1.059000,-0.010540,0.200709,-0.234873,-0.751527,-0.000527,1.059280,-0.010538,2.804098e-04,0.008221
632,1,132.3000,90.0000,6.0000,0.196200,-0.234800,-0.745700,0.001161,1.055000,0.186300,0.196189,-0.234766,-0.745713,0.001161,1.055488,0.186315,4.876861e-04,0.014297
633,1,136.5000,90.0000,6.0000,0.191900,-0.235400,-0.745400,-0.002397,1.051000,-0.002467,0.191927,-0.235431,-0.745358,-0.002397,1.050944,-0.002467,5.626900e-05,0.001650
634,1,140.7000,90.0000,6.0000,0.187400,-0.235100,-0.737600,-0.000351,1.046000,0.197600,0.187363,-0.235102,-0.737628,-0.000352,1.045576,0.197554,4.236786e-04,0.012421
635,1,144.9000,90.0000,6.0000,0.182500,-0.235800,-0.737500,-0.003636,1.040000,0.016910,0.182527,-0.235840,-0.737491,-0.003636,1.039787,0.016910,2.125646e-04,0.006232
636,1,149.1000,90.0000,6.0000,0.176700,-0.234900,-0.724900,-0.001681,1.033000,0.223000,0.176697,-0.234895,-0.724922,-0.001681,1.033379,0.222987,3.794492e-04,0.011124
637,1,153.3000,90.0000,6.0000,0.169600,-0.234900,-0.718600,-0.004708,1.027000,0.056700,0.169589,-0.234859,-0.718633,-0.004708,1.027046,0.056703,4.593794e-05,0.001347
638,1,157.5000,90.0000,6.0000,0.162900,-0.242100,-0.759900,-0.002662,1.021000,0.263500,0.162876,-0.242056,-0.759896,-0.002662,1.021165,0.263537,1.645443e-04,0.004824
639,1,161.7000,90.0000,6.0000,0.154200,-0.235900,-0.704700,-0.006799,1.012000,0.065180,0.154210,-0.235901,-0.704691,-0.006799,1.012118,0.065184,1.178563e-04,0.003455
640,1,165.9000,90.0000,6.0000,0.143700,-0.199500,-0.447400,-0.001927,1.003000,0.373600,0.143701,-0.199480,-0.447387,-0.001927,1.002973,0.373629,2.871911e-05,0.000842
641,1,2.1000,102.0000,6.0000,-0.004509,-0.625700,-1.355000,0.027980,1.623000,-0.545800,-0.004509,-0.625661,-1.354667,0.027980,1.623495,-0.545755,4.952322e-04,0.014519
642,1,6.3000,102.0000,6.0000,0.034130,-0.362700,-0.265500,-0.019720,1.230000,-0.488400,0.034135,-0.362713,-0.265510,-0.019718,1.229809,-0.488440,1.914815e-04,0.005614
643,1,10.5000,102.0000,6.0000,0.079840,-0.395200,-0.591700,-0.023760,1.115000,-0.638000,0.079838,-0.395164,-0.591695,-0.023762,1.114534,-0.637950,4.664122e-04,0.013674
644,1,14.7000,102.0000,6.0000,0.117500,-0.369100,-0.455200,-0.027990,1.081000,-0.460500,0.117486,-0.369149,-0.455211,-0.027987,1.081205,-0.460500,2.054606e-04,0.006023
645,1,18.9000,102.0000,6.0000,0.148500,-0.369800,-0.482100,-0.013920,1.077000,-0.517100,0.148523,-0.369794,-0.482083,-0.013924,1.077483,-0.517103,4.830985e-04,0.014163
646,1,23.1000,102.0000,6.0000,0.173700,-0.364900,-0.467500,-0.015720,1.086000,-0.330200,0.173734,-0.364928,-0.467519,-0.015721,1.086003,-0.330230,3.445841e-05,0.001010
647,1,27.3000,102.0000,6.0000,0.195400,-0.362800,-0.470200,-0.001796,1.100000,-0.381200,0.195401,-0.362783,-0.470159,-0.001796,1.099995,-0.381152,4.777727e-05,0.001401
648,1,31.5000,102.0000,6.0000,0.212600,-0.360700,-0.466500,-0.005720,1.116000,-0.200100,0.212555,-0.360749,-0.466495,-0.005720,1.116120,-0.200088,1.200999e-04,0.003521
649,1,35.7000,102.0000,6.0000,0.227000,-0.359300,-0.464400,0.006319,1.133000,-0.252400,0.226966,-0.359278,-0.464417,0.006319,1.133271,-0.252414,2.714526e-04,0.007958
650,1,39.9000,102.0000,6.0000,0.238000,-0.360600,-0.475100,0.000339,1.150000,-0.079080,0.238039,-0.360604,-0.475147,0.000339,1.150306,-0.079081,3.063308e-04,0.008981
651,1,44.1000,102.0000,6.0000,0.246600,-0.360100,-0.470000,0.011170,1.167000,-0.143700,0.246550,-0.360110,-0.470017,0.011168,1.167477,-0.143698,4.773751e-04,0.013995
652,1,48.3000,102.0000,6.0000,0.252900,-0.363500,-0.485500,0.003626,1.184000,0.020940,0.252884,-0.363480,-0.485542,0.003626,1.183724,0.020943,2.757410e-04,0.008084
653,1,52.5000,102.0000,6.0000,0.257100,-0.363800,-0.478900,0.013920,1.200000,-0.059640,0.257135,-0.363762,-0.478885,0.013917,1.199925,-0.059637,7.498181e-05,0.002198
654,1,56.7000,102.0000,6.0000,0.259800,-0.368100,-0.495700,0.005094,1.215000,0.096490,0.259830,-0.368081,-0.495746,0.005094,1.214937,0.096494,6.307183e-05,0.001849
655,1,60.9000,102.0000,6.0000,0.260500,-0.369000,-0.488600,0.014800,1.229000,-0.000942,0.260499,-0.368998,-0.488590,0.014799,1.229416,-0.000942,4.161566e-04,0.012200
656,1,65.1000,102.0000,6.0000,0.260100,-0.373600,-0.504200,0.005179,1.243000,0.147000,0.260140,-0.373604,-0.504165,0.005179,1.242545,0.146989,4.552813e-04,0.013347
657,1,69.3000,102.0000,6.0000,0.258500,-0.374900,-0.497500,0.014580,1.255000,0.035640,0.258481,-0.374883,-0.497542,0.014583,1.254978,0.035638,4.231124e-05,0.001240
658,1,73.5000,102.0000,6.0000,0.256200,-0.379400,-0.511300,0.004526,1.266000,0.177300,0.256214,-0.379428,-0.511263,0.004526,1.265867,0.177295,1.327868e-04,0.003893
659,1,77.7000,102.0000,6.0000,0.253700,-0.380900,-0.505500,0.013920,1.276000,0.052880,0.253664,-0.380860,-0.505505,0.013922,1.275854,0.052883,1.459907e-04,0.004280
660,1,81.9000,102.0000,6.0000,0.250100,-0.385000,-0.516200,0.003395,1.284000,0.190600,0.250102,-0.385022,-0.516200,0.003395,1.284326,0.190615,3.262220e-04,0.009564
661,1,86.1000,102.0000,6.0000,0.246400,-0.386600,-0.511400,0.012930,1.292000,0.056140,0.246425,-0.386573,-0.511384,0.012932,1.291854,0.056136,1.462165e-04,0.004287
662,1,90.3000,102.0000,6.0000,0.242500,-0.389800,-0.519400,0.002229,1.298000,0.190600,0.242473,-0.389787,-0.519372,0.002229,1.297976,0.190585,2.814985e-05,0.000825
663,1,94.5000,102.0000,6.0000,0.238100,-0.391100,-0.515600,0.011460,1.303000,0.049820,0.238098,-0.391057,-0.515599,0.011455,1.303078,0.049817,7.781820e-05,0.002281
664,1,98.7000,102.0000,6.0000,0.234400,-0.393600,-0.520800,0.000538,1.307000,0.181900,0.234429,-0.393609,-0.520809,0.000538,1.306758,0.181940,2.417081e-04,0.007086
665,1,102.9000,102.0000,6.0000,0.230500,-0.394800,-0.518100,0.009980,1.309000,0.037820,0.230540,-0.394836,-0.518139,0.009980,1.309391,0.037823,3.913627e-04,0.011474
666,1,107.1000,102.0000,6.0000,0.226700,-0.396500,-0.520400,-0.001050,1.311000,0.170100,0.226694,-0.396496,-0.520373,-0.001050,1.310899,0.170085,1.010246e-04,0.002962
667,1,111.3000,102.0000,6.0000,0.222600,-0.397400,-0.519100,0.008364,1.311000,0.023990,0.222639,-0.397368,-0.519118,0.008364,1.311203,0.023987,2.033330e-04,0.005961
668,1,115.5000,102.0000,6.0000,0.218600,-0.398400,-0.519300,-0.002610,1.310000,0.157500,0.218646,-0.398363,-0.519297,-0.002610,1.310334,0.157482,3.344614e-04,0.009805
669,1,119.7000,102.0000,6.0000,0.215600,-0.398900,-0.518800,0.006988,1.308000,0.012280,0.215631,-0.398906,-0.518819,0.006988,1.308334,0.012281,3.339374e-04,0.009790
670,1,123.9000,102.0000,6.0000,0.211400,-0.399000,-0.516200,-0.003940,1.305000,0.147400,0.211389,-0.399015,-0.516244,-0.003940,1.305258,0.147440,2.583775e-04,0.007575
671,1,128.1000,102.0000,6.0000,0.208200,-0.399400,-0.517400,0.005466,1.301000,0.005804,0.208205,-0.399406,-0.517424,0.005466,1.301020,0.005804,2.371227e-05,0.000695
672,1,132.3000,102.0000,6.0000,0.203800,-0.398800,-0.511800,-0.005329,1.296000,0.143900,0.203756,-0.398796,-0.511810,-0.005329,1.295905,0.143947,9.509777e-05,0.002788
673,1,136.5000,102.0000,6.0000,0.199700,-0.399000,-0.513600,0.004312,1.290000,0.008885,0.199707,-0.399028,-0.513599,0.004312,1.289713,0.008885,2.871502e-04,0.008418
674,1,140.7000,102.0000,6.0000,0.195300,-0.397700,-0.506600,-0.006254,1.283000,0.151000,0.195287,-0.397718,-0.506614,-0.006254,1.282692,0.151024,3.081696e-04,0.009035
675,1,144.9000,102.0000,6.0000,0.190600,-0.398100,-0.509600,0.003291,1.275000,0.023900,0.190582,-0.398063,-0.509636,0.003291,1.274655,0.023903,3.446175e-04,0.010103
676,1,149.1000,102.0000,6.0000,0.184700,-0.396000,-0.497700,-0.006895,1.266000,0.172700,0.184714,-0.395987,-0.497718,-0.006895,1.265952,0.172663,4.765151e-05,0.001397
677,1,153.3000,102.0000,6.0000,0.178300,-0.394600,-0.488100,0.002313,1.255000,0.058140,0.178276,-0.394629,-0.488074,0.002313,1.255407,0.058139,4.073267e-04,0.011942
678,1,157.5000,102.0000,6.0000,0.171300,-0.402400,-0.540600,-0.007594,1.244000,0.209000,0.171327,-0.402370,-0.540599,-0.007594,1.243794,0.209038,2.055149e-04,0.006025
679,1,161.7000,102.0000,6.0000,0.160200,-0.394900,-0.511800,0.004440,1.240000,0.078750,0.160195,-0.394904,-0.511808,0.004440,1.240313,0.078746,3.126880e-04,0.009167
680,1,165.9000,102.0000,6.0000,0.148800,-0.347500,-0.195300,-0.010610,1.235000,0.320300,0.148819,-0.347486,-0.195306,-0.010613,1.235092,0.320328,9.188959e-05,0.002694
681,1,2.1000,114.0000,6.0000,-0.028440,-0.751200,-3.411000,-0.046660,1.956000,-1.055000,-0.028444,-0.751168,-3.410953,-0.046656,1.955596,-1.054828,4.043161e-04,0.011853
682,1,6.3000,114.0000,6.0000,-0.023380,-0.495700,-1.234000,-0.053200,1.355000,-0.451600,-0.023376,-0.495735,-1.234316,-0.053203,1.354658,-0.451571,3.422249e-04,0.010033
683,1,10.5000,114.0000,6.0000,-0.008511,-0.553600,-1.571000,-0.031090,1.173000,-0.785100,-0.008511,-0.553577,-1.571453,-0.031093,1.173030,-0.785099,4.528939e-04,0.013277
684,1,14.7000,114.0000,6.0000,0.003380,-0.530000,-1.451000,-0.031370,1.135000,-0.281100,0.003380,-0.530010,-1.450549,-0.031374,1.134840,-0.281088,4.514368e-04,0.013235
685,1,18.9000,114.0000,6.0000,0.015320,-0.526700,-1.482000,-0.012310,1.136000,-0.628000,0.015319,-0.526666,-1.481572,-0.012310,1.136185,-0.627961,4.276766e-04,0.012538
686,1,23.1000,114.0000,6.0000,0.025870,-0.521000,-1.495000,-0.017690,1.151000,-0.130600,0.025871,-0.521024,-1.495238,-0.017690,1.151153,-0.130588,2.378984e-04,0.006974
687,1,27.3000,114.0000,6.0000,0.036490,-0.515800,-1.503000,-0.002207,1.167000,-0.492700,0.036493,-0.515803,-1.503439,-0.002207,1.167230,-0.492711,4.386447e-04,0.012860
688,1,31.5000,114.0000,6.0000,0.045350,-0.514100,-1.527000,-0.011020,1.186000,0.006117,0.045352,-0.514052,-1.526513,-0.011019,1.185838,0.006117,4.872504e-04,0.014285
689,1,35.7000,114.0000,6.0000,0.052910,-0.510800,-1.530000,0.002864,1.203000,-0.367600,0.052911,-0.510850,-1.530398,0.002864,1.203376,-0.367551,3.979110e-04,0.011666
690,1,39.9000,114.0000,6.0000,0.057810,-0.514300,-1.571000,-0.007729,1.223000,0.132800,0.057813,-0.514339,-1.571001,-0.007729,1.223491,0.132832,4.907852e-04,0.014388
691,1,44.1000,114.0000,6.0000,0.061410,-0.513000,-1.572000,0.005483,1.241000,-0.265800,0.061410,-0.512975,-1.572062,0.005483,1.241295,-0.265755,2.946271e-04,0.008638
692,1,48.3000,114.0000,6.0000,0.063800,-0.518700,-1.616000,-0.006119,1.261000,0.235800,0.063800,-0.518730,-1.616272,-0.006119,1.260935,0.235786,2.724235e-04,0.007987
693,1,52.5000,114.0000,6.0000,0.064160,-0.518800,-1.616000,0.007155,1.278000,-0.190400,0.064162,-0.518789,-1.615534,0.007155,1.277855,-0.190369,4.660446e-04,0.013663
694,1,56.7000,114.0000,6.0000,0.063150,-0.525900,-1.659000,-0.005214,1.296000,0.312100,0.063147,-0.525913,-1.658736,-0.005214,1.296139,0.312076,2.643646e-04,0.007750
695,1,60.9000,114.0000,6.0000,0.060560,-0.526900,-1.657000,0.008064,1.311000,-0.141900,0.060558,-0.526887,-1.656631,0.008064,1.311248,-0.141923,3.687047e-04,0.010809
696,1,65.1000,114.0000,6.0000,0.057560,-0.534100,-1.695000,-0.004868,1.327000,0.361600,0.057558,-0.534104,-1.695088,-0.004868,1.327001,0.361630,8.815376e-05,0.002584
697,1,69.3000,114.0000,6.0000,0.053840,-0.535400,-1.692000,0.008490,1.340000,-0.115800,0.053839,-0.535438,-1.692210,0.008490,1.339745,-0.115807,2.546698e-04,0.007466
698,1,73.5000,114.0000,6.0000,0.049210,-0.542200,-1.725000,-0.004797,1.353000,0.389500,0.049214,-0.542167,-1.724847,-0.004797,1.352815,0.389536,1.848774e-04,0.005420
699,1,77.7000,114.0000,6.0000,0.044840,-0.543700,-1.722000,0.008755,1.363000,-0.108700,0.044835,-0.543712,-1.722158,0.008755,1.362993,-0.108725,1.580648e-04,0.004634
700,1,81.9000,114.0000,6.0000,0.039330,-0.549500,-1.747000,-0.005061,1.373000,0.399400,0.039326,-0.549454,-1.747481,-0.005061,1.373099,0.399374,4.808437e-04,0.014097
701,1,86.1000,114.0000,6.0000,0.034600,-0.551000,-1.745000,0.008738,1.381000,-0.114800,0.034595,-0.550993,-1.744808,0.008738,1.380620,-0.114829,3.804340e-04,0.011153
702,1,90.3000,114.0000,6.0000,0.029730,-0.555700,-1.763000,-0.005136,1.388000,0.395200,0.029731,-0.555738,-1.763014,-0.005136,1.387752,0.395158,2.484333e-04,0.007283
703,1,94.5000,114.0000,6.0000,0.024760,-0.557300,-1.760000,0.008632,1.393000,-0.129400,0.024757,-0.557273,-1.760226,0.008632,1.392721,-0.129384,2.785585e-04,0.008166
704,1,98.7000,114.0000,6.0000,0.020360,-0.560600,-1.772000,-0.005414,1.397000,0.381800,0.020356,-0.560580,-1.771768,-0.005414,1.397016,0.381767,2.324527e-04,0.006815
705,1,102.9000,114.0000,6.0000,0.015590,-0.561800,-1.769000,0.008556,1.399000,-0.148800,0.015590,-0.561776,-1.769416,0.008556,1.399499,-0.148807,4.992881e-04,0.014638
706,1,107.1000,114.0000,6.0000,0.011770,-0.563800,-1.774000,-0.005611,1.401000,0.364400,0.011773,-0.563764,-1.773745,-0.005611,1.400911,0.364388,2.551814e-04,0.007481
707,1,111.3000,114.0000,6.0000,0.007938,-0.564700,-1.772000,0.008238,1.401000,-0.169400,0.007938,-0.564722,-1.771932,0.008238,1.400894,-0.169391,1.063669e-04,0.003118
708,1,115.5000,114.0000,6.0000,0.004403,-0.565500,-1.770000,-0.006010,1.400000,0.345500,0.004403,-0.565457,-1.770421,-0.006010,1.399629,0.345511,4.208960e-04,0.012339
709,1,119.7000,114.0000,6.0000,0.001578,-0.566000,-1.769000,0.008063,1.397000,-0.187000,0.001578,-0.565970,-1.768767,0.008063,1.397185,-0.186960,2.330508e-04,0.006832
710,1,123.9000,114.0000,6.0000,-0.001801,-0.565600,-1.761000,-0.006096,1.393000,0.328900,-0.001801,-0.565572,-1.760692,-0.006096,1.393267,0.328888,3.078908e-04,0.009026
711,1,128.1000,114.0000,6.0000,-0.004117,-0.565900,-1.760000,0.007776,1.389000,-0.197900,-0.004117,-0.565893,-1.759909,0.007776,1.388641,-0.197883,3.591985e-04,0.010531
712,1,132.3000,114.0000,6.0000,-0.007513,-0.564100,-1.745000,-0.006351,1.382000,0.318300,-0.007513,-0.564101,-1.745160,-0.006351,1.382200,0.318271,2.000853e-04,0.005866
713,1,136.5000,114.0000,6.0000,-0.010120,-0.564200,-1.744000,0.007605,1.375000,-0.198500,-0.010121,-0.564152,-1.744199,0.007605,1.375273,-0.198531,2.728605e-04,0.007999
714,1,140.7000,114.0000,6.0000,-0.013150,-0.561600,-1.725000,-0.006256,1.366000,0.318100,-0.013148,-0.561556,-1.725070,-0.006256,1.366323,0.318113,3.231694e-04,0.009474
715,1,144.9000,114.0000,6.0000,-0.016040,-0.561400,-1.724000,0.007476,1.357000,-0.186100,-0.016036,-0.561382,-1.723804,0.007476,1.357156,-0.186139,1.958743e-04,0.005742
716,1,149.1000,114.0000,6.0000,-0.019920,-0.556500,-1.690000,-0.006114,1.346000,0.332700,-0.019923,-0.556546,-1.689785,-0.006114,1.346124,0.332679,2.146293e-04,0.006292
717,1,153.3000,114.0000,6.0000,-0.024480,-0.555100,-1.680000,0.007027,1.339000,-0.143600,-0.024479,-0.555146,-1.680304,0.007027,1.339404,-0.143598,4.039465e-04,0.011842
718,1,157.5000,114.0000,6.0000,-0.029050,-0.572300,-1.795000,-0.003856,1.330000,0.361500,-0.029055,-0.572349,-1.794575,-0.003856,1.330026,0.361496,4.246440e-04,0.012449
719,1,161.7000,114.0000,6.0000,-0.033690,-0.547300,-1.610000,0.013090,1.281000,-0.216500,-0.033687,-0.547315,-1.609914,0.013085,1.280930,-0.216484,8.610080e-05,0.002524
720,1,165.9000,114.0000,6.0000,-0.042440,-0.461500,-1.032000,-0.013520,1.260000,0.550800,-0.042445,-0.461476,-1.032430,-0.013524,1.260198,0.550829,4.298727e-04,0.012603
721,1,174.0000,2.0000,6.0000,0.162000,0.100200,-0.790100,0.000799,-0.138700,0.359000,0.161986,0.100152,-0.790083,0.000799,-0.138703,0.359028,4.833899e-05,0.001417
722,1,186.0000,2.0000,6.0000,0.101500,0.100700,-0.716800,-0.002438,-0.097860,0.532300,0.101512,0.100750,-0.716804,-0.002438,-0.097865,0.532324,4.985222e-05,0.001462
723,1,198.0000,2.0000,6.0000,0.014710,0.090480,-0.686400,0.000984,-0.099680,0.761200,0.014710,0.090483,-0.686425,0.000984,-0.099682,0.761190,2.468457e-05,0.000724
724,1,210.0000,2.0000,6.0000,-0.103000,0.061540,-0.748700,-0.001605,-0.108000,1.030000,-0.103006,0.061537,-0.748670,-0.001605,-0.108006,1.029520,4.795639e-04,0.014059
725,1,222.0000,2.0000,6.0000,-0.264300,0.069990,-0.521200,0.005374,-0.075960,1.266000,-0.264275,0.069986,-0.521183,0.005374,-0.075962,1.266254,2.539145e-04,0.007444
726,1,234.0000,2.0000,6.0000,-0.429100,-0.136700,-1.749000,0.008077,-0.297500,1.356000,-0.429100,-0.136706,-1.748964,0.008077,-0.297499,1.356378,3.777273e-04,0.011074
727,1,174.0000,6.0000,6.0000,0.167700,0.099510,-0.752700,-0.001261,0.162800,0.357600,0.167656,0.099506,-0.752692,-0.001261,0.162804,0.357637,4.441289e-05,0.001302
728,1,186.0000,6.0000,6.0000,0.107500,0.100100,-0.673200,0.001549,0.117600,0.532200,0.107547,0.100134,-0.673238,0.001549,0.117643,0.532212,4.689169e-05,0.001375
729,1,198.0000,6.0000,6.0000,0.021110,0.089420,-0.644200,-0.002203,0.117600,0.760700,0.021109,0.089423,-0.644163,-0.002203,0.117646,0.760686,4.590436e-05,0.001346
730,1,210.0000,6.0000,6.0000,-0.096990,0.060430,-0.706100,0.000425,0.121200,1.028000,-0.096995,0.060426,-0.706051,0.000425,0.121235,1.028430,4.296428e-04,0.012596
731,1,222.0000,6.0000,6.0000,-0.256500,0.069020,-0.472300,-0.005918,0.086440,1.267000,-0.256456,0.069023,-0.472322,-0.005918,0.086436,1.266592,4.081508e-04,0.011966
732,1,234.0000,6.0000,6.0000,-0.413700,-0.136800,-1.644000,-0.007222,0.285500,1.349000,-0.413730,-0.136823,-1.644457,-0.007222,0.285507,1.348538,4.615610e-04,0.013532
733,1,174.0000,10.0000,6.0000,0.159500,0.098810,-0.803600,-0.000135,-0.092720,0.358300,0.159481,0.098810,-0.803607,-0.000135,-0.092723,0.358257,4.254615e-05,0.001247
734,1,186.0000,10.0000,6.0000,0.099060,0.099190,-0.729900,-0.003435,-0.048520,0.531300,0.099056,0.099193,-0.729866,-0.003435,-0.048522,0.531328,3.360728e-05,0.000985
735,1,198.0000,10.0000,6.0000,0.012400,0.088580,-0.698900,-0.000169,-0.054590,0.759700,0.012399,0.088578,-0.698896,-0.000169,-0.054594,0.759660,4.048716e-05,0.001187
736,1,210.0000,10.0000,6.0000,-0.105000,0.059440,-0.761200,-0.002600,-0.064960,1.027000,-0.105014,0.059437,-0.761203,-0.002600,-0.064960,1.027371,3.714077e-04,0.010889
737,1,222.0000,10.0000,6.0000,-0.266600,0.068680,-0.535900,0.003621,-0.043990,1.263000,-0.266646,0.068679,-0.535866,0.003621,-0.043986,1.262986,4.645686e-05,0.001362
738,1,234.0000,10.0000,6.0000,-0.432400,-0.137500,-1.774000,0.006188,-0.232100,1.355000,-0.432379,-0.137480,-1.773640,0.006188,-0.232057,1.355057,3.595500e-04,0.010541
739,1,174.0000,14.0000,6.0000,0.164400,0.096900,-0.766700,-0.002136,0.178200,0.357600,0.164361,0.096902,-0.766749,-0.002136,0.178203,0.357602,4.949375e-05,0.001451
740,1,186.0000,14.0000,6.0000,0.104000,0.097270,-0.695400,0.000506,0.129900,0.530500,0.103990,0.097269,-0.695357,0.000506,0.129900,0.530472,4.319333e-05,0.001266
741,1,198.0000,14.0000,6.0000,0.017040,0.086880,-0.665100,-0.003238,0.129000,0.758300,0.017037,0.086876,-0.665085,-0.003238,0.129017,0.758329,2.894511e-05,0.000849
742,1,210.0000,14.0000,6.0000,-0.100100,0.057980,-0.726900,-0.000766,0.127900,1.025000,-0.100098,0.057984,-0.726878,-0.000766,0.127934,1.025114,1.135095e-04,0.003328
743,1,222.0000,14.0000,6.0000,-0.260200,0.066860,-0.495400,-0.005615,0.092460,1.261000,-0.260169,0.066861,-0.495390,-0.005615,0.092458,1.260711,2.891191e-04,0.008476
744,1,234.0000,14.0000,6.0000,-0.421100,-0.138700,-1.697000,-0.005792,0.256200,1.349000,-0.421131,-0.138704,-1.697396,-0.005792,0.256233,1.348754,3.964022e-04,0.011621
745,1,174.0000,18.0000,6.0000,0.162700,0.094200,-0.773400,-0.000565,-0.057130,0.356200,0.162670,0.094199,-0.773358,-0.000565,-0.057129,0.356202,4.156971e-05,0.001219
746,1,186.0000,18.0000,6.0000,0.102600,0.094650,-0.700000,-0.004464,-0.015840,0.529200,0.102633,0.094653,-0.699956,-0.004464,-0.015838,0.529238,4.397320e-05,0.001289
747,1,198.0000,18.0000,6.0000,0.016080,0.084490,-0.669600,-0.001321,-0.024390,0.756500,0.016076,0.084493,-0.669589,-0.001321,-0.024391,0.756469,3.113822e-05,0.000913
748,1,210.0000,18.0000,6.0000,-0.101200,0.055850,-0.731400,-0.003612,-0.037770,1.022000,-0.101239,0.055847,-0.731373,-0.003612,-0.037773,1.022347,3.470243e-04,0.010174
749,1,222.0000,18.0000,6.0000,-0.261000,0.064360,-0.504500,0.003106,-0.022720,1.257000,-0.261011,0.064359,-0.504502,0.003106,-0.022721,1.256925,7.491786e-05,0.002196
750,1,234.0000,18.0000,6.0000,-0.422200,-0.140200,-1.703000,0.006624,-0.213600,1.342000,-0.422246,-0.140173,-1.703359,0.006624,-0.213595,1.342283,3.589571e-04,0.010524
751,1,174.0000,22.0000,6.0000,0.162400,0.090870,-0.769400,-0.002876,0.215000,0.355500,0.162359,0.090865,-0.769377,-0.002876,0.214982,0.355491,4.144221e-05,0.001215
752,1,186.0000,22.0000,6.0000,0.102600,0.091380,-0.695600,-0.000581,0.166800,0.527800,0.102553,0.091380,-0.695574,-0.000581,0.166761,0.527775,4.660988e-05,0.001366
753,1,198.0000,22.0000,6.0000,0.016370,0.081360,-0.665000,-0.004211,0.163800,0.754300,0.016366,0.081358,-0.664959,-0.004211,0.163773,0.754319,4.066617e-05,0.001192
754,1,210.0000,22.0000,6.0000,-0.100900,0.052940,-0.726200,-0.001690,0.159600,1.019000,-0.100923,0.052940,-0.726243,-0.001690,0.159619,1.018895,1.045508e-04,0.003065
755,1,222.0000,22.0000,6.0000,-0.259900,0.061610,-0.499800,-0.006292,0.118900,1.252000,-0.259939,0.061609,-0.499793,-0.006292,0.118937,1.251948,5.223341e-05,0.001531
756,1,234.0000,22.0000,6.0000,-0.420500,-0.141500,-1.692000,-0.006037,0.280200,1.336000,-0.420520,-0.141480,-1.691809,-0.006037,0.280190,1.335722,2.780541e-04,0.008152
757,1,174.0000,26.0000,6.0000,0.161600,0.086630,-0.768000,-0.001189,-0.016390,0.355300,0.161632,0.086632,-0.768045,-0.001189,-0.016386,0.355314,4.527049e-05,0.001327
758,1,186.0000,26.0000,6.0000,0.101600,0.087210,-0.696400,-0.005320,0.025170,0.526100,0.101562,0.087212,-0.696378,-0.005320,0.025168,0.526116,3.835775e-05,0.001125
759,1,198.0000,26.0000,6.0000,0.015560,0.076930,-0.665000,-0.002254,0.014330,0.751700,0.015558,0.076932,-0.664987,-0.002254,0.014325,0.751724,2.354384e-05,0.000690
760,1,210.0000,26.0000,6.0000,-0.101300,0.048930,-0.726300,-0.004579,-0.002157,1.015000,-0.101313,0.048930,-0.726284,-0.004579,-0.002157,1.014922,7.822070e-05,0.002293
761,1,222.0000,26.0000,6.0000,-0.260200,0.057920,-0.502100,0.002512,0.008636,1.246000,-0.260185,0.057922,-0.502131,0.002512,0.008636,1.246100,9.999142e-05,0.002931
762,1,234.0000,26.0000,6.0000,-0.420400,-0.144100,-1.691000,0.006565,-0.185300,1.329000,-0.420400,-0.144089,-1.690888,0.006565,-0.185335,1.328882,1.184164e-04,0.003472
763,1,174.0000,30.0000,6.0000,0.164000,0.081200,-0.745500,-0.002674,0.261000,0.354900,0.163965,0.081198,-0.745458,-0.002674,0.260965,0.354909,4.189688e-05,0.001228
764,1,186.0000,30.0000,6.0000,0.101900,0.082050,-0.686300,-0.001568,0.211100,0.523900,0.101913,0.082054,-0.686258,-0.001568,0.211115,0.523916,4.171927e-05,0.001223
765,1,198.0000,30.0000,6.0000,0.016180,0.071790,-0.655200,-0.005002,0.205600,0.748800,0.016177,0.071786,-0.655240,-0.005002,0.205594,0.748809,3.961896e-05,0.001162
766,1,210.0000,30.0000,6.0000,-0.100300,0.044290,-0.715400,-0.002457,0.198700,1.010000,-0.100279,0.044293,-0.715351,-0.002457,0.198723,1.010345,3.452995e-04,0.010123
767,1,222.0000,30.0000,6.0000,-0.258300,0.053330,-0.491500,-0.006764,0.154500,1.240000,-0.258331,0.053329,-0.491454,-0.006764,0.154544,1.239622,3.777220e-04,0.011074
768,1,234.0000,30.0000,6.0000,-0.416200,-0.147500,-1.662000,-0.005887,0.309700,1.321000,-0.416246,-0.147452,-1.661963,-0.005887,0.309674,1.320554,4.463191e-04,0.013085
769,1,174.0000,34.0000,6.0000,0.163300,0.074140,-0.744700,-0.000405,0.052670,0.348200,0.163295,0.074138,-0.744710,-0.000405,0.052666,0.348185,1.461072e-05,0.000428
770,1,186.0000,34.0000,6.0000,0.102700,0.076270,-0.669500,-0.005817,0.078280,0.522900,0.102665,0.076271,-0.669546,-0.005817,0.078283,0.522908,4.596155e-05,0.001347
771,1,198.0000,34.0000,6.0000,0.016200,0.065790,-0.649600,-0.003064,0.068840,0.745000,0.016199,0.065794,-0.649620,-0.003064,0.068843,0.745049,4.901916e-05,0.001437
772,1,210.0000,34.0000,6.0000,-0.099940,0.038640,-0.708900,-0.004788,0.050250,1.006000,-0.099943,0.038644,-0.708947,-0.004788,0.050253,1.005772,2.279516e-04,0.006683
773,1,222.0000,34.0000,6.0000,-0.257000,0.047850,-0.480500,0.001703,0.055390,1.231000,-0.256994,0.047854,-0.480483,0.001703,0.055387,1.231282,2.822893e-04,0.008276
774,1,234.0000,34.0000,6.0000,-0.414800,-0.151400,-1.653000,0.006131,-0.131300,1.316000,-0.414777,-0.151352,-1.652900,0.006131,-0.131270,1.316098,1.004726e-04,0.002946
775,1,174.0000,38.0000,6.0000,0.139100,0.065900,-0.906900,-0.005309,0.313800,0.342000,0.139081,0.065901,-0.906862,-0.005309,0.313755,0.342015,4.482050e-05,0.001314
776,1,186.0000,38.0000,6.0000,0.091790,0.070240,-0.730000,-0.001732,0.264900,0.522000,0.091795,0.070239,-0.730024,-0.001732,0.264870,0.522050,4.971598e-05,0.001458
777,1,198.0000,38.0000,6.0000,0.007170,0.059120,-0.703000,-0.005167,0.258900,0.740500,0.007170,0.059118,-0.703021,-0.005167,0.258852,0.740484,4.831858e-05,0.001417
778,1,210.0000,38.0000,6.0000,-0.108400,0.032490,-0.758200,-0.003119,0.250300,1.001000,-0.108424,0.032494,-0.758203,-0.003119,0.250317,1.001374,3.740893e-04,0.010967
779,1,222.0000,38.0000,6.0000,-0.266400,0.041760,-0.543400,-0.007375,0.202000,1.222000,-0.266350,0.041757,-0.543365,-0.007375,0.202025,1.222017,4.993199e-05,0.001464
780,1,234.0000,38.0000,6.0000,-0.434700,-0.155100,-1.786000,-0.003488,0.350100,1.309000,-0.434682,-0.155130,-1.785768,-0.003488,0.350117,1.309344,3.435572e-04,0.010072
781,1,174.0000,42.0000,6.0000,0.174900,0.053620,-0.669400,-0.007915,-0.001802,0.374300,0.174932,0.053622,-0.669376,-0.007915,-0.001802,0.374266,3.353253e-05,0.000983
782,1,186.0000,42.0000,6.0000,0.102900,0.059610,-0.659700,-0.007480,0.114500,0.510200,0.102902,0.059608,-0.659678,-0.007480,0.114545,0.510186,4.484484e-05,0.001315
783,1,198.0000,42.0000,6.0000,0.014080,0.049810,-0.638400,-0.002062,0.082250,0.739100,0.014080,0.049807,-0.638393,-0.002062,0.082253,0.739081,1.876222e-05,0.000550
784,1,210.0000,42.0000,6.0000,-0.100900,0.024190,-0.693100,-0.006869,0.064080,0.993700,-0.100930,0.024189,-0.693083,-0.006869,0.064076,0.993732,3.235819e-05,0.000949
785,1,222.0000,42.0000,6.0000,-0.257200,0.030590,-0.502100,0.004025,0.082380,1.221000,-0.257205,0.030586,-0.502089,0.004025,0.082375,1.221046,4.554962e-05,0.001335
786,1,234.0000,42.0000,6.0000,-0.405700,-0.160600,-1.574000,0.012080,-0.202000,1.263000,-0.405704,-0.160612,-1.574111,0.012082,-0.201995,1.262902,1.112930e-04,0.003263
787,1,174.0000,46.0000,6.0000,0.218700,0.032910,-0.449500,-0.000088,0.553700,0.354200,0.218666,0.032906,-0.449498,-0.000088,0.553731,0.354155,4.527420e-05,0.001327
788,1,186.0000,46.0000,6.0000,0.139700,0.051030,-0.364400,0.003857,0.375200,0.507500,0.139669,0.051033,-0.364363,0.003857,0.375172,0.507500,3.681099e-05,0.001079
789,1,198.0000,46.0000,6.0000,0.051390,0.039520,-0.387300,-0.007377,0.383800,0.735200,0.051386,0.039524,-0.387285,-0.007377,0.383773,0.735184,2.725126e-05,0.000799
790,1,210.0000,46.0000,6.0000,-0.064150,0.014330,-0.434500,-0.001928,0.370600,0.986300,-0.064150,0.014332,-0.434450,-0.001928,0.370600,0.986324,4.980967e-05,0.001460
791,1,222.0000,46.0000,6.0000,-0.209500,0.020140,-0.180500,-0.010420,0.320400,1.217000,-0.209503,0.020137,-0.180456,-0.010416,0.320391,1.217005,4.413942e-05,0.001294
792,1,234.0000,46.0000,6.0000,-0.320800,-0.169000,-1.005000,-0.013710,0.555300,1.247000,-0.320844,-0.169030,-1.005176,-0.013712,0.555347,1.247377,3.770011e-04,0.011053
793,1,174.0000,54.0000,6.0000,0.126700,-0.004644,-1.059000,-0.001985,0.312900,0.314800,0.126719,-0.004644,-1.058744,-0.001985,0.312905,0.314835,2.556717e-04,0.007496
794,1,186.0000,54.0000,6.0000,0.076350,0.025230,-0.723100,-0.005746,0.335800,0.509200,0.076354,0.025225,-0.723063,-0.005746,0.335832,0.509237,3.735224e-05,0.001095
795,1,198.0000,54.0000,6.0000,-0.003454,0.010100,-0.734700,-0.004049,0.322600,0.724500,-0.003454,0.010097,-0.734705,-0.004049,0.322645,0.724520,4.506422e-05,0.001321
796,1,210.0000,54.0000,6.0000,-0.118500,-0.013600,-0.782200,-0.004117,0.307300,0.978200,-0.118481,-0.013601,-0.782152,-0.004117,0.307274,0.978198,4.819444e-05,0.001413
797,1,222.0000,54.0000,6.0000,-0.275900,-0.002942,-0.580200,-0.001587,0.289600,1.190000,-0.275926,-0.002942,-0.580161,-0.001587,0.289638,1.189633,3.670493e-04,0.010761
798,1,234.0000,54.0000,6.0000,-0.447600,-0.197600,-1.849000,0.000030,0.229900,1.290000,-0.447626,-0.197615,-1.848727,0.000030,0.229935,1.290176,2.734664e-04,0.008017
799,1,174.0000,66.0000,6.0000,0.155800,-0.054940,-0.724600,-0.005562,0.516200,0.337200,0.155761,-0.054938,-0.724578,-0.005562,0.516238,0.337205,3.888765e-05,0.001140
800,1,186.0000,66.0000,6.0000,0.094690,-0.036080,-0.577700,-0.004126,0.504800,0.498500,0.094688,-0.036078,-0.577744,-0.004126,0.504797,0.498480,4.376911e-05,0.001283
801,1,198.0000,66.0000,6.0000,0.010370,-0.047870,-0.581000,-0.003813,0.499700,0.716900,0.010365,-0.047869,-0.580987,-0.003813,0.499723,0.716903,2.346784e-05,0.000688
802,1,210.0000,66.0000,6.0000,-0.103400,-0.070290,-0.627900,-0.002756,0.488300,0.961300,-0.103400,-0.070294,-0.627886,-0.002756,0.488345,0.961316,4.523689e-05,0.001326
803,1,222.0000,66.0000,6.0000,-0.254400,-0.060890,-0.421900,-0.001663,0.464200,1.169000,-0.254350,-0.060893,-0.421879,-0.001663,0.464181,1.168757,2.428236e-04,0.007119
804,1,234.0000,66.0000,6.0000,-0.399900,-0.245100,-1.464000,0.003431,0.433600,1.217000,-0.399946,-0.245113,-1.463925,0.003431,0.433632,1.216511,4.885228e-04,0.014322
805,1,174.0000,78.0000,6.0000,0.140000,-0.136000,-0.737400,-0.003849,0.736500,0.322500,0.140007,-0.136034,-0.737395,-0.003849,0.736463,0.322473,3.662587e-05,0.001074
806,1,186.0000,78.0000,6.0000,0.082340,-0.121900,-0.581900,-0.003775,0.727300,0.493000,0.082336,-0.121946,-0.581937,-0.003775,0.727320,0.492965,4.604950e-05,0.001350
807,1,198.0000,78.0000,6.0000,0.000102,-0.131700,-0.575800,-0.001884,0.722100,0.712100,0.000102,-0.131667,-0.575767,-0.001884,0.722057,0.712122,4.306847e-05,0.001263
808,1,210.0000,78.0000,6.0000,-0.114600,-0.153000,-0.622700,-0.000643,0.720600,0.955900,-0.114634,-0.153027,-0.622674,-0.000643,0.720630,0.955941,4.080888e-05,0.001196
809,1,222.0000,78.0000,6.0000,-0.265000,-0.144100,-0.430300,0.000797,0.712400,1.148000,-0.264966,-0.144144,-0.430304,0.000797,0.712440,1.147693,3.065132e-04,0.008986
810,1,234.0000,78.0000,6.0000,-0.411800,-0.320000,-1.458000,0.001460,0.695600,1.181000,-0.411836,-0.320005,-1.458166,0.001460,0.695590,1.180544,4.555700e-04,0.013356
811,1,174.0000,90.0000,6.0000,0.115300,-0.252500,-0.786400,-0.004355,0.992900,0.304800,0.115320,-0.252499,-0.786424,-0.004355,0.992897,0.304846,4.641782e-05,0.001361
812,1,186.0000,90.0000,6.0000,0.059620,-0.236900,-0.629800,-0.003036,0.973700,0.480000,0.059615,-0.236855,-0.629804,-0.003036,0.973663,0.480022,4.527825e-05,0.001327
813,1,198.0000,90.0000,6.0000,-0.021550,-0.247500,-0.623600,-0.000782,0.966800,0.710000,-0.021545,-0.247550,-0.623613,-0.000782,0.966840,0.710020,4.954445e-05,0.001452
814,1,210.0000,90.0000,6.0000,-0.135300,-0.267800,-0.662800,0.002851,0.985900,0.975600,-0.135281,-0.267799,-0.662838,0.002851,0.985916,0.975565,3.819840e-05,0.001120
815,1,222.0000,90.0000,6.0000,-0.290500,-0.260800,-0.479000,0.001730,1.015000,1.162000,-0.290473,-0.260764,-0.478993,0.001730,1.015244,1.162243,2.435651e-04,0.007141
816,1,234.0000,90.0000,6.0000,-0.440200,-0.431600,-1.522000,0.003598,1.028000,1.161000,-0.440195,-0.431636,-1.521549,0.003598,1.028109,1.161168,4.513764e-04,0.013233
817,1,174.0000,102.0000,6.0000,0.125800,-0.412300,-0.582700,-0.001745,1.205000,0.284200,0.125757,-0.412268,-0.582686,-0.001745,1.204570,0.284215,4.302078e-04,0.012612
818,1,186.0000,102.0000,6.0000,0.068680,-0.389900,-0.423400,-0.001658,1.180000,0.453300,0.068677,-0.389888,-0.423353,-0.001658,1.180475,0.453296,4.745281e-04,0.013912
819,1,198.0000,102.0000,6.0000,-0.012870,-0.399800,-0.431300,0.000656,1.157000,0.700200,-0.012870,-0.399786,-0.431289,0.000656,1.156820,0.700236,1.796401e-04,0.005266
820,1,210.0000,102.0000,6.0000,-0.128700,-0.424900,-0.479600,0.001629,1.170000,1.004000,-0.128734,-0.424911,-0.479612,0.001629,1.169831,1.004441,4.405196e-04,0.012915
821,1,222.0000,102.0000,6.0000,-0.282200,-0.416200,-0.288800,0.006359,1.312000,1.305000,-0.282222,-0.416205,-0.288799,0.006359,1.312040,1.304946,5.401705e-05,0.001584
822,1,234.0000,102.0000,6.0000,-0.407000,-0.610700,-1.077000,-0.017750,1.402000,1.214000,-0.406993,-0.610669,-1.076871,-0.017747,1.401726,1.214295,2.954266e-04,0.008661
823,1,174.0000,114.0000,6.0000,-0.070450,-0.585500,-1.863000,0.000129,1.303000,0.220300,-0.070448,-0.585482,-1.862854,0.000129,1.303295,0.220298,2.950260e-04,0.008649
824,1,186.0000,114.0000,6.0000,-0.116800,-0.536300,-1.471000,0.003652,1.225000,0.419900,-0.116790,-0.536322,-1.470979,0.003652,1.224996,0.419919,2.215222e-05,0.000649
825,1,198.0000,114.0000,6.0000,-0.189400,-0.547200,-1.462000,0.001562,1.186000,0.681400,-0.189394,-0.547231,-1.462239,0.001562,1.185885,0.681379,2.392517e-04,0.007014
826,1,210.0000,114.0000,6.0000,-0.299900,-0.574800,-1.523000,0.003682,1.164000,1.016000,-0.299907,-0.574834,-1.523228,0.003682,1.164493,1.016217,4.927177e-04,0.014445
827,1,222.0000,114.0000,6.0000,-0.476800,-0.541000,-1.077000,-0.017720,1.217000,1.394000,-0.476786,-0.540962,-1.076690,-0.017715,1.216642,1.394471,4.711832e-04,0.013814
828,1,234.0000,114.0000,6.0000,-0.710500,-0.844500,-3.192000,-0.048280,1.985000,1.983000,-0.710460,-0.844483,-3.192276,-0.048278,1.984841,1.982734,2.756756e-04,0.008082
829,0,2.1000,2.0000,14.0000,-0.098230,-0.597600,-0.208300,-0.001124,0.029810,-0.060020,-0.098231,-0.597632,-0.208254,-0.001124,0.029814,-0.060016,4.572206e-05,0.001340
830,0,6.3000,2.0000,14.0000,-0.244900,-0.632000,-0.158200,0.000933,0.017590,-0.109800,-0.244934,-0.631976,-0.158182,0.000933,0.017586,-0.109822,3.424432e-05,0.001004
831,0,10.5000,2.0000,14.0000,-0.393400,-0.683900,-0.153900,-0.000082,0.012740,-0.058120,-0.393428,-0.683931,-0.153866,-0.000083,0.012743,-0.058120,3.399233e-05,0.000997
832,0,14.7000,2.0000,14.0000,-0.505900,-0.729700,-0.166200,-0.000526,0.011340,-0.060960,-0.505942,-0.729684,-0.166222,-0.000526,0.011341,-0.060959,4.194547e-05,0.001230
833,0,18.9000,2.0000,14.0000,-0.602100,-0.764600,-0.163200,-0.000740,0.010920,-0.041950,-0.602082,-0.764593,-0.163165,-0.000740,0.010923,-0.041953,3.484222e-05,0.001021
834,0,23.1000,2.0000,14.0000,-0.687500,-0.797900,-0.165600,-0.000801,0.010520,-0.047780,-0.687549,-0.797912,-0.165621,-0.000801,0.010517,-0.047780,4.925542e-05,0.001444
835,0,27.3000,2.0000,14.0000,-0.763200,-0.826600,-0.164300,-0.000916,0.010410,-0.032620,-0.763172,-0.826613,-0.164290,-0.000916,0.010414,-0.032618,2.750013e-05,0.000806
836,0,31.5000,2.0000,14.0000,-0.829000,-0.852800,-0.165300,-0.000900,0.010230,-0.037010,-0.829003,-0.852776,-0.165282,-0.000900,0.010230,-0.037012,2.429912e-05,0.000712
837,0,35.7000,2.0000,14.0000,-0.885300,-0.875200,-0.164600,-0.001041,0.010240,-0.023460,-0.885342,-0.875196,-0.164588,-0.001041,0.010237,-0.023456,4.182529e-05,0.001226
838,0,39.9000,2.0000,14.0000,-0.932200,-0.894800,-0.165100,-0.000963,0.010290,-0.027030,-0.932166,-0.894751,-0.165131,-0.000963,0.010293,-0.027026,4.878410e-05,0.001430
839,0,44.1000,2.0000,14.0000,-0.970200,-0.911000,-0.165000,-0.001070,0.010420,-0.014510,-0.970154,-0.910982,-0.164995,-0.001070,0.010420,-0.014508,4.587044e-05,0.001345
840,0,48.3000,2.0000,14.0000,-0.999900,-0.924400,-0.165200,-0.000962,0.010590,-0.018400,-0.999875,-0.924426,-0.165249,-0.000962,0.010594,-0.018400,4.894126e-05,0.001435
841,0,52.5000,2.0000,14.0000,-1.022000,-0.935100,-0.165300,-0.001046,0.010740,-0.006792,-1.021929,-0.935074,-0.165339,-0.001046,0.010743,-0.006792,7.068650e-05,0.002072
842,0,56.7000,2.0000,14.0000,-1.038000,-0.943400,-0.165400,-0.000935,0.010930,-0.011580,-1.037624,-0.943425,-0.165380,-0.000935,0.010932,-0.011582,3.755000e-04,0.011009
843,0,60.9000,2.0000,14.0000,-1.047000,-0.949700,-0.165700,-0.001010,0.011070,-0.000679,-1.047393,-0.949744,-0.165689,-0.001010,0.011067,-0.000679,3.932965e-04,0.011530
844,0,65.1000,2.0000,14.0000,-1.052000,-0.954200,-0.165600,-0.000877,0.011260,-0.006622,-1.052401,-0.954166,-0.165637,-0.000877,0.011255,-0.006622,4.011292e-04,0.011760
845,0,69.3000,2.0000,14.0000,-1.053000,-0.957100,-0.166000,-0.000938,0.011390,0.003894,-1.053250,-0.957149,-0.166025,-0.000938,0.011388,0.003894,2.501429e-04,0.007333
846,0,73.5000,2.0000,14.0000,-1.051000,-0.958600,-0.165800,-0.000795,0.011560,-0.003211,-1.050739,-0.958627,-0.165821,-0.000795,0.011556,-0.003211,2.611880e-04,0.007657
847,0,77.7000,2.0000,14.0000,-1.045000,-0.959200,-0.166200,-0.000842,0.011640,0.007043,-1.045484,-0.959247,-0.166236,-0.000842,0.011645,0.007043,4.841948e-04,0.014195
848,0,81.9000,2.0000,14.0000,-1.038000,-0.958700,-0.166000,-0.000674,0.011760,-0.001063,-1.037956,-0.958695,-0.165979,-0.000674,0.011761,-0.001063,4.358981e-05,0.001278
849,0,86.1000,2.0000,14.0000,-1.029000,-0.957500,-0.166400,-0.000677,0.011830,0.009120,-1.028723,-0.957539,-0.166373,-0.000676,0.011829,0.009120,2.774416e-04,0.008134
850,0,90.3000,2.0000,14.0000,-1.018000,-0.955400,-0.166100,-0.000516,0.011940,0.000260,-1.018094,-0.955448,-0.166140,-0.000516,0.011937,0.000260,9.360851e-05,0.002744
851,0,94.5000,2.0000,14.0000,-1.007000,-0.953100,-0.166400,-0.000568,0.011970,0.010600,-1.006596,-0.953094,-0.166438,-0.000568,0.011973,0.010599,4.036254e-04,0.011833
852,0,98.7000,2.0000,14.0000,-0.994400,-0.950100,-0.166200,-0.000391,0.012040,0.001008,-0.994364,-0.950103,-0.166163,-0.000391,0.012041,0.001008,3.683389e-05,0.001080
853,0,102.9000,2.0000,14.0000,-0.981700,-0.946900,-0.166500,-0.000408,0.012070,0.011430,-0.981667,-0.946900,-0.166476,-0.000408,0.012067,0.011428,3.281398e-05,0.000962
854,0,107.1000,2.0000,14.0000,-0.968700,-0.943300,-0.166400,-0.000252,0.012090,0.001344,-0.968748,-0.943268,-0.166386,-0.000252,0.012090,0.001344,4.759231e-05,0.001395
855,0,111.3000,2.0000,14.0000,-0.955400,-0.939300,-0.166500,-0.000230,0.012080,0.011980,-0.955373,-0.939321,-0.166504,-0.000230,0.012084,0.011977,2.726279e-05,0.000799
856,0,115.5000,2.0000,14.0000,-0.941800,-0.935000,-0.166300,-0.000083,0.012100,0.001546,-0.941765,-0.934989,-0.166308,-0.000083,0.012096,0.001546,3.502962e-05,0.001027
857,0,119.7000,2.0000,14.0000,-0.928000,-0.930600,-0.166600,-0.000106,0.012090,0.012570,-0.927996,-0.930597,-0.166579,-0.000106,0.012091,0.012575,2.079167e-05,0.000610
858,0,123.9000,2.0000,14.0000,-0.913700,-0.925600,-0.166400,0.000084,0.012070,0.002111,-0.913666,-0.925586,-0.166379,0.000084,0.012073,0.002111,3.417504e-05,0.001002
859,0,128.1000,2.0000,14.0000,-0.898600,-0.920100,-0.166300,0.000047,0.012030,0.013430,-0.898602,-0.920133,-0.166330,0.000047,0.012028,0.013434,3.260439e-05,0.000956
860,0,132.3000,2.0000,14.0000,-0.883000,-0.914400,-0.166200,0.000155,0.011970,0.003017,-0.883019,-0.914394,-0.166235,0.000155,0.011967,0.003017,3.454356e-05,0.001013
861,0,136.5000,2.0000,14.0000,-0.866200,-0.908100,-0.166300,0.000190,0.011910,0.014710,-0.866211,-0.908069,-0.166273,0.000190,0.011910,0.014713,3.087354e-05,0.000905
862,0,140.7000,2.0000,14.0000,-0.848100,-0.901000,-0.166100,0.000311,0.011830,0.004430,-0.848079,-0.900984,-0.166062,0.000311,0.011835,0.004430,3.840633e-05,0.001126
863,0,144.9000,2.0000,14.0000,-0.828400,-0.893300,-0.166100,0.000268,0.011730,0.016650,-0.828429,-0.893349,-0.166087,0.000268,0.011730,0.016653,4.878063e-05,0.001430
864,0,149.1000,2.0000,14.0000,-0.806500,-0.884600,-0.165900,0.000417,0.011640,0.006902,-0.806497,-0.884645,-0.165893,0.000417,0.011641,0.006902,4.516974e-05,0.001324
865,0,153.3000,2.0000,14.0000,-0.781900,-0.875000,-0.166300,0.000358,0.011700,0.019500,-0.781872,-0.875012,-0.166302,0.000358,0.011697,0.019499,2.781203e-05,0.000815
866,0,157.5000,2.0000,14.0000,-0.755100,-0.864100,-0.165700,0.000335,0.012080,0.008848,-0.755064,-0.864139,-0.165702,0.000335,0.012078,0.008848,3.916349e-05,0.001148
867,0,161.7000,2.0000,14.0000,-0.723400,-0.850600,-0.163100,-0.000117,0.013450,0.025260,-0.723377,-0.850602,-0.163050,-0.000117,0.013449,0.025263,4.958409e-05,0.001454
868,0,165.9000,2.0000,14.0000,-0.688700,-0.841300,-0.175800,-0.000248,0.019540,0.013790,-0.688673,-0.841303,-0.175820,-0.000248,0.019542,0.013789,2.669931e-05,0.000783
869,0,2.1000,6.0000,14.0000,-0.099390,-0.595000,-0.215000,0.000131,-0.025170,-0.060280,-0.099390,-0.595018,-0.214977,0.000131,-0.025171,-0.060281,2.315154e-05,0.000679
870,0,6.3000,6.0000,14.0000,-0.246000,-0.629600,-0.162500,-0.002626,-0.013770,-0.110700,-0.245961,-0.629618,-0.162502,-0.002626,-0.013768,-0.110674,3.938546e-05,0.001155
871,0,10.5000,6.0000,14.0000,-0.394000,-0.681600,-0.156800,-0.002420,-0.009644,-0.057810,-0.394009,-0.681643,-0.156796,-0.002420,-0.009644,-0.057812,4.263602e-05,0.001250
872,0,14.7000,6.0000,14.0000,-0.506400,-0.727600,-0.169200,-0.002254,-0.008161,-0.061150,-0.506434,-0.727570,-0.169181,-0.002254,-0.008161,-0.061148,3.390701e-05,0.000994
873,0,18.9000,6.0000,14.0000,-0.602600,-0.762600,-0.166200,-0.002478,-0.007597,-0.041640,-0.602622,-0.762562,-0.166172,-0.002478,-0.007597,-0.041642,3.847755e-05,0.001128
874,0,23.1000,6.0000,14.0000,-0.687900,-0.795700,-0.168300,-0.002588,-0.007248,-0.048180,-0.687940,-0.795715,-0.168284,-0.002588,-0.007248,-0.048185,3.998955e-05,0.001172
875,0,27.3000,6.0000,14.0000,-0.763400,-0.824300,-0.167100,-0.002778,-0.007016,-0.032130,-0.763434,-0.824342,-0.167064,-0.002778,-0.007016,-0.032133,4.179082e-05,0.001225
876,0,31.5000,6.0000,14.0000,-0.829300,-0.850500,-0.168000,-0.002834,-0.006813,-0.037520,-0.829292,-0.850525,-0.168004,-0.002834,-0.006813,-0.037520,2.481664e-05,0.000728
877,0,35.7000,6.0000,14.0000,-0.885500,-0.872900,-0.167400,-0.002995,-0.006766,-0.022830,-0.885533,-0.872866,-0.167396,-0.002995,-0.006766,-0.022829,3.414720e-05,0.001001
878,0,39.9000,6.0000,14.0000,-0.932300,-0.892300,-0.167800,-0.002905,-0.006769,-0.027600,-0.932298,-0.892253,-0.167792,-0.002905,-0.006769,-0.027600,4.685540e-05,0.001374
879,0,44.1000,6.0000,14.0000,-0.970200,-0.908400,-0.167800,-0.003043,-0.006754,-0.013800,-0.970217,-0.908431,-0.167776,-0.003043,-0.006754,-0.013803,3.093445e-05,0.000907
880,0,48.3000,6.0000,14.0000,-0.999900,-0.921800,-0.168000,-0.002891,-0.006855,-0.019040,-0.999931,-0.921849,-0.168027,-0.002891,-0.006855,-0.019039,4.934091e-05,0.001447
881,0,52.5000,6.0000,14.0000,-1.022000,-0.932600,-0.168300,-0.002975,-0.006920,-0.006059,-1.022062,-0.932573,-0.168257,-0.002975,-0.006920,-0.006059,6.156374e-05,0.001805
882,0,56.7000,6.0000,14.0000,-1.038000,-0.940800,-0.168300,-0.002787,-0.007044,-0.012250,-1.037666,-0.940849,-0.168266,-0.002787,-0.007044,-0.012248,3.339470e-04,0.009790
883,0,60.9000,6.0000,14.0000,-1.047000,-0.947100,-0.168600,-0.002846,-0.007112,0.000068,-1.047442,-0.947125,-0.168623,-0.002846,-0.007112,0.000068,4.416353e-04,0.012947
884,0,65.1000,6.0000,14.0000,-1.052000,-0.951500,-0.168600,-0.002610,-0.007242,-0.007298,-1.052452,-0.951531,-0.168606,-0.002610,-0.007242,-0.007298,4.524337e-04,0.013264
885,0,69.3000,6.0000,14.0000,-1.053000,-0.954500,-0.169000,-0.002619,-0.007302,0.004604,-1.053272,-0.954502,-0.169015,-0.002619,-0.007302,0.004604,2.723631e-04,0.007985
886,0,73.5000,6.0000,14.0000,-1.051000,-0.955900,-0.168800,-0.002364,-0.007400,-0.003914,-1.050723,-0.955947,-0.168818,-0.002364,-0.007400,-0.003914,2.770201e-04,0.008121
887,0,77.7000,6.0000,14.0000,-1.045000,-0.956500,-0.169300,-0.002351,-0.007466,0.007751,-1.045451,-0.956532,-0.169280,-0.002351,-0.007466,0.007751,4.507528e-04,0.013215
888,0,81.9000,6.0000,14.0000,-1.038000,-0.955900,-0.169100,-0.002037,-0.007582,-0.001734,-1.037891,-0.955921,-0.169099,-0.002037,-0.007582,-0.001734,1.094526e-04,0.003209
889,0,86.1000,6.0000,14.0000,-1.029000,-0.954700,-0.169400,-0.001940,-0.007597,0.009861,-1.028635,-0.954739,-0.169436,-0.001940,-0.007597,0.009861,3.646625e-04,0.010691
890,0,90.3000,6.0000,14.0000,-1.018000,-0.952800,-0.169300,-0.001623,-0.007609,-0.000390,-1.018106,-0.952769,-0.169286,-0.001623,-0.007609,-0.000390,1.057772e-04,0.003101
891,0,94.5000,6.0000,14.0000,-1.007000,-0.950300,-0.169600,-0.001555,-0.007644,0.011240,-1.006566,-0.950347,-0.169572,-0.001555,-0.007644,0.011237,4.335935e-04,0.012712
892,0,98.7000,6.0000,14.0000,-0.994300,-0.947300,-0.169300,-0.001221,-0.007715,0.000357,-0.994292,-0.947274,-0.169344,-0.001221,-0.007715,0.000357,4.418434e-05,0.001295
893,0,102.9000,6.0000,14.0000,-0.981600,-0.944100,-0.169600,-0.001113,-0.007738,0.012050,-0.981631,-0.944076,-0.169608,-0.001113,-0.007738,0.012049,3.113937e-05,0.000913
894,0,107.1000,6.0000,14.0000,-0.968600,-0.940300,-0.169400,-0.000775,-0.007743,0.000706,-0.968564,-0.940335,-0.169436,-0.000775,-0.007743,0.000706,3.636974e-05,0.001066
895,0,111.3000,6.0000,14.0000,-0.955200,-0.936500,-0.169700,-0.000666,-0.007763,0.012580,-0.955247,-0.936483,-0.169674,-0.000666,-0.007763,0.012581,4.676407e-05,0.001371
896,0,115.5000,6.0000,14.0000,-0.941800,-0.932300,-0.169600,-0.000345,-0.007766,0.001009,-0.941848,-0.932329,-0.169624,-0.000346,-0.007766,0.001009,4.753225e-05,0.001393
897,0,119.7000,6.0000,14.0000,-0.927900,-0.927700,-0.169600,-0.000227,-0.007750,0.013180,-0.927872,-0.927689,-0.169635,-0.000227,-0.007750,0.013180,3.527928e-05,0.001034
898,0,123.9000,6.0000,14.0000,-0.913500,-0.922700,-0.169500,0.000091,-0.007728,0.001537,-0.913546,-0.922700,-0.169483,0.000091,-0.007728,0.001537,4.623270e-05,0.001355
899,0,128.1000,6.0000,14.0000,-0.898700,-0.917500,-0.169500,0.000169,-0.007680,0.013990,-0.898700,-0.917492,-0.169538,0.000169,-0.007680,0.013993,3.845190e-05,0.001127
900,0,132.3000,6.0000,14.0000,-0.883000,-0.911600,-0.169400,0.000440,-0.007618,0.002444,-0.882975,-0.911625,-0.169410,0.000440,-0.007618,0.002444,2.487793e-05,0.000729
901,0,136.5000,6.0000,14.0000,-0.866100,-0.905200,-0.169300,0.000558,-0.007584,0.015240,-0.866082,-0.905185,-0.169312,0.000558,-0.007584,0.015245,1.821374e-05,0.000534
902,0,140.7000,6.0000,14.0000,-0.848100,-0.898300,-0.169200,0.000795,-0.007519,0.003911,-0.848141,-0.898283,-0.169220,0.000795,-0.007519,0.003911,4.112193e-05,0.001206
903,0,144.9000,6.0000,14.0000,-0.828400,-0.890500,-0.169100,0.000859,-0.007472,0.017150,-0.828395,-0.890530,-0.169143,0.000859,-0.007472,0.017154,4.309590e-05,0.001263
904,0,149.1000,6.0000,14.0000,-0.806300,-0.881800,-0.168900,0.001153,-0.007396,0.006371,-0.806330,-0.881757,-0.168877,0.001153,-0.007396,0.006371,4.312662e-05,0.001264
905,0,153.3000,6.0000,14.0000,-0.781900,-0.872300,-0.169400,0.001254,-0.007532,0.019940,-0.781902,-0.872336,-0.169372,0.001254,-0.007532,0.019942,3.574311e-05,0.001048
906,0,157.5000,6.0000,14.0000,-0.755100,-0.861500,-0.168900,0.001675,-0.007971,0.008392,-0.755068,-0.861535,-0.168900,0.001675,-0.007971,0.008392,3.541303e-05,0.001038
907,0,161.7000,6.0000,14.0000,-0.723200,-0.847900,-0.165600,0.002247,-0.009533,0.025550,-0.723188,-0.847919,-0.165555,0.002247,-0.009533,0.025555,4.507213e-05,0.001321
908,0,165.9000,6.0000,14.0000,-0.688600,-0.838900,-0.178200,0.002597,-0.015960,0.013330,-0.688566,-0.838890,-0.178187,0.002597,-0.015957,0.013331,3.350726e-05,0.000982
909,0,2.1000,10.0000,14.0000,-0.096880,-0.593200,-0.205500,-0.001982,0.021840,-0.058710,-0.096878,-0.593224,-0.205533,-0.001982,0.021839,-0.058706,3.335726e-05,0.000978
910,0,6.3000,10.0000,14.0000,-0.243600,-0.627700,-0.157000,-0.001466,0.013050,-0.110400,-0.243579,-0.627652,-0.156986,-0.001466,0.013045,-0.110393,4.835659e-05,0.001418
911,0,10.5000,10.0000,14.0000,-0.392000,-0.679300,-0.152400,-0.002668,0.010040,-0.057620,-0.391973,-0.679270,-0.152377,-0.002668,0.010044,-0.057617,3.007109e-05,0.000882
912,0,14.7000,10.0000,14.0000,-0.504500,-0.725100,-0.165200,-0.003381,0.009061,-0.061040,-0.504546,-0.725068,-0.165223,-0.003381,0.009061,-0.061042,4.646672e-05,0.001362
913,0,18.9000,10.0000,14.0000,-0.600800,-0.760000,-0.162400,-0.003845,0.008784,-0.041550,-0.600813,-0.759968,-0.162384,-0.003845,0.008784,-0.041554,3.249937e-05,0.000953
914,0,23.1000,10.0000,14.0000,-0.686000,-0.792900,-0.164500,-0.004220,0.008593,-0.048180,-0.685960,-0.792916,-0.164460,-0.004220,0.008593,-0.048179,4.040668e-05,0.001185
915,0,27.3000,10.0000,14.0000,-0.761500,-0.821500,-0.163400,-0.004437,0.008614,-0.032000,-0.761459,-0.821547,-0.163400,-0.004437,0.008614,-0.031999,4.700885e-05,0.001378
916,0,31.5000,10.0000,14.0000,-0.827100,-0.847400,-0.164200,-0.004705,0.008587,-0.037560,-0.827057,-0.847448,-0.164238,-0.004705,0.008587,-0.037562,4.775358e-05,0.001400
917,0,35.7000,10.0000,14.0000,-0.883300,-0.869700,-0.163700,-0.004847,0.008612,-0.022650,-0.883253,-0.869694,-0.163729,-0.004847,0.008612,-0.022645,4.688915e-05,0.001375
918,0,39.9000,10.0000,14.0000,-0.930000,-0.889100,-0.164100,-0.004931,0.008750,-0.027640,-0.930016,-0.889071,-0.164114,-0.004931,0.008750,-0.027637,2.949261e-05,0.000865
919,0,44.1000,10.0000,14.0000,-0.967800,-0.905200,-0.164100,-0.004989,0.008906,-0.013600,-0.967793,-0.905186,-0.164080,-0.004989,0.008906,-0.013602,1.961063e-05,0.000575
920,0,48.3000,10.0000,14.0000,-0.997400,-0.918500,-0.164200,-0.004963,0.009108,-0.019140,-0.997417,-0.918515,-0.164244,-0.004963,0.009108,-0.019139,4.396865e-05,0.001289
921,0,52.5000,10.0000,14.0000,-1.019000,-0.929100,-0.164400,-0.004890,0.009256,-0.005869,-1.019467,-0.929135,-0.164413,-0.004890,0.009256,-0.005869,4.672834e-04,0.013699
922,0,56.7000,10.0000,14.0000,-1.035000,-0.937400,-0.164400,-0.004799,0.009443,-0.012380,-1.034977,-0.937363,-0.164383,-0.004799,0.009443,-0.012383,3.691357e-05,0.001082
923,0,60.9000,10.0000,14.0000,-1.045000,-0.943600,-0.164700,-0.004683,0.009550,0.000255,-1.044680,-0.943636,-0.164677,-0.004683,0.009550,0.000255,3.197586e-04,0.009374
924,0,65.1000,10.0000,14.0000,-1.050000,-0.948000,-0.164600,-0.004493,0.009719,-0.007409,-1.049649,-0.948014,-0.164564,-0.004493,0.009719,-0.007409,3.513138e-04,0.010299
925,0,69.3000,10.0000,14.0000,-1.050000,-0.951000,-0.164900,-0.004284,0.009844,0.004766,-1.050412,-0.950963,-0.164946,-0.004284,0.009844,0.004766,4.121044e-04,0.012082
926,0,73.5000,10.0000,14.0000,-1.048000,-0.952400,-0.164800,-0.004063,0.010020,-0.004039,-1.047822,-0.952401,-0.164775,-0.004063,0.010016,-0.004039,1.782661e-04,0.005226
927,0,77.7000,10.0000,14.0000,-1.042000,-0.952900,-0.165100,-0.003805,0.010110,0.007927,-1.042428,-0.952879,-0.165137,-0.003805,0.010111,0.007927,4.280505e-04,0.012549
928,0,81.9000,10.0000,14.0000,-1.035000,-0.952300,-0.165000,-0.003510,0.010210,-0.001849,-1.034846,-0.952263,-0.164972,-0.003510,0.010211,-0.001849,1.537936e-04,0.004509
929,0,86.1000,10.0000,14.0000,-1.026000,-0.951100,-0.165300,-0.003173,0.010260,0.010050,-1.025565,-0.951054,-0.165265,-0.003173,0.010261,0.010055,4.354942e-04,0.012767
930,0,90.3000,10.0000,14.0000,-1.015000,-0.948900,-0.165000,-0.002832,0.010370,-0.000498,-1.014914,-0.948927,-0.164978,-0.002832,0.010371,-0.000498,8.561107e-05,0.002510
931,0,94.5000,10.0000,14.0000,-1.003000,-0.946500,-0.165300,-0.002504,0.010450,0.011360,-1.003402,-0.946538,-0.165316,-0.002504,0.010451,0.011360,4.016967e-04,0.011777
932,0,98.7000,10.0000,14.0000,-0.991200,-0.943600,-0.165200,-0.002158,0.010530,0.000220,-0.991181,-0.943568,-0.165199,-0.002158,0.010527,0.000220,3.180354e-05,0.000932
933,0,102.9000,10.0000,14.0000,-0.978400,-0.940300,-0.165400,-0.001764,0.010550,0.012160,-0.978431,-0.940299,-0.165378,-0.001764,0.010551,0.012163,3.065609e-05,0.000899
934,0,107.1000,10.0000,14.0000,-0.965400,-0.936600,-0.165200,-0.001374,0.010550,0.000580,-0.965364,-0.936607,-0.165182,-0.001374,0.010552,0.000580,3.571746e-05,0.001047
935,0,111.3000,10.0000,14.0000,-0.952100,-0.932800,-0.165400,-0.001018,0.010540,0.012690,-0.952108,-0.932761,-0.165437,-0.001018,0.010543,0.012692,3.920494e-05,0.001149
936,0,115.5000,10.0000,14.0000,-0.938600,-0.928400,-0.165300,-0.000678,0.010550,0.000949,-0.938603,-0.928438,-0.165318,-0.000678,0.010550,0.000949,3.845708e-05,0.001127
937,0,119.7000,10.0000,14.0000,-0.924700,-0.923900,-0.165300,-0.000282,0.010560,0.013280,-0.924694,-0.923860,-0.165333,-0.000282,0.010555,0.013278,3.969912e-05,0.001164
938,0,123.9000,10.0000,14.0000,-0.910400,-0.918900,-0.165200,0.000033,0.010550,0.001431,-0.910371,-0.918899,-0.165192,0.000033,0.010546,0.001431,2.947391e-05,0.000864
939,0,128.1000,10.0000,14.0000,-0.895500,-0.913600,-0.165200,0.000382,0.010520,0.014100,-0.895460,-0.913588,-0.165230,0.000383,0.010518,0.014098,3.994064e-05,0.001171
940,0,132.3000,10.0000,14.0000,-0.879900,-0.907800,-0.165200,0.000719,0.010470,0.002348,-0.879881,-0.907828,-0.165235,0.000720,0.010467,0.002348,3.488830e-05,0.001023
941,0,136.5000,10.0000,14.0000,-0.863100,-0.901500,-0.165200,0.001002,0.010430,0.015330,-0.863081,-0.901479,-0.165214,0.001002,0.010433,0.015329,2.073011e-05,0.000608
942,0,140.7000,10.0000,14.0000,-0.845100,-0.894500,-0.165100,0.001269,0.010350,0.003826,-0.845082,-0.894512,-0.165103,0.001269,0.010347,0.003826,1.843440e-05,0.000540
943,0,144.9000,10.0000,14.0000,-0.825300,-0.886700,-0.165000,0.001585,0.010300,0.017250,-0.825338,-0.886740,-0.164958,0.001585,0.010298,0.017253,4.233772e-05,0.001241
944,0,149.1000,10.0000,14.0000,-0.803400,-0.878100,-0.164800,0.001796,0.010200,0.006219,-0.803362,-0.878072,-0.164805,0.001796,0.010204,0.006219,3.766767e-05,0.001104
945,0,153.3000,10.0000,14.0000,-0.778900,-0.868600,-0.165200,0.002022,0.010260,0.019980,-0.778852,-0.868576,-0.165236,0.002022,0.010256,0.019980,4.810179e-05,0.001410
946,0,157.5000,10.0000,14.0000,-0.752200,-0.858000,-0.165000,0.002139,0.010660,0.008317,-0.752157,-0.857976,-0.165033,0.002139,0.010664,0.008317,4.321059e-05,0.001267
947,0,161.7000,10.0000,14.0000,-0.720500,-0.844400,-0.162000,0.001921,0.012330,0.025630,-0.720502,-0.844441,-0.161968,0.001921,0.012327,0.025633,4.061357e-05,0.001191
948,0,165.9000,10.0000,14.0000,-0.686100,-0.835400,-0.175300,0.001914,0.019110,0.013620,-0.686058,-0.835369,-0.175327,0.001914,0.019113,0.013620,4.205565e-05,0.001233
949,0,2.1000,14.0000,14.0000,-0.098220,-0.588700,-0.212400,-0.000614,-0.017160,-0.059410,-0.098223,-0.588743,-0.212387,-0.000614,-0.017155,-0.059410,4.336201e-05,0.001271
950,0,6.3000,14.0000,14.0000,-0.244400,-0.623200,-0.161500,-0.004228,-0.008162,-0.110000,-0.244370,-0.623190,-0.161546,-0.004228,-0.008162,-0.109987,4.636070e-05,0.001359
951,0,10.5000,14.0000,14.0000,-0.392300,-0.674700,-0.155900,-0.004623,-0.004805,-0.057720,-0.392319,-0.674709,-0.155921,-0.004623,-0.004805,-0.057725,2.141015e-05,0.000628
952,0,14.7000,14.0000,14.0000,-0.504500,-0.720300,-0.168300,-0.004972,-0.003549,-0.060710,-0.504542,-0.720292,-0.168250,-0.004972,-0.003549,-0.060711,4.999323e-05,0.001466
953,0,18.9000,14.0000,14.0000,-0.600700,-0.755100,-0.165300,-0.005373,-0.002998,-0.041660,-0.600704,-0.755091,-0.165350,-0.005373,-0.002998,-0.041664,4.984061e-05,0.001461
954,0,23.1000,14.0000,14.0000,-0.685700,-0.787800,-0.167400,-0.005842,-0.002595,-0.047850,-0.685732,-0.787838,-0.167356,-0.005842,-0.002595,-0.047846,4.417012e-05,0.001295
955,0,27.3000,14.0000,14.0000,-0.761000,-0.816200,-0.166200,-0.006132,-0.002330,-0.032100,-0.761005,-0.816233,-0.166204,-0.006132,-0.002330,-0.032104,3.341960e-05,0.000980
956,0,31.5000,14.0000,14.0000,-0.826500,-0.842000,-0.167000,-0.006502,-0.002056,-0.037270,-0.826460,-0.842043,-0.167026,-0.006502,-0.002056,-0.037268,4.251017e-05,0.001246
957,0,35.7000,14.0000,14.0000,-0.882500,-0.864100,-0.166500,-0.006681,-0.001892,-0.022720,-0.882515,-0.864148,-0.166546,-0.006681,-0.001892,-0.022718,4.846891e-05,0.001421
958,0,39.9000,14.0000,14.0000,-0.929200,-0.883400,-0.167000,-0.006848,-0.001797,-0.027340,-0.929178,-0.883365,-0.166970,-0.006848,-0.001797,-0.027338,3.503002e-05,0.001027
959,0,44.1000,14.0000,14.0000,-0.966800,-0.899300,-0.166900,-0.006875,-0.001712,-0.013690,-0.966806,-0.899312,-0.166945,-0.006875,-0.001712,-0.013690,4.459750e-05,0.001307
960,0,48.3000,14.0000,14.0000,-0.996200,-0.912400,-0.167000,-0.006885,-0.001700,-0.018870,-0.996188,-0.912394,-0.167014,-0.006885,-0.001700,-0.018871,1.355618e-05,0.000397
961,0,52.5000,14.0000,14.0000,-1.018000,-0.923100,-0.167300,-0.006755,-0.001673,-0.005991,-1.018288,-0.923065,-0.167337,-0.006755,-0.001673,-0.005991,2.883157e-04,0.008453
962,0,56.7000,14.0000,14.0000,-1.034000,-0.931300,-0.167500,-0.006666,-0.001715,-0.012150,-1.033802,-0.931345,-0.167471,-0.006666,-0.001715,-0.012147,1.979034e-04,0.005802
963,0,60.9000,14.0000,14.0000,-1.043000,-0.937500,-0.167700,-0.006461,-0.001700,0.000116,-1.043377,-0.937467,-0.167744,-0.006461,-0.001700,0.000117,3.773609e-04,0.011063
964,0,65.1000,14.0000,14.0000,-1.048000,-0.941700,-0.167600,-0.006264,-0.001752,-0.007158,-1.048236,-0.941705,-0.167593,-0.006264,-0.001752,-0.007158,2.361523e-04,0.006923
965,0,69.3000,14.0000,14.0000,-1.049000,-0.944600,-0.168000,-0.005922,-0.001742,0.004624,-1.048934,-0.944603,-0.167992,-0.005922,-0.001742,0.004624,6.646623e-05,0.001949
966,0,73.5000,14.0000,14.0000,-1.046000,-0.946000,-0.167900,-0.005630,-0.001789,-0.003796,-1.046327,-0.946023,-0.167935,-0.005630,-0.001789,-0.003796,3.270804e-04,0.009589
967,0,77.7000,14.0000,14.0000,-1.041000,-0.946400,-0.168300,-0.005244,-0.001801,0.007777,-1.040885,-0.946434,-0.168314,-0.005244,-0.001801,0.007777,1.150378e-04,0.003373
968,0,81.9000,14.0000,14.0000,-1.033000,-0.945700,-0.168100,-0.004902,-0.001820,-0.001593,-1.033205,-0.945677,-0.168116,-0.004902,-0.001820,-0.001593,2.052517e-04,0.006017
969,0,86.1000,14.0000,14.0000,-1.024000,-0.944300,-0.168400,-0.004405,-0.001790,0.009881,-1.023802,-0.944339,-0.168420,-0.004405,-0.001790,0.009881,1.981662e-04,0.005810
970,0,90.3000,14.0000,14.0000,-1.013000,-0.942400,-0.168300,-0.003964,-0.001804,-0.000254,-1.013255,-0.942372,-0.168289,-0.003964,-0.001804,-0.000254,2.548205e-04,0.007471
971,0,94.5000,14.0000,14.0000,-1.002000,-0.940100,-0.168700,-0.003448,-0.001803,0.011180,-1.001795,-0.940061,-0.168664,-0.003448,-0.001803,0.011177,2.054956e-04,0.006024
972,0,98.7000,14.0000,14.0000,-0.989400,-0.936900,-0.168400,-0.002978,-0.001845,0.000438,-0.989388,-0.936906,-0.168377,-0.002978,-0.001845,0.000438,2.321200e-05,0.000681
973,0,102.9000,14.0000,14.0000,-0.976700,-0.933600,-0.168600,-0.002426,-0.001873,0.011960,-0.976653,-0.933606,-0.168609,-0.002426,-0.001873,0.011955,4.684322e-05,0.001373
974,0,107.1000,14.0000,14.0000,-0.963600,-0.929900,-0.168500,-0.001973,-0.001872,0.000809,-0.963611,-0.929883,-0.168509,-0.001973,-0.001872,0.000809,1.706562e-05,0.000500
975,0,111.3000,14.0000,14.0000,-0.950300,-0.926000,-0.168600,-0.001413,-0.001829,0.012500,-0.950295,-0.925957,-0.168639,-0.001413,-0.001829,0.012499,4.264420e-05,0.001250
976,0,115.5000,14.0000,14.0000,-0.936800,-0.921700,-0.168500,-0.000947,-0.001816,0.001145,-0.936805,-0.921664,-0.168487,-0.000947,-0.001816,0.001145,3.629654e-05,0.001064
977,0,119.7000,14.0000,14.0000,-0.922900,-0.917100,-0.168500,-0.000403,-0.001813,0.013040,-0.922902,-0.917102,-0.168523,-0.000403,-0.001813,0.013045,2.323347e-05,0.000681
978,0,123.9000,14.0000,14.0000,-0.908700,-0.912200,-0.168500,0.000041,-0.001800,0.001635,-0.908662,-0.912205,-0.168483,0.000041,-0.001800,0.001635,3.756065e-05,0.001101
979,0,128.1000,14.0000,14.0000,-0.893700,-0.906900,-0.168600,0.000544,-0.001803,0.013870,-0.893749,-0.906867,-0.168561,0.000544,-0.001803,0.013870,4.949566e-05,0.001451
980,0,132.3000,14.0000,14.0000,-0.878200,-0.901100,-0.168500,0.000940,-0.001770,0.002569,-0.878208,-0.901125,-0.168506,0.000940,-0.001770,0.002569,2.454842e-05,0.000720
981,0,136.5000,14.0000,14.0000,-0.861400,-0.894800,-0.168400,0.001410,-0.001779,0.015080,-0.861433,-0.894805,-0.168440,0.001410,-0.001779,0.015083,3.959316e-05,0.001161
982,0,140.7000,14.0000,14.0000,-0.843400,-0.887800,-0.168200,0.001780,-0.001776,0.004036,-0.843374,-0.887764,-0.168238,0.001780,-0.001776,0.004036,3.767743e-05,0.001105
983,0,144.9000,14.0000,14.0000,-0.823700,-0.880000,-0.168100,0.002186,-0.001785,0.016990,-0.823726,-0.880036,-0.168084,0.002186,-0.001785,0.016991,3.555016e-05,0.001042
984,0,149.1000,14.0000,14.0000,-0.801700,-0.871400,-0.168000,0.002487,-0.001748,0.006400,-0.801749,-0.871381,-0.167958,0.002487,-0.001748,0.006400,4.858855e-05,0.001424
985,0,153.3000,14.0000,14.0000,-0.777100,-0.861800,-0.168200,0.002933,-0.001822,0.019760,-0.777146,-0.861823,-0.168232,0.002933,-0.001822,0.019760,4.585471e-05,0.001344
986,0,157.5000,14.0000,14.0000,-0.750400,-0.851300,-0.168000,0.003368,-0.002228,0.008564,-0.750412,-0.851258,-0.167998,0.003368,-0.002228,0.008564,4.240866e-05,0.001243
987,0,161.7000,14.0000,14.0000,-0.718700,-0.837800,-0.164600,0.004325,-0.004140,0.025180,-0.718669,-0.837778,-0.164636,0.004325,-0.004140,0.025183,3.614423e-05,0.001060
988,0,165.9000,14.0000,14.0000,-0.684100,-0.828800,-0.177300,0.004803,-0.011320,0.013800,-0.684123,-0.828763,-0.177263,0.004803,-0.011322,0.013795,3.732852e-05,0.001094
989,0,2.1000,18.0000,14.0000,-0.097310,-0.583800,-0.209300,-0.002332,0.019390,-0.059250,-0.097306,-0.583839,-0.209252,-0.002332,0.019389,-0.059254,4.838034e-05,0.001418
990,0,6.3000,18.0000,14.0000,-0.242900,-0.618000,-0.159200,-0.003171,0.011720,-0.109400,-0.242851,-0.618034,-0.159185,-0.003171,0.011721,-0.109410,4.934866e-05,0.001447
991,0,10.5000,18.0000,14.0000,-0.390700,-0.669300,-0.154300,-0.004902,0.009562,-0.057590,-0.390652,-0.669293,-0.154274,-0.004902,0.009562,-0.057593,4.815351e-05,0.001412
992,0,14.7000,18.0000,14.0000,-0.502700,-0.714500,-0.166700,-0.005913,0.008933,-0.060460,-0.502726,-0.714475,-0.166675,-0.005913,0.008933,-0.060457,2.569566e-05,0.000753
993,0,18.9000,18.0000,14.0000,-0.598800,-0.749000,-0.163900,-0.006622,0.008861,-0.041570,-0.598757,-0.749011,-0.163887,-0.006622,0.008861,-0.041571,4.349262e-05,0.001275
994,0,23.1000,18.0000,14.0000,-0.683700,-0.781600,-0.166000,-0.007211,0.008813,-0.047570,-0.683738,-0.781571,-0.165966,-0.007211,0.008813,-0.047574,3.778968e-05,0.001108
995,0,27.3000,18.0000,14.0000,-0.758800,-0.809700,-0.164800,-0.007684,0.008906,-0.032010,-0.758847,-0.809740,-0.164847,-0.007684,0.008906,-0.032007,4.689228e-05,0.001375
996,0,31.5000,18.0000,14.0000,-0.824100,-0.835300,-0.165700,-0.008139,0.008979,-0.037020,-0.824110,-0.835285,-0.165656,-0.008139,0.008979,-0.037021,4.446986e-05,0.001304
997,0,35.7000,18.0000,14.0000,-0.879900,-0.857200,-0.165100,-0.008451,0.009145,-0.022620,-0.879912,-0.857163,-0.165128,-0.008451,0.009145,-0.022619,3.703172e-05,0.001086
998,0,39.9000,18.0000,14.0000,-0.926400,-0.876200,-0.165600,-0.008683,0.009336,-0.027150,-0.926402,-0.876223,-0.165575,-0.008683,0.009336,-0.027155,2.513383e-05,0.000737
999,0,44.1000,18.0000,14.0000,-0.963900,-0.892000,-0.165600,-0.008762,0.009507,-0.013640,-0.963884,-0.892023,-0.165571,-0.008762,0.009507,-0.013644,2.879917e-05,0.000844
1000,0,48.3000,18.0000,14.0000,-0.993100,-0.905000,-0.165600,-0.008794,0.009748,-0.018730,-0.993109,-0.905004,-0.165637,-0.008794,0.009748,-0.018726,3.729239e-05,0.001093
1001,0,52.5000,18.0000,14.0000,-1.015000,-0.915500,-0.165900,-0.008702,0.009922,-0.005985,-1.014993,-0.915482,-0.165908,-0.008702,0.009922,-0.005985,1.804613e-05,0.000529
1002,0,56.7000,18.0000,14.0000,-1.030000,-0.923500,-0.165900,-0.008534,0.010130,-0.011990,-1.030300,-0.923549,-0.165923,-0.008534,0.010131,-0.011991,2.996336e-04,0.008784
1003,0,60.9000,18.0000,14.0000,-1.040000,-0.929700,-0.166300,-0.008273,0.010260,0.000138,-1.039883,-0.929696,-0.166282,-0.008273,0.010265,0.000138,1.165571e-04,0.003417
1004,0,65.1000,18.0000,14.0000,-1.045000,-0.933900,-0.166200,-0.007989,0.010450,-0.007021,-1.044653,-0.933859,-0.166172,-0.007989,0.010451,-0.007021,3.471875e-04,0.010178
1005,0,69.3000,18.0000,14.0000,-1.045000,-0.936600,-0.166500,-0.007625,0.010590,0.004636,-1.045180,-0.936558,-0.166460,-0.007625,0.010594,0.004636,1.803188e-04,0.005286
1006,0,73.5000,18.0000,14.0000,-1.043000,-0.938000,-0.166400,-0.007243,0.010770,-0.003688,-1.042509,-0.937972,-0.166421,-0.007243,0.010767,-0.003688,4.908437e-04,0.014390
1007,0,77.7000,18.0000,14.0000,-1.037000,-0.938400,-0.166800,-0.006742,0.010890,0.007763,-1.036973,-0.938363,-0.166779,-0.006742,0.010890,0.007763,3.716373e-05,0.001090
1008,0,81.9000,18.0000,14.0000,-1.029000,-0.937500,-0.166500,-0.006218,0.011040,-0.001488,-1.029201,-0.937544,-0.166510,-0.006218,0.011036,-0.001488,2.012068e-04,0.005899
1009,0,86.1000,18.0000,14.0000,-1.020000,-0.936200,-0.166900,-0.005666,0.011090,0.009828,-1.019770,-0.936235,-0.166874,-0.005666,0.011094,0.009828,2.302315e-04,0.006750
1010,0,90.3000,18.0000,14.0000,-1.009000,-0.934200,-0.166800,-0.005100,0.011180,-0.000150,-1.009142,-0.934173,-0.166768,-0.005100,0.011180,-0.000150,1.422722e-04,0.004171
1011,0,94.5000,18.0000,14.0000,-0.997600,-0.931700,-0.167100,-0.004430,0.011250,0.011150,-0.997595,-0.931716,-0.167087,-0.004430,0.011245,0.011151,1.574281e-05,0.000462
1012,0,98.7000,18.0000,14.0000,-0.985200,-0.928500,-0.166800,-0.003796,0.011320,0.000544,-0.985163,-0.928537,-0.166775,-0.003796,0.011325,0.000544,3.736414e-05,0.001095
1013,0,102.9000,18.0000,14.0000,-0.972500,-0.925300,-0.167100,-0.003122,0.011380,0.011930,-0.972468,-0.925295,-0.167074,-0.003122,0.011382,0.011929,3.247896e-05,0.000952
1014,0,107.1000,18.0000,14.0000,-0.959500,-0.921600,-0.167000,-0.002472,0.011410,0.000887,-0.959484,-0.921601,-0.167026,-0.002472,0.011410,0.000887,2.599602e-05,0.000762
1015,0,111.3000,18.0000,14.0000,-0.946000,-0.917500,-0.167000,-0.001826,0.011420,0.012440,-0.946028,-0.917535,-0.167003,-0.001826,0.011421,0.012444,3.536159e-05,0.001037
1016,0,115.5000,18.0000,14.0000,-0.932600,-0.913200,-0.166900,-0.001184,0.011440,0.001178,-0.932563,-0.913245,-0.166900,-0.001184,0.011437,0.001178,4.535522e-05,0.001330
1017,0,119.7000,18.0000,14.0000,-0.918700,-0.908700,-0.167000,-0.000522,0.011420,0.012970,-0.918694,-0.908653,-0.166976,-0.000522,0.011423,0.012966,4.664537e-05,0.001367
1018,0,123.9000,18.0000,14.0000,-0.904400,-0.903700,-0.166900,0.000075,0.011400,0.001693,-0.904420,-0.903682,-0.166907,0.000075,0.011401,0.001693,1.975562e-05,0.000579
1019,0,128.1000,18.0000,14.0000,-0.889700,-0.898500,-0.167000,0.000685,0.011390,0.013790,-0.889660,-0.898496,-0.167049,0.000685,0.011395,0.013794,4.914201e-05,0.001441
1020,0,132.3000,18.0000,14.0000,-0.874000,-0.892700,-0.166800,0.001239,0.011350,0.002626,-0.873995,-0.892658,-0.166843,0.001239,0.011347,0.002626,4.274012e-05,0.001253
1021,0,136.5000,18.0000,14.0000,-0.857200,-0.886300,-0.166800,0.001802,0.011280,0.014970,-0.857231,-0.886255,-0.166757,0.001802,0.011280,0.014969,4.544768e-05,0.001332
1022,0,140.7000,18.0000,14.0000,-0.839400,-0.879300,-0.166700,0.002292,0.011180,0.004071,-0.839352,-0.879350,-0.166667,0.002292,0.011178,0.004071,4.984178e-05,0.001461
1023,0,144.9000,18.0000,14.0000,-0.819800,-0.871700,-0.166700,0.002802,0.011150,0.016880,-0.819820,-0.871739,-0.166667,0.002802,0.011152,0.016877,3.947443e-05,0.001157
1024,0,149.1000,18.0000,14.0000,-0.797800,-0.863000,-0.166500,0.003215,0.011110,0.006461,-0.797799,-0.863023,-0.166537,0.003215,0.011107,0.006461,3.653085e-05,0.001071
1025,0,153.3000,18.0000,14.0000,-0.773300,-0.853500,-0.166800,0.003597,0.011150,0.019690,-0.773267,-0.853476,-0.166751,0.003597,0.011150,0.019687,4.919796e-05,0.001442
1026,0,157.5000,18.0000,14.0000,-0.746500,-0.842900,-0.166500,0.003813,0.011530,0.008658,-0.746458,-0.842861,-0.166495,0.003813,0.011529,0.008658,4.189486e-05,0.001228
1027,0,161.7000,18.0000,14.0000,-0.714900,-0.829500,-0.163400,0.003720,0.013360,0.024980,-0.714864,-0.829480,-0.163388,0.003720,0.013356,0.024977,3.611550e-05,0.001059
1028,0,165.9000,18.0000,14.0000,-0.680300,-0.820500,-0.176000,0.003929,0.020350,0.013710,-0.680330,-0.820523,-0.175998,0.003929,0.020349,0.013705,3.000759e-05,0.000880
1029,0,2.1000,22.0000,14.0000,-0.097050,-0.577600,-0.209300,-0.001363,-0.016000,-0.058800,-0.097050,-0.577646,-0.209319,-0.001363,-0.015999,-0.058796,4.596021e-05,0.001347
1030,0,6.3000,22.0000,14.0000,-0.242300,-0.611800,-0.159800,-0.005449,-0.006686,-0.108800,-0.242254,-0.611758,-0.159769,-0.005449,-0.006686,-0.108803,4.564095e-05,0.001338
1031,0,10.5000,22.0000,14.0000,-0.389500,-0.662500,-0.154700,-0.006351,-0.003165,-0.057360,-0.389460,-0.662482,-0.154695,-0.006351,-0.003165,-0.057363,3.990852e-05,0.001170
1032,0,14.7000,22.0000,14.0000,-0.501400,-0.707300,-0.167100,-0.007089,-0.001842,-0.060200,-0.501429,-0.707313,-0.167054,-0.007089,-0.001842,-0.060203,4.644905e-05,0.001362
1033,0,18.9000,22.0000,14.0000,-0.597100,-0.741400,-0.164200,-0.007877,-0.001226,-0.041380,-0.597119,-0.741360,-0.164174,-0.007877,-0.001226,-0.041382,3.978409e-05,0.001166
1034,0,23.1000,22.0000,14.0000,-0.681900,-0.773500,-0.166200,-0.008606,-0.000734,-0.047320,-0.681865,-0.773524,-0.166172,-0.008606,-0.000734,-0.047322,3.512948e-05,0.001030
1035,0,27.3000,22.0000,14.0000,-0.756800,-0.801500,-0.165100,-0.009233,-0.000397,-0.031810,-0.756804,-0.801453,-0.165101,-0.009233,-0.000397,-0.031813,4.665436e-05,0.001368
1036,0,31.5000,22.0000,14.0000,-0.821800,-0.826700,-0.165900,-0.009746,-0.000027,-0.036780,-0.821835,-0.826747,-0.165921,-0.009746,-0.000027,-0.036784,4.749081e-05,0.001392
1037,0,35.7000,22.0000,14.0000,-0.877400,-0.848300,-0.165400,-0.010130,0.000237,-0.022450,-0.877379,-0.848347,-0.165362,-0.010132,0.000237,-0.022446,4.683316e-05,0.001373
1038,0,39.9000,22.0000,14.0000,-0.923500,-0.867100,-0.165700,-0.010410,0.000403,-0.026970,-0.923499,-0.867080,-0.165681,-0.010406,0.000403,-0.026972,2.021219e-05,0.000593
1039,0,44.1000,22.0000,14.0000,-0.960900,-0.882800,-0.165800,-0.010540,0.000536,-0.013530,-0.960887,-0.882802,-0.165756,-0.010536,0.000536,-0.013528,4.378635e-05,0.001284
1040,0,48.3000,22.0000,14.0000,-0.990000,-0.895700,-0.166000,-0.010580,0.000588,-0.018590,-0.990017,-0.895734,-0.165950,-0.010575,0.000588,-0.018591,4.983045e-05,0.001461
1041,0,52.5000,22.0000,14.0000,-1.012000,-0.906000,-0.166100,-0.010480,0.000664,-0.005915,-1.011613,-0.906008,-0.166147,-0.010483,0.000664,-0.005915,3.869249e-04,0.011343
1042,0,56.7000,22.0000,14.0000,-1.027000,-0.913900,-0.166100,-0.010330,0.000660,-0.011870,-1.026731,-0.913885,-0.166111,-0.010326,0.000660,-0.011868,2.687139e-04,0.007878
1043,0,60.9000,22.0000,14.0000,-1.036000,-0.919800,-0.166500,-0.010040,0.000713,0.000222,-1.036144,-0.919839,-0.166470,-0.010041,0.000713,0.000222,1.440359e-04,0.004223
1044,0,65.1000,22.0000,14.0000,-1.041000,-0.924000,-0.166400,-0.009669,0.000713,-0.006905,-1.040847,-0.923979,-0.166438,-0.009669,0.000713,-0.006905,1.526911e-04,0.004476
1045,0,69.3000,22.0000,14.0000,-1.041000,-0.926700,-0.166800,-0.009228,0.000753,0.004707,-1.041408,-0.926749,-0.166828,-0.009228,0.000753,0.004707,4.078619e-04,0.011957
1046,0,73.5000,22.0000,14.0000,-1.038000,-0.927900,-0.166600,-0.008738,0.000739,-0.003596,-1.038475,-0.927917,-0.166648,-0.008738,0.000739,-0.003596,4.754184e-04,0.013938
1047,0,77.7000,22.0000,14.0000,-1.033000,-0.928200,-0.167000,-0.008146,0.000764,0.007808,-1.032762,-0.928164,-0.166994,-0.008146,0.000764,0.007808,2.383050e-04,0.006986
1048,0,81.9000,22.0000,14.0000,-1.025000,-0.927500,-0.166900,-0.007535,0.000778,-0.001402,-1.025053,-0.927453,-0.166851,-0.007535,0.000778,-0.001402,5.265322e-05,0.001544
1049,0,86.1000,22.0000,14.0000,-1.016000,-0.926000,-0.167200,-0.006860,0.000852,0.009838,-1.015520,-0.926043,-0.167157,-0.006860,0.000852,0.009838,4.804276e-04,0.014085
1050,0,90.3000,22.0000,14.0000,-1.005000,-0.923800,-0.166900,-0.006149,0.000839,-0.000110,-1.004683,-0.923756,-0.166937,-0.006149,0.000839,-0.000110,3.173073e-04,0.009302
1051,0,94.5000,22.0000,14.0000,-0.993100,-0.921200,-0.167300,-0.005369,0.000820,0.011170,-0.993064,-0.921232,-0.167259,-0.005369,0.000820,0.011165,4.096555e-05,0.001201
1052,0,98.7000,22.0000,14.0000,-0.980700,-0.918100,-0.167100,-0.004593,0.000789,0.000610,-0.980730,-0.918106,-0.167080,-0.004593,0.000789,0.000610,2.972397e-05,0.000871
1053,0,102.9000,22.0000,14.0000,-0.967900,-0.914700,-0.167300,-0.003794,0.000798,0.011950,-0.967912,-0.914748,-0.167307,-0.003794,0.000797,0.011955,4.819872e-05,0.001413
1054,0,107.1000,22.0000,14.0000,-0.955000,-0.911100,-0.167200,-0.003001,0.000836,0.000915,-0.954960,-0.911065,-0.167223,-0.003001,0.000836,0.000915,3.961359e-05,0.001161
1055,0,111.3000,22.0000,14.0000,-0.941500,-0.907000,-0.167300,-0.002190,0.000870,0.012420,-0.941546,-0.907043,-0.167276,-0.002190,0.000870,0.012424,4.628622e-05,0.001357
1056,0,115.5000,22.0000,14.0000,-0.928000,-0.902700,-0.167200,-0.001406,0.000888,0.001216,-0.928036,-0.902699,-0.167192,-0.001406,0.000889,0.001216,3.616534e-05,0.001060
1057,0,119.7000,22.0000,14.0000,-0.914300,-0.898200,-0.167300,-0.000620,0.000901,0.012930,-0.914275,-0.898174,-0.167311,-0.000620,0.000901,0.012930,2.587486e-05,0.000759
1058,0,123.9000,22.0000,14.0000,-0.900000,-0.893200,-0.167200,0.000115,0.000898,0.001698,-0.899968,-0.893170,-0.167180,0.000115,0.000898,0.001698,3.194710e-05,0.000937
1059,0,128.1000,22.0000,14.0000,-0.885200,-0.887800,-0.167200,0.000836,0.000884,0.013760,-0.885152,-0.887823,-0.167200,0.000836,0.000884,0.013761,4.772948e-05,0.001399
1060,0,132.3000,22.0000,14.0000,-0.869500,-0.881900,-0.167000,0.001539,0.000873,0.002604,-0.869490,-0.881916,-0.166980,0.001539,0.000873,0.002604,2.031603e-05,0.000596
1061,0,136.5000,22.0000,14.0000,-0.852900,-0.875600,-0.167000,0.002168,0.000852,0.014910,-0.852896,-0.875626,-0.167012,0.002168,0.000852,0.014906,2.599299e-05,0.000762
1062,0,140.7000,22.0000,14.0000,-0.835100,-0.868700,-0.167000,0.002758,0.000877,0.004032,-0.835054,-0.868736,-0.166962,0.002758,0.000876,0.004032,4.601939e-05,0.001349
1063,0,144.9000,22.0000,14.0000,-0.815400,-0.861000,-0.166900,0.003406,0.000915,0.016870,-0.815410,-0.861045,-0.166850,0.003406,0.000915,0.016870,4.970049e-05,0.001457
1064,0,149.1000,22.0000,14.0000,-0.793600,-0.852500,-0.166800,0.003933,0.000973,0.006464,-0.793631,-0.852502,-0.166760,0.003933,0.000973,0.006464,3.966413e-05,0.001163
1065,0,153.3000,22.0000,14.0000,-0.769100,-0.843000,-0.167000,0.004454,0.000844,0.019640,-0.769131,-0.842975,-0.166983,0.004454,0.000844,0.019644,3.139269e-05,0.000920
1066,0,157.5000,22.0000,14.0000,-0.742300,-0.832300,-0.166700,0.005074,0.000387,0.008656,-0.742298,-0.832341,-0.166693,0.005074,0.000387,0.008656,4.098911e-05,0.001202
1067,0,161.7000,22.0000,14.0000,-0.710800,-0.819200,-0.163800,0.006059,-0.001500,0.024920,-0.710845,-0.819172,-0.163793,0.006059,-0.001500,0.024919,4.507746e-05,0.001322
1068,0,165.9000,22.0000,14.0000,-0.676200,-0.810100,-0.176400,0.006814,-0.008447,0.013750,-0.676165,-0.810125,-0.176353,0.006814,-0.008447,0.013751,4.662094e-05,0.001367
1069,0,2.1000,26.0000,14.0000,-0.096290,-0.569100,-0.208500,-0.002487,0.021610,-0.058280,-0.096287,-0.569134,-0.208492,-0.002487,0.021607,-0.058285,3.384780e-05,0.000992
1070,0,6.3000,26.0000,14.0000,-0.240900,-0.603200,-0.159600,-0.003879,0.013850,-0.108200,-0.240903,-0.603154,-0.159605,-0.003879,0.013852,-0.108193,4.636408e-05,0.001359
1071,0,10.5000,26.0000,14.0000,-0.387600,-0.653400,-0.154600,-0.006129,0.011750,-0.057100,-0.387637,-0.653357,-0.154591,-0.006129,0.011753,-0.057102,4.288505e-05,0.001257
1072,0,14.7000,26.0000,14.0000,-0.499400,-0.697800,-0.167000,-0.007633,0.011170,-0.059930,-0.499431,-0.697762,-0.166971,-0.007633,0.011172,-0.059934,3.774163e-05,0.001106
1073,0,18.9000,26.0000,14.0000,-0.594800,-0.731400,-0.164100,-0.008713,0.011160,-0.041140,-0.594807,-0.731384,-0.164058,-0.008713,0.011162,-0.041139,4.170482e-05,0.001223
1074,0,23.1000,26.0000,14.0000,-0.679300,-0.763200,-0.166100,-0.009684,0.011210,-0.047050,-0.679344,-0.763204,-0.166099,-0.009684,0.011212,-0.047045,4.418016e-05,0.001295
1075,0,27.3000,26.0000,14.0000,-0.754000,-0.790800,-0.165100,-0.010500,0.011380,-0.031570,-0.754021,-0.790760,-0.165070,-0.010502,0.011379,-0.031571,3.968585e-05,0.001163
1076,0,31.5000,26.0000,14.0000,-0.818700,-0.815700,-0.165800,-0.011180,0.011550,-0.036530,-0.818713,-0.815678,-0.165833,-0.011180,0.011549,-0.036531,3.329551e-05,0.000976
1077,0,35.7000,26.0000,14.0000,-0.874000,-0.837100,-0.165300,-0.011700,0.011790,-0.022270,-0.874006,-0.837053,-0.165329,-0.011703,0.011792,-0.022272,4.675115e-05,0.001371
1078,0,39.9000,26.0000,14.0000,-0.919800,-0.855500,-0.165700,-0.012100,0.012050,-0.026750,-0.919819,-0.855539,-0.165651,-0.012097,0.012050,-0.026749,4.917996e-05,0.001442
1079,0,44.1000,26.0000,14.0000,-0.956900,-0.871000,-0.165700,-0.012310,0.012290,-0.013370,-0.956934,-0.870981,-0.165693,-0.012307,0.012287,-0.013371,3.415599e-05,0.001001
1080,0,48.3000,26.0000,14.0000,-0.985800,-0.883700,-0.165900,-0.012370,0.012560,-0.018400,-0.985812,-0.883683,-0.165882,-0.012370,0.012563,-0.018400,1.840151e-05,0.000539
1081,0,52.5000,26.0000,14.0000,-1.007000,-0.893800,-0.166100,-0.012260,0.012790,-0.005797,-1.007200,-0.893794,-0.166078,-0.012264,0.012785,-0.005797,1.999282e-04,0.005861
1082,0,56.7000,26.0000,14.0000,-1.022000,-0.901500,-0.166000,-0.012080,0.013070,-0.011730,-1.022141,-0.901509,-0.166045,-0.012078,0.013065,-0.011732,1.414430e-04,0.004147
1083,0,60.9000,26.0000,14.0000,-1.031000,-0.907300,-0.166400,-0.011790,0.013280,0.000308,-1.031374,-0.907345,-0.166404,-0.011790,0.013278,0.000308,3.741627e-04,0.010969
1084,0,65.1000,26.0000,14.0000,-1.036000,-0.911400,-0.166400,-0.011410,0.013510,-0.006801,-1.035869,-0.911352,-0.166369,-0.011410,0.013515,-0.006801,1.308012e-04,0.003835
1085,0,69.3000,26.0000,14.0000,-1.036000,-0.913900,-0.166700,-0.010860,0.013680,0.004795,-1.036235,-0.913947,-0.166738,-0.010859,0.013682,0.004795,2.352441e-04,0.006897
1086,0,73.5000,26.0000,14.0000,-1.033000,-0.915000,-0.166500,-0.010240,0.013920,-0.003442,-1.033182,-0.915021,-0.166513,-0.010237,0.013915,-0.003442,1.819190e-04,0.005333
1087,0,77.7000,26.0000,14.0000,-1.027000,-0.915200,-0.166900,-0.009569,0.014070,0.007864,-1.027423,-0.915217,-0.166910,-0.009569,0.014070,0.007864,4.234367e-04,0.012414
1088,0,81.9000,26.0000,14.0000,-1.020000,-0.914300,-0.166800,-0.008858,0.014190,-0.001298,-1.019547,-0.914321,-0.166783,-0.008858,0.014193,-0.001298,4.533394e-04,0.013291
1089,0,86.1000,26.0000,14.0000,-1.010000,-0.912800,-0.167100,-0.008040,0.014270,0.009890,-1.009909,-0.912833,-0.167076,-0.008040,0.014272,0.009890,9.114594e-05,0.002672
1090,0,90.3000,26.0000,14.0000,-0.999100,-0.910600,-0.166900,-0.007210,0.014410,-0.000066,-0.999054,-0.910575,-0.166876,-0.007210,0.014412,-0.000066,4.564349e-05,0.001338
1091,0,94.5000,26.0000,14.0000,-0.987300,-0.908000,-0.167200,-0.006315,0.014510,0.011160,-0.987290,-0.907960,-0.167159,-0.006315,0.014512,0.011160,4.134158e-05,0.001212
1092,0,98.7000,26.0000,14.0000,-0.975000,-0.904800,-0.167000,-0.005384,0.014580,0.000650,-0.974962,-0.904825,-0.167046,-0.005384,0.014580,0.000650,4.627626e-05,0.001357
1093,0,102.9000,26.0000,14.0000,-0.962200,-0.901400,-0.167300,-0.004439,0.014620,0.011980,-0.962178,-0.901441,-0.167280,-0.004439,0.014624,0.011978,4.081354e-05,0.001197
1094,0,107.1000,26.0000,14.0000,-0.949100,-0.897600,-0.167100,-0.003520,0.014700,0.000972,-0.949071,-0.897590,-0.167101,-0.003520,0.014697,0.000972,2.876037e-05,0.000843
1095,0,111.3000,26.0000,14.0000,-0.935700,-0.893600,-0.167200,-0.002539,0.014740,0.012410,-0.935698,-0.893577,-0.167230,-0.002539,0.014735,0.012406,3.046696e-05,0.000893
1096,0,115.5000,26.0000,14.0000,-0.922300,-0.889300,-0.167200,-0.001618,0.014730,0.001242,-0.922260,-0.889267,-0.167161,-0.001618,0.014727,0.001242,3.959299e-05,0.001161
1097,0,119.7000,26.0000,14.0000,-0.908400,-0.884700,-0.167300,-0.000692,0.014720,0.012910,-0.908437,-0.884657,-0.167261,-0.000692,0.014715,0.012908,4.265642e-05,0.001251
1098,0,123.9000,26.0000,14.0000,-0.894100,-0.879600,-0.167100,0.000205,0.014700,0.001719,-0.894139,-0.879603,-0.167094,0.000205,0.014700,0.001719,3.882049e-05,0.001138
1099,0,128.1000,26.0000,14.0000,-0.879300,-0.874200,-0.167000,0.001076,0.014660,0.013720,-0.879340,-0.874184,-0.167028,0.001076,0.014661,0.013724,3.973782e-05,0.001165
1100,0,132.3000,26.0000,14.0000,-0.863900,-0.868400,-0.167000,0.001850,0.014600,0.002575,-0.863875,-0.868372,-0.166971,0.001850,0.014603,0.002575,2.941096e-05,0.000862
1101,0,136.5000,26.0000,14.0000,-0.847300,-0.862100,-0.167000,0.002596,0.014560,0.014850,-0.847300,-0.862104,-0.167022,0.002596,0.014555,0.014855,2.222911e-05,0.000652
1102,0,140.7000,26.0000,14.0000,-0.829400,-0.855100,-0.166800,0.003323,0.014500,0.004037,-0.829388,-0.855090,-0.166833,0.003323,0.014497,0.004037,3.299071e-05,0.000967
1103,0,144.9000,26.0000,14.0000,-0.809800,-0.847400,-0.166700,0.003994,0.014420,0.016800,-0.809822,-0.847448,-0.166735,0.003994,0.014416,0.016802,4.823797e-05,0.001414
1104,0,149.1000,26.0000,14.0000,-0.788200,-0.839000,-0.166700,0.004587,0.014280,0.006482,-0.788155,-0.839004,-0.166673,0.004587,0.014283,0.006482,4.525370e-05,0.001327
1105,0,153.3000,26.0000,14.0000,-0.763800,-0.829500,-0.167000,0.005178,0.014360,0.019610,-0.763750,-0.829517,-0.166953,0.005178,0.014359,0.019607,4.959746e-05,0.001454
1106,0,157.5000,26.0000,14.0000,-0.737100,-0.819000,-0.166700,0.005458,0.014770,0.008644,-0.737135,-0.819013,-0.166711,0.005458,0.014767,0.008644,3.465361e-05,0.001016
1107,0,161.7000,26.0000,14.0000,-0.705300,-0.805600,-0.163400,0.005396,0.016620,0.024940,-0.705302,-0.805630,-0.163436,0.005396,0.016621,0.024938,3.585950e-05,0.001051
1108,0,165.9000,26.0000,14.0000,-0.670600,-0.796800,-0.175800,0.005792,0.023580,0.013760,-0.670577,-0.796763,-0.175807,0.005792,0.023580,0.013763,3.653937e-05,0.001071
1109,0,2.1000,30.0000,14.0000,-0.095400,-0.557900,-0.208300,-0.001233,-0.012700,-0.057960,-0.095395,-0.557916,-0.208275,-0.001233,-0.012704,-0.057962,2.542689e-05,0.000745
1110,0,6.3000,30.0000,14.0000,-0.239100,-0.591900,-0.159500,-0.005625,-0.004015,-0.107600,-0.239088,-0.591879,-0.159532,-0.005625,-0.004015,-0.107593,3.241726e-05,0.000950
1111,0,10.5000,30.0000,14.0000,-0.385500,-0.641800,-0.154700,-0.007044,-0.000654,-0.056850,-0.385458,-0.641842,-0.154655,-0.007044,-0.000654,-0.056849,4.496199e-05,0.001318
1112,0,14.7000,30.0000,14.0000,-0.496800,-0.685600,-0.166800,-0.008279,0.000711,-0.059580,-0.496815,-0.685631,-0.166845,-0.008279,0.000711,-0.059578,4.546138e-05,0.001333
1113,0,18.9000,30.0000,14.0000,-0.591900,-0.718700,-0.163900,-0.009523,0.001404,-0.040880,-0.591909,-0.718748,-0.163930,-0.009523,0.001404,-0.040878,4.761315e-05,0.001396
1114,0,23.1000,30.0000,14.0000,-0.676100,-0.750200,-0.166000,-0.010680,0.002008,-0.046680,-0.676119,-0.750160,-0.165987,-0.010684,0.002008,-0.046684,3.997739e-05,0.001172
1115,0,27.3000,30.0000,14.0000,-0.750400,-0.777300,-0.164900,-0.011680,0.002426,-0.031320,-0.750441,-0.777322,-0.164937,-0.011684,0.002426,-0.031318,4.145483e-05,0.001215
1116,0,31.5000,30.0000,14.0000,-0.814900,-0.801900,-0.165700,-0.012480,0.002838,-0.036210,-0.814864,-0.801891,-0.165710,-0.012480,0.002838,-0.036212,3.553840e-05,0.001042
1117,0,35.7000,30.0000,14.0000,-0.869800,-0.822900,-0.165200,-0.013170,0.003150,-0.022100,-0.869785,-0.822940,-0.165206,-0.013174,0.003150,-0.022097,4.025924e-05,0.001180
1118,0,39.9000,30.0000,14.0000,-0.915300,-0.841200,-0.165600,-0.013630,0.003360,-0.026500,-0.915336,-0.841220,-0.165634,-0.013634,0.003360,-0.026500,3.582457e-05,0.001050
1119,0,44.1000,30.0000,14.0000,-0.952100,-0.856300,-0.165600,-0.013940,0.003559,-0.013210,-0.952052,-0.856339,-0.165637,-0.013938,0.003559,-0.013210,4.783558e-05,0.001402
1120,0,48.3000,30.0000,14.0000,-0.980500,-0.868700,-0.165700,-0.014020,0.003679,-0.018160,-0.980535,-0.868653,-0.165703,-0.014019,0.003679,-0.018159,4.650697e-05,0.001363
1121,0,52.5000,30.0000,14.0000,-1.002000,-0.878600,-0.165900,-0.013960,0.003822,-0.005658,-1.001718,-0.878553,-0.165939,-0.013959,0.003822,-0.005658,2.824543e-04,0.008281
1122,0,56.7000,30.0000,14.0000,-1.017000,-0.886200,-0.166000,-0.013740,0.003901,-0.011540,-1.016502,-0.886222,-0.165981,-0.013741,0.003901,-0.011543,4.977858e-04,0.014594
1123,0,60.9000,30.0000,14.0000,-1.026000,-0.891900,-0.166400,-0.013430,0.004022,0.000405,-1.025552,-0.891939,-0.166351,-0.013426,0.004022,0.000405,4.475393e-04,0.013120
1124,0,65.1000,30.0000,14.0000,-1.030000,-0.895700,-0.166200,-0.012950,0.004060,-0.006638,-1.029748,-0.895677,-0.166235,-0.012949,0.004060,-0.006638,2.520053e-04,0.007388
1125,0,69.3000,30.0000,14.0000,-1.030000,-0.898100,-0.166600,-0.012400,0.004104,0.004863,-1.029887,-0.898116,-0.166593,-0.012403,0.004104,0.004863,1.133339e-04,0.003323
1126,0,73.5000,30.0000,14.0000,-1.027000,-0.899200,-0.166500,-0.011700,0.004107,-0.003272,-1.026775,-0.899155,-0.166461,-0.011705,0.004107,-0.003272,2.250312e-04,0.006597
1127,0,77.7000,30.0000,14.0000,-1.021000,-0.899300,-0.166900,-0.010950,0.004210,0.007919,-1.020916,-0.899272,-0.166852,-0.010951,0.004210,0.007919,8.401410e-05,0.002463
1128,0,81.9000,30.0000,14.0000,-1.013000,-0.898300,-0.166700,-0.010100,0.004272,-0.001194,-1.012834,-0.898254,-0.166653,-0.010098,0.004272,-0.001194,1.657108e-04,0.004858
1129,0,86.1000,30.0000,14.0000,-1.003000,-0.896600,-0.166900,-0.009193,0.004306,0.009906,-1.003033,-0.896629,-0.166927,-0.009193,0.004306,0.009906,3.258301e-05,0.000955
1130,0,90.3000,30.0000,14.0000,-0.992200,-0.894300,-0.166800,-0.008169,0.004280,0.000041,-0.992164,-0.894304,-0.166775,-0.008169,0.004280,0.000041,3.573174e-05,0.001048
1131,0,94.5000,30.0000,14.0000,-0.980300,-0.891600,-0.167000,-0.007183,0.004326,0.011190,-0.980301,-0.891597,-0.167043,-0.007183,0.004326,0.011188,4.273292e-05,0.001253
1132,0,98.7000,30.0000,14.0000,-0.967900,-0.888300,-0.166900,-0.006129,0.004389,0.000751,-0.967868,-0.888349,-0.166870,-0.006129,0.004389,0.000751,4.939530e-05,0.001448
1133,0,102.9000,30.0000,14.0000,-0.955100,-0.885000,-0.167200,-0.005072,0.004406,0.011940,-0.955103,-0.884969,-0.167167,-0.005072,0.004406,0.011940,3.306017e-05,0.000969
1134,0,107.1000,30.0000,14.0000,-0.941900,-0.881100,-0.167000,-0.003964,0.004392,0.001056,-0.941940,-0.881078,-0.167000,-0.003964,0.004392,0.001056,3.983811e-05,0.001168
1135,0,111.3000,30.0000,14.0000,-0.928600,-0.877000,-0.167100,-0.002900,0.004433,0.012390,-0.928559,-0.876999,-0.167098,-0.002900,0.004433,0.012386,4.135083e-05,0.001212
1136,0,115.5000,30.0000,14.0000,-0.915200,-0.872700,-0.167100,-0.001784,0.004441,0.001244,-0.915173,-0.872682,-0.167109,-0.001784,0.004441,0.001244,2.661182e-05,0.000780
1137,0,119.7000,30.0000,14.0000,-0.901300,-0.868000,-0.167200,-0.000733,0.004441,0.012890,-0.901278,-0.867990,-0.167185,-0.000733,0.004441,0.012890,2.183658e-05,0.000640
1138,0,123.9000,30.0000,14.0000,-0.887000,-0.862800,-0.166900,0.000308,0.004461,0.001777,-0.887012,-0.862833,-0.166904,0.000308,0.004461,0.001777,3.345544e-05,0.000981
1139,0,128.1000,30.0000,14.0000,-0.872400,-0.857500,-0.166900,0.001248,0.004442,0.013630,-0.872352,-0.857487,-0.166902,0.001248,0.004442,0.013627,4.789109e-05,0.001404
1140,0,132.3000,30.0000,14.0000,-0.857000,-0.851800,-0.166900,0.002185,0.004466,0.002631,-0.856982,-0.851772,-0.166940,0.002185,0.004466,0.002631,3.978806e-05,0.001166
1141,0,136.5000,30.0000,14.0000,-0.840400,-0.845400,-0.166900,0.003028,0.004483,0.014810,-0.840403,-0.845403,-0.166873,0.003028,0.004483,0.014809,2.698023e-05,0.000791
1142,0,140.7000,30.0000,14.0000,-0.822600,-0.838500,-0.166700,0.003835,0.004500,0.004075,-0.822625,-0.838469,-0.166723,0.003835,0.004500,0.004075,3.089917e-05,0.000906
1143,0,144.9000,30.0000,14.0000,-0.803100,-0.830900,-0.166700,0.004537,0.004501,0.016690,-0.803136,-0.830873,-0.166662,0.004537,0.004501,0.016693,3.837558e-05,0.001125
1144,0,149.1000,30.0000,14.0000,-0.781400,-0.822300,-0.166500,0.005300,0.004475,0.006473,-0.781368,-0.822277,-0.166494,0.005300,0.004475,0.006473,3.219111e-05,0.000944
1145,0,153.3000,30.0000,14.0000,-0.757200,-0.812900,-0.166800,0.005970,0.004293,0.019490,-0.757208,-0.812907,-0.166823,0.005970,0.004293,0.019494,2.293287e-05,0.000672
1146,0,157.5000,30.0000,14.0000,-0.730600,-0.802300,-0.166500,0.006697,0.003946,0.008787,-0.730567,-0.802290,-0.166473,0.006697,0.003946,0.008787,3.293578e-05,0.000966
1147,0,161.7000,30.0000,14.0000,-0.698600,-0.788500,-0.163100,0.007729,0.002501,0.025160,-0.698583,-0.788532,-0.163096,0.007729,0.002501,0.025162,3.164285e-05,0.000928
1148,0,165.9000,30.0000,14.0000,-0.663800,-0.779400,-0.175600,0.008412,-0.003893,0.013950,-0.663755,-0.779437,-0.175612,0.008412,-0.003893,0.013950,4.507634e-05,0.001321
1149,0,2.1000,34.0000,14.0000,-0.094450,-0.544200,-0.209900,-0.002607,0.024120,-0.057100,-0.094452,-0.544249,-0.209901,-0.002607,0.024118,-0.057096,4.878271e-05,0.001430
1150,0,6.3000,34.0000,14.0000,-0.237400,-0.578400,-0.160900,-0.003597,0.016390,-0.107000,-0.237360,-0.578371,-0.160948,-0.003597,0.016389,-0.107036,4.828957e-05,0.001416
1151,0,10.5000,34.0000,14.0000,-0.382900,-0.627600,-0.155100,-0.006270,0.014290,-0.056380,-0.382912,-0.627576,-0.155062,-0.006270,0.014286,-0.056378,3.824241e-05,0.001121
1152,0,14.7000,34.0000,14.0000,-0.493800,-0.670800,-0.167100,-0.008177,0.013750,-0.059330,-0.493828,-0.670818,-0.167116,-0.008177,0.013752,-0.059329,2.831186e-05,0.000830
1153,0,18.9000,34.0000,14.0000,-0.588700,-0.703500,-0.164400,-0.009933,0.013830,-0.040420,-0.588698,-0.703477,-0.164379,-0.009933,0.013831,-0.040418,2.262832e-05,0.000663
1154,0,23.1000,34.0000,14.0000,-0.672400,-0.734200,-0.166300,-0.011320,0.014000,-0.046440,-0.672361,-0.734237,-0.166331,-0.011315,0.014000,-0.046436,3.883362e-05,0.001138
1155,0,27.3000,34.0000,14.0000,-0.746200,-0.760900,-0.165200,-0.012670,0.014250,-0.030910,-0.746230,-0.760895,-0.165210,-0.012674,0.014249,-0.030913,3.000474e-05,0.000880
1156,0,31.5000,34.0000,14.0000,-0.810400,-0.785200,-0.166100,-0.013600,0.014470,-0.036000,-0.810410,-0.785246,-0.166141,-0.013598,0.014475,-0.036004,4.570505e-05,0.001340
1157,0,35.7000,34.0000,14.0000,-0.864900,-0.805900,-0.165600,-0.014520,0.014770,-0.021720,-0.864907,-0.805919,-0.165639,-0.014521,0.014771,-0.021720,3.896467e-05,0.001142
1158,0,39.9000,34.0000,14.0000,-0.910000,-0.823700,-0.166000,-0.015010,0.015120,-0.026340,-0.910017,-0.823731,-0.165953,-0.015011,0.015119,-0.026338,4.716004e-05,0.001383
1159,0,44.1000,34.0000,14.0000,-0.946300,-0.838500,-0.165900,-0.015500,0.015440,-0.012880,-0.946259,-0.838484,-0.165902,-0.015504,0.015444,-0.012883,4.142369e-05,0.001214
1160,0,48.3000,34.0000,14.0000,-0.974400,-0.850600,-0.166000,-0.015560,0.015780,-0.018040,-0.974442,-0.850597,-0.166019,-0.015564,0.015784,-0.018037,4.155553e-05,0.001218
1161,0,52.5000,34.0000,14.0000,-0.995500,-0.860400,-0.166400,-0.015680,0.016060,-0.005338,-0.995466,-0.860398,-0.166376,-0.015679,0.016065,-0.005338,3.422387e-05,0.001003
1162,0,56.7000,34.0000,14.0000,-1.010000,-0.867800,-0.166400,-0.015380,0.016400,-0.011470,-1.009911,-0.867791,-0.166361,-0.015378,0.016397,-0.011472,8.887724e-05,0.002606
1163,0,60.9000,34.0000,14.0000,-1.019000,-0.873300,-0.166700,-0.015120,0.016640,0.000656,-1.018646,-0.873281,-0.166710,-0.015123,0.016641,0.000656,3.541399e-04,0.010382
1164,0,65.1000,34.0000,14.0000,-1.023000,-0.876900,-0.166700,-0.014500,0.016920,-0.006581,-1.022693,-0.876925,-0.166659,-0.014505,0.016916,-0.006581,3.069066e-04,0.008998
1165,0,69.3000,34.0000,14.0000,-1.023000,-0.879200,-0.167000,-0.014000,0.017130,0.005094,-1.022594,-0.879166,-0.166979,-0.014004,0.017131,0.005094,4.058378e-04,0.011898
1166,0,73.5000,34.0000,14.0000,-1.019000,-0.880000,-0.166800,-0.013090,0.017360,-0.003296,-1.019234,-0.880007,-0.166816,-0.013094,0.017357,-0.003296,2.336874e-04,0.006851
1167,0,77.7000,34.0000,14.0000,-1.013000,-0.880100,-0.167300,-0.012350,0.017530,0.008143,-1.013284,-0.880078,-0.167286,-0.012353,0.017525,0.008143,2.835697e-04,0.008313
1168,0,81.9000,34.0000,14.0000,-1.005000,-0.878900,-0.167000,-0.011270,0.017720,-0.001227,-1.005011,-0.878925,-0.167027,-0.011265,0.017716,-0.001227,2.683578e-05,0.000787
1169,0,86.1000,34.0000,14.0000,-0.995000,-0.877200,-0.167300,-0.010360,0.017850,0.010110,-0.995047,-0.877158,-0.167270,-0.010362,0.017850,0.010109,4.677341e-05,0.001371
1170,0,90.3000,34.0000,14.0000,-0.984200,-0.874900,-0.167200,-0.009154,0.018000,0.000016,-0.984178,-0.874850,-0.167237,-0.009154,0.017998,0.000016,4.951546e-05,0.001452
1171,0,94.5000,34.0000,14.0000,-0.972300,-0.872200,-0.167600,-0.008126,0.018090,0.011400,-0.972299,-0.872151,-0.167552,-0.008126,0.018094,0.011396,4.908404e-05,0.001439
1172,0,98.7000,34.0000,14.0000,-0.959800,-0.868800,-0.167300,-0.006795,0.018190,0.000677,-0.959752,-0.868759,-0.167300,-0.006795,0.018185,0.000677,4.843057e-05,0.001420
1173,0,102.9000,34.0000,14.0000,-0.946800,-0.865200,-0.167500,-0.005714,0.018270,0.012070,-0.946818,-0.865187,-0.167536,-0.005714,0.018271,0.012068,3.633208e-05,0.001065
1174,0,107.1000,34.0000,14.0000,-0.933700,-0.861300,-0.167500,-0.004352,0.018330,0.000955,-0.933677,-0.861254,-0.167465,-0.004352,0.018333,0.000954,4.600613e-05,0.001349
1175,0,111.3000,34.0000,14.0000,-0.920300,-0.857100,-0.167600,-0.003241,0.018340,0.012540,-0.920278,-0.857091,-0.167584,-0.003241,0.018339,0.012541,2.186308e-05,0.000641
1176,0,115.5000,34.0000,14.0000,-0.906700,-0.852600,-0.167400,-0.001857,0.018390,0.001159,-0.906747,-0.852603,-0.167426,-0.001857,0.018390,0.001159,4.655803e-05,0.001365
1177,0,119.7000,34.0000,14.0000,-0.892900,-0.847900,-0.167500,-0.000789,0.018400,0.013020,-0.892928,-0.847903,-0.167450,-0.000789,0.018399,0.013024,4.970492e-05,0.001457
1178,0,123.9000,34.0000,14.0000,-0.878900,-0.842900,-0.167400,0.000465,0.018320,0.001621,-0.878929,-0.842920,-0.167380,0.000465,0.018323,0.001621,2.894618e-05,0.000849
1179,0,128.1000,34.0000,14.0000,-0.864300,-0.837500,-0.167500,0.001430,0.018290,0.013690,-0.864280,-0.837533,-0.167460,0.001430,0.018289,0.013688,4.019096e-05,0.001178
1180,0,132.3000,34.0000,14.0000,-0.848800,-0.831600,-0.167300,0.002567,0.018230,0.002512,-0.848802,-0.831617,-0.167318,0.002567,0.018226,0.002512,1.774200e-05,0.000520
1181,0,136.5000,34.0000,14.0000,-0.832500,-0.825400,-0.167300,0.003384,0.018140,0.014910,-0.832484,-0.825394,-0.167295,0.003384,0.018142,0.014912,1.589171e-05,0.000466
1182,0,140.7000,34.0000,14.0000,-0.814800,-0.818500,-0.167200,0.004416,0.018090,0.003938,-0.814781,-0.818505,-0.167212,0.004416,0.018087,0.003938,1.927396e-05,0.000565
1183,0,144.9000,34.0000,14.0000,-0.795300,-0.810800,-0.167100,0.005094,0.018060,0.016800,-0.795281,-0.810835,-0.167079,0.005094,0.018059,0.016798,3.492880e-05,0.001024
1184,0,149.1000,34.0000,14.0000,-0.773600,-0.802300,-0.166900,0.006003,0.017950,0.006267,-0.773599,-0.802328,-0.166851,0.006003,0.017951,0.006267,4.911051e-05,0.001440
1185,0,153.3000,34.0000,14.0000,-0.749400,-0.792900,-0.166900,0.006601,0.018040,0.019570,-0.749445,-0.792945,-0.166916,0.006601,0.018038,0.019570,4.518695e-05,0.001325
1186,0,157.5000,34.0000,14.0000,-0.723000,-0.782300,-0.167100,0.007364,0.018520,0.008799,-0.722964,-0.782272,-0.167113,0.007364,0.018517,0.008799,3.639285e-05,0.001067
1187,0,161.7000,34.0000,14.0000,-0.692000,-0.768800,-0.165600,0.007355,0.019790,0.024810,-0.691979,-0.768809,-0.165568,0.007355,0.019791,0.024814,3.163167e-05,0.000927
1188,0,165.9000,34.0000,14.0000,-0.657600,-0.759700,-0.179600,0.007608,0.026000,0.013830,-0.657599,-0.759690,-0.179639,0.007608,0.026002,0.013829,3.932484e-05,0.001153
1189,0,2.1000,38.0000,14.0000,-0.092180,-0.529600,-0.204900,-0.000756,-0.013340,-0.054680,-0.092181,-0.529581,-0.204944,-0.000756,-0.013335,-0.054679,4.429971e-05,0.001299
1190,0,6.3000,38.0000,14.0000,-0.234900,-0.563300,-0.160000,-0.004282,-0.003331,-0.106400,-0.234885,-0.563309,-0.160012,-0.004282,-0.003331,-0.106431,3.088079e-05,0.000905
1191,0,10.5000,38.0000,14.0000,-0.380000,-0.611100,-0.154900,-0.006816,0.001069,-0.055160,-0.380000,-0.611125,-0.154859,-0.006816,0.001069,-0.055162,4.089570e-05,0.001199
1192,0,14.7000,38.0000,14.0000,-0.490200,-0.653600,-0.166800,-0.008071,0.002783,-0.059410,-0.490223,-0.653565,-0.166827,-0.008071,0.002783,-0.059409,3.504541e-05,0.001027
1193,0,18.9000,38.0000,14.0000,-0.584500,-0.685500,-0.163700,-0.010380,0.003520,-0.039640,-0.584542,-0.685462,-0.163732,-0.010384,0.003520,-0.039638,4.160676e-05,0.001220
1194,0,23.1000,38.0000,14.0000,-0.667800,-0.715800,-0.165900,-0.011680,0.004151,-0.046500,-0.667838,-0.715843,-0.165882,-0.011677,0.004151,-0.046502,4.281370e-05,0.001255
1195,0,27.3000,38.0000,14.0000,-0.741300,-0.742000,-0.164800,-0.013660,0.004659,-0.030130,-0.741283,-0.742043,-0.164816,-0.013656,0.004659,-0.030128,4.341064e-05,0.001273
1196,0,31.5000,38.0000,14.0000,-0.804800,-0.765700,-0.165600,-0.014420,0.005166,-0.036090,-0.804813,-0.765742,-0.165599,-0.014421,0.005166,-0.036093,4.163045e-05,0.001220
1197,0,35.7000,38.0000,14.0000,-0.858900,-0.786000,-0.165100,-0.015860,0.005542,-0.020960,-0.858863,-0.785980,-0.165106,-0.015856,0.005542,-0.020964,3.653151e-05,0.001071
1198,0,39.9000,38.0000,14.0000,-0.903600,-0.803500,-0.165500,-0.016120,0.005818,-0.026490,-0.903632,-0.803531,-0.165492,-0.016116,0.005818,-0.026488,3.221094e-05,0.000944
1199,0,44.1000,38.0000,14.0000,-0.939400,-0.817900,-0.165400,-0.017070,0.006097,-0.012170,-0.939380,-0.817948,-0.165435,-0.017074,0.006097,-0.012172,4.789286e-05,0.001404
1200,0,48.3000,38.0000,14.0000,-0.967300,-0.829800,-0.165600,-0.016850,0.006299,-0.018240,-0.967258,-0.829805,-0.165568,-0.016850,0.006299,-0.018238,4.229484e-05,0.001240
1201,0,52.5000,38.0000,14.0000,-0.987900,-0.839300,-0.165900,-0.017410,0.006484,-0.004650,-0.987950,-0.839341,-0.165932,-0.017410,0.006484,-0.004650,4.987715e-05,0.001462
1202,0,56.7000,38.0000,14.0000,-1.002000,-0.846400,-0.165800,-0.016730,0.006559,-0.011740,-1.001954,-0.846424,-0.165822,-0.016727,0.006559,-0.011744,4.561858e-05,0.001337
1203,0,60.9000,38.0000,14.0000,-1.010000,-0.851700,-0.166200,-0.016840,0.006701,0.001302,-1.010376,-0.851736,-0.166181,-0.016835,0.006701,0.001302,3.760728e-04,0.011025
1204,0,65.1000,38.0000,14.0000,-1.014000,-0.855300,-0.166100,-0.015780,0.006757,-0.006917,-1.014246,-0.855265,-0.166146,-0.015775,0.006757,-0.006917,2.463818e-04,0.007223
1205,0,69.3000,38.0000,14.0000,-1.014000,-0.857300,-0.166500,-0.015620,0.006837,0.005718,-1.013879,-0.857346,-0.166462,-0.015616,0.006837,0.005718,1.206697e-04,0.003538
1206,0,73.5000,38.0000,14.0000,-1.010000,-0.858000,-0.166300,-0.014280,0.006882,-0.003697,-1.010301,-0.858043,-0.166264,-0.014276,0.006882,-0.003697,3.006239e-04,0.008813
1207,0,77.7000,38.0000,14.0000,-1.004000,-0.858000,-0.166700,-0.013850,0.006981,0.008752,-1.004138,-0.857969,-0.166736,-0.013851,0.006981,0.008752,1.384614e-04,0.004059
1208,0,81.9000,38.0000,14.0000,-0.995700,-0.856700,-0.166500,-0.012230,0.007034,-0.001619,-0.995680,-0.856659,-0.166479,-0.012233,0.007034,-0.001619,4.067387e-05,0.001192
1209,0,86.1000,38.0000,14.0000,-0.985700,-0.854900,-0.166800,-0.011630,0.007094,0.010730,-0.985682,-0.854913,-0.166786,-0.011633,0.007094,0.010732,1.811209e-05,0.000531
1210,0,90.3000,38.0000,14.0000,-0.974700,-0.852500,-0.166700,-0.009879,0.007094,-0.000394,-0.974673,-0.852476,-0.166672,-0.009879,0.007094,-0.000394,2.839219e-05,0.000832
1211,0,94.5000,38.0000,14.0000,-0.962600,-0.849600,-0.167000,-0.009136,0.007133,0.011970,-0.962632,-0.849572,-0.166951,-0.009136,0.007133,0.011970,4.856431e-05,0.001424
1212,0,98.7000,38.0000,14.0000,-0.950000,-0.846100,-0.166800,-0.007257,0.007180,0.000186,-0.950025,-0.846146,-0.166762,-0.007257,0.007180,0.000186,4.625338e-05,0.001356
1213,0,102.9000,38.0000,14.0000,-0.937000,-0.842500,-0.167000,-0.006434,0.007245,0.012640,-0.937002,-0.842524,-0.166951,-0.006434,0.007245,0.012644,4.891400e-05,0.001434
1214,0,107.1000,38.0000,14.0000,-0.923800,-0.838500,-0.166800,-0.004508,0.007279,0.000472,-0.923824,-0.838492,-0.166822,-0.004508,0.007279,0.000473,2.420654e-05,0.000710
1215,0,111.3000,38.0000,14.0000,-0.910400,-0.834300,-0.167000,-0.003694,0.007291,0.013080,-0.910427,-0.834298,-0.167001,-0.003694,0.007291,0.013076,2.748611e-05,0.000806
1216,0,115.5000,38.0000,14.0000,-0.896900,-0.829700,-0.166800,-0.001792,0.007286,0.000695,-0.896878,-0.829727,-0.166813,-0.001792,0.007286,0.000695,2.666927e-05,0.000782
1217,0,119.7000,38.0000,14.0000,-0.883200,-0.825000,-0.166900,-0.001037,0.007272,0.013510,-0.883171,-0.824993,-0.166850,-0.001037,0.007272,0.013515,4.983483e-05,0.001461
1218,0,123.9000,38.0000,14.0000,-0.869100,-0.819900,-0.166800,0.000803,0.007282,0.001087,-0.869149,-0.819927,-0.166762,0.000804,0.007282,0.001087,4.891319e-05,0.001434
1219,0,128.1000,38.0000,14.0000,-0.854600,-0.814600,-0.166800,0.001504,0.007319,0.014190,-0.854568,-0.814564,-0.166812,0.001504,0.007319,0.014194,3.578082e-05,0.001049
1220,0,132.3000,38.0000,14.0000,-0.839400,-0.808800,-0.166800,0.003124,0.007329,0.001937,-0.839355,-0.808793,-0.166797,0.003124,0.007329,0.001937,4.548001e-05,0.001333
1221,0,136.5000,38.0000,14.0000,-0.823000,-0.802400,-0.166700,0.003620,0.007317,0.015380,-0.822998,-0.802360,-0.166731,0.003620,0.007317,0.015380,4.037629e-05,0.001184
1222,0,140.7000,38.0000,14.0000,-0.805300,-0.795400,-0.166600,0.005138,0.007330,0.003397,-0.805261,-0.795370,-0.166557,0.005138,0.007330,0.003397,4.345261e-05,0.001274
1223,0,144.9000,38.0000,14.0000,-0.786000,-0.787800,-0.166500,0.005484,0.007296,0.017300,-0.785990,-0.787827,-0.166484,0.005484,0.007296,0.017298,2.720839e-05,0.000798
1224,0,149.1000,38.0000,14.0000,-0.764300,-0.779300,-0.166200,0.006865,0.007451,0.005852,-0.764296,-0.779258,-0.166233,0.006865,0.007451,0.005852,4.176454e-05,0.001224
1225,0,153.3000,38.0000,14.0000,-0.740100,-0.770100,-0.166900,0.007340,0.007503,0.020160,-0.740118,-0.770135,-0.166903,0.007340,0.007503,0.020156,3.513102e-05,0.001030
1226,0,157.5000,38.0000,14.0000,-0.714400,-0.760200,-0.167400,0.009240,0.006217,0.007446,-0.714429,-0.760188,-0.167376,0.009240,0.006217,0.007446,2.872484e-05,0.000842
1227,0,161.7000,38.0000,14.0000,-0.682900,-0.747800,-0.161800,0.009195,0.001872,0.023990,-0.682934,-0.747754,-0.161781,0.009195,0.001872,0.023986,4.596427e-05,0.001348
1228,0,165.9000,38.0000,14.0000,-0.647300,-0.739900,-0.171300,0.010410,-0.007682,0.012440,-0.647300,-0.739879,-0.171337,0.010411,-0.007682,0.012436,3.651834e-05,0.001071
1229,0,2.1000,42.0000,14.0000,-0.087660,-0.508600,-0.201300,-0.001498,0.036790,-0.053130,-0.087661,-0.508585,-0.201324,-0.001498,0.036793,-0.053131,2.418213e-05,0.000709
1230,0,6.3000,42.0000,14.0000,-0.230400,-0.542100,-0.154900,0.000595,0.023750,-0.109800,-0.230445,-0.542143,-0.154880,0.000595,0.023746,-0.109777,4.476480e-05,0.001312
1231,0,10.5000,42.0000,14.0000,-0.375500,-0.589600,-0.150700,-0.005443,0.019050,-0.051750,-0.375490,-0.589587,-0.150729,-0.005443,0.019046,-0.051753,2.883970e-05,0.000845
1232,0,14.7000,42.0000,14.0000,-0.484700,-0.631700,-0.164600,-0.006847,0.019020,-0.060710,-0.484727,-0.631688,-0.164633,-0.006847,0.019021,-0.060706,3.323815e-05,0.000974
1233,0,18.9000,42.0000,14.0000,-0.578400,-0.662700,-0.160900,-0.010670,0.019290,-0.037530,-0.578396,-0.662698,-0.160856,-0.010672,0.019286,-0.037528,4.410680e-05,0.001293
1234,0,23.1000,42.0000,14.0000,-0.661400,-0.692700,-0.163400,-0.011350,0.019410,-0.047900,-0.661397,-0.692729,-0.163382,-0.011352,0.019411,-0.047900,2.897398e-05,0.000849
1235,0,27.3000,42.0000,14.0000,-0.734200,-0.718300,-0.162300,-0.014610,0.019720,-0.027940,-0.734192,-0.718269,-0.162269,-0.014614,0.019718,-0.027941,3.104020e-05,0.000910
1236,0,31.5000,42.0000,14.0000,-0.797100,-0.741400,-0.163000,-0.014690,0.019990,-0.037520,-0.797096,-0.741404,-0.162987,-0.014686,0.019989,-0.037524,1.279544e-05,0.000375
1237,0,35.7000,42.0000,14.0000,-0.850700,-0.761200,-0.162500,-0.017340,0.020350,-0.018780,-0.850652,-0.761230,-0.162519,-0.017336,0.020351,-0.018780,4.751665e-05,0.001393
1238,0,39.9000,42.0000,14.0000,-0.895000,-0.778400,-0.162900,-0.016790,0.020790,-0.028000,-0.894972,-0.778373,-0.162910,-0.016792,0.020792,-0.027996,2.840127e-05,0.000833
1239,0,44.1000,42.0000,14.0000,-0.930200,-0.792500,-0.162900,-0.018930,0.021210,-0.010020,-0.930243,-0.792516,-0.162919,-0.018928,0.021210,-0.010020,4.329051e-05,0.001269
1240,0,48.3000,42.0000,14.0000,-0.957700,-0.804100,-0.162900,-0.017780,0.021650,-0.019820,-0.957667,-0.804051,-0.162908,-0.017784,0.021654,-0.019818,4.868963e-05,0.001427
1241,0,52.5000,42.0000,14.0000,-0.977900,-0.813200,-0.163200,-0.019380,0.022050,-0.002483,-0.977872,-0.813219,-0.163239,-0.019383,0.022045,-0.002483,3.863111e-05,0.001133
1242,0,56.7000,42.0000,14.0000,-0.991400,-0.819900,-0.163000,-0.017700,0.022430,-0.013440,-0.991405,-0.819879,-0.162976,-0.017705,0.022427,-0.013441,2.388359e-05,0.000700
1243,0,60.9000,42.0000,14.0000,-0.999600,-0.825100,-0.163400,-0.018910,0.022730,0.003484,-0.999558,-0.825068,-0.163435,-0.018914,0.022728,0.003484,4.186384e-05,0.001227
1244,0,65.1000,42.0000,14.0000,-1.003000,-0.828400,-0.163300,-0.016770,0.023070,-0.008741,-1.003125,-0.828431,-0.163311,-0.016771,0.023071,-0.008741,1.252325e-04,0.003671
1245,0,69.3000,42.0000,14.0000,-1.003000,-0.830500,-0.163700,-0.017610,0.023350,0.007863,-1.002519,-0.830462,-0.163749,-0.017608,0.023353,0.007863,4.805827e-04,0.014089
1246,0,73.5000,42.0000,14.0000,-0.998700,-0.830900,-0.163400,-0.015080,0.023650,-0.005574,-0.998672,-0.830923,-0.163426,-0.015078,0.023647,-0.005574,2.772073e-05,0.000813
1247,0,77.7000,42.0000,14.0000,-0.992200,-0.830600,-0.163800,-0.015650,0.023870,0.010940,-0.992161,-0.830591,-0.163798,-0.015648,0.023874,0.010936,3.850253e-05,0.001129
1248,0,81.9000,42.0000,14.0000,-0.983600,-0.829200,-0.163600,-0.012840,0.024090,-0.003539,-0.983621,-0.829238,-0.163596,-0.012836,0.024090,-0.003539,3.815275e-05,0.001119
1249,0,86.1000,42.0000,14.0000,-0.973500,-0.827300,-0.163900,-0.013260,0.024270,0.012930,-0.973480,-0.827349,-0.163926,-0.013264,0.024266,0.012933,4.874707e-05,0.001429
1250,0,90.3000,42.0000,14.0000,-0.962200,-0.824600,-0.163600,-0.010240,0.024440,-0.002374,-0.962176,-0.824624,-0.163608,-0.010245,0.024442,-0.002374,2.430805e-05,0.000713
1251,0,94.5000,42.0000,14.0000,-0.950100,-0.821700,-0.164000,-0.010460,0.024570,0.014160,-0.950100,-0.821703,-0.163973,-0.010460,0.024569,0.014158,2.730264e-05,0.000800
1252,0,98.7000,42.0000,14.0000,-0.937400,-0.818200,-0.163800,-0.007343,0.024710,-0.001837,-0.937449,-0.818228,-0.163826,-0.007343,0.024707,-0.001837,4.901812e-05,0.001437
1253,0,102.9000,42.0000,14.0000,-0.924200,-0.814500,-0.163900,-0.007515,0.024810,0.014810,-0.924247,-0.814475,-0.163924,-0.007515,0.024807,0.014805,4.671399e-05,0.001370
1254,0,107.1000,42.0000,14.0000,-0.911100,-0.810500,-0.163800,-0.004309,0.024870,-0.001585,-0.911150,-0.810453,-0.163817,-0.004309,0.024869,-0.001585,4.993967e-05,0.001464
1255,0,111.3000,42.0000,14.0000,-0.897700,-0.806200,-0.164000,-0.004503,0.024880,0.015160,-0.897736,-0.806183,-0.164009,-0.004503,0.024884,0.015162,3.633307e-05,0.001065
1256,0,115.5000,42.0000,14.0000,-0.884200,-0.801600,-0.163900,-0.001321,0.024920,-0.001407,-0.884195,-0.801582,-0.163904,-0.001321,0.024917,-0.001407,1.818521e-05,0.000533
1257,0,119.7000,42.0000,14.0000,-0.870600,-0.796800,-0.164000,-0.001511,0.024910,0.015570,-0.870565,-0.796806,-0.164016,-0.001511,0.024914,0.015567,3.481497e-05,0.001021
1258,0,123.9000,42.0000,14.0000,-0.856500,-0.791600,-0.163800,0.001572,0.024870,-0.000965,-0.856453,-0.791576,-0.163793,0.001572,0.024871,-0.000965,4.730460e-05,0.001387
1259,0,128.1000,42.0000,14.0000,-0.842000,-0.786100,-0.163700,0.001227,0.024860,0.016290,-0.842010,-0.786147,-0.163710,0.001227,0.024857,0.016288,4.704728e-05,0.001379
1260,0,132.3000,42.0000,14.0000,-0.826900,-0.780400,-0.163700,0.004109,0.024810,-0.000179,-0.826906,-0.780374,-0.163746,0.004109,0.024810,-0.000179,4.580619e-05,0.001343
1261,0,136.5000,42.0000,14.0000,-0.810700,-0.774000,-0.163700,0.003638,0.024760,0.017410,-0.810661,-0.774028,-0.163728,0.003638,0.024762,0.017412,3.943177e-05,0.001156
1262,0,140.7000,42.0000,14.0000,-0.793100,-0.767000,-0.163600,0.006285,0.024670,0.001268,-0.793095,-0.766998,-0.163627,0.006285,0.024665,0.001268,2.747240e-05,0.000805
1263,0,144.9000,42.0000,14.0000,-0.773900,-0.759200,-0.163500,0.005563,0.024620,0.019360,-0.773862,-0.759231,-0.163468,0.005563,0.024622,0.019358,3.795853e-05,0.001113
1264,0,149.1000,42.0000,14.0000,-0.752100,-0.750700,-0.163300,0.008013,0.024790,0.004215,-0.752125,-0.750722,-0.163313,0.008013,0.024793,0.004215,2.502060e-05,0.000734
1265,0,153.3000,42.0000,14.0000,-0.727900,-0.742000,-0.165300,0.007463,0.024410,0.021770,-0.727860,-0.742030,-0.165296,0.007463,0.024406,0.021766,3.966670e-05,0.001163
1266,0,157.5000,42.0000,14.0000,-0.703300,-0.731600,-0.162200,0.009504,0.023410,0.002895,-0.703317,-0.731622,-0.162204,0.009504,0.023413,0.002895,2.217474e-05,0.000650
1267,0,161.7000,42.0000,14.0000,-0.671700,-0.718900,-0.156800,0.005492,0.030080,0.030640,-0.671728,-0.718916,-0.156809,0.005492,0.030081,0.030637,2.786285e-05,0.000817
1268,0,165.9000,42.0000,14.0000,-0.635600,-0.712500,-0.173500,0.008747,0.045110,0.011060,-0.635576,-0.712482,-0.173515,0.008747,0.045111,0.011056,2.356364e-05,0.000691
1269,0,2.1000,46.0000,14.0000,-0.092330,-0.485400,-0.229500,-0.000807,-0.005506,-0.045660,-0.092330,-0.485397,-0.229474,-0.000807,-0.005506,-0.045659,2.591580e-05,0.000760
1270,0,6.3000,46.0000,14.0000,-0.233300,-0.517600,-0.172900,-0.000422,0.004735,-0.121300,-0.233314,-0.517640,-0.172943,-0.000422,0.004735,-0.121293,4.349432e-05,0.001275
1271,0,10.5000,46.0000,14.0000,-0.376500,-0.564400,-0.161400,-0.005162,0.005840,-0.042980,-0.376456,-0.564407,-0.161404,-0.005162,0.005840,-0.042983,4.385939e-05,0.001286
1272,0,14.7000,46.0000,14.0000,-0.484100,-0.607000,-0.177900,-0.006118,0.007472,-0.066870,-0.484119,-0.607021,-0.177884,-0.006118,0.007472,-0.066874,2.065823e-05,0.000606
1273,0,18.9000,46.0000,14.0000,-0.576900,-0.637000,-0.172400,-0.010540,0.008106,-0.030530,-0.576906,-0.637038,-0.172396,-0.010535,0.008106,-0.030533,3.753281e-05,0.001100
1274,0,23.1000,46.0000,14.0000,-0.659300,-0.666700,-0.175100,-0.011240,0.008699,-0.054080,-0.659304,-0.666657,-0.175086,-0.011244,0.008699,-0.054084,4.283315e-05,0.001256
1275,0,27.3000,46.0000,14.0000,-0.731500,-0.691800,-0.173900,-0.015050,0.009223,-0.020900,-0.731477,-0.691762,-0.173887,-0.015054,0.009223,-0.020903,3.790344e-05,0.001111
1276,0,31.5000,46.0000,14.0000,-0.793800,-0.714500,-0.174600,-0.015120,0.009797,-0.043690,-0.793843,-0.714484,-0.174650,-0.015118,0.009797,-0.043687,4.979579e-05,0.001460
1277,0,35.7000,46.0000,14.0000,-0.846800,-0.733800,-0.174300,-0.018270,0.010250,-0.011750,-0.846780,-0.733817,-0.174278,-0.018269,0.010248,-0.011747,2.150749e-05,0.000631
1278,0,39.9000,46.0000,14.0000,-0.890600,-0.750500,-0.174600,-0.017630,0.010570,-0.034280,-0.890615,-0.750534,-0.174591,-0.017628,0.010569,-0.034277,3.408097e-05,0.000999
1279,0,44.1000,46.0000,14.0000,-0.925400,-0.764300,-0.174900,-0.020190,0.010950,-0.002876,-0.925360,-0.764314,-0.174923,-0.020190,0.010955,-0.002876,4.034617e-05,0.001183
1280,0,48.3000,46.0000,14.0000,-0.952300,-0.775400,-0.174800,-0.018840,0.011130,-0.026340,-0.952314,-0.775370,-0.174810,-0.018836,0.011127,-0.026339,3.015508e-05,0.000884
1281,0,52.5000,46.0000,14.0000,-0.972100,-0.784400,-0.175700,-0.020830,0.011470,0.004813,-0.972147,-0.784412,-0.175668,-0.020827,0.011468,0.004813,4.677324e-05,0.001371
1282,0,56.7000,46.0000,14.0000,-0.985500,-0.790900,-0.175400,-0.018910,0.011600,-0.020210,-0.985481,-0.790933,-0.175440,-0.018909,0.011604,-0.020215,3.956667e-05,0.001160
1283,0,60.9000,46.0000,14.0000,-0.993200,-0.795800,-0.176200,-0.020440,0.011860,0.010900,-0.993234,-0.795802,-0.176182,-0.020435,0.011861,0.010897,3.367639e-05,0.000987
1284,0,65.1000,46.0000,14.0000,-0.996300,-0.798600,-0.175800,-0.017930,0.011920,-0.015790,-0.996297,-0.798641,-0.175835,-0.017932,0.011921,-0.015786,4.143253e-05,0.001215
1285,0,69.3000,46.0000,14.0000,-0.995500,-0.800600,-0.176700,-0.019070,0.012130,0.015410,-0.995493,-0.800560,-0.176657,-0.019071,0.012128,0.015413,4.323470e-05,0.001268
1286,0,73.5000,46.0000,14.0000,-0.991400,-0.800900,-0.176300,-0.016160,0.012190,-0.012800,-0.991432,-0.800886,-0.176292,-0.016159,0.012190,-0.012797,3.236380e-05,0.000949
1287,0,77.7000,46.0000,14.0000,-0.984700,-0.800400,-0.176900,-0.016980,0.012350,0.018570,-0.984710,-0.800438,-0.176947,-0.016975,0.012353,0.018567,4.725584e-05,0.001385
1288,0,81.9000,46.0000,14.0000,-0.976000,-0.798800,-0.176700,-0.013760,0.012430,-0.010880,-0.976010,-0.798837,-0.176651,-0.013760,0.012425,-0.010883,4.891067e-05,0.001434
1289,0,86.1000,46.0000,14.0000,-0.965800,-0.796900,-0.177200,-0.014400,0.012540,0.020620,-0.965784,-0.796923,-0.177224,-0.014404,0.012535,0.020621,2.393357e-05,0.000702
1290,0,90.3000,46.0000,14.0000,-0.954300,-0.794100,-0.177000,-0.010920,0.012550,-0.009854,-0.954320,-0.794101,-0.176960,-0.010919,0.012554,-0.009854,3.965755e-05,0.001163
1291,0,94.5000,46.0000,14.0000,-0.942100,-0.791100,-0.177400,-0.011350,0.012660,0.021870,-0.942129,-0.791063,-0.177433,-0.011351,0.012661,0.021868,3.698278e-05,0.001084
1292,0,98.7000,46.0000,14.0000,-0.929500,-0.787500,-0.177300,-0.007755,0.012690,-0.009389,-0.929460,-0.787482,-0.177303,-0.007755,0.012694,-0.009389,3.956273e-05,0.001160
1293,0,102.9000,46.0000,14.0000,-0.916100,-0.783500,-0.177400,-0.008109,0.012730,0.022510,-0.916119,-0.783531,-0.177439,-0.008109,0.012732,0.022509,3.908338e-05,0.001146
1294,0,107.1000,46.0000,14.0000,-0.903000,-0.779400,-0.177400,-0.004412,0.012770,-0.009189,-0.902993,-0.779375,-0.177387,-0.004412,0.012766,-0.009189,2.469294e-05,0.000724
1295,0,111.3000,46.0000,14.0000,-0.889600,-0.775100,-0.177600,-0.004790,0.012800,0.022850,-0.889605,-0.775099,-0.177556,-0.004790,0.012800,0.022853,4.359205e-05,0.001278
1296,0,115.5000,46.0000,14.0000,-0.876100,-0.770400,-0.177400,-0.001133,0.012830,-0.009030,-0.876051,-0.770415,-0.177377,-0.001133,0.012831,-0.009030,4.900543e-05,0.001437
1297,0,119.7000,46.0000,14.0000,-0.862400,-0.765500,-0.177400,-0.001578,0.012880,0.023160,-0.862372,-0.765506,-0.177388,-0.001578,0.012876,0.023161,2.752746e-05,0.000807
1298,0,123.9000,46.0000,14.0000,-0.848400,-0.760400,-0.177400,0.001906,0.012860,-0.008597,-0.848442,-0.760432,-0.177387,0.001906,0.012860,-0.008597,4.166329e-05,0.001221
1299,0,128.1000,46.0000,14.0000,-0.834200,-0.755100,-0.177300,0.001391,0.012730,0.023800,-0.834242,-0.755093,-0.177345,0.001391,0.012730,0.023795,4.499889e-05,0.001319
1300,0,132.3000,46.0000,14.0000,-0.819100,-0.749100,-0.177300,0.004740,0.012760,-0.007707,-0.819051,-0.749147,-0.177296,0.004740,0.012761,-0.007707,4.914150e-05,0.001441
1301,0,136.5000,46.0000,14.0000,-0.802900,-0.742700,-0.177000,0.004012,0.012720,0.024840,-0.802899,-0.742676,-0.177040,0.004012,0.012716,0.024841,4.020304e-05,0.001179
1302,0,140.7000,46.0000,14.0000,-0.785700,-0.735900,-0.177200,0.007114,0.012710,-0.006226,-0.785685,-0.735885,-0.177217,0.007114,0.012715,-0.006226,1.655786e-05,0.000485
1303,0,144.9000,46.0000,14.0000,-0.766700,-0.728100,-0.176900,0.006103,0.012710,0.026760,-0.766654,-0.728109,-0.176860,0.006103,0.012707,0.026756,4.617440e-05,0.001354
1304,0,149.1000,46.0000,14.0000,-0.744500,-0.719100,-0.176600,0.008849,0.012900,-0.002693,-0.744464,-0.719112,-0.176594,0.008849,0.012900,-0.002693,3.600554e-05,0.001056
1305,0,153.3000,46.0000,14.0000,-0.720300,-0.710800,-0.180100,0.007988,0.012670,0.028530,-0.720298,-0.710831,-0.180084,0.007988,0.012669,0.028531,3.142129e-05,0.000921
1306,0,157.5000,46.0000,14.0000,-0.697100,-0.699500,-0.173100,0.010900,0.011240,-0.007099,-0.697067,-0.699496,-0.173093,0.010903,0.011240,-0.007099,3.291853e-05,0.000965
1307,0,161.7000,46.0000,14.0000,-0.667200,-0.686100,-0.174500,0.009049,0.009849,0.045440,-0.667214,-0.686116,-0.174474,0.009049,0.009849,0.045439,2.623503e-05,0.000769
1308,0,165.9000,46.0000,14.0000,-0.634000,-0.682400,-0.212200,0.012710,0.000498,0.001728,-0.634036,-0.682435,-0.212159,0.012715,0.000498,0.001728,4.121961e-05,0.001208
1309,0,2.1000,54.0000,14.0000,-0.077540,-0.414100,-0.203900,0.001717,0.026160,-0.032600,-0.077539,-0.414108,-0.203947,0.001717,0.026157,-0.032603,4.657418e-05,0.001365
1310,0,6.3000,54.0000,14.0000,-0.217200,-0.448200,-0.164800,0.002247,0.021100,-0.123700,-0.217166,-0.448201,-0.164786,0.002247,0.021103,-0.123707,3.427587e-05,0.001005
1311,0,10.5000,54.0000,14.0000,-0.359300,-0.491700,-0.154500,-0.000917,0.021280,-0.036250,-0.359337,-0.491740,-0.154457,-0.000917,0.021280,-0.036248,4.329664e-05,0.001269
1312,0,14.7000,54.0000,14.0000,-0.465800,-0.532800,-0.172300,-0.004200,0.021430,-0.070650,-0.465790,-0.532786,-0.172264,-0.004200,0.021427,-0.070651,3.588821e-05,0.001052
1313,0,18.9000,54.0000,14.0000,-0.557200,-0.561100,-0.166600,-0.008067,0.021940,-0.024450,-0.557227,-0.561062,-0.166602,-0.008067,0.021943,-0.024448,3.813874e-05,0.001118
1314,0,23.1000,54.0000,14.0000,-0.638200,-0.589300,-0.169700,-0.011010,0.022520,-0.057800,-0.638159,-0.589306,-0.169737,-0.011008,0.022524,-0.057796,4.113376e-05,0.001206
1315,0,27.3000,54.0000,14.0000,-0.708800,-0.613000,-0.168500,-0.014120,0.023120,-0.015040,-0.708772,-0.612959,-0.168465,-0.014124,0.023124,-0.015040,4.111491e-05,0.001205
1316,0,31.5000,54.0000,14.0000,-0.769600,-0.634400,-0.169300,-0.016270,0.023700,-0.047490,-0.769639,-0.634419,-0.169261,-0.016269,0.023702,-0.047494,3.938705e-05,0.001155
1317,0,35.7000,54.0000,14.0000,-0.821100,-0.652700,-0.169100,-0.018570,0.024270,-0.005960,-0.821128,-0.652711,-0.169066,-0.018570,0.024266,-0.005960,3.377653e-05,0.000990
1318,0,39.9000,54.0000,14.0000,-0.863600,-0.668400,-0.169200,-0.019870,0.024790,-0.038310,-0.863586,-0.668369,-0.169214,-0.019873,0.024790,-0.038307,3.127093e-05,0.000917
1319,0,44.1000,54.0000,14.0000,-0.896900,-0.681300,-0.169700,-0.021370,0.025240,0.002909,-0.896907,-0.681253,-0.169679,-0.021366,0.025244,0.002909,4.747589e-05,0.001392
1320,0,48.3000,54.0000,14.0000,-0.922500,-0.691400,-0.169300,-0.021780,0.025720,-0.030660,-0.922545,-0.691423,-0.169293,-0.021780,0.025716,-0.030663,4.512386e-05,0.001323
1321,0,52.5000,54.0000,14.0000,-0.941100,-0.699700,-0.170200,-0.022450,0.026170,0.010620,-0.941082,-0.699741,-0.170244,-0.022451,0.026166,0.010616,4.405911e-05,0.001292
1322,0,56.7000,54.0000,14.0000,-0.953300,-0.705400,-0.169700,-0.022150,0.026570,-0.024790,-0.953264,-0.705425,-0.169679,-0.022155,0.026571,-0.024791,3.642102e-05,0.001068
1323,0,60.9000,54.0000,14.0000,-0.960000,-0.709800,-0.170600,-0.022140,0.026910,0.016780,-0.960043,-0.709778,-0.170557,-0.022145,0.026907,0.016775,4.305735e-05,0.001262
1324,0,65.1000,54.0000,14.0000,-0.962200,-0.712000,-0.169900,-0.021220,0.027260,-0.020620,-0.962223,-0.712038,-0.169947,-0.021219,0.027258,-0.020617,4.655682e-05,0.001365
1325,0,69.3000,54.0000,14.0000,-0.960700,-0.713500,-0.170800,-0.020720,0.027510,0.021290,-0.960651,-0.713476,-0.170844,-0.020720,0.027511,0.021288,4.939706e-05,0.001448
1326,0,73.5000,54.0000,14.0000,-0.955700,-0.713100,-0.170100,-0.019280,0.027750,-0.017850,-0.955706,-0.713128,-0.170138,-0.019276,0.027750,-0.017850,3.787689e-05,0.001110
1327,0,77.7000,54.0000,14.0000,-0.948400,-0.712400,-0.170900,-0.018280,0.028020,0.024450,-0.948405,-0.712358,-0.170901,-0.018283,0.028017,0.024447,4.231859e-05,0.001241
1328,0,81.9000,54.0000,14.0000,-0.939200,-0.710400,-0.170500,-0.016530,0.028270,-0.016080,-0.939233,-0.710405,-0.170504,-0.016529,0.028272,-0.016082,3.346021e-05,0.000981
1329,0,86.1000,54.0000,14.0000,-0.928600,-0.708100,-0.171100,-0.015290,0.028420,0.026470,-0.928570,-0.708122,-0.171135,-0.015295,0.028420,0.026469,3.461872e-05,0.001015
1330,0,90.3000,54.0000,14.0000,-0.916600,-0.704800,-0.170600,-0.013220,0.028570,-0.015210,-0.916559,-0.704813,-0.170646,-0.013215,0.028575,-0.015211,4.602781e-05,0.001349
1331,0,94.5000,54.0000,14.0000,-0.904000,-0.701500,-0.171100,-0.011760,0.028720,0.027640,-0.903990,-0.701474,-0.171079,-0.011756,0.028717,0.027645,2.593430e-05,0.000760
1332,0,98.7000,54.0000,14.0000,-0.891100,-0.697600,-0.170900,-0.009555,0.028820,-0.014860,-0.891141,-0.697650,-0.170915,-0.009555,0.028815,-0.014860,4.956486e-05,0.001453
1333,0,102.9000,54.0000,14.0000,-0.877700,-0.693500,-0.171100,-0.007963,0.028890,0.028220,-0.877700,-0.693546,-0.171119,-0.007963,0.028893,0.028217,4.647747e-05,0.001363
1334,0,107.1000,54.0000,14.0000,-0.864500,-0.689300,-0.171100,-0.005711,0.028970,-0.014750,-0.864479,-0.689272,-0.171064,-0.005711,0.028968,-0.014746,3.552509e-05,0.001041
1335,0,111.3000,54.0000,14.0000,-0.850900,-0.684700,-0.171100,-0.004147,0.028980,0.028520,-0.850949,-0.684707,-0.171071,-0.004147,0.028984,0.028520,4.935963e-05,0.001447
1336,0,115.5000,54.0000,14.0000,-0.837500,-0.679900,-0.170900,-0.001869,0.028990,-0.014620,-0.837532,-0.679947,-0.170946,-0.001869,0.028993,-0.014619,4.693877e-05,0.001376
1337,0,119.7000,54.0000,14.0000,-0.824100,-0.675100,-0.171000,-0.000397,0.029000,0.028740,-0.824140,-0.675133,-0.171013,-0.000397,0.028997,0.028737,4.003908e-05,0.001174
1338,0,123.9000,54.0000,14.0000,-0.810300,-0.669900,-0.171000,0.001691,0.028960,-0.014280,-0.810282,-0.669915,-0.171038,0.001691,0.028958,-0.014279,3.840636e-05,0.001126
1339,0,128.1000,54.0000,14.0000,-0.796100,-0.664300,-0.170900,0.003055,0.028930,0.029230,-0.796140,-0.664323,-0.170863,0.003055,0.028932,0.029226,4.035066e-05,0.001183
1340,0,132.3000,54.0000,14.0000,-0.781400,-0.658500,-0.171000,0.004946,0.028870,-0.013330,-0.781365,-0.658491,-0.170972,0.004946,0.028875,-0.013326,3.504000e-05,0.001027
1341,0,136.5000,54.0000,14.0000,-0.765500,-0.652000,-0.170600,0.006042,0.028780,0.030160,-0.765541,-0.652009,-0.170643,0.006042,0.028784,0.030163,4.333595e-05,0.001270
1342,0,140.7000,54.0000,14.0000,-0.748700,-0.645200,-0.171000,0.007710,0.028700,-0.011770,-0.748687,-0.645246,-0.170993,0.007710,0.028699,-0.011773,4.552517e-05,0.001335
1343,0,144.9000,54.0000,14.0000,-0.730100,-0.637500,-0.170600,0.008556,0.028580,0.031880,-0.730062,-0.637474,-0.170553,0.008556,0.028578,0.031883,4.685187e-05,0.001374
1344,0,149.1000,54.0000,14.0000,-0.708400,-0.628500,-0.170200,0.009836,0.028300,-0.008427,-0.708397,-0.628540,-0.170223,0.009836,0.028302,-0.008427,3.960115e-05,0.001161
1345,0,153.3000,54.0000,14.0000,-0.684700,-0.620000,-0.173200,0.010170,0.028410,0.034160,-0.684732,-0.620013,-0.173223,0.010169,0.028415,0.034158,3.193266e-05,0.000936
1346,0,157.5000,54.0000,14.0000,-0.661200,-0.608900,-0.168000,0.011070,0.029290,-0.011450,-0.661166,-0.608862,-0.168019,0.011071,0.029288,-0.011453,3.816075e-05,0.001119
1347,0,161.7000,54.0000,14.0000,-0.629200,-0.594900,-0.162900,0.011890,0.028980,0.047820,-0.629174,-0.594872,-0.162950,0.011889,0.028982,0.047817,4.957585e-05,0.001453
1348,0,165.9000,54.0000,14.0000,-0.592500,-0.591400,-0.191400,0.012450,0.030700,-0.004426,-0.592517,-0.591403,-0.191366,0.012455,0.030700,-0.004426,3.380455e-05,0.000991
1349,0,2.1000,66.0000,14.0000,-0.066460,-0.270000,-0.202600,0.008961,0.035320,-0.030350,-0.066464,-0.270019,-0.202591,0.008961,0.035324,-0.030351,1.912713e-05,0.000561
1350,0,6.3000,66.0000,14.0000,-0.193800,-0.302000,-0.166000,0.011290,0.028650,-0.110300,-0.193820,-0.302030,-0.166029,0.011288,0.028654,-0.110314,3.018012e-05,0.000885
1351,0,10.5000,66.0000,14.0000,-0.327900,-0.341300,-0.155400,0.007754,0.029070,-0.037270,-0.327919,-0.341323,-0.155384,0.007754,0.029067,-0.037271,2.252724e-05,0.000660
1352,0,14.7000,66.0000,14.0000,-0.430600,-0.378300,-0.169900,0.002032,0.029860,-0.065210,-0.430577,-0.378308,-0.169925,0.002032,0.029864,-0.065207,2.495873e-05,0.000732
1353,0,18.9000,66.0000,14.0000,-0.519300,-0.404200,-0.165100,-0.002797,0.030670,-0.025470,-0.519264,-0.404201,-0.165071,-0.002797,0.030666,-0.025469,3.649348e-05,0.001070
1354,0,23.1000,66.0000,14.0000,-0.597200,-0.429800,-0.167800,-0.008008,0.031410,-0.052730,-0.597215,-0.429806,-0.167772,-0.008008,0.031414,-0.052735,2.757710e-05,0.000808
1355,0,27.3000,66.0000,14.0000,-0.665000,-0.451200,-0.166500,-0.011860,0.032160,-0.016280,-0.664951,-0.451234,-0.166461,-0.011862,0.032160,-0.016281,4.879358e-05,0.001430
1356,0,31.5000,66.0000,14.0000,-0.723000,-0.470700,-0.167100,-0.015940,0.032900,-0.042740,-0.722965,-0.470669,-0.167069,-0.015942,0.032904,-0.042737,3.532743e-05,0.001036
1357,0,35.7000,66.0000,14.0000,-0.771600,-0.487100,-0.166800,-0.018600,0.033610,-0.007257,-0.771604,-0.487145,-0.166847,-0.018596,0.033605,-0.007257,4.711381e-05,0.001381
1358,0,39.9000,66.0000,14.0000,-0.811300,-0.501000,-0.166900,-0.021380,0.034270,-0.033710,-0.811292,-0.501031,-0.166882,-0.021384,0.034265,-0.033711,3.058774e-05,0.000897
1359,0,44.1000,66.0000,14.0000,-0.842100,-0.512300,-0.167300,-0.022830,0.034850,0.001405,-0.842083,-0.512313,-0.167274,-0.022832,0.034848,0.001405,2.643389e-05,0.000775
1360,0,48.3000,66.0000,14.0000,-0.865300,-0.521000,-0.166900,-0.024450,0.035370,-0.026230,-0.865339,-0.521010,-0.166944,-0.024446,0.035373,-0.026228,4.399197e-05,0.001290
1361,0,52.5000,66.0000,14.0000,-0.881700,-0.527900,-0.167800,-0.024770,0.035900,0.008814,-0.881665,-0.527927,-0.167790,-0.024773,0.035899,0.008814,3.529401e-05,0.001035
1362,0,56.7000,66.0000,14.0000,-0.891800,-0.532400,-0.167300,-0.025430,0.036390,-0.020490,-0.891806,-0.532352,-0.167298,-0.025432,0.036392,-0.020492,4.821828e-05,0.001414
1363,0,60.9000,66.0000,14.0000,-0.896600,-0.535400,-0.168000,-0.024840,0.036850,0.014730,-0.896643,-0.535433,-0.167993,-0.024838,0.036845,0.014731,4.280361e-05,0.001255
1364,0,65.1000,66.0000,14.0000,-0.897300,-0.536700,-0.167500,-0.024640,0.037250,-0.016400,-0.897252,-0.536661,-0.167520,-0.024643,0.037249,-0.016403,4.790433e-05,0.001404
1365,0,69.3000,66.0000,14.0000,-0.894200,-0.537100,-0.168400,-0.023300,0.037600,0.018980,-0.894226,-0.537056,-0.168381,-0.023295,0.037604,0.018980,4.380558e-05,0.001284
1366,0,73.5000,66.0000,14.0000,-0.888000,-0.535700,-0.167700,-0.022460,0.037930,-0.013750,-0.887962,-0.535715,-0.167725,-0.022456,0.037933,-0.013750,3.833316e-05,0.001124
1367,0,77.7000,66.0000,14.0000,-0.879500,-0.534000,-0.168400,-0.020530,0.038260,0.021880,-0.879508,-0.534024,-0.168359,-0.020533,0.038256,0.021877,4.146044e-05,0.001215
1368,0,81.9000,66.0000,14.0000,-0.869300,-0.531300,-0.168100,-0.019250,0.038540,-0.012140,-0.869344,-0.531333,-0.168093,-0.019254,0.038538,-0.012136,4.407137e-05,0.001292
1369,0,86.1000,66.0000,14.0000,-0.857900,-0.528400,-0.168700,-0.016920,0.038760,0.023660,-0.857930,-0.528371,-0.168703,-0.016920,0.038758,0.023656,2.997961e-05,0.000879
1370,0,90.3000,66.0000,14.0000,-0.845200,-0.524400,-0.168200,-0.015290,0.038950,-0.011390,-0.845177,-0.524413,-0.168170,-0.015290,0.038949,-0.011394,2.958843e-05,0.000867
1371,0,94.5000,66.0000,14.0000,-0.832100,-0.520500,-0.168600,-0.012720,0.039110,0.024600,-0.832063,-0.520518,-0.168592,-0.012716,0.039114,0.024602,3.735323e-05,0.001095
1372,0,98.7000,66.0000,14.0000,-0.819000,-0.516300,-0.168600,-0.010940,0.039220,-0.011180,-0.818975,-0.516332,-0.168583,-0.010937,0.039224,-0.011178,3.205583e-05,0.000940
1373,0,102.9000,66.0000,14.0000,-0.805200,-0.511800,-0.168700,-0.008226,0.039310,0.024990,-0.805192,-0.511804,-0.168660,-0.008226,0.039310,0.024987,3.988455e-05,0.001169
1374,0,107.1000,66.0000,14.0000,-0.791800,-0.507200,-0.168500,-0.006387,0.039360,-0.011200,-0.791793,-0.507179,-0.168549,-0.006387,0.039362,-0.011202,4.876789e-05,0.001430
1375,0,111.3000,66.0000,14.0000,-0.778400,-0.502500,-0.168600,-0.003679,0.039370,0.025100,-0.778359,-0.502459,-0.168646,-0.003679,0.039366,0.025097,4.613799e-05,0.001353
1376,0,115.5000,66.0000,14.0000,-0.765000,-0.497600,-0.168600,-0.001863,0.039370,-0.011210,-0.765026,-0.497556,-0.168568,-0.001863,0.039373,-0.011209,4.435618e-05,0.001300
1377,0,119.7000,66.0000,14.0000,-0.751800,-0.492500,-0.168500,0.000729,0.039370,0.025220,-0.751763,-0.492481,-0.168469,0.000729,0.039373,0.025223,3.701033e-05,0.001085
1378,0,123.9000,66.0000,14.0000,-0.738200,-0.487200,-0.168400,0.002402,0.039340,-0.011000,-0.738232,-0.487239,-0.168446,0.002402,0.039338,-0.011003,4.586158e-05,0.001345
1379,0,128.1000,66.0000,14.0000,-0.724500,-0.481800,-0.168300,0.004826,0.039270,0.025580,-0.724531,-0.481823,-0.168347,0.004826,0.039268,0.025578,4.669633e-05,0.001369
1380,0,132.3000,66.0000,14.0000,-0.710300,-0.476100,-0.168500,0.006238,0.039150,-0.010190,-0.710305,-0.476149,-0.168466,0.006238,0.039151,-0.010188,4.875541e-05,0.001429
1381,0,136.5000,66.0000,14.0000,-0.695200,-0.469900,-0.168200,0.008386,0.039000,0.026430,-0.695177,-0.469882,-0.168195,0.008386,0.038996,0.026433,2.259448e-05,0.000662
1382,0,140.7000,66.0000,14.0000,-0.679000,-0.463300,-0.168500,0.009531,0.038850,-0.008720,-0.678970,-0.463344,-0.168526,0.009531,0.038847,-0.008720,4.402047e-05,0.001291
1383,0,144.9000,66.0000,14.0000,-0.660900,-0.455800,-0.168100,0.011320,0.038690,0.027980,-0.660891,-0.455789,-0.168098,0.011321,0.038686,0.027978,1.133575e-05,0.000332
1384,0,149.1000,66.0000,14.0000,-0.640500,-0.447400,-0.167700,0.012100,0.038440,-0.006014,-0.640541,-0.447380,-0.167731,0.012098,0.038439,-0.006014,4.132073e-05,0.001211
1385,0,153.3000,66.0000,14.0000,-0.617600,-0.438500,-0.168900,0.013470,0.038090,0.030820,-0.617567,-0.438453,-0.168870,0.013473,0.038088,0.030818,4.699299e-05,0.001378
1386,0,157.5000,66.0000,14.0000,-0.593700,-0.428300,-0.168200,0.013820,0.037750,-0.005797,-0.593706,-0.428280,-0.168189,0.013819,0.037751,-0.005797,1.964978e-05,0.000576
1387,0,161.7000,66.0000,14.0000,-0.562600,-0.413200,-0.160800,0.015330,0.037220,0.038420,-0.562551,-0.413196,-0.160813,0.015330,0.037223,0.038424,4.900763e-05,0.001437
1388,0,165.9000,66.0000,14.0000,-0.526800,-0.408200,-0.187400,0.014680,0.035670,0.004672,-0.526804,-0.408241,-0.187442,0.014676,0.035668,0.004672,4.214286e-05,0.001235
1389,0,2.1000,78.0000,14.0000,-0.048770,-0.051640,-0.195400,0.015110,0.062490,-0.018580,-0.048767,-0.051638,-0.195446,0.015115,0.062488,-0.018584,4.596569e-05,0.001348
1390,0,6.3000,78.0000,14.0000,-0.158900,-0.080620,-0.170400,0.024010,0.049000,-0.098030,-0.158938,-0.080622,-0.170421,0.024015,0.048998,-0.098033,3.801670e-05,0.001115
1391,0,10.5000,78.0000,14.0000,-0.281500,-0.113800,-0.157600,0.019780,0.047120,-0.034330,-0.281537,-0.113780,-0.157639,0.019783,0.047123,-0.034327,3.899572e-05,0.001143
1392,0,14.7000,78.0000,14.0000,-0.378900,-0.146600,-0.170900,0.012280,0.047260,-0.060850,-0.378884,-0.146611,-0.170869,0.012284,0.047261,-0.060847,3.078904e-05,0.000903
1393,0,18.9000,78.0000,14.0000,-0.463200,-0.169500,-0.166400,0.004761,0.048000,-0.023990,-0.463162,-0.169529,-0.166395,0.004761,0.047999,-0.023986,3.771670e-05,0.001106
1394,0,23.1000,78.0000,14.0000,-0.537000,-0.192300,-0.168800,-0.002270,0.048880,-0.049250,-0.536952,-0.192290,-0.168772,-0.002270,0.048881,-0.049249,4.823525e-05,0.001414
1395,0,27.3000,78.0000,14.0000,-0.600600,-0.211300,-0.167500,-0.008321,0.049820,-0.015030,-0.600585,-0.211306,-0.167542,-0.008321,0.049821,-0.015033,4.183207e-05,0.001226
1396,0,31.5000,78.0000,14.0000,-0.654600,-0.228400,-0.168000,-0.013570,0.050710,-0.039500,-0.654618,-0.228448,-0.167993,-0.013570,0.050713,-0.039497,4.781886e-05,0.001402
1397,0,35.7000,78.0000,14.0000,-0.699300,-0.242800,-0.167800,-0.017720,0.051570,-0.006116,-0.699343,-0.242789,-0.167778,-0.017722,0.051566,-0.006116,4.343896e-05,0.001273
1398,0,39.9000,78.0000,14.0000,-0.735400,-0.254700,-0.167800,-0.021090,0.052410,-0.030640,-0.735372,-0.254712,-0.167801,-0.021094,0.052414,-0.030643,2.834237e-05,0.000831
1399,0,44.1000,78.0000,14.0000,-0.762900,-0.264200,-0.168300,-0.023560,0.053220,0.002397,-0.762898,-0.264195,-0.168299,-0.023563,0.053224,0.002397,5.156570e-06,0.000151
1400,0,48.3000,78.0000,14.0000,-0.783100,-0.271100,-0.168000,-0.025350,0.053990,-0.023370,-0.783062,-0.271095,-0.168021,-0.025350,0.053985,-0.023372,3.759330e-05,0.001102
1401,0,52.5000,78.0000,14.0000,-0.796500,-0.276200,-0.168900,-0.026310,0.054710,0.009543,-0.796516,-0.276226,-0.168901,-0.026310,0.054715,0.009543,2.639490e-05,0.000774
1402,0,56.7000,78.0000,14.0000,-0.804000,-0.278900,-0.168500,-0.026780,0.055400,-0.017870,-0.804016,-0.278909,-0.168464,-0.026781,0.055404,-0.017870,3.556956e-05,0.001043
1403,0,60.9000,78.0000,14.0000,-0.806400,-0.280200,-0.169100,-0.026610,0.056040,0.015240,-0.806410,-0.280222,-0.169091,-0.026610,0.056043,0.015236,2.209512e-05,0.000648
1404,0,65.1000,78.0000,14.0000,-0.804900,-0.279800,-0.168700,-0.026100,0.056630,-0.013980,-0.804913,-0.279833,-0.168666,-0.026096,0.056629,-0.013980,3.416332e-05,0.001002
1405,0,69.3000,78.0000,14.0000,-0.800000,-0.278700,-0.169500,-0.025060,0.057170,0.019250,-0.800028,-0.278720,-0.169508,-0.025059,0.057165,0.019245,2.761727e-05,0.000810
1406,0,73.5000,78.0000,14.0000,-0.792000,-0.276000,-0.168900,-0.023730,0.057690,-0.011590,-0.792022,-0.275972,-0.168876,-0.023735,0.057694,-0.011586,2.755708e-05,0.000808
1407,0,77.7000,78.0000,14.0000,-0.782100,-0.273000,-0.169500,-0.022060,0.058170,0.021820,-0.782121,-0.272963,-0.169534,-0.022060,0.058171,0.021821,3.671312e-05,0.001076
1408,0,81.9000,78.0000,14.0000,-0.770700,-0.269000,-0.169300,-0.020220,0.058550,-0.010220,-0.770659,-0.269044,-0.169253,-0.020221,0.058546,-0.010223,4.705375e-05,0.001379
1409,0,86.1000,78.0000,14.0000,-0.758200,-0.265000,-0.169900,-0.018040,0.058860,0.023310,-0.758163,-0.265007,-0.169855,-0.018041,0.058861,0.023306,4.477961e-05,0.001313
1410,0,90.3000,78.0000,14.0000,-0.744600,-0.260200,-0.169400,-0.015820,0.059150,-0.009718,-0.744649,-0.260152,-0.169392,-0.015817,0.059154,-0.009718,4.927986e-05,0.001445
1411,0,94.5000,78.0000,14.0000,-0.730900,-0.255400,-0.169800,-0.013390,0.059400,0.024000,-0.730855,-0.255437,-0.169791,-0.013392,0.059402,0.024004,4.512421e-05,0.001323
1412,0,98.7000,78.0000,14.0000,-0.717300,-0.250600,-0.169800,-0.010990,0.059570,-0.009741,-0.717300,-0.250606,-0.169797,-0.010995,0.059573,-0.009741,6.363777e-06,0.000187
1413,0,102.9000,78.0000,14.0000,-0.703200,-0.245500,-0.169800,-0.008427,0.059690,0.024170,-0.703194,-0.245497,-0.169781,-0.008427,0.059686,0.024170,1.876899e-05,0.000550
1414,0,107.1000,78.0000,14.0000,-0.689600,-0.240400,-0.169600,-0.005948,0.059770,-0.009990,-0.689597,-0.240445,-0.169643,-0.005948,0.059773,-0.009990,4.533700e-05,0.001329
1415,0,111.3000,78.0000,14.0000,-0.676200,-0.235500,-0.169800,-0.003407,0.059800,0.024080,-0.676240,-0.235512,-0.169783,-0.003407,0.059800,0.024081,3.991700e-05,0.001170
1416,0,115.5000,78.0000,14.0000,-0.663100,-0.230600,-0.169800,-0.000973,0.059760,-0.010210,-0.663147,-0.230600,-0.169784,-0.000973,0.059758,-0.010208,4.717396e-05,0.001383
1417,0,119.7000,78.0000,14.0000,-0.650100,-0.225700,-0.169700,0.001482,0.059700,0.023950,-0.650144,-0.225650,-0.169714,0.001482,0.059698,0.023951,4.966826e-05,0.001456
1418,0,123.9000,78.0000,14.0000,-0.637100,-0.220600,-0.169700,0.003708,0.059610,-0.010180,-0.637074,-0.220583,-0.169677,0.003708,0.059608,-0.010179,2.584518e-05,0.000758
1419,0,128.1000,78.0000,14.0000,-0.624000,-0.215400,-0.169600,0.005958,0.059470,0.024110,-0.623976,-0.215401,-0.169580,0.005958,0.059474,0.024108,2.435334e-05,0.000714
1420,0,132.3000,78.0000,14.0000,-0.610300,-0.210000,-0.169600,0.007929,0.059280,-0.009572,-0.610304,-0.210032,-0.169626,0.007929,0.059276,-0.009572,3.204327e-05,0.000939
1421,0,136.5000,78.0000,14.0000,-0.596000,-0.204300,-0.169300,0.009879,0.059030,0.024820,-0.596001,-0.204267,-0.169292,0.009879,0.059029,0.024818,3.348007e-05,0.000982
1422,0,140.7000,78.0000,14.0000,-0.580700,-0.198300,-0.169500,0.011560,0.058790,-0.008248,-0.580711,-0.198306,-0.169538,0.011556,0.058787,-0.008248,3.757110e-05,0.001101
1423,0,144.9000,78.0000,14.0000,-0.563600,-0.191500,-0.169100,0.013070,0.058500,0.026210,-0.563642,-0.191465,-0.169114,0.013068,0.058501,0.026206,4.243685e-05,0.001244
1424,0,149.1000,78.0000,14.0000,-0.544500,-0.184100,-0.169100,0.014260,0.058180,-0.005742,-0.544495,-0.184068,-0.169115,0.014257,0.058177,-0.005742,3.203499e-05,0.000939
1425,0,153.3000,78.0000,14.0000,-0.522700,-0.176000,-0.169800,0.015380,0.057860,0.028780,-0.522705,-0.176016,-0.169767,0.015380,0.057864,0.028784,3.325819e-05,0.000975
1426,0,157.5000,78.0000,14.0000,-0.499500,-0.167200,-0.169500,0.016090,0.057550,-0.005084,-0.499540,-0.167224,-0.169451,0.016095,0.057546,-0.005084,4.906260e-05,0.001438
1427,0,161.7000,78.0000,14.0000,-0.470700,-0.154400,-0.162500,0.016630,0.057200,0.035540,-0.470723,-0.154354,-0.162463,0.016634,0.057200,0.035545,4.576437e-05,0.001342
1428,0,165.9000,78.0000,14.0000,-0.436900,-0.150700,-0.186000,0.016730,0.057110,0.004558,-0.436921,-0.150651,-0.185993,0.016731,0.057107,0.004558,4.862297e-05,0.001425
1429,0,2.1000,90.0000,14.0000,-0.023280,0.254500,-0.185000,0.024560,0.079220,0.000304,-0.023281,0.254481,-0.185024,0.024563,0.079219,0.000304,2.445664e-05,0.000717
1430,0,6.3000,90.0000,14.0000,-0.111400,0.228100,-0.177100,0.040340,0.060610,-0.084650,-0.111410,0.228053,-0.177104,0.040341,0.060612,-0.084647,4.659744e-05,0.001366
1431,0,10.5000,90.0000,14.0000,-0.218000,0.205000,-0.158900,0.034280,0.058900,-0.029150,-0.217956,0.205002,-0.158920,0.034277,0.058900,-0.029147,4.405771e-05,0.001292
1432,0,14.7000,90.0000,14.0000,-0.306600,0.176600,-0.171100,0.023800,0.059440,-0.057190,-0.306616,0.176622,-0.171105,0.023803,0.059438,-0.057195,2.179137e-05,0.000639
1433,0,18.9000,90.0000,14.0000,-0.384300,0.156300,-0.166200,0.013170,0.060300,-0.021320,-0.384263,0.156296,-0.166211,0.013173,0.060303,-0.021319,3.684548e-05,0.001080
1434,0,23.1000,90.0000,14.0000,-0.452200,0.135400,-0.168200,0.003896,0.061210,-0.046510,-0.452184,0.135408,-0.168244,0.003896,0.061211,-0.046512,4.382836e-05,0.001285
1435,0,27.3000,90.0000,14.0000,-0.510200,0.118000,-0.167000,-0.004132,0.062170,-0.012310,-0.510179,0.118044,-0.167032,-0.004132,0.062170,-0.012309,4.404768e-05,0.001291
1436,0,31.5000,90.0000,14.0000,-0.559000,0.102700,-0.167300,-0.010500,0.063090,-0.036820,-0.558965,0.102694,-0.167324,-0.010502,0.063090,-0.036823,3.485022e-05,0.001022
1437,0,35.7000,90.0000,14.0000,-0.598800,0.090160,-0.167300,-0.015710,0.064030,-0.003340,-0.598809,0.090158,-0.167330,-0.015715,0.064028,-0.003340,2.999991e-05,0.000880
1438,0,39.9000,90.0000,14.0000,-0.630200,0.080420,-0.167300,-0.019470,0.064980,-0.028140,-0.630185,0.080418,-0.167290,-0.019471,0.064978,-0.028139,1.506338e-05,0.000442
1439,0,44.1000,90.0000,14.0000,-0.653400,0.073230,-0.167900,-0.022430,0.065910,0.005047,-0.653412,0.073228,-0.167871,-0.022433,0.065914,0.005047,2.864305e-05,0.000840
1440,0,48.3000,90.0000,14.0000,-0.669700,0.068780,-0.167500,-0.024230,0.066800,-0.021070,-0.669690,0.068776,-0.167542,-0.024235,0.066795,-0.021074,4.183602e-05,0.001227
1441,0,52.5000,90.0000,14.0000,-0.679500,0.066170,-0.168400,-0.025480,0.067660,0.012020,-0.679538,0.066175,-0.168369,-0.025483,0.067663,0.012020,3.770223e-05,0.001105
1442,0,56.7000,90.0000,14.0000,-0.683800,0.065970,-0.167900,-0.025840,0.068500,-0.015850,-0.683841,0.065975,-0.167909,-0.025838,0.068503,-0.015847,4.141709e-05,0.001214
1443,0,60.9000,90.0000,14.0000,-0.683500,0.066960,-0.168700,-0.025870,0.069290,0.017450,-0.683521,0.066957,-0.168711,-0.025869,0.069289,0.017452,2.055995e-05,0.000603
1444,0,65.1000,90.0000,14.0000,-0.679500,0.069680,-0.168300,-0.025150,0.070000,-0.012280,-0.679514,0.069675,-0.168298,-0.025152,0.070003,-0.012283,1.432639e-05,0.000420
1445,0,69.3000,90.0000,14.0000,-0.672200,0.073160,-0.169000,-0.024250,0.070660,0.021110,-0.672233,0.073162,-0.169043,-0.024255,0.070656,0.021114,4.298242e-05,0.001260
1446,0,73.5000,90.0000,14.0000,-0.662100,0.078120,-0.168400,-0.022710,0.071270,-0.010250,-0.662117,0.078117,-0.168373,-0.022714,0.071275,-0.010252,2.688203e-05,0.000788
1447,0,77.7000,90.0000,14.0000,-0.650500,0.083050,-0.169100,-0.021210,0.071830,0.023380,-0.650514,0.083048,-0.169120,-0.021212,0.071829,0.023384,1.961637e-05,0.000575
1448,0,81.9000,90.0000,14.0000,-0.637600,0.088750,-0.168900,-0.019160,0.072280,-0.009203,-0.637635,0.088753,-0.168868,-0.019164,0.072276,-0.009203,3.489687e-05,0.001023
1449,0,86.1000,90.0000,14.0000,-0.623800,0.094430,-0.169400,-0.017170,0.072680,0.024540,-0.623838,0.094432,-0.169444,-0.017172,0.072681,0.024545,4.386907e-05,0.001286
1450,0,90.3000,90.0000,14.0000,-0.609400,0.100600,-0.169000,-0.014760,0.073040,-0.009054,-0.609366,0.100618,-0.169004,-0.014765,0.073045,-0.009054,3.447378e-05,0.001011
1451,0,94.5000,90.0000,14.0000,-0.594800,0.106500,-0.169400,-0.012540,0.073350,0.024860,-0.594772,0.106494,-0.169389,-0.012540,0.073349,0.024864,2.766815e-05,0.000811
1452,0,98.7000,90.0000,14.0000,-0.580600,0.112300,-0.169300,-0.009977,0.073570,-0.009444,-0.580591,0.112308,-0.169338,-0.009977,0.073575,-0.009444,3.830493e-05,0.001123
1453,0,102.9000,90.0000,14.0000,-0.566300,0.118000,-0.169400,-0.007665,0.073690,0.024670,-0.566266,0.117996,-0.169427,-0.007665,0.073687,0.024667,3.364231e-05,0.000986
1454,0,107.1000,90.0000,14.0000,-0.552600,0.123400,-0.169400,-0.004989,0.073780,-0.010050,-0.552584,0.123414,-0.169365,-0.004989,0.073777,-0.010051,3.525470e-05,0.001034
1455,0,111.3000,90.0000,14.0000,-0.539100,0.128700,-0.169300,-0.002692,0.073840,0.024280,-0.539072,0.128689,-0.169342,-0.002692,0.073842,0.024282,4.171303e-05,0.001223
1456,0,115.5000,90.0000,14.0000,-0.526200,0.133600,-0.169400,-0.000139,0.073780,-0.010560,-0.526206,0.133610,-0.169388,-0.000139,0.073779,-0.010559,1.249302e-05,0.000366
1457,0,119.7000,90.0000,14.0000,-0.513700,0.138300,-0.169500,0.002136,0.073680,0.023840,-0.513710,0.138306,-0.169463,0.002136,0.073681,0.023838,3.683362e-05,0.001080
1458,0,123.9000,90.0000,14.0000,-0.501100,0.143000,-0.169300,0.004546,0.073550,-0.010830,-0.501065,0.143032,-0.169344,0.004546,0.073550,-0.010831,4.411257e-05,0.001293
1459,0,128.1000,90.0000,14.0000,-0.488600,0.147600,-0.169200,0.006582,0.073340,0.023700,-0.488646,0.147599,-0.169166,0.006582,0.073340,0.023696,4.578045e-05,0.001342
1460,0,132.3000,90.0000,14.0000,-0.475900,0.152200,-0.169200,0.008760,0.073090,-0.010480,-0.475878,0.152183,-0.169183,0.008760,0.073094,-0.010483,2.235626e-05,0.000655
1461,0,136.5000,90.0000,14.0000,-0.462600,0.157000,-0.168800,0.010450,0.072790,0.024100,-0.462554,0.157034,-0.168797,0.010447,0.072786,0.024100,4.605563e-05,0.001350
1462,0,140.7000,90.0000,14.0000,-0.448400,0.161800,-0.169100,0.012270,0.072440,-0.009403,-0.448418,0.161812,-0.169088,0.012267,0.072442,-0.009403,1.823660e-05,0.000535
1463,0,144.9000,90.0000,14.0000,-0.432700,0.167400,-0.168600,0.013580,0.072070,0.025310,-0.432684,0.167351,-0.168648,0.013584,0.072069,0.025307,4.894647e-05,0.001435
1464,0,149.1000,90.0000,14.0000,-0.415000,0.173400,-0.168600,0.014880,0.071600,-0.007021,-0.414973,0.173397,-0.168635,0.014878,0.071600,-0.007021,3.496707e-05,0.001025
1465,0,153.3000,90.0000,14.0000,-0.394800,0.180100,-0.169200,0.015680,0.071090,0.027670,-0.394758,0.180051,-0.169214,0.015675,0.071095,0.027669,4.854334e-05,0.001423
1466,0,157.5000,90.0000,14.0000,-0.373000,0.187500,-0.168900,0.016500,0.070710,-0.006469,-0.373039,0.187506,-0.168902,0.016496,0.070711,-0.006469,3.851390e-05,0.001129
1467,0,161.7000,90.0000,14.0000,-0.345900,0.199200,-0.162000,0.016690,0.070370,0.034200,-0.345858,0.199236,-0.161995,0.016691,0.070367,0.034196,4.160097e-05,0.001220
1468,0,165.9000,90.0000,14.0000,-0.313600,0.201900,-0.185700,0.016670,0.069700,0.003283,-0.313613,0.201938,-0.185730,0.016672,0.069695,0.003283,3.781782e-05,0.001109
1469,0,2.1000,102.0000,14.0000,0.018310,0.693900,-0.180100,0.031290,0.129400,0.029180,0.018313,0.693902,-0.180071,0.031292,0.129388,0.029178,2.901519e-05,0.000851
1470,0,6.3000,102.0000,14.0000,-0.037530,0.673300,-0.188900,0.052640,0.101300,-0.076960,-0.037531,0.673330,-0.188935,0.052636,0.101326,-0.076957,3.511303e-05,0.001029
1471,0,10.5000,102.0000,14.0000,-0.125100,0.654500,-0.160000,0.042510,0.093270,-0.022090,-0.125084,0.654527,-0.159957,0.042514,0.093271,-0.022087,4.266887e-05,0.001251
1472,0,14.7000,102.0000,14.0000,-0.202800,0.623200,-0.172800,0.029850,0.091170,-0.057310,-0.202752,0.623250,-0.172801,0.029850,0.091173,-0.057315,4.951322e-05,0.001452
1473,0,18.9000,102.0000,14.0000,-0.271400,0.600900,-0.167300,0.016180,0.091150,-0.015720,-0.271437,0.600866,-0.167343,0.016184,0.091153,-0.015720,4.302901e-05,0.001261
1474,0,23.1000,102.0000,14.0000,-0.331600,0.579100,-0.169200,0.007187,0.091900,-0.046750,-0.331631,0.579090,-0.169155,0.007187,0.091901,-0.046752,4.495515e-05,0.001318
1475,0,27.3000,102.0000,14.0000,-0.382400,0.562100,-0.168500,-0.002024,0.093060,-0.005824,-0.382448,0.562070,-0.168458,-0.002024,0.093055,-0.005824,4.780343e-05,0.001401
1476,0,31.5000,102.0000,14.0000,-0.424800,0.548500,-0.168700,-0.006919,0.094330,-0.036890,-0.424840,0.548461,-0.168664,-0.006919,0.094331,-0.036889,3.996393e-05,0.001172
1477,0,35.7000,102.0000,14.0000,-0.458700,0.538500,-0.169000,-0.012770,0.095690,0.003521,-0.458662,0.538544,-0.169026,-0.012769,0.095695,0.003521,4.430694e-05,0.001299
1478,0,39.9000,102.0000,14.0000,-0.484600,0.532200,-0.168800,-0.014810,0.097110,-0.028430,-0.484627,0.532242,-0.168798,-0.014815,0.097110,-0.028432,4.245719e-05,0.001245
1479,0,44.1000,102.0000,14.0000,-0.502900,0.528700,-0.169700,-0.018550,0.098540,0.011970,-0.502886,0.528710,-0.169720,-0.018551,0.098538,0.011970,2.040360e-05,0.000598
1480,0,48.3000,102.0000,14.0000,-0.514800,0.528200,-0.169300,-0.018750,0.099920,-0.021670,-0.514832,0.528248,-0.169305,-0.018748,0.099919,-0.021665,4.815851e-05,0.001412
1481,0,52.5000,102.0000,14.0000,-0.520700,0.529600,-0.170400,-0.020960,0.101300,0.018870,-0.520722,0.529636,-0.170447,-0.020960,0.101293,0.018875,4.735527e-05,0.001388
1482,0,56.7000,102.0000,14.0000,-0.521500,0.533600,-0.169800,-0.019900,0.102600,-0.016870,-0.521474,0.533615,-0.169839,-0.019901,0.102608,-0.016873,3.948295e-05,0.001158
1483,0,60.9000,102.0000,14.0000,-0.517800,0.538600,-0.170900,-0.021180,0.103800,0.024000,-0.517818,0.538592,-0.170861,-0.021179,0.103804,0.023998,3.890184e-05,0.001140
1484,0,65.1000,102.0000,14.0000,-0.510900,0.545200,-0.170300,-0.019170,0.104900,-0.013820,-0.510880,0.545247,-0.170335,-0.019169,0.104899,-0.013825,4.668587e-05,0.001369
1485,0,69.3000,102.0000,14.0000,-0.500900,0.552300,-0.171300,-0.019710,0.105900,0.027370,-0.500946,0.552332,-0.171283,-0.019708,0.105941,0.027366,4.570301e-05,0.001340
1486,0,73.5000,102.0000,14.0000,-0.488600,0.560700,-0.170600,-0.017080,0.106900,-0.012280,-0.488632,0.560673,-0.170559,-0.017084,0.106899,-0.012284,4.104845e-05,0.001203
1487,0,77.7000,102.0000,14.0000,-0.475000,0.568700,-0.171400,-0.017170,0.107700,0.029270,-0.475023,0.568702,-0.171433,-0.017174,0.107748,0.029273,4.807737e-05,0.001409
1488,0,81.9000,102.0000,14.0000,-0.460500,0.577200,-0.171100,-0.014130,0.108500,-0.011780,-0.460461,0.577222,-0.171128,-0.014133,0.108466,-0.011777,3.884821e-05,0.001139
1489,0,86.1000,102.0000,14.0000,-0.445200,0.585300,-0.171800,-0.013880,0.109100,0.030060,-0.445201,0.585335,-0.171783,-0.013875,0.109091,0.030061,3.516068e-05,0.001031
1490,0,90.3000,102.0000,14.0000,-0.429600,0.593600,-0.171300,-0.010560,0.109600,-0.012150,-0.429649,0.593622,-0.171297,-0.010559,0.109614,-0.012153,4.918468e-05,0.001442
1491,0,94.5000,102.0000,14.0000,-0.414200,0.601100,-0.171800,-0.010180,0.110000,0.029910,-0.414161,0.601144,-0.171773,-0.010179,0.110034,0.029910,4.395688e-05,0.001289
1492,0,98.7000,102.0000,14.0000,-0.399300,0.608300,-0.171600,-0.006698,0.110400,-0.013040,-0.399313,0.608293,-0.171647,-0.006698,0.110388,-0.013044,4.686486e-05,0.001374
1493,0,102.9000,102.0000,14.0000,-0.384500,0.615000,-0.171700,-0.006302,0.110600,0.029290,-0.384525,0.614981,-0.171740,-0.006302,0.110596,0.029292,4.025187e-05,0.001180
1494,0,107.1000,102.0000,14.0000,-0.370700,0.620900,-0.171700,-0.002761,0.110700,-0.014070,-0.370725,0.620943,-0.171673,-0.002761,0.110674,-0.014073,4.253115e-05,0.001247
1495,0,111.3000,102.0000,14.0000,-0.357200,0.626400,-0.171600,-0.002299,0.110700,0.028440,-0.357194,0.626425,-0.171616,-0.002299,0.110713,0.028435,2.506422e-05,0.000735
1496,0,115.5000,102.0000,14.0000,-0.344400,0.631300,-0.171600,0.001124,0.110700,-0.015030,-0.344396,0.631316,-0.171554,0.001124,0.110652,-0.015031,4.791021e-05,0.001405
1497,0,119.7000,102.0000,14.0000,-0.332500,0.635400,-0.171600,0.001496,0.110500,0.027610,-0.332462,0.635423,-0.171649,0.001496,0.110467,0.027606,4.912648e-05,0.001440
1498,0,123.9000,102.0000,14.0000,-0.320400,0.639300,-0.171600,0.004842,0.110200,-0.015710,-0.320408,0.639254,-0.171559,0.004842,0.110197,-0.015715,4.555846e-05,0.001336
1499,0,128.1000,102.0000,14.0000,-0.308900,0.642600,-0.171400,0.005047,0.109800,0.026990,-0.308927,0.642591,-0.171400,0.005047,0.109837,0.026987,3.723263e-05,0.001092
1500,0,132.3000,102.0000,14.0000,-0.297300,0.645400,-0.171600,0.008180,0.109400,-0.015730,-0.297333,0.645440,-0.171647,0.008180,0.109390,-0.015732,4.730700e-05,0.001387
1501,0,136.5000,102.0000,14.0000,-0.285200,0.648400,-0.171200,0.008198,0.108900,0.026990,-0.285244,0.648441,-0.171198,0.008198,0.108887,0.026989,4.371993e-05,0.001282
1502,0,140.7000,102.0000,14.0000,-0.272500,0.651200,-0.171500,0.011020,0.108300,-0.014900,-0.272484,0.651196,-0.171470,0.011022,0.108308,-0.014900,3.020886e-05,0.000886
1503,0,144.9000,102.0000,14.0000,-0.258400,0.654500,-0.170800,0.010680,0.107600,0.027860,-0.258351,0.654492,-0.170792,0.010685,0.107605,0.027860,4.869489e-05,0.001428
1504,0,149.1000,102.0000,14.0000,-0.242300,0.658100,-0.170600,0.013120,0.106800,-0.012740,-0.242347,0.658075,-0.170650,0.013118,0.106846,-0.012741,4.984802e-05,0.001461
1505,0,153.3000,102.0000,14.0000,-0.224000,0.662000,-0.171400,0.012450,0.106000,0.030030,-0.224025,0.662045,-0.171435,0.012454,0.106049,0.030026,4.889779e-05,0.001434
1506,0,157.5000,102.0000,14.0000,-0.205000,0.666500,-0.171400,0.014480,0.105000,-0.012930,-0.205002,0.666522,-0.171358,0.014476,0.105007,-0.012926,4.192547e-05,0.001229
1507,0,161.7000,102.0000,14.0000,-0.179500,0.676100,-0.161900,0.012660,0.103900,0.036730,-0.179541,0.676141,-0.161857,0.012661,0.103886,0.036725,4.291924e-05,0.001258
1508,0,165.9000,102.0000,14.0000,-0.147800,0.674400,-0.190200,0.014180,0.103500,-0.000799,-0.147797,0.674439,-0.190226,0.014180,0.103530,-0.000799,3.902253e-05,0.001144
1509,0,2.1000,114.0000,14.0000,0.103000,1.174000,-0.163600,0.020380,0.076030,0.064460,0.102967,1.174201,-0.163617,0.020380,0.076027,0.064455,2.006911e-04,0.005884
1510,0,6.3000,114.0000,14.0000,0.060760,1.149000,-0.185800,0.031670,0.065190,-0.098210,0.060764,1.149397,-0.185762,0.031666,0.065193,-0.098209,3.969527e-04,0.011637
1511,0,10.5000,114.0000,14.0000,-0.019150,1.118000,-0.141100,0.024020,0.057680,-0.010670,-0.019151,1.118328,-0.141127,0.024017,0.057675,-0.010674,3.279393e-04,0.009614
1512,0,14.7000,114.0000,14.0000,-0.088740,1.072000,-0.159100,0.016040,0.054510,-0.070050,-0.088738,1.071563,-0.159107,0.016040,0.054512,-0.070051,4.370592e-04,0.012813
1513,0,18.9000,114.0000,14.0000,-0.147800,1.042000,-0.154700,0.007839,0.054000,0.001075,-0.147830,1.041996,-0.154745,0.007839,0.054005,0.001075,4.450247e-05,0.001305
1514,0,23.1000,114.0000,14.0000,-0.200000,1.018000,-0.156600,0.003694,0.054320,-0.058660,-0.200032,1.017750,-0.156550,0.003694,0.054324,-0.058660,2.498509e-04,0.007325
1515,0,27.3000,114.0000,14.0000,-0.244100,1.001000,-0.156700,-0.001107,0.055060,0.012090,-0.244071,1.000921,-0.156690,-0.001107,0.055055,0.012087,7.886224e-05,0.002312
1516,0,31.5000,114.0000,14.0000,-0.280700,0.989800,-0.156300,-0.002703,0.055800,-0.049070,-0.280673,0.989833,-0.156279,-0.002703,0.055803,-0.049071,3.343167e-05,0.000980
1517,0,35.7000,114.0000,14.0000,-0.309400,0.983200,-0.157300,-0.005732,0.056680,0.022050,-0.309433,0.983176,-0.157272,-0.005732,0.056675,0.022045,3.318084e-05,0.000973
1518,0,39.9000,114.0000,14.0000,-0.330900,0.981300,-0.156300,-0.005964,0.057490,-0.041130,-0.330914,0.981259,-0.156341,-0.005964,0.057488,-0.041129,4.053367e-05,0.001188
1519,0,44.1000,114.0000,14.0000,-0.345100,0.982200,-0.157900,-0.008085,0.058390,0.030980,-0.345093,0.982166,-0.157877,-0.008085,0.058395,0.030982,3.404483e-05,0.000998
1520,0,48.3000,114.0000,14.0000,-0.353200,0.986900,-0.156700,-0.007507,0.059170,-0.035070,-0.353222,0.986878,-0.156664,-0.007507,0.059170,-0.035067,3.577934e-05,0.001049
1521,0,52.5000,114.0000,14.0000,-0.355600,0.993000,-0.158300,-0.008993,0.060050,0.038190,-0.355569,0.993046,-0.158278,-0.008993,0.060048,0.038194,4.558110e-05,0.001336
1522,0,56.7000,114.0000,14.0000,-0.353200,1.002000,-0.156900,-0.007866,0.060790,-0.031030,-0.353181,1.002067,-0.156947,-0.007866,0.060793,-0.031029,6.701662e-05,0.001965
1523,0,60.9000,114.0000,14.0000,-0.346600,1.012000,-0.158400,-0.008996,0.061560,0.043460,-0.346634,1.011625,-0.158370,-0.008996,0.061557,0.043461,3.747600e-04,0.010987
1524,0,65.1000,114.0000,14.0000,-0.337100,1.023000,-0.157200,-0.007461,0.062180,-0.028770,-0.337057,1.022984,-0.157172,-0.007461,0.062179,-0.028774,4.308652e-05,0.001263
1525,0,69.3000,114.0000,14.0000,-0.324900,1.034000,-0.158600,-0.008318,0.062850,0.046880,-0.324918,1.034022,-0.158579,-0.008318,0.062849,0.046883,2.238234e-05,0.000656
1526,0,73.5000,114.0000,14.0000,-0.310600,1.046000,-0.157300,-0.006557,0.063380,-0.028050,-0.310590,1.046347,-0.157295,-0.006557,0.063383,-0.028050,3.467930e-04,0.010167
1527,0,77.7000,114.0000,14.0000,-0.295100,1.058000,-0.158400,-0.007242,0.063930,0.048630,-0.295084,1.057759,-0.158377,-0.007242,0.063935,0.048634,2.406010e-04,0.007054
1528,0,81.9000,114.0000,14.0000,-0.278900,1.069000,-0.157600,-0.005300,0.064350,-0.028320,-0.278930,1.069465,-0.157628,-0.005300,0.064349,-0.028316,4.654195e-04,0.013645
1529,0,86.1000,114.0000,14.0000,-0.262400,1.080000,-0.158600,-0.005856,0.064750,0.049270,-0.262432,1.080080,-0.158553,-0.005856,0.064746,0.049268,7.995658e-05,0.002344
1530,0,90.3000,114.0000,14.0000,-0.245900,1.091000,-0.157800,-0.003806,0.065040,-0.029300,-0.245934,1.090590,-0.157805,-0.003806,0.065039,-0.029300,4.103445e-04,0.012030
1531,0,94.5000,114.0000,14.0000,-0.229600,1.100000,-0.158400,-0.004349,0.065290,0.048890,-0.229602,1.099895,-0.158418,-0.004349,0.065287,0.048893,1.053505e-04,0.003089
1532,0,98.7000,114.0000,14.0000,-0.214200,1.108000,-0.158100,-0.002208,0.065480,-0.030760,-0.214226,1.108444,-0.158113,-0.002208,0.065477,-0.030763,4.437047e-04,0.013008
1533,0,102.9000,114.0000,14.0000,-0.199000,1.116000,-0.158200,-0.002773,0.065630,0.047970,-0.198992,1.116070,-0.158233,-0.002773,0.065632,0.047966,6.954299e-05,0.002039
1534,0,107.1000,114.0000,14.0000,-0.184900,1.123000,-0.158000,-0.000638,0.065660,-0.032280,-0.184907,1.122695,-0.158039,-0.000638,0.065661,-0.032284,3.049690e-04,0.008941
1535,0,111.3000,114.0000,14.0000,-0.171600,1.128000,-0.158200,-0.001126,0.065680,0.046740,-0.171581,1.128173,-0.158158,-0.001126,0.065676,0.046739,1.733945e-04,0.005083
1536,0,115.5000,114.0000,14.0000,-0.159000,1.133000,-0.158100,0.000965,0.065660,-0.033640,-0.158970,1.132715,-0.158099,0.000965,0.065657,-0.033645,2.846776e-04,0.008346
1537,0,119.7000,114.0000,14.0000,-0.147400,1.136000,-0.158100,0.000382,0.065520,0.045440,-0.147386,1.136196,-0.158106,0.000381,0.065519,0.045445,1.957601e-04,0.005739
1538,0,123.9000,114.0000,14.0000,-0.135900,1.139000,-0.158200,0.002471,0.065340,-0.034630,-0.135931,1.138922,-0.158165,0.002471,0.065344,-0.034628,7.763069e-05,0.002276
1539,0,128.1000,114.0000,14.0000,-0.125300,1.141000,-0.157800,0.001850,0.065130,0.044370,-0.125259,1.140830,-0.157832,0.001850,0.065130,0.044373,1.702995e-04,0.004993
1540,0,132.3000,114.0000,14.0000,-0.114600,1.142000,-0.158300,0.003812,0.064860,-0.034930,-0.114551,1.141881,-0.158275,0.003812,0.064860,-0.034929,1.193123e-04,0.003498
1541,0,136.5000,114.0000,14.0000,-0.103500,1.143000,-0.157600,0.003161,0.064510,0.043860,-0.103513,1.142820,-0.157607,0.003161,0.064506,0.043855,1.798640e-04,0.005273
1542,0,140.7000,114.0000,14.0000,-0.092270,1.143000,-0.158300,0.004989,0.064160,-0.034180,-0.092268,1.142822,-0.158262,0.004989,0.064162,-0.034181,1.777508e-04,0.005211
1543,0,144.9000,114.0000,14.0000,-0.079750,1.143000,-0.157400,0.004169,0.063710,0.044160,-0.079750,1.143348,-0.157419,0.004169,0.063708,0.044159,3.477816e-04,0.010196
1544,0,149.1000,114.0000,14.0000,-0.065060,1.144000,-0.157600,0.005910,0.063340,-0.031740,-0.065057,1.143863,-0.157622,0.005910,0.063337,-0.031741,1.367764e-04,0.004010
1545,0,153.3000,114.0000,14.0000,-0.048620,1.144000,-0.159700,0.005086,0.062660,0.045520,-0.048617,1.143965,-0.159695,0.005086,0.062661,0.045523,3.475848e-05,0.001019
1546,0,157.5000,114.0000,14.0000,-0.033390,1.145000,-0.157700,0.006636,0.061410,-0.035400,-0.033395,1.144715,-0.157729,0.006636,0.061411,-0.035397,2.846959e-04,0.008346
1547,0,161.7000,114.0000,14.0000,-0.010150,1.152000,-0.144800,0.004635,0.061790,0.056780,-0.010149,1.152248,-0.144823,0.004635,0.061792,0.056780,2.484955e-04,0.007285
1548,0,165.9000,114.0000,14.0000,0.020150,1.142000,-0.191400,0.005959,0.062850,-0.017920,0.020152,1.141752,-0.191362,0.005959,0.062846,-0.017924,2.478002e-04,0.007265
1549,0,174.0000,2.0000,14.0000,-0.596400,-0.803400,-0.170300,0.000504,0.024710,0.028960,-0.596369,-0.803420,-0.170259,0.000504,0.024712,0.028957,4.135096e-05,0.001212
1550,0,186.0000,2.0000,14.0000,-0.415400,-0.733100,-0.167400,0.000963,0.021860,0.038340,-0.415432,-0.733058,-0.167351,0.000963,0.021862,0.038343,4.861823e-05,0.001425
1551,0,198.0000,2.0000,14.0000,-0.155400,-0.635600,-0.168700,0.000911,0.020660,0.057770,-0.155389,-0.635611,-0.168687,0.000911,0.020660,0.057768,1.254409e-05,0.000368
1552,0,210.0000,2.0000,14.0000,0.197800,-0.504500,-0.168300,0.000839,0.020770,0.071170,0.197847,-0.504520,-0.168289,0.000839,0.020772,0.071174,4.708505e-05,0.001380
1553,0,222.0000,2.0000,14.0000,0.679700,-0.329900,-0.170400,-0.000115,0.025600,0.107000,0.679721,-0.329946,-0.170366,-0.000115,0.025605,0.106951,4.917718e-05,0.001442
1554,0,234.0000,2.0000,14.0000,1.166000,-0.151000,-0.156600,-0.000453,0.046580,0.063400,1.165526,-0.150965,-0.156633,-0.000453,0.046577,0.063402,4.741983e-04,0.013902
1555,0,174.0000,6.0000,14.0000,-0.596000,-0.800900,-0.172000,0.002166,-0.021490,0.028940,-0.596003,-0.800903,-0.171955,0.002166,-0.021495,0.028940,4.497920e-05,0.001319
1556,0,186.0000,6.0000,14.0000,-0.415200,-0.730900,-0.169400,0.002173,-0.018650,0.038250,-0.415236,-0.730855,-0.169365,0.002173,-0.018645,0.038247,4.465054e-05,0.001309
1557,0,198.0000,6.0000,14.0000,-0.155300,-0.633600,-0.170700,0.002695,-0.017690,0.057740,-0.155280,-0.633579,-0.170725,0.002695,-0.017686,0.057742,2.506287e-05,0.000735
1558,0,210.0000,6.0000,14.0000,0.197700,-0.502600,-0.170300,0.002835,-0.018130,0.071160,0.197725,-0.502626,-0.170348,0.002835,-0.018133,0.071160,4.779474e-05,0.001401
1559,0,222.0000,6.0000,14.0000,0.679300,-0.327900,-0.172700,0.003102,-0.023110,0.106900,0.679319,-0.327905,-0.172740,0.003102,-0.023106,0.106894,4.047636e-05,0.001187
1560,0,234.0000,6.0000,14.0000,1.164000,-0.149200,-0.161300,0.001677,-0.043100,0.063670,1.163993,-0.149192,-0.161298,0.001677,-0.043095,0.063667,7.725433e-06,0.000226
1561,0,174.0000,10.0000,14.0000,-0.593800,-0.797700,-0.169600,0.003220,0.024700,0.028850,-0.593779,-0.797679,-0.169589,0.003220,0.024697,0.028850,2.104401e-05,0.000617
1562,0,186.0000,10.0000,14.0000,-0.413000,-0.727800,-0.166700,0.004193,0.021470,0.038240,-0.413022,-0.727763,-0.166719,0.004193,0.021465,0.038240,3.708332e-05,0.001087
1563,0,198.0000,10.0000,14.0000,-0.153200,-0.630700,-0.168000,0.004502,0.020190,0.057730,-0.153177,-0.630700,-0.168041,0.004502,0.020188,0.057727,4.088274e-05,0.001199
1564,0,210.0000,10.0000,14.0000,0.199500,-0.500100,-0.167700,0.004463,0.020060,0.071090,0.199462,-0.500064,-0.167691,0.004463,0.020065,0.071088,3.808150e-05,0.001116
1565,0,222.0000,10.0000,14.0000,0.680600,-0.326000,-0.169500,0.002999,0.023920,0.106700,0.680624,-0.326045,-0.169505,0.002999,0.023924,0.106729,4.508933e-05,0.001322
1566,0,234.0000,10.0000,14.0000,1.165000,-0.147700,-0.155300,0.000920,0.041700,0.063210,1.165484,-0.147726,-0.155252,0.000920,0.041700,0.063211,4.843692e-04,0.014200
1567,0,174.0000,14.0000,14.0000,-0.591900,-0.791400,-0.171700,0.004710,-0.017050,0.028800,-0.591904,-0.791372,-0.171680,0.004710,-0.017052,0.028801,2.809108e-05,0.000824
1568,0,186.0000,14.0000,14.0000,-0.411300,-0.721700,-0.168700,0.005218,-0.014250,0.038200,-0.411298,-0.721686,-0.168712,0.005218,-0.014250,0.038205,1.406256e-05,0.000412
1569,0,198.0000,14.0000,14.0000,-0.151700,-0.624900,-0.170000,0.006063,-0.013510,0.057580,-0.151654,-0.624918,-0.169992,0.006063,-0.013506,0.057575,4.592467e-05,0.001346
1570,0,210.0000,14.0000,14.0000,0.200500,-0.494800,-0.169600,0.006278,-0.014160,0.070920,0.200538,-0.494810,-0.169631,0.006278,-0.014162,0.070924,3.804452e-05,0.001115
1571,0,222.0000,14.0000,14.0000,0.680600,-0.321200,-0.172000,0.005893,-0.019060,0.106500,0.680646,-0.321232,-0.172022,0.005893,-0.019060,0.106457,4.592174e-05,0.001346
1572,0,234.0000,14.0000,14.0000,1.164000,-0.143300,-0.159700,0.002824,-0.037130,0.063200,1.163872,-0.143320,-0.159703,0.002824,-0.037126,0.063197,1.281316e-04,0.003756
1573,0,174.0000,18.0000,14.0000,-0.588200,-0.783400,-0.170500,0.005517,0.025880,0.028700,-0.588213,-0.783422,-0.170481,0.005517,0.025876,0.028696,2.222911e-05,0.000652
1574,0,186.0000,18.0000,14.0000,-0.407900,-0.714300,-0.167600,0.007045,0.022660,0.038070,-0.407894,-0.714296,-0.167649,0.007045,0.022661,0.038074,4.889551e-05,0.001433
1575,0,198.0000,18.0000,14.0000,-0.148700,-0.618100,-0.169000,0.007773,0.021270,0.057390,-0.148661,-0.618096,-0.169004,0.007773,0.021267,0.057388,3.909555e-05,0.001146
1576,0,210.0000,18.0000,14.0000,0.203000,-0.488600,-0.168600,0.007815,0.020890,0.070710,0.202985,-0.488555,-0.168552,0.007815,0.020890,0.070708,4.807013e-05,0.001409
1577,0,222.0000,18.0000,14.0000,0.682200,-0.315600,-0.170400,0.005840,0.024110,0.106100,0.682201,-0.315634,-0.170449,0.005840,0.024112,0.106082,4.889323e-05,0.001433
1578,0,234.0000,18.0000,14.0000,1.164000,-0.138500,-0.157300,0.002171,0.040470,0.062980,1.164214,-0.138546,-0.157327,0.002171,0.040470,0.062983,2.141743e-04,0.006279
1579,0,174.0000,22.0000,14.0000,-0.584100,-0.773100,-0.170800,0.007044,-0.014110,0.028630,-0.584097,-0.773097,-0.170808,0.007044,-0.014108,0.028630,8.174775e-06,0.000240
1580,0,186.0000,22.0000,14.0000,-0.404000,-0.704300,-0.168000,0.008080,-0.011440,0.038010,-0.403963,-0.704304,-0.167984,0.008080,-0.011442,0.038007,3.671087e-05,0.001076
1581,0,198.0000,22.0000,14.0000,-0.145200,-0.608700,-0.169200,0.009249,-0.010850,0.057260,-0.145153,-0.608698,-0.169248,0.009249,-0.010851,0.057264,4.800607e-05,0.001407
1582,0,210.0000,22.0000,14.0000,0.205700,-0.480000,-0.168800,0.009451,-0.011750,0.070490,0.205691,-0.479975,-0.168848,0.009451,-0.011752,0.070491,4.825865e-05,0.001415
1583,0,222.0000,22.0000,14.0000,0.683500,-0.308200,-0.170900,0.008504,-0.016860,0.105700,0.683468,-0.308173,-0.170913,0.008504,-0.016857,0.105653,4.661591e-05,0.001367
1584,0,234.0000,22.0000,14.0000,1.163000,-0.132300,-0.158200,0.003920,-0.035170,0.062690,1.163480,-0.132296,-0.158179,0.003920,-0.035169,0.062694,4.797921e-04,0.014066
1585,0,174.0000,26.0000,14.0000,-0.578600,-0.760100,-0.170300,0.007668,0.028920,0.028540,-0.578639,-0.760081,-0.170310,0.007668,0.028923,0.028536,3.915983e-05,0.001148
1586,0,186.0000,26.0000,14.0000,-0.398700,-0.691500,-0.167500,0.009663,0.025590,0.037930,-0.398674,-0.691521,-0.167509,0.009663,0.025590,0.037931,2.579044e-05,0.000756
1587,0,198.0000,26.0000,14.0000,-0.140500,-0.596600,-0.168900,0.010590,0.023990,0.057090,-0.140508,-0.596647,-0.168865,0.010589,0.023989,0.057086,4.731072e-05,0.001387
1588,0,210.0000,26.0000,14.0000,0.209600,-0.468900,-0.168400,0.010670,0.023360,0.070240,0.209557,-0.468870,-0.168401,0.010670,0.023358,0.070237,4.339501e-05,0.001272
1589,0,222.0000,26.0000,14.0000,0.685700,-0.298300,-0.170300,0.008186,0.026280,0.105200,0.685733,-0.298290,-0.170302,0.008186,0.026280,0.105165,3.521092e-05,0.001032
1590,0,234.0000,26.0000,14.0000,1.164000,-0.123600,-0.157400,0.003144,0.042310,0.062370,1.163753,-0.123571,-0.157429,0.003144,0.042315,0.062371,2.467688e-04,0.007235
1591,0,174.0000,30.0000,14.0000,-0.571800,-0.743200,-0.170000,0.008929,-0.009740,0.028290,-0.571757,-0.743184,-0.169982,0.008929,-0.009740,0.028293,4.329967e-05,0.001269
1592,0,186.0000,30.0000,14.0000,-0.392200,-0.675700,-0.167100,0.010430,-0.007636,0.037730,-0.392243,-0.675655,-0.167055,0.010427,-0.007636,0.037729,4.488144e-05,0.001316
1593,0,198.0000,30.0000,14.0000,-0.134900,-0.581600,-0.168700,0.011750,-0.007229,0.056870,-0.134852,-0.581597,-0.168667,0.011752,-0.007229,0.056869,4.788212e-05,0.001404
1594,0,210.0000,30.0000,14.0000,0.214400,-0.454800,-0.168100,0.011950,-0.008324,0.069920,0.214380,-0.454751,-0.168136,0.011950,-0.008324,0.069925,4.926596e-05,0.001444
1595,0,222.0000,30.0000,14.0000,0.688700,-0.285500,-0.169900,0.010500,-0.013690,0.104600,0.688744,-0.285507,-0.169925,0.010499,-0.013685,0.104634,4.414446e-05,0.001294
1596,0,234.0000,30.0000,14.0000,1.164000,-0.111800,-0.157400,0.004795,-0.031720,0.062100,1.164467,-0.111850,-0.157405,0.004795,-0.031721,0.062101,4.667673e-04,0.013684
1597,0,174.0000,34.0000,14.0000,-0.565200,-0.723600,-0.173500,0.009280,0.031910,0.028520,-0.565233,-0.723591,-0.173484,0.009280,0.031912,0.028519,3.329205e-05,0.000976
1598,0,186.0000,34.0000,14.0000,-0.385400,-0.656600,-0.168900,0.011780,0.029250,0.037450,-0.385416,-0.656647,-0.168876,0.011781,0.029252,0.037454,4.743775e-05,0.001391
1599,0,198.0000,34.0000,14.0000,-0.128600,-0.563500,-0.169900,0.012830,0.027430,0.056620,-0.128643,-0.563473,-0.169867,0.012827,0.027430,0.056623,4.283586e-05,0.001256
1600,0,210.0000,34.0000,14.0000,0.219600,-0.437800,-0.169300,0.012730,0.026610,0.069570,0.219632,-0.437833,-0.169299,0.012733,0.026612,0.069572,3.318335e-05,0.000973
1601,0,222.0000,34.0000,14.0000,0.691900,-0.270100,-0.171400,0.009897,0.029350,0.104000,0.691907,-0.270062,-0.171442,0.009897,0.029347,0.104019,4.223864e-05,0.001238
1602,0,234.0000,34.0000,14.0000,1.165000,-0.097970,-0.160300,0.004008,0.044480,0.061500,1.164587,-0.097967,-0.160329,0.004008,0.044480,0.061496,4.126902e-04,0.012099
1603,0,174.0000,38.0000,14.0000,-0.555200,-0.703300,-0.167000,0.010200,-0.012240,0.029440,-0.555172,-0.703256,-0.167033,0.010201,-0.012235,0.029444,4.433186e-05,0.001300
1604,0,186.0000,38.0000,14.0000,-0.376500,-0.635800,-0.167300,0.012200,-0.006945,0.037150,-0.376464,-0.635800,-0.167343,0.012198,-0.006945,0.037154,4.292559e-05,0.001258
1605,0,198.0000,38.0000,14.0000,-0.121100,-0.543200,-0.169000,0.013630,-0.006082,0.056350,-0.121055,-0.543187,-0.168998,0.013630,-0.006082,0.056350,4.494534e-05,0.001318
1606,0,210.0000,38.0000,14.0000,0.226200,-0.418900,-0.168600,0.013630,-0.007229,0.069290,0.226214,-0.418885,-0.168632,0.013626,-0.007229,0.069289,3.158724e-05,0.000926
1607,0,222.0000,38.0000,14.0000,0.696200,-0.253500,-0.170900,0.011940,-0.013420,0.103200,0.696185,-0.253504,-0.170879,0.011944,-0.013423,0.103160,4.027807e-05,0.001181
1608,0,234.0000,38.0000,14.0000,1.166000,-0.084540,-0.156800,0.005521,-0.035140,0.060370,1.166442,-0.084536,-0.156808,0.005521,-0.035135,0.060372,4.423212e-04,0.012967
1609,0,174.0000,42.0000,14.0000,-0.542700,-0.673600,-0.163000,0.011140,0.047830,0.029130,-0.542698,-0.673556,-0.162966,0.011143,0.047829,0.029133,4.362213e-05,0.001279
1610,0,186.0000,42.0000,14.0000,-0.362600,-0.606600,-0.160100,0.013780,0.038590,0.036540,-0.362572,-0.606604,-0.160094,0.013777,0.038594,0.036540,2.751050e-05,0.000807
1611,0,198.0000,42.0000,14.0000,-0.109000,-0.516000,-0.161800,0.014290,0.035720,0.056120,-0.109017,-0.516008,-0.161784,0.014289,0.035725,0.056115,1.708453e-05,0.000501
1612,0,210.0000,42.0000,14.0000,0.237600,-0.392800,-0.161300,0.013970,0.034640,0.069030,0.237637,-0.392832,-0.161303,0.013972,0.034637,0.069027,3.739630e-05,0.001096
1613,0,222.0000,42.0000,14.0000,0.706200,-0.228700,-0.161000,0.010270,0.037710,0.102300,0.706186,-0.228667,-0.161049,0.010270,0.037715,0.102278,4.873212e-05,0.001429
1614,0,234.0000,42.0000,14.0000,1.175000,-0.061390,-0.144400,0.003548,0.058470,0.061050,1.174928,-0.061394,-0.144426,0.003548,0.058470,0.061052,7.167867e-05,0.002101
1615,0,174.0000,46.0000,14.0000,-0.541700,-0.640500,-0.193500,0.011960,-0.006145,0.031010,-0.541667,-0.640538,-0.193501,0.011962,-0.006145,0.031013,3.806475e-05,0.001116
1616,0,186.0000,46.0000,14.0000,-0.360200,-0.574400,-0.189100,0.013310,0.003273,0.035000,-0.360159,-0.574449,-0.189079,0.013308,0.003273,0.035000,4.906249e-05,0.001438
1617,0,198.0000,46.0000,14.0000,-0.107500,-0.485400,-0.187400,0.014640,0.003366,0.056180,-0.107452,-0.485379,-0.187449,0.014641,0.003366,0.056178,4.917641e-05,0.001442
1618,0,210.0000,46.0000,14.0000,0.238500,-0.363400,-0.187100,0.014190,0.002302,0.068500,0.238547,-0.363367,-0.187141,0.014188,0.002302,0.068500,4.650033e-05,0.001363
1619,0,222.0000,46.0000,14.0000,0.703100,-0.199500,-0.192100,0.012010,-0.001630,0.102100,0.703142,-0.199484,-0.192090,0.012013,-0.001630,0.102118,4.220680e-05,0.001237
1620,0,234.0000,46.0000,14.0000,1.163000,-0.033530,-0.194600,0.005030,-0.019120,0.062090,1.163392,-0.033531,-0.194577,0.005030,-0.019117,0.062087,3.923209e-04,0.011502
1621,0,174.0000,54.0000,14.0000,-0.498600,-0.547900,-0.164400,0.013460,0.032150,0.032380,-0.498634,-0.547873,-0.164374,0.013457,0.032150,0.032382,3.404160e-05,0.000998
1622,0,186.0000,54.0000,14.0000,-0.321600,-0.485800,-0.170300,0.014150,0.029390,0.034190,-0.321604,-0.485808,-0.170313,0.014153,0.029388,0.034191,1.267277e-05,0.000372
1623,0,198.0000,54.0000,14.0000,-0.071040,-0.398300,-0.169900,0.014150,0.028450,0.055880,-0.071037,-0.398306,-0.169923,0.014147,0.028445,0.055878,2.302250e-05,0.000675
1624,0,210.0000,54.0000,14.0000,0.273100,-0.279600,-0.169500,0.013510,0.027330,0.067450,0.273115,-0.279614,-0.169493,0.013510,0.027331,0.067451,1.496312e-05,0.000439
1625,0,222.0000,54.0000,14.0000,0.734900,-0.121000,-0.170300,0.011050,0.026210,0.100800,0.734853,-0.120950,-0.170296,0.011053,0.026207,0.100821,4.991710e-05,0.001463
1626,0,234.0000,54.0000,14.0000,1.197000,0.045000,-0.153100,0.004757,0.027710,0.058840,1.196903,0.045001,-0.153149,0.004757,0.027709,0.058837,9.711592e-05,0.002847
1627,0,174.0000,66.0000,14.0000,-0.437300,-0.369300,-0.170700,0.015050,0.034730,0.029550,-0.437304,-0.369258,-0.170699,0.015050,0.034727,0.029553,4.230534e-05,0.001240
1628,0,186.0000,66.0000,14.0000,-0.261000,-0.307900,-0.170500,0.013670,0.035120,0.034620,-0.261041,-0.307914,-0.170545,0.013674,0.035120,0.034625,4.535974e-05,0.001330
1629,0,198.0000,66.0000,14.0000,-0.011640,-0.224100,-0.170800,0.011700,0.034960,0.054820,-0.011645,-0.224082,-0.170784,0.011695,0.034961,0.054823,1.794938e-05,0.000526
1630,0,210.0000,66.0000,14.0000,0.330400,-0.110400,-0.170400,0.009991,0.034100,0.066680,0.330437,-0.110375,-0.170432,0.009991,0.034103,0.066677,3.696411e-05,0.001084
1631,0,222.0000,66.0000,14.0000,0.787000,0.042320,-0.172100,0.008185,0.031880,0.098310,0.787044,0.042322,-0.172110,0.008185,0.031883,0.098311,4.373432e-05,0.001282
1632,0,234.0000,66.0000,14.0000,1.237000,0.199500,-0.161700,0.003817,0.027890,0.057980,1.237102,0.199495,-0.161656,0.003817,0.027888,0.057978,1.019736e-04,0.002990
1633,0,174.0000,78.0000,14.0000,-0.349200,-0.114000,-0.170200,0.015790,0.056720,0.028490,-0.349223,-0.114044,-0.170167,0.015786,0.056718,0.028491,4.443109e-05,0.001303
1634,0,186.0000,78.0000,14.0000,-0.176900,-0.054340,-0.170800,0.012480,0.055600,0.034430,-0.176949,-0.054343,-0.170813,0.012475,0.055595,0.034434,4.876645e-05,0.001430
1635,0,198.0000,78.0000,14.0000,0.071370,0.028260,-0.171200,0.007408,0.055030,0.054320,0.071375,0.028258,-0.171197,0.007408,0.055027,0.054320,4.928479e-06,0.000144
1636,0,210.0000,78.0000,14.0000,0.413600,0.138000,-0.171000,0.002298,0.054830,0.066510,0.413621,0.137988,-0.170952,0.002298,0.054830,0.066506,4.774893e-05,0.001400
1637,0,222.0000,78.0000,14.0000,0.869600,0.283300,-0.171800,0.000339,0.054600,0.096340,0.869620,0.283282,-0.171836,0.000339,0.054599,0.096337,3.564617e-05,0.001045
1638,0,234.0000,78.0000,14.0000,1.315000,0.433100,-0.159900,0.000505,0.055160,0.056200,1.314610,0.433105,-0.159879,0.000505,0.055165,0.056203,3.903028e-04,0.011442
1639,0,174.0000,90.0000,14.0000,-0.229400,0.236200,-0.169700,0.015550,0.068480,0.027180,-0.229425,0.236233,-0.169738,0.015549,0.068482,0.027180,3.755007e-05,0.001101
1640,0,186.0000,90.0000,14.0000,-0.062430,0.293200,-0.170500,0.011290,0.067570,0.033450,-0.062433,0.293172,-0.170512,0.011294,0.067570,0.033449,2.814081e-05,0.000825
1641,0,198.0000,90.0000,14.0000,0.181900,0.375500,-0.171000,0.002873,0.067260,0.054070,0.181852,0.375477,-0.171010,0.002873,0.067256,0.054067,4.799306e-05,0.001407
1642,0,210.0000,90.0000,14.0000,0.526500,0.487400,-0.171000,-0.007493,0.068740,0.068030,0.526529,0.487373,-0.171027,-0.007493,0.068743,0.068031,2.943871e-05,0.000863
1643,0,222.0000,90.0000,14.0000,0.990000,0.629800,-0.172900,-0.013480,0.070520,0.097380,0.990024,0.629815,-0.172916,-0.013476,0.070524,0.097380,2.400085e-05,0.000704
1644,0,234.0000,90.0000,14.0000,1.442000,0.771700,-0.159100,-0.006761,0.068040,0.055700,1.441961,0.771700,-0.159092,-0.006761,0.068044,0.055705,3.900628e-05,0.001144
1645,0,174.0000,102.0000,14.0000,-0.069170,0.704800,-0.170500,0.012870,0.102100,0.025840,-0.069169,0.704799,-0.170526,0.012869,0.102074,0.025841,2.578294e-05,0.000756
1646,0,186.0000,102.0000,14.0000,0.091440,0.755500,-0.172000,0.009501,0.099290,0.031050,0.091440,0.755516,-0.172027,0.009501,0.099290,0.031046,2.670145e-05,0.000783
1647,0,198.0000,102.0000,14.0000,0.328000,0.836300,-0.171800,0.001093,0.097080,0.053710,0.328032,0.836255,-0.171784,0.001093,0.097081,0.053714,4.479673e-05,0.001313
1648,0,210.0000,102.0000,14.0000,0.669800,0.955000,-0.172800,-0.013180,0.097970,0.069750,0.669828,0.955019,-0.172806,-0.013181,0.097974,0.069746,2.830516e-05,0.000830
1649,0,222.0000,102.0000,14.0000,1.159000,1.122000,-0.173000,-0.026590,0.107500,0.106900,1.158535,1.122323,-0.172979,-0.026589,0.107496,0.106929,4.649266e-04,0.013630
1650,0,234.0000,102.0000,14.0000,1.646000,1.280000,-0.164800,-0.018670,0.127000,0.064810,1.646071,1.279650,-0.164773,-0.018667,0.126990,0.064808,3.500330e-04,0.010262
1651,0,174.0000,114.0000,14.0000,0.098280,1.172000,-0.153400,0.005531,0.059490,0.027210,0.098277,1.172393,-0.153364,0.005531,0.059494,0.027211,3.929378e-04,0.011520
1652,0,186.0000,114.0000,14.0000,0.249600,1.210000,-0.161500,0.004408,0.058480,0.026810,0.249633,1.209876,-0.161473,0.004408,0.058479,0.026812,1.241686e-04,0.003640
1653,0,198.0000,114.0000,14.0000,0.478500,1.284000,-0.159800,0.000871,0.056550,0.054170,0.478479,1.284458,-0.159802,0.000871,0.056546,0.054169,4.581714e-04,0.013432
1654,0,210.0000,114.0000,14.0000,0.812100,1.409000,-0.159000,-0.006585,0.055940,0.067180,0.812111,1.409383,-0.159033,-0.006585,0.055936,0.067177,3.826688e-04,0.011219
1655,0,222.0000,114.0000,14.0000,1.316000,1.612000,-0.164900,-0.018640,0.065000,0.126400,1.316317,1.611836,-0.164902,-0.018636,0.064996,0.126379,3.167827e-04,0.009287
1656,0,234.0000,114.0000,14.0000,1.899000,1.865000,-0.144000,-0.016030,0.080720,0.080500,1.899492,1.864598,-0.144015,-0.016027,0.080719,0.080503,4.917098e-04,0.014415
1657,2,-114.0000,4.0000,-2.0000,0.021070,0.112700,-0.001615,0.000550,0.000098,0.006676,0.021067,0.112733,-0.001615,0.000550,0.000098,0.006676,3.283899e-05,0.000963
1658,2,-102.0000,4.0000,-2.0000,0.069190,0.123300,-0.000605,0.001362,0.000036,0.012000,0.069187,0.123289,-0.000605,0.001362,0.000036,0.012000,1.050227e-05,0.000308
1659,2,-90.0000,4.0000,-2.0000,0.119800,0.140900,0.001309,0.001908,0.000005,0.006884,0.119817,0.140879,0.001309,0.001908,0.000005,0.006884,2.099306e-05,0.000615
1660,2,-78.0000,4.0000,-2.0000,0.139800,0.148800,-0.000765,0.002291,-0.000018,0.003111,0.139783,0.148758,-0.000765,0.002291,-0.000018,0.003111,4.165505e-05,0.001221
1661,2,-66.0000,4.0000,-2.0000,0.157100,0.159700,-0.000262,0.002550,-0.000036,0.005249,0.157083,0.159744,-0.000262,0.002550,-0.000036,0.005249,4.389150e-05,0.001287
1662,2,-54.0000,4.0000,-2.0000,0.177700,0.174100,-0.000472,0.002697,-0.000054,0.005002,0.177742,0.174073,-0.000472,0.002697,-0.000054,0.005002,4.204700e-05,0.001233
1663,2,-42.0000,4.0000,-2.0000,0.191100,0.187800,0.001295,0.002764,-0.000066,0.002703,0.191074,0.187850,0.001295,0.002764,-0.000066,0.002703,4.983419e-05,0.001461
1664,2,-30.0000,4.0000,-2.0000,0.185100,0.192500,-0.003122,0.002779,-0.000063,-0.000538,0.185052,0.192501,-0.003122,0.002779,-0.000063,-0.000538,4.797260e-05,0.001406
1665,2,-114.0000,12.0000,-2.0000,0.020990,0.112100,-0.001619,0.001652,0.000293,0.006653,0.020989,0.112147,-0.001619,0.001652,0.000294,0.006653,4.697925e-05,0.001377
1666,2,-102.0000,12.0000,-2.0000,0.068990,0.122800,-0.000589,0.004078,0.000107,0.011960,0.068987,0.122751,-0.000589,0.004078,0.000107,0.011964,4.930356e-05,0.001445
1667,2,-90.0000,12.0000,-2.0000,0.119500,0.140300,0.001321,0.005714,0.000017,0.006856,0.119485,0.140339,0.001321,0.005714,0.000017,0.006856,3.917610e-05,0.001149
1668,2,-78.0000,12.0000,-2.0000,0.139400,0.148200,-0.000738,0.006868,-0.000053,0.003099,0.139388,0.148244,-0.000738,0.006868,-0.000053,0.003099,4.370244e-05,0.001281
1669,2,-66.0000,12.0000,-2.0000,0.156600,0.159200,-0.000247,0.007639,-0.000111,0.005222,0.156616,0.159213,-0.000247,0.007639,-0.000111,0.005222,1.645937e-05,0.000483
1670,2,-54.0000,12.0000,-2.0000,0.177200,0.173500,-0.000498,0.008080,-0.000166,0.004990,0.177185,0.173494,-0.000498,0.008080,-0.000166,0.004990,1.492008e-05,0.000437
1671,2,-42.0000,12.0000,-2.0000,0.190500,0.187300,0.001263,0.008284,-0.000203,0.002697,0.190494,0.187291,0.001263,0.008284,-0.000203,0.002697,8.509966e-06,0.000249
1672,2,-30.0000,12.0000,-2.0000,0.184600,0.192000,-0.003096,0.008330,-0.000195,-0.000517,0.184560,0.192039,-0.003096,0.008330,-0.000195,-0.000517,4.014767e-05,0.001177
1673,2,-114.0000,20.0000,-2.0000,0.020860,0.111000,-0.001599,0.002748,0.000487,0.006610,0.020857,0.110992,-0.001599,0.002748,0.000487,0.006610,8.297845e-06,0.000243
1674,2,-102.0000,20.0000,-2.0000,0.068560,0.121600,-0.000604,0.006776,0.000179,0.011890,0.068557,0.121647,-0.000604,0.006776,0.000179,0.011891,4.691338e-05,0.001375
1675,2,-90.0000,20.0000,-2.0000,0.118800,0.139300,0.001316,0.009490,0.000031,0.006804,0.118803,0.139250,0.001316,0.009490,0.000031,0.006804,4.990299e-05,0.001463
1676,2,-78.0000,20.0000,-2.0000,0.138600,0.147200,-0.000740,0.011410,-0.000087,0.003072,0.138562,0.147159,-0.000740,0.011408,-0.000087,0.003072,4.052710e-05,0.001188
1677,2,-66.0000,20.0000,-2.0000,0.155600,0.158100,-0.000272,0.012690,-0.000190,0.005173,0.155645,0.158097,-0.000272,0.012692,-0.000190,0.005173,4.489942e-05,0.001316
1678,2,-54.0000,20.0000,-2.0000,0.176100,0.172400,-0.000498,0.013430,-0.000284,0.004966,0.176105,0.172382,-0.000498,0.013434,-0.000284,0.004966,1.776628e-05,0.000521
1679,2,-42.0000,20.0000,-2.0000,0.189400,0.186200,0.001254,0.013780,-0.000342,0.002685,0.189378,0.186201,0.001254,0.013781,-0.000342,0.002685,2.161881e-05,0.000634
1680,2,-30.0000,20.0000,-2.0000,0.183600,0.191100,-0.003071,0.013870,-0.000336,-0.000481,0.183559,0.191062,-0.003071,0.013871,-0.000335,-0.000481,4.144382e-05,0.001215
1681,2,-114.0000,28.0000,-2.0000,0.020710,0.109300,-0.001523,0.003825,0.000681,0.006539,0.020709,0.109294,-0.001523,0.003825,0.000681,0.006539,6.048957e-06,0.000177
1682,2,-102.0000,28.0000,-2.0000,0.067920,0.120000,-0.000610,0.009432,0.000249,0.011780,0.067922,0.119981,-0.000610,0.009432,0.000249,0.011780,1.865270e-05,0.000547
1683,2,-90.0000,28.0000,-2.0000,0.117700,0.137500,0.001252,0.013220,0.000036,0.006733,0.117715,0.137537,0.001252,0.013218,0.000036,0.006733,3.707472e-05,0.001087
1684,2,-78.0000,28.0000,-2.0000,0.137300,0.145500,-0.000754,0.015890,-0.000127,0.003032,0.137317,0.145514,-0.000754,0.015885,-0.000127,0.003032,1.729444e-05,0.000507
1685,2,-66.0000,28.0000,-2.0000,0.154200,0.156500,-0.000256,0.017670,-0.000273,0.005099,0.154235,0.156458,-0.000256,0.017674,-0.000273,0.005099,4.179360e-05,0.001225
1686,2,-54.0000,28.0000,-2.0000,0.174500,0.170700,-0.000470,0.018720,-0.000408,0.004919,0.174497,0.170688,-0.000470,0.018724,-0.000408,0.004919,1.198842e-05,0.000351
1687,2,-42.0000,28.0000,-2.0000,0.187700,0.184500,0.001249,0.019230,-0.000496,0.002664,0.187694,0.184475,0.001249,0.019228,-0.000496,0.002664,2.456398e-05,0.000720
1688,2,-30.0000,28.0000,-2.0000,0.182000,0.189500,-0.003036,0.019390,-0.000498,-0.000443,0.182046,0.189465,-0.003036,0.019388,-0.000498,-0.000443,4.556877e-05,0.001336
1689,2,-114.0000,36.0000,-2.0000,0.020420,0.106900,-0.001540,0.004885,0.000867,0.006457,0.020423,0.106949,-0.001540,0.004885,0.000867,0.006457,4.948660e-05,0.001451
1690,2,-102.0000,36.0000,-2.0000,0.067110,0.117800,-0.000626,0.012020,0.000309,0.011630,0.067111,0.117795,-0.000626,0.012025,0.000309,0.011633,5.189054e-06,0.000152
1691,2,-90.0000,36.0000,-2.0000,0.116300,0.135300,0.001182,0.016870,0.000030,0.006644,0.116293,0.135319,0.001182,0.016870,0.000030,0.006644,1.944442e-05,0.000570
1692,2,-78.0000,36.0000,-2.0000,0.135600,0.143300,-0.000800,0.020270,-0.000184,0.002970,0.135644,0.143327,-0.000801,0.020266,-0.000184,0.002970,4.430497e-05,0.001299
1693,2,-66.0000,36.0000,-2.0000,0.152300,0.154200,-0.000324,0.022550,-0.000373,0.005001,0.152300,0.154186,-0.000324,0.022546,-0.000373,0.005001,1.365694e-05,0.000400
1694,2,-54.0000,36.0000,-2.0000,0.172300,0.168300,-0.000520,0.023910,-0.000550,0.004843,0.172314,0.168324,-0.000520,0.023912,-0.000550,0.004843,2.400610e-05,0.000704
1695,2,-42.0000,36.0000,-2.0000,0.185400,0.182100,0.001183,0.024590,-0.000688,0.002628,0.185417,0.182053,0.001183,0.024587,-0.000688,0.002628,4.657539e-05,0.001365
1696,2,-30.0000,36.0000,-2.0000,0.180000,0.187100,-0.003052,0.024840,-0.000718,-0.000413,0.179981,0.187140,-0.003052,0.024841,-0.000718,-0.000413,3.951039e-05,0.001158
1697,2,-114.0000,44.0000,-2.0000,0.020280,0.104100,-0.001349,0.005880,0.001116,0.006361,0.020276,0.104141,-0.001349,0.005880,0.001116,0.006361,4.117875e-05,0.001207
1698,2,-102.0000,44.0000,-2.0000,0.066180,0.115100,-0.000490,0.014570,0.000449,0.011440,0.066184,0.115116,-0.000490,0.014565,0.000449,0.011444,1.565693e-05,0.000459
1699,2,-90.0000,44.0000,-2.0000,0.114600,0.132700,0.001327,0.020410,0.000102,0.006525,0.114639,0.132660,0.001327,0.020413,0.000102,0.006525,4.006065e-05,0.001174
1700,2,-78.0000,44.0000,-2.0000,0.133700,0.140700,-0.000618,0.024500,-0.000169,0.002884,0.133684,0.140692,-0.000618,0.024500,-0.000169,0.002884,1.573781e-05,0.000461
1701,2,-66.0000,44.0000,-2.0000,0.150000,0.151400,-0.000164,0.027250,-0.000406,0.004884,0.150026,0.151416,-0.000164,0.027253,-0.000406,0.004884,2.577952e-05,0.000756
1702,2,-54.0000,44.0000,-2.0000,0.169700,0.165300,-0.000345,0.028930,-0.000633,0.004737,0.169714,0.165335,-0.000345,0.028931,-0.000633,0.004737,3.454062e-05,0.001013
1703,2,-42.0000,44.0000,-2.0000,0.182700,0.178900,0.001360,0.029790,-0.000825,0.002578,0.182689,0.178894,0.001360,0.029792,-0.000825,0.002578,1.050853e-05,0.000308
1704,2,-30.0000,44.0000,-2.0000,0.177500,0.184000,-0.002789,0.030160,-0.000908,-0.000407,0.177481,0.183977,-0.002789,0.030164,-0.000908,-0.000407,2.291492e-05,0.000672
1705,3,-114.0000,4.0000,-7.7500,0.013120,0.116800,0.010890,0.000470,0.000330,0.027760,0.013122,0.116796,0.010892,0.000470,0.000330,0.027758,3.897173e-06,0.000114
1706,3,-102.0000,4.0000,-7.7500,0.067060,0.124300,-0.001047,0.001251,0.000157,0.035450,0.067063,0.124257,-0.001047,0.001251,0.000157,0.035450,4.344993e-05,0.001274
1707,3,-90.0000,4.0000,-7.7500,0.072010,0.119100,-0.009371,0.001835,0.000055,0.015080,0.072007,0.119145,-0.009371,0.001835,0.000055,0.015075,4.522246e-05,0.001326
1708,3,-78.0000,4.0000,-7.7500,0.077570,0.125600,-0.000287,0.002289,-0.000022,0.012090,0.077571,0.125620,-0.000286,0.002289,-0.000022,0.012087,1.986647e-05,0.000582
1709,3,-66.0000,4.0000,-7.7500,0.082210,0.131500,-0.000385,0.002638,-0.000088,0.014050,0.082208,0.131513,-0.000385,0.002638,-0.000088,0.014051,1.299025e-05,0.000381
1710,3,-54.0000,4.0000,-7.7500,0.087260,0.139300,-0.002861,0.002902,-0.000144,0.014820,0.087264,0.139335,-0.002861,0.002902,-0.000144,0.014823,3.492839e-05,0.001024
1711,3,-42.0000,4.0000,-7.7500,0.088650,0.147700,-0.005545,0.003102,-0.000179,0.006776,0.088651,0.147724,-0.005545,0.003102,-0.000179,0.006776,2.351913e-05,0.000690
1712,3,-30.0000,4.0000,-7.7500,0.062890,0.147100,-0.007971,0.003283,-0.000155,-0.013850,0.062890,0.147065,-0.007971,0.003283,-0.000155,-0.013850,3.517440e-05,0.001031
1713,3,-114.0000,12.0000,-7.7500,0.013080,0.116200,0.010860,0.001408,0.000990,0.027670,0.013080,0.116198,0.010862,0.001408,0.000990,0.027669,2.499463e-06,0.000073
1714,3,-102.0000,12.0000,-7.7500,0.066870,0.123700,-0.001058,0.003745,0.000468,0.035340,0.066870,0.123695,-0.001058,0.003745,0.000468,0.035340,4.607534e-06,0.000135
1715,3,-90.0000,12.0000,-7.7500,0.071800,0.118600,-0.009364,0.005496,0.000161,0.015020,0.071801,0.118647,-0.009364,0.005496,0.000161,0.015017,4.659369e-05,0.001366
1716,3,-78.0000,12.0000,-7.7500,0.077340,0.125100,-0.000304,0.006858,-0.000068,0.012040,0.077336,0.125150,-0.000304,0.006858,-0.000068,0.012037,4.988348e-05,0.001462
1717,3,-66.0000,12.0000,-7.7500,0.081960,0.131100,-0.000397,0.007905,-0.000266,0.013990,0.081964,0.131067,-0.000397,0.007905,-0.000266,0.013990,3.318659e-05,0.000973
1718,3,-54.0000,12.0000,-7.7500,0.087010,0.138900,-0.002862,0.008696,-0.000441,0.014780,0.087008,0.138901,-0.002862,0.008696,-0.000441,0.014778,2.351636e-06,0.000069
1719,3,-42.0000,12.0000,-7.7500,0.088410,0.147300,-0.005535,0.009292,-0.000548,0.006771,0.088410,0.147312,-0.005535,0.009292,-0.000548,0.006771,1.222631e-05,0.000358
1720,3,-30.0000,12.0000,-7.7500,0.062790,0.146700,-0.007960,0.009827,-0.000479,-0.013750,0.062788,0.146699,-0.007960,0.009827,-0.000479,-0.013748,1.561108e-06,0.000046
1721,3,-114.0000,20.0000,-7.7500,0.013000,0.115000,0.010800,0.002343,0.001641,0.027500,0.012998,0.114994,0.010798,0.002343,0.001641,0.027497,6.158729e-06,0.000181
1722,3,-102.0000,20.0000,-7.7500,0.066500,0.122600,-0.001061,0.006223,0.000774,0.035120,0.066501,0.122592,-0.001061,0.006223,0.000774,0.035121,8.174360e-06,0.000240
1723,3,-90.0000,20.0000,-7.7500,0.071410,0.117700,-0.009327,0.009138,0.000263,0.014900,0.071407,0.117677,-0.009327,0.009138,0.000263,0.014901,2.253210e-05,0.000661
1724,3,-78.0000,20.0000,-7.7500,0.076890,0.124200,-0.000320,0.011400,-0.000119,0.011930,0.076886,0.124221,-0.000321,0.011400,-0.000119,0.011933,2.092588e-05,0.000613
1725,3,-66.0000,20.0000,-7.7500,0.081480,0.130200,-0.000417,0.013140,-0.000455,0.013870,0.081477,0.130172,-0.000417,0.013139,-0.000455,0.013867,2.846453e-05,0.000834
1726,3,-54.0000,20.0000,-7.7500,0.086480,0.138000,-0.002874,0.014450,-0.000755,0.014680,0.086484,0.138018,-0.002874,0.014454,-0.000755,0.014681,1.848654e-05,0.000542
1727,3,-42.0000,20.0000,-7.7500,0.087900,0.146400,-0.005534,0.015450,-0.000942,0.006755,0.087900,0.146448,-0.005534,0.015448,-0.000942,0.006755,4.772970e-05,0.001399
1728,3,-30.0000,20.0000,-7.7500,0.062570,0.145900,-0.007938,0.016320,-0.000848,-0.013560,0.062566,0.145944,-0.007938,0.016323,-0.000848,-0.013560,4.372585e-05,0.001282
1729,3,-114.0000,28.0000,-7.7500,0.012880,0.113200,0.010690,0.003270,0.002282,0.027240,0.012880,0.113180,0.010686,0.003270,0.002282,0.027243,1.969091e-05,0.000577
1730,3,-102.0000,28.0000,-7.7500,0.065940,0.120900,-0.001080,0.008672,0.001075,0.034790,0.065943,0.120932,-0.001080,0.008672,0.001075,0.034795,3.181464e-05,0.000933
1731,3,-90.0000,28.0000,-7.7500,0.070810,0.116200,-0.009276,0.012740,0.000357,0.014730,0.070813,0.116221,-0.009276,0.012735,0.000357,0.014729,2.096017e-05,0.000614
1732,3,-78.0000,28.0000,-7.7500,0.076220,0.122800,-0.000338,0.015890,-0.000183,0.011770,0.076218,0.122830,-0.000338,0.015886,-0.000183,0.011770,3.012664e-05,0.000883
1733,3,-66.0000,28.0000,-7.7500,0.080750,0.128800,-0.000446,0.018310,-0.000661,0.013680,0.080748,0.128823,-0.000446,0.018311,-0.000661,0.013677,2.313676e-05,0.000678
1734,3,-54.0000,28.0000,-7.7500,0.085690,0.136700,-0.002898,0.020150,-0.001095,0.014520,0.085688,0.136671,-0.002898,0.020145,-0.001095,0.014523,2.881737e-05,0.000845
1735,3,-42.0000,28.0000,-7.7500,0.087140,0.145100,-0.005522,0.021540,-0.001382,0.006714,0.087135,0.145128,-0.005522,0.021539,-0.001382,0.006714,2.757546e-05,0.000808
1736,3,-30.0000,28.0000,-7.7500,0.062210,0.144800,-0.007907,0.022750,-0.001295,-0.013310,0.062205,0.144770,-0.007907,0.022749,-0.001295,-0.013310,2.957602e-05,0.000867
1737,3,-114.0000,36.0000,-7.7500,0.012710,0.110800,0.010540,0.004182,0.002921,0.026910,0.012715,0.110769,0.010543,0.004182,0.002921,0.026907,3.146143e-05,0.000922
1738,3,-102.0000,36.0000,-7.7500,0.065250,0.118700,-0.001072,0.011070,0.001389,0.034360,0.065247,0.118739,-0.001072,0.011070,0.001389,0.034359,3.880774e-05,0.001138
1739,3,-90.0000,36.0000,-7.7500,0.070020,0.114300,-0.009202,0.016280,0.000459,0.014500,0.070021,0.114281,-0.009202,0.016277,0.000459,0.014496,1.866064e-05,0.000547
1740,3,-78.0000,36.0000,-7.7500,0.075340,0.121000,-0.000348,0.020290,-0.000248,0.011550,0.075340,0.120994,-0.000348,0.020291,-0.000248,0.011545,5.834701e-06,0.000171
1741,3,-66.0000,36.0000,-7.7500,0.079790,0.127000,-0.000473,0.023390,-0.000872,0.013420,0.079786,0.127021,-0.000473,0.023386,-0.000872,0.013415,2.128736e-05,0.000624
1742,3,-54.0000,36.0000,-7.7500,0.084650,0.134900,-0.002898,0.025730,-0.001452,0.014290,0.084648,0.134867,-0.002898,0.025732,-0.001452,0.014287,3.276309e-05,0.000961
1743,3,-42.0000,36.0000,-7.7500,0.086120,0.143300,-0.005481,0.027520,-0.001868,0.006630,0.086121,0.143320,-0.005481,0.027523,-0.001868,0.006630,1.969979e-05,0.000578
1744,3,-30.0000,36.0000,-7.7500,0.061680,0.143100,-0.007870,0.029070,-0.001833,-0.013030,0.061676,0.143105,-0.007870,0.029070,-0.001833,-0.013032,4.544320e-06,0.000133
1745,3,-114.0000,44.0000,-7.7500,0.012640,0.107700,0.010460,0.005042,0.003566,0.026500,0.012643,0.107724,0.010460,0.005042,0.003566,0.026500,2.445960e-05,0.000717
1746,3,-102.0000,44.0000,-7.7500,0.064380,0.116000,-0.001007,0.013450,0.001708,0.033800,0.064379,0.115951,-0.001007,0.013449,0.001708,0.033805,4.860796e-05,0.001425
1747,3,-90.0000,44.0000,-7.7500,0.069040,0.111900,-0.009037,0.019730,0.000558,0.014200,0.069042,0.111857,-0.009037,0.019731,0.000558,0.014199,4.275364e-05,0.001253
1748,3,-78.0000,44.0000,-7.7500,0.074230,0.118600,-0.000324,0.024570,-0.000323,0.011250,0.074234,0.118645,-0.000324,0.024574,-0.000323,0.011251,4.531241e-05,0.001328
1749,3,-66.0000,44.0000,-7.7500,0.078590,0.124700,-0.000446,0.028320,-0.001110,0.013080,0.078586,0.124707,-0.000446,0.028320,-0.001110,0.013077,6.520826e-06,0.000191
1750,3,-54.0000,44.0000,-7.7500,0.083370,0.132500,-0.002809,0.031170,-0.001867,0.013950,0.083368,0.132527,-0.002809,0.031167,-0.001867,0.013950,2.673812e-05,0.000784
1751,3,-42.0000,44.0000,-7.7500,0.084840,0.140900,-0.005352,0.033350,-0.002457,0.006471,0.084843,0.140907,-0.005352,0.033347,-0.002457,0.006471,6.923630e-06,0.000203
1752,3,-30.0000,44.0000,-7.7500,0.060980,0.140800,-0.007758,0.035250,-0.002544,-0.012770,0.060976,0.140788,-0.007758,0.035249,-0.002544,-0.012772,1.217617e-05,0.000357
1753,3,-114.0000,4.0000,-15.2500,0.078870,0.161700,0.052910,0.000412,0.000550,0.069020,0.078870,0.161669,0.052910,0.000412,0.000550,0.069024,3.084896e-05,0.000904
1754,3,-102.0000,4.0000,-15.2500,0.036900,0.100700,-0.034080,0.001154,0.000332,0.026580,0.036903,0.100698,-0.034075,0.001154,0.000332,0.026578,4.503820e-06,0.000132
1755,3,-90.0000,4.0000,-15.2500,0.016260,0.097680,-0.011220,0.001779,0.000180,0.014530,0.016262,0.097677,-0.011222,0.001779,0.000180,0.014525,4.740849e-06,0.000139
1756,3,-78.0000,4.0000,-15.2500,-0.001931,0.094680,-0.002237,0.002318,0.000068,0.012820,-0.001931,0.094682,-0.002237,0.002318,0.000068,0.012818,1.854370e-06,0.000054
1757,3,-66.0000,4.0000,-15.2500,-0.017020,0.094280,0.000508,0.002785,-0.000032,0.016220,-0.017024,0.094283,0.000508,0.002785,-0.000032,0.016221,3.745066e-06,0.000110
1758,3,-54.0000,4.0000,-15.2500,-0.029780,0.094370,-0.005967,0.003193,-0.000123,0.018730,-0.029783,0.094374,-0.005967,0.003193,-0.000123,0.018732,4.336647e-06,0.000127
1759,3,-42.0000,4.0000,-15.2500,-0.038820,0.095710,-0.019880,0.003548,-0.000173,0.008966,-0.038816,0.095709,-0.019879,0.003548,-0.000173,0.008966,4.492736e-06,0.000132
1760,3,-30.0000,4.0000,-15.2500,-0.055210,0.092240,-0.044240,0.003869,-0.000112,-0.037800,-0.055210,0.092242,-0.044239,0.003869,-0.000112,-0.037803,3.109562e-06,0.000091
1761,3,-114.0000,12.0000,-15.2500,0.078670,0.160900,0.052740,0.001233,0.001648,0.068830,0.078667,0.160935,0.052745,0.001233,0.001648,0.068831,3.470727e-05,0.001018
1762,3,-102.0000,12.0000,-15.2500,0.036820,0.100200,-0.034000,0.003456,0.000994,0.026490,0.036823,0.100210,-0.033996,0.003456,0.000994,0.026488,9.639911e-06,0.000283
1763,3,-90.0000,12.0000,-15.2500,0.016240,0.097260,-0.011210,0.005332,0.000535,0.014460,0.016236,0.097256,-0.011210,0.005332,0.000535,0.014459,3.990750e-06,0.000117
1764,3,-78.0000,12.0000,-15.2500,-0.001915,0.094320,-0.002254,0.006945,0.000199,0.012750,-0.001915,0.094322,-0.002254,0.006945,0.000199,0.012753,3.352025e-06,0.000098
1765,3,-66.0000,12.0000,-15.2500,-0.016970,0.093970,0.000478,0.008347,-0.000102,0.016150,-0.016966,0.093967,0.000478,0.008347,-0.000102,0.016147,3.708054e-06,0.000109
1766,3,-54.0000,12.0000,-15.2500,-0.029680,0.094100,-0.005970,0.009569,-0.000374,0.018670,-0.029679,0.094102,-0.005970,0.009569,-0.000374,0.018667,2.969406e-06,0.000087
1767,3,-42.0000,12.0000,-15.2500,-0.038680,0.095460,-0.019840,0.010630,-0.000532,0.008959,-0.038681,0.095463,-0.019835,0.010626,-0.000532,0.008959,4.863567e-06,0.000143
1768,3,-30.0000,12.0000,-15.2500,-0.054980,0.092030,-0.044100,0.011580,-0.000365,-0.037580,-0.054981,0.092031,-0.044103,0.011581,-0.000365,-0.037579,3.419734e-06,0.000100
1769,3,-114.0000,20.0000,-15.2500,0.078270,0.159500,0.052420,0.002050,0.002737,0.068450,0.078270,0.159470,0.052415,0.002050,0.002737,0.068447,3.017381e-05,0.000885
1770,3,-102.0000,20.0000,-15.2500,0.036670,0.099230,-0.033850,0.005745,0.001646,0.026310,0.036667,0.099229,-0.033846,0.005745,0.001646,0.026310,3.534409e-06,0.000104
1771,3,-90.0000,20.0000,-15.2500,0.016180,0.096410,-0.011200,0.008871,0.000882,0.014330,0.016180,0.096407,-0.011197,0.008871,0.000882,0.014331,3.023563e-06,0.000089
1772,3,-78.0000,20.0000,-15.2500,-0.001873,0.093610,-0.002281,0.011550,0.000320,0.012620,-0.001873,0.093611,-0.002281,0.011554,0.000320,0.012622,4.194392e-06,0.000123
1773,3,-66.0000,20.0000,-15.2500,-0.016840,0.093350,0.000428,0.013880,-0.000187,0.016000,-0.016843,0.093349,0.000428,0.013881,-0.000187,0.015996,3.899539e-06,0.000114
1774,3,-54.0000,20.0000,-15.2500,-0.029490,0.093540,-0.005987,0.015910,-0.000649,0.018530,-0.029489,0.093544,-0.005987,0.015907,-0.000649,0.018531,4.031646e-06,0.000118
1775,3,-42.0000,20.0000,-15.2500,-0.038420,0.094960,-0.019750,0.017660,-0.000929,0.008936,-0.038422,0.094962,-0.019752,0.017659,-0.000929,0.008936,1.831563e-06,0.000054
1776,3,-30.0000,20.0000,-15.2500,-0.054550,0.091610,-0.043840,0.019220,-0.000695,-0.037160,-0.054545,0.091615,-0.043842,0.019223,-0.000695,-0.037161,4.743635e-06,0.000139
1777,3,-114.0000,28.0000,-15.2500,0.077690,0.157300,0.051930,0.002863,0.003811,0.067880,0.077693,0.157277,0.051930,0.002863,0.003811,0.067879,2.342919e-05,0.000687
1778,3,-102.0000,28.0000,-15.2500,0.036440,0.097760,-0.033620,0.008015,0.002297,0.026040,0.036442,0.097760,-0.033620,0.008015,0.002297,0.026044,4.426016e-06,0.000130
1779,3,-90.0000,28.0000,-15.2500,0.016120,0.095150,-0.011160,0.012380,0.001224,0.014140,0.016118,0.095154,-0.011163,0.012382,0.001224,0.014138,3.656312e-06,0.000107
1780,3,-78.0000,28.0000,-15.2500,-0.001807,0.092540,-0.002323,0.016130,0.000427,0.012420,-0.001807,0.092541,-0.002323,0.016126,0.000427,0.012419,3.548499e-06,0.000104
1781,3,-66.0000,28.0000,-15.2500,-0.016670,0.092410,0.000349,0.019360,-0.000295,0.015760,-0.016667,0.092413,0.000349,0.019364,-0.000295,0.015760,4.344189e-06,0.000127
1782,3,-54.0000,28.0000,-15.2500,-0.029200,0.092730,-0.006000,0.022180,-0.000961,0.018310,-0.029198,0.092726,-0.006000,0.022180,-0.000961,0.018311,3.768609e-06,0.000110
1783,3,-42.0000,28.0000,-15.2500,-0.038030,0.094240,-0.019610,0.024620,-0.001390,0.008880,-0.038029,0.094238,-0.019614,0.024616,-0.001390,0.008880,4.312435e-06,0.000126
1784,3,-30.0000,28.0000,-15.2500,-0.053930,0.091010,-0.043470,0.026760,-0.001140,-0.036590,-0.053930,0.091005,-0.043473,0.026763,-0.001140,-0.036587,4.985221e-06,0.000146
1785,3,-114.0000,36.0000,-15.2500,0.076920,0.154300,0.051280,0.003660,0.004858,0.067130,0.076916,0.154345,0.051282,0.003660,0.004858,0.067134,4.452686e-05,0.001305
1786,3,-102.0000,36.0000,-15.2500,0.036190,0.095800,-0.033290,0.010260,0.002938,0.025690,0.036188,0.095803,-0.033289,0.010258,0.002938,0.025689,2.847570e-06,0.000083
1787,3,-90.0000,36.0000,-15.2500,0.016030,0.093460,-0.011110,0.015860,0.001557,0.013870,0.016032,0.093464,-0.011110,0.015862,0.001557,0.013871,4.071046e-06,0.000119
1788,3,-78.0000,36.0000,-15.2500,-0.001710,0.091120,-0.002358,0.020640,0.000516,0.012140,-0.001710,0.091120,-0.002358,0.020641,0.000516,0.012137,2.768950e-06,0.000081
1789,3,-66.0000,36.0000,-15.2500,-0.016410,0.091180,0.000277,0.024780,-0.000436,0.015430,-0.016412,0.091182,0.000277,0.024776,-0.000435,0.015429,4.276756e-06,0.000125
1790,3,-54.0000,36.0000,-15.2500,-0.028800,0.091650,-0.005989,0.028360,-0.001330,0.017980,-0.028804,0.091650,-0.005989,0.028364,-0.001330,0.017984,4.448882e-06,0.000130
1791,3,-42.0000,36.0000,-15.2500,-0.037520,0.093270,-0.019430,0.031460,-0.001952,0.008757,-0.037523,0.093269,-0.019427,0.031464,-0.001952,0.008757,4.477071e-06,0.000131
1792,3,-30.0000,36.0000,-15.2500,-0.053160,0.090190,-0.043000,0.034180,-0.001748,-0.035900,-0.053158,0.090186,-0.043005,0.034175,-0.001748,-0.035904,4.699340e-06,0.000138
1793,3,-114.0000,44.0000,-15.2500,0.076180,0.150700,0.050610,0.004399,0.005859,0.066220,0.076184,0.150720,0.050607,0.004399,0.005859,0.066220,2.037232e-05,0.000597
1794,3,-102.0000,44.0000,-15.2500,0.035850,0.093310,-0.032890,0.012510,0.003553,0.025240,0.035846,0.093307,-0.032887,0.012513,0.003553,0.025238,3.894934e-06,0.000114
1795,3,-90.0000,44.0000,-15.2500,0.015930,0.091380,-0.011020,0.019290,0.001858,0.013520,0.015934,0.091382,-0.011023,0.019289,0.001858,0.013521,4.017609e-06,0.000118
1796,3,-78.0000,44.0000,-15.2500,-0.001602,0.089330,-0.002416,0.025080,0.000561,0.011760,-0.001602,0.089326,-0.002416,0.025076,0.000561,0.011763,3.963118e-06,0.000116
1797,3,-66.0000,44.0000,-15.2500,-0.016110,0.089620,0.000173,0.030090,-0.000640,0.014980,-0.016107,0.089616,0.000173,0.030089,-0.000640,0.014983,3.914681e-06,0.000115
1798,3,-54.0000,44.0000,-15.2500,-0.028350,0.090270,-0.006016,0.034430,-0.001796,0.017520,-0.028352,0.090267,-0.006016,0.034435,-0.001796,0.017517,4.603736e-06,0.000135
1799,3,-42.0000,44.0000,-15.2500,-0.036960,0.092010,-0.019270,0.038180,-0.002675,0.008518,-0.036959,0.092013,-0.019273,0.038182,-0.002675,0.008518,3.450428e-06,0.000101
1800,3,-30.0000,44.0000,-15.2500,-0.052270,0.089120,-0.042530,0.041450,-0.002602,-0.035180,-0.052275,0.089119,-0.042526,0.041446,-0.002602,-0.035178,4.749042e-06,0.000139
1801,4,-114.0000,4.0000,-36.5000,0.018380,0.029190,-0.007612,0.000088,0.000541,0.003233,0.018379,0.029194,-0.007612,0.000088,0.000541,0.003233,3.976454e-06,0.000117
1802,4,-102.0000,4.0000,-36.5000,0.003869,0.020640,-0.009154,0.000253,0.000459,-0.006044,0.003869,0.020642,-0.009154,0.000254,0.000459,-0.006044,2.153018e-06,0.000063
1803,4,-90.0000,4.0000,-36.5000,-0.008772,0.013450,-0.012270,0.000400,0.000414,-0.013060,-0.008772,0.013455,-0.012267,0.000400,0.000414,-0.013063,4.632981e-06,0.000136
1804,4,-78.0000,4.0000,-36.5000,-0.020480,0.006965,-0.017230,0.000532,0.000400,-0.021070,-0.020476,0.006965,-0.017232,0.000532,0.000400,-0.021073,3.785455e-06,0.000111
1805,4,-66.0000,4.0000,-36.5000,-0.031980,0.000348,-0.025010,0.000651,0.000419,-0.030690,-0.031976,0.000348,-0.025014,0.000651,0.000419,-0.030690,3.881096e-06,0.000114
1806,4,-54.0000,4.0000,-36.5000,-0.043270,-0.006845,-0.036430,0.000760,0.000474,-0.042820,-0.043273,-0.006845,-0.036431,0.000760,0.000474,-0.042822,2.803131e-06,0.000082
1807,4,-42.0000,4.0000,-36.5000,-0.053460,-0.014640,-0.052170,0.000857,0.000572,-0.058670,-0.053463,-0.014642,-0.052173,0.000857,0.000572,-0.058670,2.936482e-06,0.000086
1808,4,-30.0000,4.0000,-36.5000,-0.059470,-0.021840,-0.072060,0.000940,0.000725,-0.079490,-0.059471,-0.021839,-0.072055,0.000940,0.000725,-0.079490,4.687047e-06,0.000137
1809,4,-114.0000,12.0000,-36.5000,0.018320,0.029030,-0.007620,0.000264,0.001619,0.003223,0.018321,0.029033,-0.007620,0.000264,0.001619,0.003223,2.825692e-06,0.000083
1810,4,-102.0000,12.0000,-36.5000,0.003856,0.020530,-0.009150,0.000759,0.001374,-0.006025,0.003856,0.020528,-0.009150,0.000760,0.001374,-0.006025,2.425430e-06,0.000071
1811,4,-90.0000,12.0000,-36.5000,-0.008745,0.013380,-0.012250,0.001200,0.001239,-0.013020,-0.008745,0.013381,-0.012246,0.001200,0.001239,-0.013023,4.405437e-06,0.000129
1812,4,-78.0000,12.0000,-36.5000,-0.020410,0.006928,-0.017190,0.001594,0.001199,-0.021010,-0.020413,0.006928,-0.017188,0.001594,0.001199,-0.021008,2.541180e-06,0.000074
1813,4,-66.0000,12.0000,-36.5000,-0.031870,0.000347,-0.024940,0.001953,0.001257,-0.030590,-0.031873,0.000347,-0.024938,0.001953,0.001257,-0.030595,4.618107e-06,0.000135
1814,4,-54.0000,12.0000,-36.5000,-0.043130,-0.006810,-0.036310,0.002278,0.001421,-0.042690,-0.043130,-0.006810,-0.036313,0.002278,0.001421,-0.042686,3.859613e-06,0.000113
1815,4,-42.0000,12.0000,-36.5000,-0.053290,-0.014570,-0.052000,0.002567,0.001712,-0.058480,-0.053286,-0.014575,-0.052001,0.002567,0.001712,-0.058481,4.968395e-06,0.000146
1816,4,-30.0000,12.0000,-36.5000,-0.059280,-0.021750,-0.071820,0.002816,0.002166,-0.079230,-0.059277,-0.021747,-0.071818,0.002816,0.002166,-0.079226,4.077180e-06,0.000120
1817,4,-114.0000,20.0000,-36.5000,0.018210,0.028710,-0.007637,0.000438,0.002689,0.003202,0.018208,0.028711,-0.007637,0.000439,0.002689,0.003202,1.661538e-06,0.000049
1818,4,-102.0000,20.0000,-36.5000,0.003829,0.020300,-0.009143,0.001263,0.002282,-0.005987,0.003829,0.020295,-0.009143,0.001263,0.002282,-0.005987,4.875265e-06,0.000143
1819,4,-90.0000,20.0000,-36.5000,-0.008692,0.013230,-0.012200,0.001997,0.002059,-0.012940,-0.008692,0.013229,-0.012204,0.001997,0.002059,-0.012941,4.464933e-06,0.000131
1820,4,-78.0000,20.0000,-36.5000,-0.020280,0.006857,-0.017100,0.002653,0.001995,-0.020880,-0.020281,0.006857,-0.017098,0.002653,0.001995,-0.020877,2.877347e-06,0.000084
1821,4,-66.0000,20.0000,-36.5000,-0.031660,0.000350,-0.024790,0.003248,0.002090,-0.030400,-0.031664,0.000350,-0.024786,0.003248,0.002090,-0.030404,4.412083e-06,0.000129
1822,4,-54.0000,20.0000,-36.5000,-0.042850,-0.006740,-0.036080,0.003787,0.002362,-0.042420,-0.042846,-0.006740,-0.036079,0.003787,0.002362,-0.042417,3.690400e-06,0.000108
1823,4,-42.0000,20.0000,-36.5000,-0.052930,-0.014440,-0.051660,0.004266,0.002842,-0.058110,-0.052933,-0.014436,-0.051657,0.004266,0.002842,-0.058106,4.246426e-06,0.000124
1824,4,-30.0000,20.0000,-36.5000,-0.058890,-0.021560,-0.071340,0.004675,0.003588,-0.078700,-0.058888,-0.021556,-0.071342,0.004675,0.003588,-0.078704,3.684156e-06,0.000108
1825,4,-114.0000,28.0000,-36.5000,0.018040,0.028230,-0.007663,0.000612,0.003741,0.003172,0.018041,0.028228,-0.007663,0.000612,0.003741,0.003172,1.928002e-06,0.000057
1826,4,-102.0000,28.0000,-36.5000,0.003791,0.019940,-0.009133,0.001763,0.003178,-0.005930,0.003791,0.019945,-0.009133,0.001763,0.003178,-0.005930,4.824434e-06,0.000141
1827,4,-90.0000,28.0000,-36.5000,-0.008610,0.013000,-0.012140,0.002790,0.002870,-0.012820,-0.008610,0.013003,-0.012141,0.002790,0.002870,-0.012818,3.466994e-06,0.000102
1828,4,-78.0000,28.0000,-36.5000,-0.020090,0.006746,-0.016970,0.003706,0.002784,-0.020680,-0.020086,0.006746,-0.016965,0.003706,0.002784,-0.020681,4.855101e-06,0.000142
1829,4,-66.0000,28.0000,-36.5000,-0.031350,0.000354,-0.024560,0.004534,0.002919,-0.030120,-0.031354,0.000354,-0.024558,0.004534,0.002919,-0.030119,3.567439e-06,0.000105
1830,4,-54.0000,28.0000,-36.5000,-0.042420,-0.006626,-0.035720,0.005282,0.003296,-0.042020,-0.042420,-0.006626,-0.035724,0.005282,0.003296,-0.042017,4.256818e-06,0.000125
1831,4,-42.0000,28.0000,-36.5000,-0.052400,-0.014220,-0.051140,0.005947,0.003959,-0.057550,-0.052405,-0.014218,-0.051140,0.005947,0.003959,-0.057552,4.522647e-06,0.000133
1832,4,-30.0000,28.0000,-36.5000,-0.058310,-0.021260,-0.070630,0.006509,0.004984,-0.077930,-0.058306,-0.021257,-0.070630,0.006509,0.004984,-0.077935,4.729658e-06,0.000139
1833,4,-114.0000,36.0000,-36.5000,0.017820,0.027580,-0.007699,0.000781,0.004770,0.003132,0.017820,0.027583,-0.007699,0.000781,0.004770,0.003132,3.052960e-06,0.000090
1834,4,-102.0000,36.0000,-36.5000,0.003753,0.019480,-0.009117,0.002260,0.004056,-0.005855,0.003753,0.019480,-0.009117,0.002260,0.004056,-0.005855,4.866377e-07,0.000014
1835,4,-90.0000,36.0000,-36.5000,-0.008500,0.012700,-0.012060,0.003578,0.003668,-0.012650,-0.008500,0.012701,-0.012058,0.003578,0.003668,-0.012655,4.767736e-06,0.000140
1836,4,-78.0000,36.0000,-36.5000,-0.019820,0.006602,-0.016790,0.004749,0.003564,-0.020420,-0.019825,0.006602,-0.016787,0.004749,0.003564,-0.020420,4.561123e-06,0.000134
1837,4,-66.0000,36.0000,-36.5000,-0.030940,0.000361,-0.024250,0.005806,0.003741,-0.029740,-0.030938,0.000361,-0.024252,0.005806,0.003741,-0.029742,1.907221e-06,0.000056
1838,4,-54.0000,36.0000,-36.5000,-0.041850,-0.006467,-0.035250,0.006760,0.004223,-0.041490,-0.041851,-0.006467,-0.035249,0.006760,0.004223,-0.041491,1.304813e-06,0.000038
1839,4,-42.0000,36.0000,-36.5000,-0.051700,-0.013910,-0.050450,0.007604,0.005061,-0.056830,-0.051700,-0.013914,-0.050449,0.007604,0.005061,-0.056825,4.657818e-06,0.000137
1840,4,-30.0000,36.0000,-36.5000,-0.057530,-0.020840,-0.069680,0.008313,0.006349,-0.076930,-0.057530,-0.020837,-0.069680,0.008313,0.006349,-0.076933,2.995496e-06,0.000088
1841,4,-114.0000,44.0000,-36.5000,0.017600,0.026790,-0.007722,0.000935,0.005766,0.003082,0.017601,0.026789,-0.007722,0.000935,0.005766,0.003082,8.029841e-07,0.000024
1842,4,-102.0000,44.0000,-36.5000,0.003696,0.018880,-0.009109,0.002763,0.004908,-0.005759,0.003696,0.018883,-0.009109,0.002763,0.004908,-0.005759,2.852372e-06,0.000084
1843,4,-90.0000,44.0000,-36.5000,-0.008362,0.012330,-0.011950,0.004360,0.004449,-0.012450,-0.008362,0.012330,-0.011953,0.004360,0.004449,-0.012449,2.983613e-06,0.000087
1844,4,-78.0000,44.0000,-36.5000,-0.019490,0.006427,-0.016560,0.005780,0.004333,-0.020090,-0.019493,0.006427,-0.016560,0.005780,0.004333,-0.020094,4.107181e-06,0.000120
1845,4,-66.0000,44.0000,-36.5000,-0.030410,0.000379,-0.023860,0.007061,0.004557,-0.029270,-0.030413,0.000379,-0.023863,0.007061,0.004557,-0.029273,3.426104e-06,0.000100
1846,4,-54.0000,44.0000,-36.5000,-0.041140,-0.006257,-0.034650,0.008217,0.005145,-0.040840,-0.041138,-0.006257,-0.034650,0.008217,0.005145,-0.040842,2.466836e-06,0.000072
1847,4,-42.0000,44.0000,-36.5000,-0.050820,-0.013510,-0.049580,0.009238,0.006154,-0.055940,-0.050817,-0.013512,-0.049579,0.009238,0.006154,-0.055936,3.688820e-06,0.000108
1848,4,-30.0000,44.0000,-36.5000,-0.056550,-0.020280,-0.068490,0.010090,0.007689,-0.075710,-0.056554,-0.020275,-0.068488,0.010086,0.007689,-0.075713,4.771140e-06,0.000140
1849,2,-114.0000,54.0000,-2.0000,0.019790,0.099650,-0.001352,0.007178,0.001244,0.006193,0.019792,0.099648,-0.001352,0.007178,0.001244,0.006193,2.102625e-06,0.000062
1850,2,-102.0000,54.0000,-2.0000,0.064610,0.111000,-0.000473,0.017580,0.000439,0.011140,0.064613,0.110960,-0.000473,0.017581,0.000439,0.011140,3.960132e-05,0.001161
1851,2,-90.0000,54.0000,-2.0000,0.111900,0.128500,0.001325,0.024600,0.000012,0.006337,0.111933,0.128475,0.001325,0.024595,0.000012,0.006337,3.333300e-05,0.000977
1852,2,-78.0000,54.0000,-2.0000,0.130500,0.136400,-0.000593,0.029480,-0.000319,0.002751,0.130468,0.136450,-0.000593,0.029484,-0.000319,0.002751,4.981064e-05,0.001460
1853,2,-66.0000,54.0000,-2.0000,0.146300,0.146900,-0.000157,0.032780,-0.000620,0.004696,0.146340,0.146889,-0.000157,0.032784,-0.000620,0.004696,4.040841e-05,0.001185
1854,2,-54.0000,54.0000,-2.0000,0.165500,0.160300,-0.000333,0.034830,-0.000933,0.004542,0.165509,0.160337,-0.000333,0.034826,-0.000933,0.004542,3.719982e-05,0.001091
1855,2,-42.0000,54.0000,-2.0000,0.178200,0.173300,0.001321,0.035910,-0.001218,0.002455,0.178180,0.173344,0.001321,0.035909,-0.001218,0.002455,4.377545e-05,0.001283
1856,2,-30.0000,54.0000,-2.0000,0.173200,0.178100,-0.002638,0.036420,-0.001400,-0.000477,0.173232,0.178103,-0.002638,0.036417,-0.001400,-0.000477,3.200083e-05,0.000938
1857,2,-114.0000,66.0000,-2.0000,0.018980,0.093290,-0.001483,0.008517,0.001528,0.005958,0.018984,0.093290,-0.001483,0.008517,0.001528,0.005958,3.634221e-06,0.000107
1858,2,-102.0000,66.0000,-2.0000,0.062240,0.105100,-0.000621,0.020920,0.000584,0.010710,0.062238,0.105058,-0.000621,0.020916,0.000584,0.010706,4.174422e-05,0.001224
1859,2,-90.0000,66.0000,-2.0000,0.107900,0.122500,0.001120,0.029200,0.000066,0.006063,0.107936,0.122470,0.001120,0.029197,0.000066,0.006063,3.573467e-05,0.001048
1860,2,-78.0000,66.0000,-2.0000,0.125800,0.130400,-0.000715,0.034920,-0.000356,0.002547,0.125767,0.130359,-0.000715,0.034921,-0.000356,0.002547,4.115147e-05,0.001206
1861,2,-66.0000,66.0000,-2.0000,0.141000,0.140300,-0.000297,0.038770,-0.000744,0.004405,0.140964,0.140295,-0.000297,0.038767,-0.000744,0.004405,3.559301e-05,0.001043
1862,2,-54.0000,66.0000,-2.0000,0.159300,0.152800,-0.000490,0.041140,-0.001159,0.004227,0.159331,0.152836,-0.000490,0.041138,-0.001159,0.004227,3.595764e-05,0.001054
1863,2,-42.0000,66.0000,-2.0000,0.171500,0.164700,0.001092,0.042390,-0.001581,0.002196,0.171457,0.164705,0.001092,0.042394,-0.001581,0.002196,4.312469e-05,0.001264
1864,2,-30.0000,66.0000,-2.0000,0.166500,0.168300,-0.002699,0.042940,-0.001970,-0.000724,0.166488,0.168278,-0.002699,0.042936,-0.001970,-0.000724,2.165397e-05,0.000635
1865,2,-114.0000,78.0000,-2.0000,0.018190,0.086030,-0.001440,0.009724,0.001744,0.005694,0.018190,0.086035,-0.001440,0.009724,0.001744,0.005694,4.804377e-06,0.000141
1866,2,-102.0000,78.0000,-2.0000,0.059550,0.098360,-0.000622,0.023830,0.000665,0.010190,0.059554,0.098363,-0.000622,0.023831,0.000665,0.010192,3.601937e-06,0.000106
1867,2,-90.0000,78.0000,-2.0000,0.103300,0.115700,0.001054,0.033200,0.000060,0.005721,0.103302,0.115652,0.001054,0.033200,0.000060,0.005721,4.815111e-05,0.001412
1868,2,-78.0000,78.0000,-2.0000,0.120200,0.123300,-0.000702,0.039580,-0.000440,0.002284,0.120243,0.123339,-0.000702,0.039582,-0.000440,0.002284,4.254491e-05,0.001247
1869,2,-66.0000,78.0000,-2.0000,0.134600,0.132500,-0.000311,0.043780,-0.000912,0.004032,0.134557,0.132530,-0.000311,0.043778,-0.000912,0.004032,4.296598e-05,0.001260
1870,2,-54.0000,78.0000,-2.0000,0.151900,0.143800,-0.000487,0.046270,-0.001429,0.003815,0.151922,0.143781,-0.000487,0.046267,-0.001429,0.003815,2.205127e-05,0.000646
1871,2,-42.0000,78.0000,-2.0000,0.163300,0.153900,0.001039,0.047470,-0.001984,0.001804,0.163250,0.153854,0.001039,0.047468,-0.001984,0.001804,4.973304e-05,0.001458
1872,2,-30.0000,78.0000,-2.0000,0.157900,0.155400,-0.002581,0.047820,-0.002561,-0.001174,0.157867,0.155383,-0.002581,0.047821,-0.002561,-0.001174,3.284946e-05,0.000963
1873,2,-114.0000,90.0000,-2.0000,0.017380,0.078100,-0.001300,0.010730,0.001976,0.005361,0.017380,0.078098,-0.001300,0.010730,0.001976,0.005361,2.454637e-06,0.000072
1874,2,-102.0000,90.0000,-2.0000,0.056530,0.091060,-0.000578,0.026260,0.000785,0.009610,0.056526,0.091061,-0.000578,0.026262,0.000785,0.009610,4.299953e-06,0.000126
1875,2,-90.0000,90.0000,-2.0000,0.098090,0.108200,0.001042,0.036460,0.000107,0.005317,0.098092,0.108227,0.001042,0.036461,0.000107,0.005317,2.726898e-05,0.000799
1876,2,-78.0000,90.0000,-2.0000,0.113900,0.115600,-0.000651,0.043310,-0.000463,0.001967,0.113898,0.115636,-0.000651,0.043311,-0.000463,0.001967,3.585965e-05,0.001051
1877,2,-66.0000,90.0000,-2.0000,0.127100,0.124000,-0.000257,0.047630,-0.001007,0.003585,0.127093,0.123972,-0.000257,0.047632,-0.001007,0.003585,2.837678e-05,0.000832
1878,2,-54.0000,90.0000,-2.0000,0.143100,0.133600,-0.000461,0.049920,-0.001598,0.003323,0.143133,0.133631,-0.000461,0.049919,-0.001598,0.003323,3.304864e-05,0.000969
1879,2,-42.0000,90.0000,-2.0000,0.153500,0.141500,0.001039,0.050680,-0.002203,0.001330,0.153457,0.141507,0.001039,0.050676,-0.002203,0.001330,4.301802e-05,0.001261
1880,2,-30.0000,90.0000,-2.0000,0.147500,0.140400,-0.002566,0.050580,-0.002817,-0.001644,0.147494,0.140404,-0.002566,0.050582,-0.002817,-0.001644,5.598645e-06,0.000164
1881,2,-114.0000,102.0000,-2.0000,0.016000,0.069290,-0.001572,0.011540,0.001954,0.005006,0.016004,0.069286,-0.001572,0.011543,0.001954,0.005006,4.409702e-06,0.000129
1882,2,-102.0000,102.0000,-2.0000,0.053030,0.083100,-0.000799,0.028070,0.000677,0.008980,0.053032,0.083105,-0.000799,0.028067,0.000677,0.008980,4.600916e-06,0.000135
1883,2,-90.0000,102.0000,-2.0000,0.092160,0.100100,0.000705,0.038920,-0.000046,0.004867,0.092156,0.100115,0.000705,0.038916,-0.000046,0.004867,1.467244e-05,0.000430
1884,2,-78.0000,102.0000,-2.0000,0.106600,0.107300,-0.000918,0.046040,-0.000674,0.001598,0.106607,0.107285,-0.000918,0.046039,-0.000674,0.001598,1.543262e-05,0.000452
1885,2,-66.0000,102.0000,-2.0000,0.118300,0.114700,-0.000569,0.050290,-0.001285,0.003091,0.118349,0.114711,-0.000569,0.050289,-0.001285,0.003091,4.916789e-05,0.001441
1886,2,-54.0000,102.0000,-2.0000,0.132700,0.122900,-0.000803,0.052130,-0.001911,0.002811,0.132727,0.122864,-0.000803,0.052128,-0.001911,0.002811,3.644945e-05,0.001069
1887,2,-42.0000,102.0000,-2.0000,0.141700,0.128700,0.000573,0.052020,-0.002429,0.000932,0.141730,0.128657,0.000573,0.052015,-0.002429,0.000932,4.346920e-05,0.001274
1888,2,-30.0000,102.0000,-2.0000,0.136000,0.125400,-0.002913,0.051130,-0.002763,-0.001745,0.135999,0.125410,-0.002913,0.051135,-0.002763,-0.001745,9.784110e-06,0.000287
1889,2,-114.0000,114.0000,-2.0000,0.016030,0.061770,-0.000546,0.011870,0.003022,0.004661,0.016025,0.061767,-0.000546,0.011869,0.003022,0.004661,4.662967e-06,0.000137
1890,2,-102.0000,114.0000,-2.0000,0.050310,0.076250,-0.000073,0.029350,0.001653,0.008334,0.050307,0.076248,-0.000073,0.029350,0.001653,0.008334,2.668762e-06,0.000078
1891,2,-90.0000,114.0000,-2.0000,0.086860,0.093340,0.001440,0.040530,0.000879,0.004394,0.086858,0.093338,0.001440,0.040534,0.000879,0.004394,3.637099e-06,0.000107
1892,2,-78.0000,114.0000,-2.0000,0.099880,0.100300,-0.000059,0.047740,0.000225,0.001215,0.099877,0.100266,-0.000059,0.047742,0.000225,0.001215,3.408558e-05,0.000999
1893,2,-66.0000,114.0000,-2.0000,0.110100,0.106900,0.000375,0.051890,-0.000373,0.002595,0.110067,0.106929,0.000375,0.051894,-0.000372,0.002595,3.347756e-05,0.000981
1894,2,-54.0000,114.0000,-2.0000,0.122700,0.114100,0.000292,0.053380,-0.000859,0.002425,0.122696,0.114094,0.000292,0.053379,-0.000859,0.002425,5.698076e-06,0.000167
1895,2,-42.0000,114.0000,-2.0000,0.130900,0.119300,0.001493,0.052710,-0.001066,0.001023,0.130936,0.119335,0.001493,0.052713,-0.001066,0.001023,3.630634e-05,0.001064
1896,2,-30.0000,114.0000,-2.0000,0.126200,0.115900,-0.002151,0.051060,-0.000687,-0.000845,0.126243,0.115905,-0.002151,0.051060,-0.000687,-0.000845,4.273170e-05,0.001253
1897,3,-114.0000,54.0000,-7.7500,0.012370,0.103000,0.010160,0.006211,0.004233,0.025850,0.012375,0.103046,0.010160,0.006211,0.004233,0.025849,4.607791e-05,0.001351
1898,3,-102.0000,54.0000,-7.7500,0.062960,0.111700,-0.001030,0.016290,0.001994,0.032940,0.062963,0.111710,-0.001030,0.016289,0.001994,0.032944,1.017155e-05,0.000298
1899,3,-90.0000,54.0000,-7.7500,0.067480,0.108100,-0.008916,0.023850,0.000585,0.013720,0.067475,0.108117,-0.008916,0.023849,0.000585,0.013718,1.675943e-05,0.000491
1900,3,-78.0000,54.0000,-7.7500,0.072490,0.115000,-0.000381,0.029690,-0.000507,0.010770,0.072495,0.115020,-0.000381,0.029686,-0.000507,0.010774,1.971091e-05,0.000578
1901,3,-66.0000,54.0000,-7.7500,0.076700,0.121100,-0.000487,0.034210,-0.001511,0.012510,0.076700,0.121078,-0.000486,0.034207,-0.001511,0.012513,2.165974e-05,0.000635
1902,3,-54.0000,54.0000,-7.7500,0.081310,0.128700,-0.002792,0.037660,-0.002522,0.013350,0.081314,0.128748,-0.002792,0.037656,-0.002522,0.013351,4.768394e-05,0.001398
1903,3,-42.0000,54.0000,-7.7500,0.082710,0.136900,-0.005310,0.040300,-0.003406,0.006079,0.082713,0.136870,-0.005310,0.040296,-0.003406,0.006079,2.993089e-05,0.000877
1904,3,-30.0000,54.0000,-7.7500,0.059640,0.136600,-0.007765,0.042590,-0.003806,-0.012630,0.059636,0.136643,-0.007765,0.042588,-0.003806,-0.012625,4.271516e-05,0.001252
1905,3,-114.0000,66.0000,-7.7500,0.011830,0.096360,0.009562,0.007399,0.005074,0.024910,0.011826,0.096359,0.009562,0.007399,0.005074,0.024911,4.143527e-06,0.000121
1906,3,-102.0000,66.0000,-7.7500,0.060920,0.105800,-0.001140,0.019470,0.002419,0.031710,0.060921,0.105769,-0.001140,0.019475,0.002419,0.031706,3.101826e-05,0.000909
1907,3,-90.0000,66.0000,-7.7500,0.065240,0.102900,-0.008819,0.028460,0.000705,0.013000,0.065243,0.102853,-0.008819,0.028457,0.000705,0.012998,4.691983e-05,0.001376
1908,3,-78.0000,66.0000,-7.7500,0.070000,0.109900,-0.000540,0.035390,-0.000656,0.010050,0.070001,0.109859,-0.000540,0.035385,-0.000657,0.010051,4.145488e-05,0.001215
1909,3,-66.0000,66.0000,-7.7500,0.073970,0.115800,-0.000631,0.040760,-0.001949,0.011640,0.073974,0.115823,-0.000631,0.040759,-0.001949,0.011643,2.260922e-05,0.000663
1910,3,-54.0000,66.0000,-7.7500,0.078300,0.123100,-0.002867,0.044870,-0.003298,0.012380,0.078296,0.123148,-0.002867,0.044871,-0.003298,0.012382,4.827876e-05,0.001415
1911,3,-42.0000,66.0000,-7.7500,0.079460,0.130700,-0.005359,0.047990,-0.004620,0.005279,0.079464,0.130719,-0.005359,0.047985,-0.004620,0.005279,1.910384e-05,0.000560
1912,3,-30.0000,66.0000,-7.7500,0.057180,0.130000,-0.007891,0.050550,-0.005641,-0.012900,0.057176,0.129977,-0.007891,0.050551,-0.005641,-0.012903,2.313305e-05,0.000678
1913,3,-114.0000,78.0000,-7.7500,0.011360,0.088570,0.009046,0.008500,0.005845,0.023800,0.011357,0.088573,0.009046,0.008500,0.005845,0.023804,3.602191e-06,0.000106
1914,3,-102.0000,78.0000,-7.7500,0.058600,0.098840,-0.001139,0.022310,0.002817,0.030220,0.058603,0.098843,-0.001139,0.022310,0.002817,0.030223,3.317731e-06,0.000097
1915,3,-90.0000,78.0000,-7.7500,0.062700,0.096740,-0.008563,0.032560,0.000825,0.012100,0.062699,0.096744,-0.008563,0.032562,0.000825,0.012097,3.579926e-06,0.000105
1916,3,-78.0000,78.0000,-7.7500,0.067160,0.103800,-0.000585,0.040450,-0.000794,0.009130,0.067155,0.103804,-0.000585,0.040446,-0.000794,0.009130,4.992762e-06,0.000146
1917,3,-66.0000,78.0000,-7.7500,0.070810,0.109600,-0.000656,0.046570,-0.002357,0.010530,0.070812,0.109553,-0.000656,0.046565,-0.002357,0.010528,4.744687e-05,0.001391
1918,3,-54.0000,78.0000,-7.7500,0.074750,0.116300,-0.002792,0.051250,-0.004022,0.011100,0.074749,0.116335,-0.002792,0.051250,-0.004022,0.011101,3.515105e-05,0.001031
1919,3,-42.0000,78.0000,-7.7500,0.075480,0.123100,-0.005205,0.054760,-0.005764,0.004043,0.075484,0.123064,-0.005205,0.054756,-0.005764,0.004043,3.606568e-05,0.001057
1920,3,-30.0000,78.0000,-7.7500,0.053470,0.121400,-0.007698,0.057330,-0.007453,-0.013840,0.053466,0.121439,-0.007698,0.057329,-0.007453,-0.013843,3.892009e-05,0.001141
1921,3,-114.0000,90.0000,-7.7500,0.010750,0.079810,0.008274,0.009438,0.006501,0.022530,0.010751,0.079813,0.008274,0.009438,0.006501,0.022530,2.755584e-06,0.000081
1922,3,-102.0000,90.0000,-7.7500,0.055930,0.091100,-0.001337,0.024730,0.003152,0.028540,0.055927,0.091102,-0.001337,0.024727,0.003152,0.028535,4.776751e-06,0.000140
1923,3,-90.0000,90.0000,-7.7500,0.059830,0.089920,-0.008441,0.036010,0.000919,0.011030,0.059832,0.089916,-0.008441,0.036013,0.000919,0.011030,3.759770e-06,0.000110
1924,3,-78.0000,90.0000,-7.7500,0.063910,0.096970,-0.000802,0.044710,-0.000925,0.008022,0.063914,0.096970,-0.000802,0.044713,-0.000925,0.008022,3.822489e-06,0.000112
1925,3,-66.0000,90.0000,-7.7500,0.067170,0.102400,-0.000841,0.051450,-0.002719,0.009195,0.067169,0.102390,-0.000841,0.051448,-0.002719,0.009195,9.549503e-06,0.000280
1926,3,-54.0000,90.0000,-7.7500,0.070610,0.108400,-0.002892,0.056600,-0.004604,0.009590,0.070613,0.108448,-0.002892,0.056599,-0.004604,0.009590,4.761317e-05,0.001396
1927,3,-42.0000,90.0000,-7.7500,0.070830,0.114200,-0.005105,0.060440,-0.006498,0.002595,0.070829,0.114236,-0.005105,0.060441,-0.006498,0.002595,3.631119e-05,0.001065
1928,3,-30.0000,90.0000,-7.7500,0.048360,0.111800,-0.007340,0.062990,-0.008379,-0.015120,0.048362,0.111756,-0.007340,0.062993,-0.008379,-0.015123,4.448790e-05,0.001304
1929,3,-114.0000,102.0000,-7.7500,0.010230,0.070760,0.007816,0.010180,0.007257,0.021140,0.010225,0.070759,0.007816,0.010180,0.007257,0.021138,4.519474e-06,0.000132
1930,3,-102.0000,102.0000,-7.7500,0.053600,0.083330,-0.000999,0.026530,0.003660,0.026720,0.053598,0.083325,-0.001000,0.026533,0.003660,0.026722,4.785702e-06,0.000140
1931,3,-90.0000,102.0000,-7.7500,0.057150,0.082950,-0.007903,0.038710,0.001262,0.009829,0.057146,0.082947,-0.007903,0.038708,0.001262,0.009829,4.225106e-06,0.000124
1932,3,-78.0000,102.0000,-7.7500,0.060840,0.090010,-0.000580,0.048030,-0.000760,0.006760,0.060837,0.090014,-0.000580,0.048033,-0.000760,0.006760,4.364688e-06,0.000128
1933,3,-66.0000,102.0000,-7.7500,0.063680,0.095040,-0.000524,0.055260,-0.002713,0.007726,0.063680,0.095038,-0.000524,0.055262,-0.002713,0.007726,1.688654e-06,0.000050
1934,3,-54.0000,102.0000,-7.7500,0.066710,0.100400,-0.002323,0.060840,-0.004630,0.008074,0.066712,0.100380,-0.002323,0.060836,-0.004630,0.008074,2.028388e-05,0.000595
1935,3,-42.0000,102.0000,-7.7500,0.066620,0.105400,-0.004051,0.065090,-0.006160,0.001529,0.066617,0.105418,-0.004051,0.065094,-0.006160,0.001529,1.773016e-05,0.000520
1936,3,-30.0000,102.0000,-7.7500,0.043800,0.102900,-0.005673,0.068260,-0.006956,-0.015430,0.043796,0.102949,-0.005673,0.068260,-0.006956,-0.015435,4.928600e-05,0.001445
1937,3,-114.0000,114.0000,-7.7500,0.010100,0.060670,0.007623,0.010420,0.007900,0.019780,0.010100,0.060668,0.007623,0.010418,0.007900,0.019780,1.981904e-06,0.000058
1938,3,-102.0000,114.0000,-7.7500,0.050840,0.074280,-0.000861,0.027870,0.004121,0.024820,0.050844,0.074281,-0.000861,0.027872,0.004121,0.024819,4.065496e-06,0.000119
1939,3,-90.0000,114.0000,-7.7500,0.054100,0.075080,-0.007421,0.040540,0.001589,0.008557,0.054104,0.075083,-0.007421,0.040544,0.001589,0.008557,4.465969e-06,0.000131
1940,3,-78.0000,114.0000,-7.7500,0.057460,0.082010,-0.000439,0.050250,-0.000544,0.005400,0.057461,0.082009,-0.000439,0.050251,-0.000544,0.005400,1.169842e-06,0.000034
1941,3,-66.0000,114.0000,-7.7500,0.060020,0.086480,-0.000172,0.057890,-0.002571,0.006227,0.060019,0.086485,-0.000172,0.057892,-0.002571,0.006227,4.762368e-06,0.000140
1942,3,-54.0000,114.0000,-7.7500,0.062760,0.090910,-0.001557,0.063940,-0.004330,0.006856,0.062760,0.090914,-0.001557,0.063939,-0.004330,0.006856,3.965574e-06,0.000116
1943,3,-42.0000,114.0000,-7.7500,0.062980,0.095360,-0.002584,0.068980,-0.005084,0.001713,0.062984,0.095362,-0.002584,0.068983,-0.005084,0.001713,4.242200e-06,0.000124
1944,3,-30.0000,114.0000,-7.7500,0.042100,0.093780,-0.003510,0.074380,-0.003371,-0.012220,0.042101,0.093778,-0.003510,0.074381,-0.003371,-0.012219,2.345185e-06,0.000069
1945,3,-114.0000,54.0000,-15.2500,0.074740,0.144900,0.049290,0.005525,0.007061,0.064760,0.074737,0.144947,0.049287,0.005525,0.007061,0.064760,4.665237e-05,0.001368
1946,3,-102.0000,54.0000,-15.2500,0.035280,0.089530,-0.032310,0.015250,0.004275,0.024510,0.035285,0.089531,-0.032313,0.015248,0.004275,0.024509,4.976941e-06,0.000146
1947,3,-90.0000,54.0000,-15.2500,0.015770,0.088150,-0.010950,0.023430,0.002199,0.012950,0.015771,0.088149,-0.010953,0.023430,0.002199,0.012951,2.620115e-06,0.000077
1948,3,-78.0000,54.0000,-15.2500,-0.001408,0.086550,-0.002534,0.030450,0.000575,0.011150,-0.001408,0.086553,-0.002534,0.030449,0.000575,0.011153,3.451826e-06,0.000101
1949,3,-66.0000,54.0000,-15.2500,-0.015610,0.087190,0.000004,0.036540,-0.000955,0.014240,-0.015606,0.087185,0.000004,0.036540,-0.000955,0.014236,4.555824e-06,0.000134
1950,3,-54.0000,54.0000,-15.2500,-0.027630,0.088110,-0.006057,0.041820,-0.002480,0.016680,-0.027625,0.088107,-0.006057,0.041821,-0.002480,0.016680,4.856824e-06,0.000142
1951,3,-42.0000,54.0000,-15.2500,-0.036120,0.090040,-0.019070,0.046360,-0.003787,0.007934,-0.036120,0.090041,-0.019074,0.046358,-0.003787,0.007934,3.514894e-06,0.000103
1952,3,-30.0000,54.0000,-15.2500,-0.051000,0.087400,-0.041890,0.050260,-0.004112,-0.034390,-0.051000,0.087401,-0.041894,0.050265,-0.004112,-0.034390,4.711630e-06,0.000138
1953,3,-114.0000,66.0000,-15.2500,0.072560,0.136800,0.047310,0.006642,0.008459,0.062670,0.072558,0.136753,0.047313,0.006642,0.008459,0.062667,4.664079e-05,0.001367
1954,3,-102.0000,66.0000,-15.2500,0.034530,0.084200,-0.031520,0.018370,0.005115,0.023440,0.034526,0.084197,-0.031516,0.018373,0.005115,0.023438,4.036636e-06,0.000118
1955,3,-90.0000,66.0000,-15.2500,0.015620,0.083580,-0.010840,0.028180,0.002598,0.012090,0.015619,0.083582,-0.010837,0.028181,0.002598,0.012089,3.273966e-06,0.000096
1956,3,-78.0000,66.0000,-15.2500,-0.001027,0.082610,-0.002667,0.036620,0.000580,0.010220,-0.001027,0.082606,-0.002667,0.036620,0.000581,0.010220,3.643634e-06,0.000107
1957,3,-66.0000,66.0000,-15.2500,-0.014790,0.083670,-0.000190,0.043980,-0.001370,0.013080,-0.014793,0.083673,-0.000190,0.043976,-0.001370,0.013077,3.501577e-06,0.000103
1958,3,-54.0000,66.0000,-15.2500,-0.026500,0.084970,-0.006049,0.050380,-0.003392,0.015320,-0.026502,0.084972,-0.006049,0.050382,-0.003392,0.015319,2.454252e-06,0.000072
1959,3,-42.0000,66.0000,-15.2500,-0.034910,0.087200,-0.018730,0.055850,-0.005338,0.006756,-0.034914,0.087197,-0.018728,0.055853,-0.005338,0.006756,3.794126e-06,0.000111
1960,3,-30.0000,66.0000,-15.2500,-0.049370,0.084970,-0.040970,0.060400,-0.006547,-0.034000,-0.049368,0.084967,-0.040973,0.060404,-0.006547,-0.034003,3.658803e-06,0.000107
1961,3,-114.0000,78.0000,-15.2500,0.070220,0.127100,0.045050,0.007716,0.009745,0.060240,0.070222,0.127093,0.045052,0.007716,0.009745,0.060237,6.998201e-06,0.000205
1962,3,-102.0000,78.0000,-15.2500,0.033710,0.077850,-0.030630,0.021230,0.005915,0.022140,0.033705,0.077847,-0.030630,0.021235,0.005915,0.022138,4.799511e-06,0.000141
1963,3,-90.0000,78.0000,-15.2500,0.015520,0.078130,-0.010750,0.032550,0.002991,0.010990,0.015520,0.078131,-0.010745,0.032549,0.002991,0.010990,4.854253e-06,0.000142
1964,3,-78.0000,78.0000,-15.2500,-0.000443,0.077820,-0.002848,0.042330,0.000589,0.009006,-0.000443,0.077820,-0.002848,0.042334,0.000590,0.009006,4.207598e-06,0.000123
1965,3,-66.0000,78.0000,-15.2500,-0.013690,0.079310,-0.000430,0.050950,-0.001769,0.011570,-0.013685,0.079310,-0.000430,0.050949,-0.001769,0.011573,4.774726e-06,0.000140
1966,3,-54.0000,78.0000,-15.2500,-0.025060,0.080970,-0.006043,0.058530,-0.004252,0.013520,-0.025056,0.080974,-0.006043,0.058533,-0.004252,0.013520,4.038697e-06,0.000118
1967,3,-42.0000,78.0000,-15.2500,-0.033490,0.083570,-0.018280,0.065030,-0.006827,0.004960,-0.033487,0.083565,-0.018283,0.065033,-0.006827,0.004960,4.922429e-06,0.000144
1968,3,-30.0000,78.0000,-15.2500,-0.047920,0.081980,-0.039760,0.070180,-0.009201,-0.034750,-0.047919,0.081977,-0.039760,0.070184,-0.009201,-0.034750,4.080217e-06,0.000120
1969,3,-114.0000,90.0000,-15.2500,0.067810,0.116300,0.042630,0.008662,0.010980,0.057500,0.067810,0.116309,0.042631,0.008662,0.010981,0.057504,8.692748e-06,0.000255
1970,3,-102.0000,90.0000,-15.2500,0.033010,0.070820,-0.029550,0.023740,0.006738,0.020620,0.033011,0.070816,-0.029547,0.023740,0.006738,0.020620,3.842888e-06,0.000113
1971,3,-90.0000,90.0000,-15.2500,0.015760,0.072070,-0.010500,0.036370,0.003464,0.009656,0.015759,0.072072,-0.010505,0.036370,0.003464,0.009656,4.708709e-06,0.000138
1972,3,-78.0000,90.0000,-15.2500,0.000625,0.072380,-0.002896,0.047410,0.000724,0.007516,0.000625,0.072384,-0.002896,0.047414,0.000724,0.007516,4.382941e-06,0.000128
1973,3,-66.0000,90.0000,-15.2500,-0.011930,0.074220,-0.000475,0.057280,-0.001978,0.009756,-0.011926,0.074218,-0.000475,0.057276,-0.001978,0.009756,4.219571e-06,0.000124
1974,3,-54.0000,90.0000,-15.2500,-0.022820,0.076170,-0.005689,0.066150,-0.004764,0.011420,-0.022821,0.076168,-0.005689,0.066149,-0.004764,0.011421,2.350245e-06,0.000069
1975,3,-42.0000,90.0000,-15.2500,-0.031250,0.079180,-0.017160,0.073930,-0.007576,0.002865,-0.031249,0.079182,-0.017163,0.073929,-0.007576,0.002865,3.419335e-06,0.000100
1976,3,-30.0000,90.0000,-15.2500,-0.046300,0.078570,-0.037490,0.080010,-0.010540,-0.036460,-0.046297,0.078570,-0.037488,0.080012,-0.010539,-0.036464,4.412686e-06,0.000129
1977,3,-114.0000,102.0000,-15.2500,0.064970,0.104300,0.039770,0.009403,0.012140,0.054590,0.064971,0.104289,0.039775,0.009403,0.012141,0.054593,1.091567e-05,0.000320
1978,3,-102.0000,102.0000,-15.2500,0.032530,0.063050,-0.028400,0.025650,0.007556,0.018930,0.032526,0.063047,-0.028401,0.025654,0.007556,0.018930,3.775344e-06,0.000111
1979,3,-90.0000,102.0000,-15.2500,0.016210,0.065140,-0.010350,0.039460,0.004017,0.008125,0.016213,0.065137,-0.010346,0.039464,0.004017,0.008125,3.827199e-06,0.000112
1980,3,-78.0000,102.0000,-15.2500,0.002122,0.066030,-0.002979,0.051590,0.001015,0.005792,0.002122,0.066032,-0.002979,0.051592,0.001015,0.005792,2.082706e-06,0.000061
1981,3,-66.0000,102.0000,-15.2500,-0.009461,0.068000,-0.000450,0.062640,-0.001932,0.007714,-0.009461,0.068000,-0.000450,0.062642,-0.001932,0.007714,2.074639e-06,0.000061
1982,3,-54.0000,102.0000,-15.2500,-0.019570,0.069940,-0.005026,0.072940,-0.004795,0.009297,-0.019567,0.069945,-0.005026,0.072936,-0.004795,0.009297,4.858452e-06,0.000142
1983,3,-42.0000,102.0000,-15.2500,-0.027680,0.073200,-0.015180,0.082440,-0.007122,0.001323,-0.027675,0.073196,-0.015183,0.082438,-0.007122,0.001323,4.780888e-06,0.000140
1984,3,-30.0000,102.0000,-15.2500,-0.043770,0.073660,-0.033840,0.090490,-0.008465,-0.037120,-0.043771,0.073659,-0.033842,0.090491,-0.008465,-0.037123,3.071566e-06,0.000090
1985,3,-114.0000,114.0000,-15.2500,0.064080,0.092570,0.038390,0.009522,0.013240,0.051800,0.064079,0.092572,0.038392,0.009522,0.013244,0.051801,4.265611e-06,0.000125
1986,3,-102.0000,114.0000,-15.2500,0.032700,0.055010,-0.026660,0.027080,0.008385,0.017220,0.032696,0.055010,-0.026655,0.027077,0.008385,0.017223,4.610697e-06,0.000135
1987,3,-90.0000,114.0000,-15.2500,0.017470,0.058300,-0.009522,0.041630,0.004664,0.006505,0.017469,0.058297,-0.009522,0.041626,0.004664,0.006505,3.568013e-06,0.000105
1988,3,-78.0000,114.0000,-15.2500,0.004683,0.059560,-0.002369,0.054500,0.001476,0.003971,0.004683,0.059556,-0.002369,0.054505,0.001476,0.003971,4.507132e-06,0.000132
1989,3,-66.0000,114.0000,-15.2500,-0.005477,0.061310,0.000454,0.066560,-0.001649,0.005692,-0.005477,0.061311,0.000454,0.066561,-0.001649,0.005692,9.624751e-07,0.000028
1990,3,-54.0000,114.0000,-15.2500,-0.014170,0.062730,-0.003005,0.078270,-0.004484,0.007594,-0.014171,0.062730,-0.003005,0.078274,-0.004484,0.007594,3.534865e-06,0.000104
1991,3,-42.0000,114.0000,-15.2500,-0.021040,0.065550,-0.010980,0.089900,-0.005814,0.001414,-0.021041,0.065547,-0.010977,0.089899,-0.005814,0.001414,2.670050e-06,0.000078
1992,3,-30.0000,114.0000,-15.2500,-0.036210,0.066650,-0.026200,0.101600,-0.002639,-0.032600,-0.036209,0.066650,-0.026204,0.101646,-0.002639,-0.032602,4.621816e-05,0.001355
1993,4,-114.0000,54.0000,-36.5000,0.017170,0.025480,-0.007835,0.001191,0.006952,0.003010,0.017167,0.025479,-0.007835,0.001191,0.006952,0.003010,3.401740e-06,0.000100
1994,4,-102.0000,54.0000,-36.5000,0.003609,0.017990,-0.009089,0.003379,0.005932,-0.005606,0.003609,0.017988,-0.009089,0.003379,0.005932,-0.005606,1.843595e-06,0.000054
1995,4,-90.0000,54.0000,-36.5000,-0.008137,0.011760,-0.011780,0.005309,0.005396,-0.012130,-0.008137,0.011759,-0.011785,0.005309,0.005396,-0.012126,4.753976e-06,0.000139
1996,4,-78.0000,54.0000,-36.5000,-0.018960,0.006160,-0.016200,0.007036,0.005279,-0.019580,-0.018963,0.006160,-0.016198,0.007036,0.005279,-0.019582,3.329426e-06,0.000098
1997,4,-66.0000,54.0000,-36.5000,-0.029580,0.000411,-0.023240,0.008597,0.005576,-0.028540,-0.029579,0.000410,-0.023245,0.008597,0.005576,-0.028541,4.744621e-06,0.000139
1998,4,-54.0000,54.0000,-36.5000,-0.040010,-0.005914,-0.033700,0.010000,0.006308,-0.039840,-0.040006,-0.005914,-0.033696,0.010005,0.006308,-0.039841,4.715574e-06,0.000138
1999,4,-42.0000,54.0000,-36.5000,-0.049420,-0.012850,-0.048200,0.011240,0.007530,-0.054580,-0.049422,-0.012848,-0.048199,0.011243,0.007530,-0.054584,4.273583e-06,0.000125
2000,4,-30.0000,54.0000,-36.5000,-0.055010,-0.019330,-0.066610,0.012260,0.009351,-0.073880,-0.055011,-0.019328,-0.066606,0.012257,0.009351,-0.073884,4.019767e-06,0.000118
2001,4,-114.0000,66.0000,-36.5000,0.016550,0.023660,-0.007989,0.001441,0.008275,0.002916,0.016553,0.023660,-0.007989,0.001441,0.008275,0.002916,3.020581e-06,0.000089
2002,4,-102.0000,66.0000,-36.5000,0.003490,0.016710,-0.009069,0.004088,0.007086,-0.005381,0.003490,0.016706,-0.009069,0.004088,0.007086,-0.005381,3.863554e-06,0.000113
2003,4,-90.0000,66.0000,-36.5000,-0.007791,0.010950,-0.011530,0.006414,0.006483,-0.011650,-0.007791,0.010951,-0.011534,0.006414,0.006483,-0.011655,4.541264e-06,0.000133
2004,4,-78.0000,66.0000,-36.5000,-0.018170,0.005785,-0.015660,0.008500,0.006389,-0.018830,-0.018168,0.005785,-0.015657,0.008500,0.006389,-0.018835,4.590890e-06,0.000135
2005,4,-66.0000,66.0000,-36.5000,-0.028340,0.000467,-0.022320,0.010400,0.006801,-0.027480,-0.028337,0.000467,-0.022321,0.010395,0.006801,-0.027476,4.892264e-06,0.000143
2006,4,-54.0000,66.0000,-36.5000,-0.038330,-0.005396,-0.032270,0.012110,0.007740,-0.038400,-0.038330,-0.005396,-0.032273,0.012113,0.007740,-0.038397,3.499841e-06,0.000103
2007,4,-42.0000,66.0000,-36.5000,-0.047360,-0.011820,-0.046140,0.013620,0.009250,-0.052670,-0.047361,-0.011824,-0.046144,0.013619,0.009250,-0.052671,4.034965e-06,0.000118
2008,4,-30.0000,66.0000,-36.5000,-0.052730,-0.017810,-0.063810,0.014820,0.011410,-0.071370,-0.052726,-0.017805,-0.063810,0.014824,0.011406,-0.071365,4.653631e-06,0.000136
2009,4,-114.0000,78.0000,-36.5000,0.015890,0.021500,-0.008176,0.001685,0.009462,0.002813,0.015890,0.021499,-0.008176,0.001685,0.009462,0.002813,5.340384e-07,0.000016
2010,4,-102.0000,78.0000,-36.5000,0.003390,0.015190,-0.009044,0.004748,0.008140,-0.005101,0.003390,0.015190,-0.009044,0.004748,0.008140,-0.005101,4.553614e-07,0.000013
2011,4,-90.0000,78.0000,-36.5000,-0.007332,0.009996,-0.011220,0.007444,0.007499,-0.011080,-0.007332,0.009996,-0.011221,0.007444,0.007499,-0.011076,4.038594e-06,0.000118
2012,4,-78.0000,78.0000,-36.5000,-0.017150,0.005334,-0.014980,0.009880,0.007461,-0.017920,-0.017154,0.005334,-0.014978,0.009880,0.007461,-0.017916,4.099656e-06,0.000120
2013,4,-66.0000,78.0000,-36.5000,-0.026770,0.000517,-0.021160,0.012120,0.008034,-0.026160,-0.026772,0.000517,-0.021165,0.012120,0.008034,-0.026159,4.667039e-06,0.000137
2014,4,-54.0000,78.0000,-36.5000,-0.036240,-0.004795,-0.030490,0.014170,0.009252,-0.036610,-0.036236,-0.004795,-0.030493,0.014174,0.009252,-0.036614,4.235646e-06,0.000124
2015,4,-42.0000,78.0000,-36.5000,-0.044810,-0.010580,-0.043570,0.015990,0.011150,-0.050350,-0.044807,-0.010581,-0.043571,0.015989,0.011149,-0.050353,3.347699e-06,0.000098
2016,4,-30.0000,78.0000,-36.5000,-0.049890,-0.015830,-0.060300,0.017430,0.013730,-0.068450,-0.049889,-0.015833,-0.060297,0.017427,0.013734,-0.068451,4.049720e-06,0.000119
2017,4,-114.0000,90.0000,-36.5000,0.015170,0.019020,-0.008418,0.001905,0.010480,0.002706,0.015166,0.019020,-0.008418,0.001905,0.010476,0.002706,3.882898e-06,0.000114
2018,4,-102.0000,90.0000,-36.5000,0.003321,0.013460,-0.009021,0.005333,0.009061,-0.004768,0.003321,0.013461,-0.009021,0.005333,0.009061,-0.004768,7.067729e-07,0.000021
2019,4,-90.0000,90.0000,-36.5000,-0.006731,0.008894,-0.010850,0.008362,0.008415,-0.010390,-0.006731,0.008894,-0.010845,0.008362,0.008415,-0.010387,4.672794e-06,0.000137
2020,4,-78.0000,90.0000,-36.5000,-0.015890,0.004778,-0.014160,0.011130,0.008466,-0.016810,-0.015889,0.004778,-0.014163,0.011134,0.008466,-0.016810,4.022133e-06,0.000118
2021,4,-66.0000,90.0000,-36.5000,-0.024830,0.000504,-0.019760,0.013730,0.009251,-0.024550,-0.024834,0.000504,-0.019764,0.013727,0.009251,-0.024550,3.953205e-06,0.000116
2022,4,-54.0000,90.0000,-36.5000,-0.033660,-0.004214,-0.028320,0.016160,0.010840,-0.034400,-0.033659,-0.004214,-0.028325,0.016163,0.010844,-0.034400,4.736710e-06,0.000139
2023,4,-42.0000,90.0000,-36.5000,-0.041690,-0.009282,-0.040430,0.018370,0.013320,-0.047460,-0.041694,-0.009282,-0.040426,0.018374,0.013321,-0.047462,4.336782e-06,0.000127
2024,4,-30.0000,90.0000,-36.5000,-0.046440,-0.013610,-0.055960,0.020170,0.016650,-0.064930,-0.046442,-0.013609,-0.055961,0.020169,0.016650,-0.064929,2.146400e-06,0.000063
2025,4,-114.0000,102.0000,-36.5000,0.014390,0.016280,-0.008723,0.002075,0.011280,0.002598,0.014389,0.016278,-0.008723,0.002075,0.011281,0.002598,2.132980e-06,0.000063
2026,4,-102.0000,102.0000,-36.5000,0.003348,0.011580,-0.008974,0.005788,0.009813,-0.004385,0.003348,0.011577,-0.008974,0.005788,0.009813,-0.004385,3.032337e-06,0.000089
2027,4,-90.0000,102.0000,-36.5000,-0.005969,0.007651,-0.010410,0.009115,0.009189,-0.009592,-0.005969,0.007651,-0.010414,0.009115,0.009189,-0.009592,4.325555e-06,0.000127
2028,4,-78.0000,102.0000,-36.5000,-0.014340,0.004108,-0.013210,0.012190,0.009353,-0.015510,-0.014343,0.004108,-0.013212,0.012186,0.009353,-0.015514,4.024640e-06,0.000118
2029,4,-66.0000,102.0000,-36.5000,-0.022470,0.000367,-0.018120,0.015130,0.010380,-0.022620,-0.022469,0.000367,-0.018117,0.015126,0.010381,-0.022616,4.041959e-06,0.000118
2030,4,-54.0000,102.0000,-36.5000,-0.030500,-0.003789,-0.025750,0.017990,0.012430,-0.031650,-0.030503,-0.003789,-0.025752,0.017991,0.012427,-0.031646,3.766299e-06,0.000110
2031,4,-42.0000,102.0000,-36.5000,-0.037900,-0.008202,-0.036660,0.020720,0.015700,-0.043720,-0.037903,-0.008202,-0.036664,0.020718,0.015705,-0.043719,4.875948e-06,0.000143
2032,4,-30.0000,102.0000,-36.5000,-0.042320,-0.011660,-0.050730,0.023090,0.020350,-0.060220,-0.042325,-0.011656,-0.050729,0.023089,0.020350,-0.060218,4.810319e-06,0.000141
2033,4,-114.0000,114.0000,-36.5000,0.013930,0.013420,-0.008934,0.002089,0.011800,0.002483,0.013932,0.013416,-0.008934,0.002089,0.011804,0.002483,3.993492e-06,0.000117
2034,4,-102.0000,114.0000,-36.5000,0.003446,0.009481,-0.008977,0.006118,0.010330,-0.003960,0.003446,0.009481,-0.008977,0.006118,0.010334,-0.003960,3.755089e-06,0.000110
2035,4,-90.0000,114.0000,-36.5000,-0.005077,0.006301,-0.009961,0.009646,0.009760,-0.008707,-0.005077,0.006301,-0.009961,0.009646,0.009760,-0.008707,3.029448e-07,0.000009
2036,4,-78.0000,114.0000,-36.5000,-0.012550,0.003319,-0.012170,0.012930,0.010040,-0.014050,-0.012546,0.003319,-0.012169,0.012926,0.010037,-0.014051,3.862550e-06,0.000113
2037,4,-66.0000,114.0000,-36.5000,-0.019680,0.000049,-0.016280,0.016160,0.011290,-0.020380,-0.019681,0.000049,-0.016275,0.016157,0.011287,-0.020375,4.741428e-06,0.000139
2038,4,-54.0000,114.0000,-36.5000,-0.026710,-0.003676,-0.022830,0.019450,0.013760,-0.028320,-0.026713,-0.003676,-0.022830,0.019446,0.013763,-0.028325,4.707090e-06,0.000138
2039,4,-42.0000,114.0000,-36.5000,-0.033270,-0.007675,-0.032320,0.022780,0.017900,-0.038910,-0.033267,-0.007675,-0.032318,0.022783,0.017899,-0.038905,4.796868e-06,0.000141
2040,4,-30.0000,114.0000,-36.5000,-0.037370,-0.010810,-0.044650,0.025990,0.024330,-0.053510,-0.037370,-0.010806,-0.044650,0.025990,0.024329,-0.053513,3.921454e-06,0.000115
2041,2,-114.0000,132.0000,-2.0000,0.014090,0.049520,-0.000781,0.012370,0.001994,0.004047,0.014092,0.049516,-0.000781,0.012375,0.001994,0.004047,4.823843e-06,0.000141
2042,2,-102.0000,132.0000,-2.0000,0.044980,0.066000,-0.000403,0.029530,0.000678,0.007305,0.044978,0.065996,-0.000403,0.029530,0.000678,0.007305,4.097358e-06,0.000120
2043,2,-90.0000,132.0000,-2.0000,0.078270,0.083050,0.001050,0.040440,-0.000072,0.003630,0.078274,0.083048,0.001050,0.040440,-0.000072,0.003630,3.647897e-06,0.000107
2044,2,-78.0000,132.0000,-2.0000,0.089450,0.089400,-0.000258,0.047650,-0.000740,0.000485,0.089445,0.089398,-0.000258,0.047651,-0.000740,0.000485,4.500685e-06,0.000132
2045,2,-66.0000,132.0000,-2.0000,0.097000,0.094660,0.000116,0.051990,-0.001403,0.001629,0.097002,0.094665,0.000116,0.051985,-0.001403,0.001629,4.786373e-06,0.000140
2046,2,-54.0000,132.0000,-2.0000,0.106700,0.100700,0.000051,0.053660,-0.001971,0.001689,0.106727,0.100734,0.000051,0.053663,-0.001971,0.001689,3.390943e-05,0.000994
2047,2,-42.0000,132.0000,-2.0000,0.114600,0.106700,0.000638,0.053150,-0.002232,0.001076,0.114558,0.106682,0.000638,0.053146,-0.002232,0.001076,4.229740e-05,0.001240
2048,2,-30.0000,132.0000,-2.0000,0.115200,0.109500,-0.001134,0.051670,-0.001505,-0.000175,0.115199,0.109503,-0.001134,0.051671,-0.001505,-0.000175,2.998965e-06,0.000088
2049,2,-114.0000,156.0000,-2.0000,0.010880,0.038600,-0.002622,0.010710,0.003477,0.003398,0.010877,0.038601,-0.002622,0.010715,0.003477,0.003398,4.889712e-06,0.000143
2050,2,-102.0000,156.0000,-2.0000,0.038940,0.058130,-0.002016,0.025500,0.002210,0.006154,0.038943,0.058126,-0.002016,0.025496,0.002210,0.006154,4.307387e-06,0.000126
2051,2,-90.0000,156.0000,-2.0000,0.069510,0.074880,-0.000499,0.035040,0.001611,0.002741,0.069508,0.074877,-0.000499,0.035038,0.001611,0.002741,3.181909e-06,0.000093
2052,2,-78.0000,156.0000,-2.0000,0.078730,0.079930,-0.001711,0.042010,0.001081,-0.000457,0.078731,0.079933,-0.001711,0.042008,0.001081,-0.000457,2.796287e-06,0.000082
2053,2,-66.0000,156.0000,-2.0000,0.083030,0.083200,-0.001452,0.046920,0.000558,0.000375,0.083027,0.083197,-0.001452,0.046923,0.000558,0.000375,3.439616e-06,0.000101
2054,2,-54.0000,156.0000,-2.0000,0.088770,0.087730,-0.001521,0.049770,0.000068,0.000616,0.088768,0.087733,-0.001521,0.049772,0.000068,0.000616,3.217205e-06,0.000094
2055,2,-42.0000,156.0000,-2.0000,0.095200,0.094560,-0.001212,0.050660,-0.000173,0.000816,0.095199,0.094558,-0.001212,0.050661,-0.000173,0.000816,2.358806e-06,0.000069
2056,2,-30.0000,156.0000,-2.0000,0.101300,0.104000,-0.000562,0.050490,0.000131,0.000664,0.101270,0.103958,-0.000562,0.050492,0.000131,0.000664,4.241682e-05,0.001244
2057,2,-114.0000,180.0000,-2.0000,0.013080,0.042060,-0.000657,0.006871,0.002406,0.003040,0.013082,0.042059,-0.000657,0.006871,0.002406,0.003040,1.886708e-06,0.000055
2058,2,-102.0000,180.0000,-2.0000,0.040320,0.063220,0.000173,0.016420,0.001708,0.005562,0.040320,0.063217,0.000173,0.016424,0.001708,0.005562,4.215742e-06,0.000124
2059,2,-90.0000,180.0000,-2.0000,0.069690,0.078740,0.001455,0.024090,0.001446,0.002256,0.069693,0.078738,0.001455,0.024085,0.001446,0.002256,4.629627e-06,0.000136
2060,2,-78.0000,180.0000,-2.0000,0.077950,0.082280,0.000327,0.031010,0.001197,-0.001080,0.077953,0.082282,0.000327,0.031007,0.001197,-0.001080,3.258375e-06,0.000096
2061,2,-66.0000,180.0000,-2.0000,0.079960,0.083460,0.000544,0.037240,0.000888,-0.000508,0.079964,0.083459,0.000544,0.037242,0.000888,-0.000508,4.112426e-06,0.000121
2062,2,-54.0000,180.0000,-2.0000,0.082400,0.085840,0.000451,0.042520,0.000462,-0.000303,0.082396,0.085843,0.000451,0.042524,0.000462,-0.000303,4.411347e-06,0.000129
2063,2,-42.0000,180.0000,-2.0000,0.086020,0.090740,0.000359,0.046660,-0.000056,0.000275,0.086016,0.090738,0.000359,0.046665,-0.000056,0.000275,4.703466e-06,0.000138
2064,2,-30.0000,180.0000,-2.0000,0.091810,0.098580,0.000718,0.049790,-0.000761,0.001040,0.091805,0.098578,0.000718,0.049786,-0.000761,0.001040,4.546357e-06,0.000133
2065,2,-114.0000,204.0000,-2.0000,0.012740,0.035890,-0.000199,0.000476,-0.000890,0.002735,0.012736,0.035887,-0.000198,0.000476,-0.000890,0.002735,3.629083e-06,0.000106
2066,2,-102.0000,204.0000,-2.0000,0.038920,0.054050,0.001178,0.004608,-0.000901,0.005163,0.038919,0.054045,0.001178,0.004608,-0.000901,0.005163,4.915023e-06,0.000144
2067,2,-90.0000,204.0000,-2.0000,0.067840,0.067700,0.003143,0.010420,-0.000955,0.002063,0.067844,0.067704,0.003143,0.010423,-0.000955,0.002063,3.715942e-06,0.000109
2068,2,-78.0000,204.0000,-2.0000,0.075000,0.069410,0.002055,0.017300,-0.001007,-0.001419,0.074996,0.069410,0.002055,0.017296,-0.001007,-0.001419,4.396124e-06,0.000129
2069,2,-66.0000,204.0000,-2.0000,0.074810,0.068830,0.002085,0.024470,-0.001155,-0.001047,0.074811,0.068835,0.002085,0.024466,-0.001155,-0.001047,4.907417e-06,0.000144
2070,2,-54.0000,204.0000,-2.0000,0.074640,0.069240,0.001837,0.031100,-0.001399,-0.001068,0.074641,0.069243,0.001837,0.031099,-0.001399,-0.001068,2.530498e-06,0.000074
2071,2,-42.0000,204.0000,-2.0000,0.075790,0.071430,0.001696,0.036660,-0.001760,-0.000683,0.075790,0.071434,0.001696,0.036659,-0.001760,-0.000683,3.828545e-06,0.000112
2072,2,-30.0000,204.0000,-2.0000,0.079590,0.075980,0.001962,0.040640,-0.002224,-0.000158,0.079590,0.075979,0.001962,0.040642,-0.002224,-0.000158,2.005524e-06,0.000059
2073,2,-114.0000,228.0000,-2.0000,0.007198,0.015210,-0.002108,-0.001729,-0.003112,0.002445,0.007198,0.015211,-0.002108,-0.001729,-0.003112,0.002445,1.329459e-06,0.000039
2074,2,-102.0000,228.0000,-2.0000,0.025470,0.022130,-0.003237,-0.002600,-0.003566,0.005211,0.025466,0.022127,-0.003237,-0.002600,-0.003566,0.005211,4.120658e-06,0.000121
2075,2,-90.0000,228.0000,-2.0000,0.048450,0.029800,-0.002106,0.000218,-0.003936,0.002249,0.048452,0.029804,-0.002106,0.000218,-0.003936,0.002249,4.084754e-06,0.000120
2076,2,-78.0000,228.0000,-2.0000,0.051280,0.029140,-0.003583,0.005004,-0.004012,-0.001796,0.051276,0.029137,-0.003583,0.005004,-0.004012,-0.001796,4.124912e-06,0.000121
2077,2,-66.0000,228.0000,-2.0000,0.048410,0.028240,-0.003383,0.009757,-0.004023,-0.001833,0.048413,0.028240,-0.003383,0.009757,-0.004023,-0.001833,3.195413e-06,0.000094
2078,2,-54.0000,228.0000,-2.0000,0.046780,0.028170,-0.003473,0.013770,-0.004160,-0.002247,0.046779,0.028174,-0.003473,0.013766,-0.004160,-0.002247,4.494416e-06,0.000132
2079,2,-42.0000,228.0000,-2.0000,0.047120,0.028820,-0.003522,0.016970,-0.004444,-0.002224,0.047123,0.028822,-0.003522,0.016971,-0.004444,-0.002224,3.494086e-06,0.000102
2080,2,-30.0000,228.0000,-2.0000,0.050180,0.030690,-0.003387,0.019380,-0.004889,-0.002022,0.050184,0.030691,-0.003387,0.019378,-0.004889,-0.002022,3.926948e-06,0.000115
2081,3,-114.0000,132.0000,-7.7500,0.009152,0.047390,0.006056,0.011090,0.008702,0.017540,0.009152,0.047390,0.006056,0.011086,0.008702,0.017536,3.933962e-06,0.000115
2082,3,-102.0000,132.0000,-7.7500,0.047300,0.063740,-0.001265,0.028190,0.004912,0.021870,0.047298,0.063741,-0.001265,0.028189,0.004912,0.021873,3.307088e-06,0.000097
2083,3,-90.0000,132.0000,-7.7500,0.050750,0.065860,-0.007403,0.040670,0.002400,0.006402,0.050746,0.065860,-0.007403,0.040669,0.002400,0.006402,3.753406e-06,0.000110
2084,3,-78.0000,132.0000,-7.7500,0.054110,0.072230,-0.000880,0.050520,0.000264,0.002925,0.054108,0.072231,-0.000880,0.050515,0.000264,0.002925,4.933253e-06,0.000145
2085,3,-66.0000,132.0000,-7.7500,0.056550,0.075460,-0.000414,0.058600,-0.001813,0.003340,0.056553,0.075462,-0.000414,0.058595,-0.001813,0.003340,4.701304e-06,0.000138
2086,3,-54.0000,132.0000,-7.7500,0.059340,0.078410,-0.001192,0.065340,-0.003549,0.004421,0.059340,0.078405,-0.001192,0.065343,-0.003549,0.004421,4.811135e-06,0.000141
2087,3,-42.0000,132.0000,-7.7500,0.061660,0.081440,-0.002219,0.071650,-0.003913,0.002015,0.061660,0.081436,-0.002219,0.071646,-0.003913,0.002015,3.980267e-06,0.000117
2088,3,-30.0000,132.0000,-7.7500,0.053880,0.080930,-0.003548,0.080540,-0.000276,-0.005789,0.053882,0.080929,-0.003548,0.080541,-0.000276,-0.005789,2.229595e-06,0.000065
2089,3,-114.0000,156.0000,-7.7500,0.007878,0.033510,0.004781,0.009318,0.009256,0.015110,0.007878,0.033508,0.004781,0.009318,0.009256,0.015112,1.786900e-06,0.000052
2090,3,-102.0000,156.0000,-7.7500,0.044090,0.053810,-0.001086,0.024230,0.005912,0.018680,0.044090,0.053809,-0.001086,0.024225,0.005912,0.018677,4.921898e-06,0.000144
2091,3,-90.0000,156.0000,-7.7500,0.048670,0.057340,-0.006617,0.035200,0.003971,0.003857,0.048675,0.057340,-0.006617,0.035200,0.003971,0.003857,4.828796e-06,0.000142
2092,3,-78.0000,156.0000,-7.7500,0.052360,0.062650,-0.000622,0.044370,0.002323,-0.000170,0.052364,0.062649,-0.000622,0.044369,0.002323,-0.000170,3.627884e-06,0.000106
2093,3,-66.0000,156.0000,-7.7500,0.054710,0.064170,0.000056,0.052320,0.000642,-0.000414,0.054707,0.064174,0.000056,0.052316,0.000642,-0.000414,4.404285e-06,0.000129
2094,3,-54.0000,156.0000,-7.7500,0.057210,0.065190,-0.000064,0.059180,-0.000941,0.001011,0.057209,0.065191,-0.000064,0.059182,-0.000941,0.001011,2.476236e-06,0.000073
2095,3,-42.0000,156.0000,-7.7500,0.061230,0.066670,-0.000744,0.065150,-0.001777,0.001629,0.061230,0.066669,-0.000744,0.065145,-0.001777,0.001629,4.837614e-06,0.000142
2096,3,-30.0000,156.0000,-7.7500,0.065930,0.067500,-0.001812,0.070860,-0.000790,0.000782,0.065929,0.067504,-0.001812,0.070860,-0.000791,0.000782,4.362207e-06,0.000128
2097,3,-114.0000,180.0000,-7.7500,0.006127,0.027660,0.000260,0.006004,0.010460,0.013910,0.006127,0.027657,0.000260,0.006004,0.010456,0.013911,3.575355e-06,0.000105
2098,3,-102.0000,180.0000,-7.7500,0.042840,0.050710,-0.003954,0.015490,0.008440,0.017100,0.042844,0.050708,-0.003954,0.015493,0.008440,0.017099,4.417456e-06,0.000130
2099,3,-90.0000,180.0000,-7.7500,0.048540,0.054060,-0.009387,0.024020,0.007445,0.002410,0.048540,0.054056,-0.009387,0.024016,0.007445,0.002410,3.748343e-06,0.000110
2100,3,-78.0000,180.0000,-7.7500,0.052620,0.058020,-0.003639,0.032210,0.006577,-0.002228,0.052616,0.058019,-0.003639,0.032205,0.006577,-0.002228,4.983082e-06,0.000146
2101,3,-66.0000,180.0000,-7.7500,0.054580,0.057880,-0.002836,0.040070,0.005525,-0.003125,0.054577,0.057879,-0.002836,0.040071,0.005525,-0.003125,2.747081e-06,0.000081
2102,3,-54.0000,180.0000,-7.7500,0.056110,0.057260,-0.002583,0.047350,0.004215,-0.001830,0.056112,0.057264,-0.002583,0.047347,0.004215,-0.001830,4.399391e-06,0.000129
2103,3,-42.0000,180.0000,-7.7500,0.059430,0.057750,-0.002440,0.053700,0.002677,-0.000038,0.059433,0.057754,-0.002440,0.053701,0.002677,-0.000038,3.578109e-06,0.000105
2104,3,-30.0000,180.0000,-7.7500,0.064940,0.059400,-0.002410,0.058790,0.000885,0.002058,0.064935,0.059397,-0.002410,0.058793,0.000885,0.002058,4.655843e-06,0.000136
2105,3,-114.0000,204.0000,-7.7500,0.012980,0.036790,0.003854,0.000345,-0.002468,0.013090,0.012982,0.036785,0.003854,0.000345,-0.002468,0.013095,4.812911e-06,0.000141
2106,3,-102.0000,204.0000,-7.7500,0.049100,0.056270,-0.000800,0.004264,-0.002509,0.016430,0.049101,0.056270,-0.000800,0.004264,-0.002509,0.016432,1.952918e-06,0.000057
2107,3,-90.0000,204.0000,-7.7500,0.054910,0.057430,-0.006593,0.010120,-0.002594,0.001749,0.054911,0.057434,-0.006593,0.010121,-0.002594,0.001749,3.699834e-06,0.000108
2108,3,-78.0000,204.0000,-7.7500,0.058150,0.059550,-0.001286,0.017290,-0.002722,-0.003326,0.058147,0.059552,-0.001286,0.017286,-0.002722,-0.003326,3.975107e-06,0.000117
2109,3,-66.0000,204.0000,-7.7500,0.058890,0.058400,-0.000650,0.024800,-0.003099,-0.004897,0.058888,0.058403,-0.000650,0.024796,-0.003099,-0.004897,4.249782e-06,0.000125
2110,3,-54.0000,204.0000,-7.7500,0.059050,0.057200,-0.000446,0.031880,-0.003814,-0.004318,0.059046,0.057202,-0.000446,0.031881,-0.003814,-0.004318,3.950533e-06,0.000116
2111,3,-42.0000,204.0000,-7.7500,0.061030,0.057280,-0.000174,0.037990,-0.004973,-0.003196,0.061032,0.057282,-0.000174,0.037987,-0.004973,-0.003196,3.328974e-06,0.000098
2112,3,-30.0000,204.0000,-7.7500,0.065050,0.058620,-0.000020,0.042560,-0.006592,-0.001767,0.065048,0.058621,-0.000020,0.042562,-0.006592,-0.001767,1.953485e-06,0.000057
2113,3,-114.0000,228.0000,-7.7500,0.002251,0.009012,0.003029,-0.000775,-0.012100,0.012580,0.002251,0.009012,0.003029,-0.000775,-0.012102,0.012579,2.394561e-06,0.000070
2114,3,-102.0000,228.0000,-7.7500,0.037210,0.024060,-0.001025,-0.002263,-0.013460,0.017280,0.037213,0.024057,-0.001025,-0.002263,-0.013460,0.017279,3.095295e-06,0.000091
2115,3,-90.0000,228.0000,-7.7500,0.037810,0.020980,-0.008559,0.000248,-0.013920,0.001943,0.037814,0.020984,-0.008559,0.000248,-0.013919,0.001943,4.060310e-06,0.000119
2116,3,-78.0000,228.0000,-7.7500,0.037120,0.022080,-0.003375,0.004410,-0.014020,-0.004305,0.037117,0.022082,-0.003375,0.004410,-0.014017,-0.004305,3.441170e-06,0.000101
2117,3,-66.0000,228.0000,-7.7500,0.035740,0.021350,-0.002557,0.008736,-0.014040,-0.007181,0.035741,0.021346,-0.002557,0.008736,-0.014043,-0.007181,4.302385e-06,0.000126
2118,3,-54.0000,228.0000,-7.7500,0.035100,0.020690,-0.002096,0.012530,-0.014410,-0.007829,0.035103,0.020685,-0.002096,0.012526,-0.014410,-0.007829,4.641005e-06,0.000136
2119,3,-42.0000,228.0000,-7.7500,0.037050,0.020650,-0.001563,0.015610,-0.015240,-0.007864,0.037054,0.020652,-0.001563,0.015608,-0.015236,-0.007864,4.115218e-06,0.000121
2120,3,-30.0000,228.0000,-7.7500,0.041420,0.021350,-0.000977,0.017960,-0.016530,-0.007358,0.041417,0.021351,-0.000977,0.017964,-0.016529,-0.007358,3.554630e-06,0.000104
2121,3,-114.0000,132.0000,-15.2500,0.060020,0.073510,0.033350,0.010630,0.014620,0.047460,0.060018,0.073510,0.033346,0.010628,0.014619,0.047456,4.457465e-06,0.000131
2122,3,-102.0000,132.0000,-15.2500,0.032320,0.042990,-0.025740,0.027690,0.009664,0.014390,0.032318,0.042988,-0.025743,0.027690,0.009664,0.014394,4.015624e-06,0.000118
2123,3,-90.0000,132.0000,-15.2500,0.019590,0.047450,-0.009897,0.042130,0.005992,0.003634,0.019589,0.047448,-0.009897,0.042130,0.005992,0.003634,1.862271e-06,0.000055
2124,3,-78.0000,132.0000,-15.2500,0.009656,0.048610,-0.003005,0.055410,0.002813,0.000484,0.009656,0.048605,-0.003005,0.055412,0.002813,0.000484,4.991125e-06,0.000146
2125,3,-66.0000,132.0000,-15.2500,0.002564,0.049050,0.000226,0.068380,-0.000337,0.001510,0.002564,0.049045,0.000226,0.068385,-0.000337,0.001510,4.826367e-06,0.000141
2126,3,-54.0000,132.0000,-15.2500,-0.002707,0.048210,-0.001576,0.081630,-0.003114,0.003609,-0.002707,0.048213,-0.001576,0.081627,-0.003114,0.003609,3.455356e-06,0.000101
2127,3,-42.0000,132.0000,-15.2500,-0.005599,0.047170,-0.007097,0.095830,-0.003697,0.001144,-0.005599,0.047168,-0.007097,0.095826,-0.003697,0.001144,3.997375e-06,0.000117
2128,3,-30.0000,132.0000,-15.2500,-0.010270,0.044110,-0.017340,0.112800,0.003357,-0.016500,-0.010274,0.044108,-0.017345,0.112817,0.003357,-0.016497,1.745131e-05,0.000512
2129,3,-114.0000,156.0000,-15.2500,0.056180,0.053940,0.027900,0.008583,0.016530,0.042740,0.056182,0.053936,0.027902,0.008583,0.016533,0.042740,3.894020e-06,0.000114
2130,3,-102.0000,156.0000,-15.2500,0.033980,0.032170,-0.024180,0.023460,0.012270,0.011320,0.033982,0.032168,-0.024176,0.023458,0.012267,0.011316,4.269818e-06,0.000125
2131,3,-90.0000,156.0000,-15.2500,0.024810,0.037670,-0.009735,0.036230,0.009478,0.000244,0.024812,0.037668,-0.009735,0.036228,0.009478,0.000244,2.426861e-06,0.000071
2132,3,-78.0000,156.0000,-15.2500,0.018590,0.038270,-0.003195,0.048280,0.007048,-0.003911,0.018590,0.038271,-0.003195,0.048279,0.007048,-0.003911,1.101870e-06,0.000032
2133,3,-66.0000,156.0000,-15.2500,0.015230,0.036900,0.000471,0.060190,0.004528,-0.003975,0.015232,0.036904,0.000471,0.060187,0.004528,-0.003975,3.727270e-06,0.000109
2134,3,-54.0000,156.0000,-15.2500,0.013820,0.033340,0.000510,0.072130,0.002095,-0.001862,0.013816,0.033343,0.000510,0.072134,0.002095,-0.001862,4.279758e-06,0.000125
2135,3,-42.0000,156.0000,-15.2500,0.015090,0.028200,-0.001887,0.084070,0.000697,-0.000302,0.015086,0.028198,-0.001887,0.084067,0.000697,-0.000302,3.605204e-06,0.000106
2136,3,-30.0000,156.0000,-15.2500,0.020070,0.020810,-0.006380,0.095770,0.002382,-0.000965,0.020072,0.020808,-0.006380,0.095768,0.002382,-0.000965,2.055346e-06,0.000060
2137,3,-114.0000,180.0000,-15.2500,0.055050,0.043040,0.023330,0.005070,0.014410,0.041230,0.055045,0.043044,0.023331,0.005070,0.014411,0.041225,4.639305e-06,0.000136
2138,3,-102.0000,180.0000,-15.2500,0.036430,0.025720,-0.025190,0.014620,0.012060,0.010100,0.036425,0.025725,-0.025191,0.014621,0.012061,0.010100,4.803776e-06,0.000141
2139,3,-90.0000,180.0000,-15.2500,0.030060,0.031480,-0.011440,0.024260,0.010720,-0.001622,0.030065,0.031478,-0.011437,0.024257,0.010721,-0.001622,4.848161e-06,0.000142
2140,3,-78.0000,180.0000,-15.2500,0.026380,0.031410,-0.005012,0.034190,0.009489,-0.006752,0.026382,0.031409,-0.005012,0.034189,0.009489,-0.006752,2.109877e-06,0.000062
2141,3,-66.0000,180.0000,-15.2500,0.025170,0.029060,-0.000981,0.044310,0.007978,-0.007785,0.025169,0.029060,-0.000981,0.044310,0.007978,-0.007785,1.316793e-06,0.000039
2142,3,-54.0000,180.0000,-15.2500,0.025510,0.024720,0.000412,0.054290,0.006113,-0.005985,0.025508,0.024722,0.000412,0.054294,0.006113,-0.005985,3.723536e-06,0.000109
2143,3,-42.0000,180.0000,-15.2500,0.027960,0.019410,0.000826,0.063630,0.003892,-0.003065,0.027961,0.019410,0.000826,0.063634,0.003892,-0.003065,3.511717e-06,0.000103
2144,3,-30.0000,180.0000,-15.2500,0.033210,0.013250,0.000582,0.071600,0.001037,0.000197,0.033211,0.013251,0.000582,0.071604,0.001037,0.000197,4.363616e-06,0.000128
2145,3,-114.0000,204.0000,-15.2500,0.055930,0.052790,0.010570,0.000269,0.009146,0.041120,0.055926,0.052791,0.010566,0.000269,0.009146,0.041117,4.186019e-06,0.000123
2146,3,-102.0000,204.0000,-15.2500,0.039050,0.033140,-0.037860,0.003690,0.008580,0.009785,0.039054,0.033138,-0.037857,0.003690,0.008580,0.009785,3.805347e-06,0.000112
2147,3,-90.0000,204.0000,-15.2500,0.033050,0.036200,-0.025590,0.009735,0.008433,-0.002409,0.033046,0.036198,-0.025586,0.009735,0.008433,-0.002409,4.471631e-06,0.000131
2148,3,-78.0000,204.0000,-15.2500,0.029500,0.034710,-0.019890,0.017350,0.008218,-0.008273,0.029501,0.034707,-0.019888,0.017351,0.008218,-0.008273,3.411453e-06,0.000100
2149,3,-66.0000,204.0000,-15.2500,0.028290,0.032080,-0.016180,0.025520,0.007782,-0.010330,0.028295,0.032076,-0.016185,0.025517,0.007782,-0.010331,4.965776e-06,0.000146
2150,3,-54.0000,204.0000,-15.2500,0.028490,0.028420,-0.014900,0.033460,0.006937,-0.009653,0.028491,0.028417,-0.014901,0.033460,0.006937,-0.009653,2.709259e-06,0.000079
2151,3,-42.0000,204.0000,-15.2500,0.030590,0.024780,-0.014320,0.040560,0.005558,-0.007766,0.030590,0.024779,-0.014324,0.040558,0.005558,-0.007766,4.490599e-06,0.000132
2152,3,-30.0000,204.0000,-15.2500,0.034850,0.021370,-0.014200,0.046170,0.003558,-0.005586,0.034851,0.021369,-0.014203,0.046173,0.003558,-0.005586,3.216470e-06,0.000094
2153,3,-114.0000,228.0000,-15.2500,0.075580,0.072900,0.035750,-0.002308,-0.032810,0.045790,0.075578,0.072900,0.035754,-0.002308,-0.032809,0.045790,4.195760e-06,0.000123
2154,3,-102.0000,228.0000,-15.2500,0.057090,0.048890,-0.014950,-0.003134,-0.031360,0.011900,0.057089,0.048885,-0.014952,-0.003134,-0.031359,0.011897,4.756900e-06,0.000139
2155,3,-90.0000,228.0000,-15.2500,0.046720,0.049890,-0.003962,-0.000616,-0.030490,-0.001718,0.046720,0.049888,-0.003962,-0.000617,-0.030489,-0.001718,2.394147e-06,0.000070
2156,3,-78.0000,228.0000,-15.2500,0.039620,0.048190,0.001086,0.003294,-0.029730,-0.009194,0.039625,0.048193,0.001086,0.003294,-0.029731,-0.009194,4.901539e-06,0.000144
2157,3,-66.0000,228.0000,-15.2500,0.036710,0.046780,0.004702,0.007548,-0.029310,-0.013120,0.036714,0.046781,0.004702,0.007548,-0.029313,-0.013122,4.340996e-06,0.000127
2158,3,-54.0000,228.0000,-15.2500,0.036980,0.045340,0.006431,0.011460,-0.029490,-0.014290,0.036984,0.045341,0.006431,0.011459,-0.029488,-0.014294,3.711670e-06,0.000109
2159,3,-42.0000,228.0000,-15.2500,0.040500,0.044520,0.007952,0.014750,-0.030480,-0.014120,0.040501,0.044521,0.007952,0.014749,-0.030484,-0.014119,4.330115e-06,0.000127
2160,3,-30.0000,228.0000,-15.2500,0.047170,0.044740,0.009815,0.017320,-0.032320,-0.013420,0.047167,0.044741,0.009815,0.017316,-0.032316,-0.013423,4.121017e-06,0.000121
2161,4,-114.0000,132.0000,-36.5000,0.012870,0.008951,-0.009642,0.002406,0.011960,0.002331,0.012866,0.008951,-0.009642,0.002406,0.011957,0.002331,3.634763e-06,0.000107
2162,4,-102.0000,132.0000,-36.5000,0.003660,0.006480,-0.009057,0.006301,0.010570,-0.003291,0.003660,0.006480,-0.009057,0.006301,0.010569,-0.003291,1.297686e-06,0.000038
2163,4,-90.0000,132.0000,-36.5000,-0.003379,0.004308,-0.009266,0.009811,0.010070,-0.007308,-0.003379,0.004308,-0.009266,0.009811,0.010074,-0.007308,3.546507e-06,0.000104
2164,4,-78.0000,132.0000,-36.5000,-0.009197,0.002019,-0.010500,0.013220,0.010440,-0.011700,-0.009197,0.002019,-0.010498,0.013220,0.010438,-0.011702,1.978104e-06,0.000058
2165,4,-66.0000,132.0000,-36.5000,-0.014480,-0.000766,-0.013280,0.016720,0.011810,-0.016680,-0.014476,-0.000766,-0.013277,0.016725,0.011811,-0.016684,4.669699e-06,0.000137
2166,4,-54.0000,132.0000,-36.5000,-0.019460,-0.004205,-0.017990,0.020470,0.014510,-0.022640,-0.019455,-0.004205,-0.017986,0.020471,0.014511,-0.022635,4.723815e-06,0.000138
2167,4,-42.0000,132.0000,-36.5000,-0.023910,-0.008257,-0.024930,0.024530,0.019150,-0.030090,-0.023912,-0.008257,-0.024932,0.024533,0.019145,-0.030095,4.848481e-06,0.000142
2168,4,-30.0000,132.0000,-36.5000,-0.026650,-0.012350,-0.034040,0.028860,0.026870,-0.039650,-0.026654,-0.012348,-0.034043,0.028858,0.026871,-0.039651,3.882265e-06,0.000114
2169,4,-114.0000,156.0000,-36.5000,0.011510,0.003783,-0.010860,0.001910,0.011020,0.002132,0.011505,0.003783,-0.010860,0.001910,0.011019,0.002132,4.756604e-06,0.000139
2170,4,-102.0000,156.0000,-36.5000,0.004160,0.003226,-0.009326,0.005289,0.009921,-0.002488,0.004160,0.003226,-0.009326,0.005289,0.009921,-0.002488,4.371455e-07,0.000013
2171,4,-90.0000,156.0000,-36.5000,-0.000995,0.002137,-0.008604,0.008398,0.009578,-0.005598,-0.000995,0.002137,-0.008604,0.008398,0.009578,-0.005598,4.522742e-07,0.000013
2172,4,-78.0000,156.0000,-36.5000,-0.004759,0.000584,-0.008658,0.011460,0.009966,-0.008819,-0.004759,0.000584,-0.008658,0.011465,0.009966,-0.008819,4.528627e-06,0.000133
2173,4,-66.0000,156.0000,-36.5000,-0.007774,-0.001654,-0.009820,0.014620,0.011200,-0.012150,-0.007774,-0.001654,-0.009820,0.014619,0.011197,-0.012148,2.727824e-06,0.000080
2174,4,-54.0000,156.0000,-36.5000,-0.010300,-0.004697,-0.012270,0.017900,0.013500,-0.015650,-0.010299,-0.004697,-0.012266,0.017903,0.013503,-0.015653,3.887816e-06,0.000114
2175,4,-42.0000,156.0000,-36.5000,-0.012320,-0.008648,-0.016100,0.021260,0.017250,-0.019370,-0.012324,-0.008648,-0.016097,0.021256,0.017246,-0.019373,4.242622e-06,0.000124
2176,4,-30.0000,156.0000,-36.5000,-0.013540,-0.013550,-0.021270,0.024490,0.022890,-0.023130,-0.013541,-0.013553,-0.021271,0.024493,0.022891,-0.023128,2.893399e-06,0.000085
2177,4,-114.0000,180.0000,-36.5000,0.011770,0.001806,-0.011610,0.001023,0.008567,0.001920,0.011769,0.001806,-0.011606,0.001023,0.008567,0.001920,4.255268e-06,0.000125
2178,4,-102.0000,180.0000,-36.5000,0.005294,0.001984,-0.009835,0.003236,0.007910,-0.001947,0.005294,0.001984,-0.009835,0.003236,0.007910,-0.001947,4.767901e-07,0.000014
2179,4,-90.0000,180.0000,-36.5000,0.001364,0.001462,-0.008584,0.005557,0.007729,-0.004393,0.001364,0.001462,-0.008584,0.005557,0.007729,-0.004393,4.552527e-07,0.000013
2180,4,-78.0000,180.0000,-36.5000,-0.001077,0.000331,-0.007905,0.008018,0.008017,-0.006781,-0.001077,0.000331,-0.007905,0.008018,0.008017,-0.006781,4.773049e-07,0.000014
2181,4,-66.0000,180.0000,-36.5000,-0.002655,-0.001381,-0.007959,0.010580,0.008835,-0.008988,-0.002655,-0.001381,-0.007959,0.010581,0.008835,-0.008988,1.227100e-06,0.000036
2182,4,-54.0000,180.0000,-36.5000,-0.003701,-0.003698,-0.008797,0.013160,0.010260,-0.010950,-0.003701,-0.003698,-0.008797,0.013164,0.010262,-0.010950,3.621276e-06,0.000106
2183,4,-42.0000,180.0000,-36.5000,-0.004395,-0.006707,-0.010430,0.015630,0.012370,-0.012600,-0.004395,-0.006707,-0.010432,0.015631,0.012369,-0.012604,3.898792e-06,0.000114
2184,4,-30.0000,180.0000,-36.5000,-0.004774,-0.010490,-0.012800,0.017800,0.015150,-0.013840,-0.004774,-0.010494,-0.012803,0.017797,0.015150,-0.013842,4.426617e-06,0.000130
2185,4,-114.0000,204.0000,-36.5000,0.013270,0.004658,-0.012230,0.000071,0.004985,0.001772,0.013270,0.004658,-0.012226,0.000071,0.004985,0.001772,3.732232e-06,0.000109
2186,4,-102.0000,204.0000,-36.5000,0.007280,0.004373,-0.010650,0.000765,0.004785,-0.001800,0.007280,0.004373,-0.010655,0.000765,0.004785,-0.001800,4.512600e-06,0.000132
2187,4,-90.0000,204.0000,-36.5000,0.003585,0.003361,-0.009626,0.002170,0.004712,-0.003937,0.003585,0.003361,-0.009626,0.002170,0.004712,-0.003937,4.891683e-07,0.000014
2188,4,-78.0000,204.0000,-36.5000,0.001505,0.002178,-0.008852,0.003954,0.004851,-0.005942,0.001505,0.002178,-0.008852,0.003954,0.004851,-0.005942,4.911638e-07,0.000014
2189,4,-66.0000,204.0000,-36.5000,0.000430,0.000836,-0.008469,0.005897,0.005242,-0.007679,0.000430,0.000836,-0.008469,0.005897,0.005242,-0.007679,4.674472e-07,0.000014
2190,4,-54.0000,204.0000,-36.5000,0.000054,-0.000641,-0.008470,0.007816,0.005899,-0.009069,0.000054,-0.000641,-0.008470,0.007816,0.005899,-0.009069,4.326248e-07,0.000013
2191,4,-42.0000,204.0000,-36.5000,0.000166,-0.002301,-0.008835,0.009557,0.006815,-0.010090,0.000166,-0.002301,-0.008835,0.009557,0.006815,-0.010090,3.678619e-07,0.000011
2192,4,-30.0000,204.0000,-36.5000,0.000651,-0.004181,-0.009511,0.010970,0.007961,-0.010760,0.000651,-0.004181,-0.009511,0.010969,0.007961,-0.010761,1.482892e-06,0.000043
2193,4,-114.0000,228.0000,-36.5000,0.019980,0.016660,-0.010310,-0.001033,0.000494,0.001579,0.019976,0.016664,-0.010308,-0.001033,0.000494,0.001579,4.100691e-06,0.000120
2194,4,-102.0000,228.0000,-36.5000,0.011930,0.013860,-0.010620,-0.000925,0.000532,-0.002000,0.011930,0.013865,-0.010615,-0.000925,0.000532,-0.002000,4.732261e-06,0.000139
2195,4,-90.0000,228.0000,-36.5000,0.006652,0.011850,-0.010690,-0.000323,0.000529,-0.004176,0.006652,0.011850,-0.010692,-0.000323,0.000529,-0.004176,1.702519e-06,0.000050
2196,4,-78.0000,228.0000,-36.5000,0.003452,0.010270,-0.010620,0.000584,0.000530,-0.006283,0.003452,0.010270,-0.010622,0.000584,0.000530,-0.006283,2.364299e-06,0.000069
2197,4,-66.0000,228.0000,-36.5000,0.001909,0.009156,-0.010470,0.001571,0.000557,-0.008164,0.001909,0.009156,-0.010468,0.001571,0.000557,-0.008164,2.372020e-06,0.000070
2198,4,-54.0000,228.0000,-36.5000,0.001703,0.008451,-0.010260,0.002500,0.000623,-0.009705,0.001703,0.008451,-0.010260,0.002500,0.000623,-0.009705,3.814691e-07,0.000011
2199,4,-42.0000,228.0000,-36.5000,0.002518,0.008047,-0.010040,0.003293,0.000735,-0.010860,0.002518,0.008047,-0.010040,0.003293,0.000735,-0.010861,1.224964e-06,0.000036
2200,4,-30.0000,228.0000,-36.5000,0.004117,0.007932,-0.009788,0.003919,0.000895,-0.011650,0.004117,0.007932,-0.009788,0.003919,0.000895,-0.011649,1.025863e-06,0.000030
2201,2,-21.0000,4.0000,-2.0000,0.175400,0.203000,0.015000,0.002796,-0.000063,0.001621,0.175415,0.202988,0.014996,0.002796,-0.000063,0.001621,1.507757e-05,0.000442
2202,2,-15.0000,4.0000,-2.0000,0.151800,0.174600,-0.044890,0.002801,-0.000113,0.004848,0.151815,0.174598,-0.044888,0.002801,-0.000114,0.004848,1.539348e-05,0.000451
2203,2,-9.0000,4.0000,-2.0000,0.154700,0.271700,0.181900,0.002981,-0.000175,0.030020,0.154709,0.271696,0.181914,0.002981,-0.000175,0.030024,1.438470e-05,0.000422
2204,2,-3.0000,4.0000,-2.0000,-0.469400,-0.452200,-1.018000,0.003304,0.003152,-0.536200,-0.469409,-0.452172,-1.018242,0.003304,0.003152,-0.536179,2.420203e-04,0.007095
2205,2,-21.0000,12.0000,-2.0000,0.175000,0.202500,0.014900,0.008366,-0.000184,0.001618,0.175002,0.202524,0.014901,0.008366,-0.000184,0.001618,2.408643e-05,0.000706
2206,2,-15.0000,12.0000,-2.0000,0.151600,0.174500,-0.044450,0.008389,-0.000214,0.004797,0.151604,0.174466,-0.044450,0.008389,-0.000214,0.004797,3.414532e-05,0.001001
2207,2,-9.0000,12.0000,-2.0000,0.154100,0.270400,0.179900,0.008516,-0.000100,0.029630,0.154138,0.270393,0.179936,0.008516,-0.000100,0.029627,3.778846e-05,0.001108
2208,2,-3.0000,12.0000,-2.0000,-0.462800,-0.446000,-1.007000,0.008857,0.000303,-0.530800,-0.462786,-0.446035,-1.006610,0.008857,0.000303,-0.530760,3.900760e-04,0.011436
2209,2,-21.0000,20.0000,-2.0000,0.174100,0.201600,0.014750,0.013930,-0.000319,0.001612,0.174128,0.201582,0.014754,0.013929,-0.000319,0.001612,2.778621e-05,0.000815
2210,2,-15.0000,20.0000,-2.0000,0.150900,0.173800,-0.044110,0.014000,-0.000354,0.004788,0.150928,0.173797,-0.044112,0.013997,-0.000354,0.004788,2.759383e-05,0.000809
2211,2,-9.0000,20.0000,-2.0000,0.153700,0.269300,0.178700,0.014180,-0.000306,0.029520,0.153730,0.269269,0.178720,0.014178,-0.000306,0.029518,3.071447e-05,0.000900
2212,2,-3.0000,20.0000,-2.0000,-0.459200,-0.441700,-0.999900,0.014550,0.001559,-0.526800,-0.459189,-0.441742,-0.999950,0.014548,0.001559,-0.526760,4.970336e-05,0.001457
2213,2,-21.0000,28.0000,-2.0000,0.172800,0.200000,0.014530,0.019510,-0.000477,0.001619,0.172786,0.200028,0.014528,0.019508,-0.000477,0.001619,2.837498e-05,0.000832
2214,2,-15.0000,28.0000,-2.0000,0.149900,0.172700,-0.043580,0.019550,-0.000535,0.004760,0.149853,0.172693,-0.043579,0.019545,-0.000535,0.004760,4.738165e-05,0.001389
2215,2,-9.0000,28.0000,-2.0000,0.152800,0.267100,0.176300,0.019880,-0.000376,0.029200,0.152817,0.267126,0.176269,0.019885,-0.000376,0.029204,3.146828e-05,0.000923
2216,2,-3.0000,28.0000,-2.0000,-0.452200,-0.434300,-0.987000,0.020620,0.002195,-0.519600,-0.452198,-0.434317,-0.987050,0.020619,0.002195,-0.519631,4.983903e-05,0.001461
2217,2,-21.0000,36.0000,-2.0000,0.171000,0.197700,0.014200,0.025040,-0.000709,0.001625,0.170957,0.197684,0.014197,0.025041,-0.000709,0.001625,4.319947e-05,0.001266
2218,2,-15.0000,36.0000,-2.0000,0.148600,0.171200,-0.042820,0.025200,-0.000805,0.004657,0.148573,0.171178,-0.042825,0.025201,-0.000805,0.004657,2.697686e-05,0.000791
2219,2,-9.0000,36.0000,-2.0000,0.150900,0.263500,0.172400,0.025520,-0.000830,0.028430,0.150923,0.263453,0.172437,0.025523,-0.000830,0.028428,4.732934e-05,0.001388
2220,2,-3.0000,36.0000,-2.0000,-0.439600,-0.422700,-0.963800,0.026180,0.004026,-0.508700,-0.439595,-0.422692,-0.963775,0.026180,0.004026,-0.508746,4.581673e-05,0.001343
2221,2,-21.0000,44.0000,-2.0000,0.168800,0.194500,0.014230,0.030470,-0.000931,0.001614,0.168820,0.194484,0.014230,0.030469,-0.000931,0.001614,2.035207e-05,0.000597
2222,2,-15.0000,44.0000,-2.0000,0.146800,0.168300,-0.042000,0.030730,-0.000993,0.004676,0.146820,0.168303,-0.041998,0.030730,-0.000993,0.004676,2.000428e-05,0.000586
2223,2,-9.0000,44.0000,-2.0000,0.149700,0.260200,0.171200,0.030950,-0.001080,0.028070,0.149750,0.260199,0.171193,0.030954,-0.001080,0.028074,4.991721e-05,0.001463
2224,2,-3.0000,44.0000,-2.0000,-0.438600,-0.421300,-0.959700,0.031600,-0.003949,-0.504500,-0.438581,-0.421281,-0.959734,0.031603,-0.003949,-0.504541,4.130719e-05,0.001211
2225,3,-21.0000,4.0000,-7.7500,0.000759,0.126000,-0.020710,0.003469,-0.000088,-0.037580,0.000759,0.125991,-0.020706,0.003469,-0.000088,-0.037583,8.958200e-06,0.000263
2226,3,-15.0000,4.0000,-7.7500,-0.078230,0.101900,-0.018650,0.003717,0.000035,-0.077090,-0.078226,0.101868,-0.018655,0.003717,0.000035,-0.077091,3.238950e-05,0.000950
2227,3,-9.0000,4.0000,-7.7500,-0.294700,-0.066220,-0.240700,0.004250,0.000541,-0.266900,-0.294743,-0.066218,-0.240743,0.004250,0.000541,-0.266882,4.284074e-05,0.001256
2228,3,-3.0000,4.0000,-7.7500,-0.274500,-0.329800,-0.941100,0.004685,0.002507,-0.480700,-0.274450,-0.329819,-0.941102,0.004685,0.002507,-0.480668,4.959383e-05,0.001454
2229,3,-21.0000,12.0000,-7.7500,0.001032,0.125800,-0.020600,0.010360,-0.000273,-0.037390,0.001032,0.125762,-0.020600,0.010358,-0.000273,-0.037389,3.828508e-05,0.001122
2230,3,-15.0000,12.0000,-7.7500,-0.077550,0.101600,-0.018720,0.010950,0.000097,-0.076700,-0.077551,0.101585,-0.018716,0.010948,0.000097,-0.076702,1.519447e-05,0.000445
2231,3,-9.0000,12.0000,-7.7500,-0.292300,-0.065570,-0.239100,0.011720,0.001119,-0.265100,-0.292293,-0.065569,-0.239136,0.011717,0.001119,-0.265141,4.092270e-05,0.001200
2232,3,-3.0000,12.0000,-7.7500,-0.272600,-0.328800,-0.934100,0.012160,0.003193,-0.477000,-0.272602,-0.328823,-0.934091,0.012164,0.003193,-0.477018,2.251722e-05,0.000660
2233,3,-21.0000,20.0000,-7.7500,0.001446,0.125300,-0.020450,0.017160,-0.000528,-0.036990,0.001446,0.125272,-0.020447,0.017161,-0.000528,-0.036993,2.835316e-05,0.000831
2234,3,-15.0000,20.0000,-7.7500,-0.076350,0.101400,-0.018540,0.018030,0.000054,-0.075910,-0.076348,0.101359,-0.018538,0.018034,0.000054,-0.075909,4.108959e-05,0.001205
2235,3,-9.0000,20.0000,-7.7500,-0.289300,-0.064250,-0.237000,0.019210,0.001433,-0.262600,-0.289285,-0.064252,-0.236993,0.019209,0.001433,-0.262597,1.462407e-05,0.000429
2236,3,-3.0000,20.0000,-7.7500,-0.269600,-0.324200,-0.925800,0.019740,0.004351,-0.472900,-0.269567,-0.324244,-0.925830,0.019744,0.004351,-0.472890,4.445361e-05,0.001303
2237,3,-21.0000,28.0000,-7.7500,0.001914,0.124400,-0.020280,0.023880,-0.000900,-0.036440,0.001914,0.124448,-0.020279,0.023884,-0.000900,-0.036435,4.766236e-05,0.001397
2238,3,-15.0000,28.0000,-7.7500,-0.074810,0.100900,-0.018420,0.025040,-0.000170,-0.074840,-0.074814,0.100888,-0.018423,0.025044,-0.000170,-0.074837,1.241525e-05,0.000364
2239,3,-9.0000,28.0000,-7.7500,-0.284900,-0.062530,-0.233900,0.026640,0.001856,-0.259000,-0.284862,-0.062529,-0.233917,0.026644,0.001856,-0.258967,3.773718e-05,0.001106
2240,3,-3.0000,28.0000,-7.7500,-0.265300,-0.318800,-0.913300,0.027680,0.006427,-0.466500,-0.265262,-0.318818,-0.913282,0.027678,0.006427,-0.466533,3.807441e-05,0.001116
2241,3,-21.0000,36.0000,-7.7500,0.002429,0.123300,-0.020100,0.030510,-0.001398,-0.035760,0.002429,0.123254,-0.020096,0.030515,-0.001398,-0.035757,4.553462e-05,0.001335
2242,3,-15.0000,36.0000,-7.7500,-0.073070,0.100100,-0.018450,0.031900,-0.000580,-0.073580,-0.073068,0.100096,-0.018454,0.031902,-0.000580,-0.073581,4.239384e-06,0.000124
2243,3,-9.0000,36.0000,-7.7500,-0.279200,-0.060530,-0.230300,0.033790,0.001395,-0.254600,-0.279201,-0.060526,-0.230311,0.033794,0.001395,-0.254634,3.387054e-05,0.000993
2244,3,-3.0000,36.0000,-7.7500,-0.260800,-0.314300,-0.898000,0.034870,0.006416,-0.457900,-0.260768,-0.314303,-0.897988,0.034866,0.006416,-0.457915,3.223955e-05,0.000945
2245,3,-21.0000,44.0000,-7.7500,0.002955,0.121400,-0.019840,0.037060,-0.002142,-0.035000,0.002955,0.121414,-0.019836,0.037058,-0.002142,-0.035002,1.404721e-05,0.000412
2246,3,-15.0000,44.0000,-7.7500,-0.070970,0.099130,-0.018070,0.038760,-0.001219,-0.072150,-0.070971,0.099133,-0.018074,0.038762,-0.001219,-0.072149,3.971326e-06,0.000116
2247,3,-9.0000,44.0000,-7.7500,-0.274200,-0.058330,-0.227200,0.040690,0.000865,-0.250400,-0.274188,-0.058331,-0.227230,0.040687,0.000865,-0.250423,3.021849e-05,0.000886
2248,3,-3.0000,44.0000,-7.7500,-0.254400,-0.304700,-0.885000,0.041800,0.004058,-0.450900,-0.254380,-0.304662,-0.884960,0.041801,0.004058,-0.450861,3.978758e-05,0.001166
2249,3,-21.0000,4.0000,-15.2500,-0.084360,0.080480,-0.071540,0.004115,0.000074,-0.116600,-0.084359,0.080476,-0.071538,0.004115,0.000074,-0.116602,3.819303e-06,0.000112
2250,3,-15.0000,4.0000,-15.2500,-0.171600,0.008587,-0.183900,0.004325,0.000424,-0.226900,-0.171621,0.008587,-0.183939,0.004325,0.000424,-0.226882,3.872884e-05,0.001135
2251,3,-9.0000,4.0000,-15.2500,-0.238300,-0.119900,-0.459700,0.004531,0.001047,-0.352800,-0.238342,-0.119932,-0.459722,0.004531,0.001047,-0.352802,4.231206e-05,0.001240
2252,3,-3.0000,4.0000,-15.2500,-0.253600,-0.269000,-0.839300,0.004523,0.001849,-0.357800,-0.253554,-0.269049,-0.839318,0.004523,0.001849,-0.357827,4.852047e-05,0.001422
2253,3,-21.0000,12.0000,-15.2500,-0.083940,0.080310,-0.071300,0.012290,0.000170,-0.116000,-0.083943,0.080305,-0.071304,0.012287,0.000170,-0.115997,4.742546e-06,0.000139
2254,3,-15.0000,12.0000,-15.2500,-0.170600,0.008786,-0.183000,0.012810,0.001116,-0.225700,-0.170598,0.008786,-0.183049,0.012813,0.001116,-0.225670,4.860424e-05,0.001425
2255,3,-9.0000,12.0000,-15.2500,-0.236900,-0.119100,-0.457200,0.013250,0.002732,-0.350900,-0.236906,-0.119137,-0.457219,0.013251,0.002732,-0.350883,3.695435e-05,0.001083
2256,3,-3.0000,12.0000,-15.2500,-0.252200,-0.267900,-0.834800,0.013130,0.004785,-0.355900,-0.252247,-0.267860,-0.834850,0.013135,0.004785,-0.355945,4.981792e-05,0.001461
2257,3,-21.0000,20.0000,-15.2500,-0.083180,0.080020,-0.070820,0.020350,0.000126,-0.114900,-0.083178,0.080017,-0.070825,0.020348,0.000126,-0.114854,4.607464e-05,0.001351
2258,3,-15.0000,20.0000,-15.2500,-0.169000,0.009126,-0.181600,0.021140,0.001578,-0.223500,-0.169003,0.009126,-0.181572,0.021136,0.001578,-0.223510,2.808804e-05,0.000823
2259,3,-9.0000,20.0000,-15.2500,-0.234700,-0.117600,-0.453200,0.021810,0.004010,-0.347600,-0.234662,-0.117649,-0.453167,0.021806,0.004010,-0.347570,4.902746e-05,0.001437
2260,3,-3.0000,20.0000,-15.2500,-0.249700,-0.264900,-0.827100,0.021620,0.007099,-0.352700,-0.249676,-0.264859,-0.827120,0.021617,0.007099,-0.352665,4.083015e-05,0.001197
2261,3,-21.0000,28.0000,-15.2500,-0.082150,0.079580,-0.070200,0.028280,-0.000103,-0.113300,-0.082154,0.079576,-0.070196,0.028282,-0.000103,-0.113259,4.101554e-05,0.001202
2262,3,-15.0000,28.0000,-15.2500,-0.166800,0.009645,-0.179500,0.029350,0.001781,-0.220500,-0.166767,0.009645,-0.179515,0.029351,0.001781,-0.220481,3.299280e-05,0.000967
2263,3,-9.0000,28.0000,-15.2500,-0.231600,-0.115600,-0.447600,0.030210,0.004955,-0.342900,-0.231591,-0.115586,-0.447618,0.030212,0.004955,-0.342916,1.766949e-05,0.000518
2264,3,-3.0000,28.0000,-15.2500,-0.246400,-0.261000,-0.816800,0.030010,0.009001,-0.348000,-0.246449,-0.261047,-0.816815,0.030012,0.009001,-0.348019,4.942070e-05,0.001449
2265,3,-21.0000,36.0000,-15.2500,-0.080880,0.079020,-0.069400,0.036070,-0.000537,-0.111300,-0.080884,0.079021,-0.069398,0.036073,-0.000537,-0.111278,2.206034e-05,0.000647
2266,3,-15.0000,36.0000,-15.2500,-0.164100,0.010230,-0.177100,0.037350,0.001714,-0.216700,-0.164080,0.010234,-0.177080,0.037348,0.001714,-0.216729,2.916316e-05,0.000855
2267,3,-9.0000,36.0000,-15.2500,-0.227700,-0.112800,-0.441000,0.038400,0.005429,-0.337100,-0.227704,-0.112840,-0.440956,0.038405,0.005429,-0.337127,4.380739e-05,0.001284
2268,3,-3.0000,36.0000,-15.2500,-0.242500,-0.256100,-0.804400,0.038190,0.010250,-0.342000,-0.242539,-0.256112,-0.804439,0.038186,0.010249,-0.342044,4.378301e-05,0.001284
2269,3,-21.0000,44.0000,-15.2500,-0.079430,0.078270,-0.068560,0.043750,-0.001271,-0.109000,-0.079433,0.078267,-0.068561,0.043749,-0.001271,-0.108961,3.866452e-05,0.001134
2270,3,-15.0000,44.0000,-15.2500,-0.161100,0.010880,-0.174500,0.045300,0.001390,-0.212300,-0.161124,0.010882,-0.174486,0.045300,0.001390,-0.212333,3.304586e-05,0.000969
2271,3,-9.0000,44.0000,-15.2500,-0.223400,-0.109500,-0.433700,0.046570,0.005914,-0.330400,-0.223423,-0.109501,-0.433669,0.046565,0.005914,-0.330358,4.196188e-05,0.001230
2272,3,-3.0000,44.0000,-15.2500,-0.237400,-0.249100,-0.790100,0.046250,0.011670,-0.335000,-0.237399,-0.249106,-0.790115,0.046254,0.011673,-0.335029,2.875369e-05,0.000843
2273,4,-21.0000,4.0000,-36.5000,-0.059050,-0.025660,-0.088650,0.000987,0.000878,-0.099220,-0.059049,-0.025663,-0.088650,0.000987,0.000878,-0.099220,3.062449e-06,0.000090
2274,4,-15.0000,4.0000,-36.5000,-0.050850,-0.024370,-0.098350,0.001007,0.001012,-0.112000,-0.050854,-0.024367,-0.098355,0.001007,0.001012,-0.111960,3.970512e-05,0.001164
2275,4,-9.0000,4.0000,-36.5000,-0.035930,-0.019360,-0.105700,0.001010,0.001162,-0.119300,-0.035933,-0.019360,-0.105651,0.001010,0.001162,-0.119307,4.949881e-05,0.001451
2276,4,-3.0000,4.0000,-36.5000,-0.018040,-0.012620,-0.111600,0.000992,0.001313,-0.117600,-0.018042,-0.012624,-0.111620,0.000992,0.001313,-0.117596,2.012780e-05,0.000590
2277,4,-21.0000,12.0000,-36.5000,-0.058860,-0.025560,-0.088360,0.002952,0.002622,-0.098880,-0.058859,-0.025563,-0.088358,0.002952,0.002622,-0.098878,3.139914e-06,0.000092
2278,4,-15.0000,12.0000,-36.5000,-0.050710,-0.024290,-0.098040,0.003009,0.003016,-0.111600,-0.050707,-0.024289,-0.098040,0.003009,0.003016,-0.111567,3.309837e-05,0.000970
2279,4,-9.0000,12.0000,-36.5000,-0.035860,-0.019320,-0.105300,0.003019,0.003456,-0.118900,-0.035862,-0.019325,-0.105328,0.003019,0.003456,-0.118889,2.786933e-05,0.000817
2280,4,-3.0000,12.0000,-36.5000,-0.018060,-0.012630,-0.111300,0.002968,0.003904,-0.117200,-0.018057,-0.012633,-0.111293,0.002968,0.003904,-0.117196,6.995163e-06,0.000205
2281,4,-21.0000,20.0000,-36.5000,-0.058480,-0.025360,-0.087780,0.004897,0.004333,-0.098210,-0.058483,-0.025356,-0.087777,0.004897,0.004333,-0.098207,3.619833e-06,0.000106
2282,4,-15.0000,20.0000,-36.5000,-0.050410,-0.024110,-0.097410,0.004988,0.004973,-0.110800,-0.050409,-0.024113,-0.097408,0.004988,0.004973,-0.110798,3.367025e-06,0.000099
2283,4,-9.0000,20.0000,-36.5000,-0.035700,-0.019220,-0.104700,0.005003,0.005685,-0.118100,-0.035704,-0.019220,-0.104673,0.005003,0.005685,-0.118071,2.927428e-05,0.000858
2284,4,-3.0000,20.0000,-36.5000,-0.018060,-0.012620,-0.110600,0.004919,0.006412,-0.116400,-0.018062,-0.012615,-0.110627,0.004919,0.006412,-0.116407,2.742524e-05,0.000804
2285,4,-21.0000,28.0000,-36.5000,-0.057920,-0.025020,-0.086910,0.006811,0.006002,-0.097230,-0.057917,-0.025024,-0.086907,0.006811,0.006002,-0.097226,4.488234e-06,0.000132
2286,4,-15.0000,28.0000,-36.5000,-0.049950,-0.023820,-0.096460,0.006934,0.006872,-0.109700,-0.049952,-0.023817,-0.096458,0.006934,0.006872,-0.109678,2.194120e-05,0.000643
2287,4,-9.0000,28.0000,-36.5000,-0.035440,-0.019010,-0.103700,0.006954,0.007839,-0.116900,-0.035439,-0.019009,-0.103677,0.006954,0.007839,-0.116879,2.299527e-05,0.000674
2288,4,-3.0000,28.0000,-36.5000,-0.018020,-0.012510,-0.109600,0.006838,0.008825,-0.115300,-0.018023,-0.012511,-0.109605,0.006838,0.008825,-0.115256,4.437803e-05,0.001301
2289,4,-21.0000,36.0000,-36.5000,-0.057160,-0.024550,-0.085750,0.008689,0.007624,-0.095950,-0.057161,-0.024554,-0.085750,0.008689,0.007624,-0.095952,4.051034e-06,0.000119
2290,4,-15.0000,36.0000,-36.5000,-0.049330,-0.023380,-0.095190,0.008842,0.008711,-0.108200,-0.049329,-0.023379,-0.095190,0.008842,0.008711,-0.108228,2.770237e-05,0.000812
2291,4,-9.0000,36.0000,-36.5000,-0.035060,-0.018670,-0.102300,0.008865,0.009918,-0.115300,-0.035055,-0.018665,-0.102341,0.008865,0.009918,-0.115336,4.136247e-05,0.001213
2292,4,-3.0000,36.0000,-36.5000,-0.017920,-0.012290,-0.108200,0.008718,0.011150,-0.113800,-0.017925,-0.012294,-0.108228,0.008718,0.011151,-0.113762,3.752897e-05,0.001100
2293,4,-21.0000,44.0000,-36.5000,-0.056210,-0.023920,-0.084300,0.010530,0.009205,-0.094400,-0.056206,-0.023917,-0.084299,0.010531,0.009205,-0.094403,3.686243e-06,0.000108
2294,4,-15.0000,44.0000,-36.5000,-0.048530,-0.022770,-0.093600,0.010710,0.010500,-0.106500,-0.048534,-0.022773,-0.093602,0.010709,0.010499,-0.106464,3.632900e-05,0.001065
2295,4,-9.0000,44.0000,-36.5000,-0.034550,-0.018170,-0.100700,0.010730,0.011940,-0.113500,-0.034550,-0.018171,-0.100671,0.010731,0.011938,-0.113458,4.238152e-05,0.001242
2296,4,-3.0000,44.0000,-36.5000,-0.017770,-0.011960,-0.106500,0.010550,0.013410,-0.111900,-0.017768,-0.011956,-0.106511,0.010550,0.013405,-0.111948,4.769571e-05,0.001398
2297,2,-21.0000,54.0000,-2.0000,0.164800,0.188000,0.013800,0.036840,-0.001554,0.001436,0.164793,0.188031,0.013800,0.036842,-0.001554,0.001436,3.097191e-05,0.000908
2298,2,-15.0000,54.0000,-2.0000,0.143400,0.162500,-0.040420,0.037070,-0.001872,0.004335,0.143403,0.162531,-0.040422,0.037071,-0.001872,0.004335,3.126899e-05,0.000917
2299,2,-9.0000,54.0000,-2.0000,0.146300,0.251300,0.165600,0.037940,-0.001661,0.027020,0.146308,0.251260,0.165640,0.037935,-0.001661,0.027022,4.003941e-05,0.001174
2300,2,-3.0000,54.0000,-2.0000,-0.421600,-0.406300,-0.926000,0.039480,0.007637,-0.486900,-0.421584,-0.406337,-0.925993,0.039480,0.007637,-0.486907,3.697196e-05,0.001084
2301,2,-21.0000,66.0000,-2.0000,0.158000,0.176600,0.012800,0.043330,-0.002322,0.000995,0.157973,0.176570,0.012803,0.043333,-0.002322,0.000995,2.985532e-05,0.000875
2302,2,-15.0000,66.0000,-2.0000,0.137400,0.151800,-0.038070,0.043610,-0.002787,0.003584,0.137351,0.151777,-0.038073,0.043614,-0.002787,0.003584,4.858577e-05,0.001424
2303,2,-9.0000,66.0000,-2.0000,0.138600,0.232900,0.154100,0.044520,-0.002997,0.024900,0.138570,0.232885,0.154092,0.044522,-0.002997,0.024903,2.994935e-05,0.000878
2304,2,-3.0000,66.0000,-2.0000,-0.389500,-0.381200,-0.860700,0.046190,0.001297,-0.454700,-0.389460,-0.381152,-0.860678,0.046186,0.001297,-0.454668,4.848889e-05,0.001422
2305,2,-21.0000,78.0000,-2.0000,0.148600,0.161000,0.011860,0.047730,-0.003066,0.000363,0.148634,0.161026,0.011859,0.047727,-0.003066,0.000363,3.366507e-05,0.000987
2306,2,-15.0000,78.0000,-2.0000,0.128600,0.135600,-0.036110,0.047800,-0.003536,0.002687,0.128563,0.135559,-0.036111,0.047797,-0.003536,0.002687,4.078734e-05,0.001196
2307,2,-9.0000,78.0000,-2.0000,0.129500,0.210500,0.146800,0.048190,-0.003753,0.022700,0.129468,0.210471,0.146839,0.048194,-0.003753,0.022698,3.882459e-05,0.001138
2308,2,-3.0000,78.0000,-2.0000,-0.372600,-0.374300,-0.815100,0.049040,0.000552,-0.432700,-0.372560,-0.374306,-0.815148,0.049039,0.000552,-0.432728,4.794248e-05,0.001406
2309,2,-21.0000,90.0000,-2.0000,0.137900,0.144300,0.011590,0.050160,-0.003155,-0.000050,0.137944,0.144334,0.011591,0.050158,-0.003155,-0.000050,4.441315e-05,0.001302
2310,2,-15.0000,90.0000,-2.0000,0.117000,0.118000,-0.035170,0.049030,-0.003307,0.002486,0.116993,0.117962,-0.035171,0.049031,-0.003307,0.002486,3.766009e-05,0.001104
2311,2,-9.0000,90.0000,-2.0000,0.116800,0.187400,0.138600,0.048890,-0.003504,0.022730,0.116785,0.187415,0.138604,0.048894,-0.003504,0.022730,1.515248e-05,0.000444
2312,2,-3.0000,90.0000,-2.0000,-0.371000,-0.380200,-0.795100,0.049650,-0.002567,-0.415500,-0.371042,-0.380197,-0.795061,0.049646,-0.002567,-0.415550,4.989672e-05,0.001463
2313,2,-21.0000,102.0000,-2.0000,0.127500,0.128200,0.011920,0.050950,-0.002823,-0.000362,0.127506,0.128184,0.011918,0.050952,-0.002823,-0.000362,1.600053e-05,0.000469
2314,2,-15.0000,102.0000,-2.0000,0.107800,0.103900,-0.035790,0.051280,-0.002406,0.001292,0.107794,0.103922,-0.035787,0.051276,-0.002406,0.001292,2.231904e-05,0.000654
2315,2,-9.0000,102.0000,-2.0000,0.106000,0.177800,0.147100,0.047940,-0.000485,0.021010,0.105967,0.177766,0.147126,0.047943,-0.000484,0.021014,3.376714e-05,0.000990
2316,2,-3.0000,102.0000,-2.0000,-0.364600,-0.383900,-0.763000,0.042320,0.003568,-0.422800,-0.364623,-0.383866,-0.763015,0.042324,0.003568,-0.422750,4.989820e-05,0.001463
2317,2,-21.0000,114.0000,-2.0000,0.121500,0.118100,0.011230,0.051110,-0.000208,0.001760,0.121463,0.118105,0.011231,0.051108,-0.000208,0.001760,3.654442e-05,0.001071
2318,2,-15.0000,114.0000,-2.0000,0.101800,0.088410,-0.037020,0.052570,-0.001157,0.006273,0.101774,0.088409,-0.037025,0.052572,-0.001157,0.006273,2.550082e-05,0.000748
2319,2,-9.0000,114.0000,-2.0000,0.103000,0.162900,0.147000,0.053830,-0.011850,0.021980,0.102999,0.162900,0.147008,0.053829,-0.011846,0.021981,8.389329e-06,0.000246
2320,2,-3.0000,114.0000,-2.0000,-0.525300,-0.527500,-0.994000,0.055080,-0.068180,-0.489400,-0.525334,-0.527481,-0.994023,0.055085,-0.068183,-0.489423,3.444466e-05,0.001010
2321,3,-21.0000,54.0000,-7.7500,0.003628,0.117800,-0.019540,0.044830,-0.003630,-0.034200,0.003628,0.117751,-0.019536,0.044829,-0.003630,-0.034200,4.943352e-05,0.001449
2322,3,-15.0000,54.0000,-7.7500,-0.067670,0.095990,-0.017900,0.047230,-0.002631,-0.070080,-0.067674,0.095992,-0.017901,0.047226,-0.002631,-0.070082,4.277784e-06,0.000125
2323,3,-9.0000,54.0000,-7.7500,-0.263700,-0.056230,-0.219600,0.050770,0.001095,-0.241900,-0.263727,-0.056230,-0.219615,0.050773,0.001095,-0.241897,2.723196e-05,0.000798
2324,3,-3.0000,54.0000,-7.7500,-0.244700,-0.294100,-0.853800,0.052760,0.011080,-0.435100,-0.244709,-0.294053,-0.853762,0.052757,0.011078,-0.435141,4.675268e-05,0.001371
2325,3,-21.0000,66.0000,-7.7500,0.003732,0.111300,-0.019160,0.052880,-0.006058,-0.033800,0.003732,0.111264,-0.019160,0.052881,-0.006058,-0.033798,3.579539e-05,0.001049
2326,3,-15.0000,66.0000,-7.7500,-0.064070,0.089420,-0.017760,0.055350,-0.005550,-0.068020,-0.064065,0.089422,-0.017758,0.055348,-0.005550,-0.068018,4.818567e-06,0.000141
2327,3,-9.0000,66.0000,-7.7500,-0.248500,-0.055690,-0.206900,0.058700,-0.002574,-0.230100,-0.248528,-0.055693,-0.206897,0.058701,-0.002574,-0.230080,2.840984e-05,0.000833
2328,3,-3.0000,66.0000,-7.7500,-0.232000,-0.284200,-0.802600,0.060590,0.005260,-0.411900,-0.232046,-0.284203,-0.802608,0.060586,0.005260,-0.411858,4.614185e-05,0.001353
2329,3,-21.0000,78.0000,-7.7500,0.001723,0.102400,-0.018340,0.059000,-0.008586,-0.034260,0.001723,0.102383,-0.018343,0.058995,-0.008586,-0.034260,1.694795e-05,0.000497
2330,3,-15.0000,78.0000,-7.7500,-0.063430,0.079810,-0.016940,0.060580,-0.008858,-0.067100,-0.063429,0.079812,-0.016936,0.060579,-0.008858,-0.067096,3.893590e-06,0.000114
2331,3,-9.0000,78.0000,-7.7500,-0.239200,-0.060110,-0.196400,0.062910,-0.007574,-0.221100,-0.239206,-0.060115,-0.196434,0.062910,-0.007574,-0.221087,3.441715e-05,0.001009
2332,3,-3.0000,78.0000,-7.7500,-0.225500,-0.279700,-0.763100,0.063720,-0.002852,-0.394500,-0.225477,-0.279671,-0.763088,0.063720,-0.002852,-0.394467,3.279159e-05,0.000961
2333,3,-21.0000,90.0000,-7.7500,-0.003489,0.092430,-0.017350,0.063620,-0.009716,-0.035420,-0.003489,0.092433,-0.017354,0.063619,-0.009716,-0.035421,3.612045e-06,0.000106
2334,3,-15.0000,90.0000,-7.7500,-0.068750,0.068860,-0.015690,0.062960,-0.010400,-0.067690,-0.068753,0.068861,-0.015686,0.062962,-0.010401,-0.067692,3.520282e-06,0.000103
2335,3,-9.0000,90.0000,-7.7500,-0.239800,-0.069630,-0.187100,0.061860,-0.009758,-0.216800,-0.239788,-0.069628,-0.187102,0.061859,-0.009758,-0.216841,4.068510e-05,0.001193
2336,3,-3.0000,90.0000,-7.7500,-0.223700,-0.283700,-0.727800,0.061010,-0.006655,-0.385400,-0.223653,-0.283697,-0.727750,0.061015,-0.006655,-0.385423,4.979314e-05,0.001460
2337,3,-21.0000,102.0000,-7.7500,-0.009818,0.084610,-0.016250,0.069390,-0.007194,-0.035720,-0.009818,0.084615,-0.016254,0.069389,-0.007194,-0.035717,4.753604e-06,0.000139
2338,3,-15.0000,102.0000,-7.7500,-0.079330,0.063410,-0.016290,0.067500,-0.008338,-0.069560,-0.079329,0.063410,-0.016294,0.067502,-0.008338,-0.069557,3.530654e-06,0.000104
2339,3,-9.0000,102.0000,-7.7500,-0.263000,-0.079090,-0.198900,0.060800,-0.015320,-0.225900,-0.262965,-0.079091,-0.198918,0.060802,-0.015317,-0.225876,3.525071e-05,0.001033
2340,3,-3.0000,102.0000,-7.7500,-0.268400,-0.320100,-0.774700,0.050960,-0.032280,-0.400600,-0.268398,-0.320130,-0.774720,0.050964,-0.032280,-0.400551,4.902741e-05,0.001437
2341,3,-21.0000,114.0000,-7.7500,-0.009094,0.079920,-0.012320,0.080560,-0.000262,-0.030060,-0.009094,0.079916,-0.012316,0.080563,-0.000262,-0.030058,4.127341e-06,0.000121
2342,3,-15.0000,114.0000,-7.7500,-0.078430,0.069890,-0.012360,0.085700,0.002577,-0.065280,-0.078431,0.069894,-0.012356,0.085701,0.002577,-0.065284,4.184361e-06,0.000123
2343,3,-9.0000,114.0000,-7.7500,-0.274000,-0.050730,-0.212100,0.088920,0.002455,-0.231400,-0.274026,-0.050729,-0.212065,0.088917,0.002455,-0.231431,3.468102e-05,0.001017
2344,3,-3.0000,114.0000,-7.7500,-0.279500,-0.232900,-0.843500,0.087690,-0.013890,-0.440200,-0.279515,-0.232870,-0.843546,0.087685,-0.013888,-0.440232,4.618910e-05,0.001354
2345,3,-21.0000,54.0000,-15.2500,-0.077160,0.076950,-0.067380,0.053040,-0.002880,-0.105700,-0.077165,0.076946,-0.067384,0.053038,-0.002880,-0.105740,3.978252e-05,0.001166
2346,3,-15.0000,54.0000,-15.2500,-0.155800,0.011860,-0.169800,0.055060,0.000233,-0.205500,-0.155820,0.011859,-0.169792,0.055061,0.000233,-0.205535,3.537008e-05,0.001037
2347,3,-9.0000,54.0000,-15.2500,-0.215600,-0.104300,-0.419800,0.056800,0.005939,-0.319400,-0.215630,-0.104348,-0.419756,0.056800,0.005939,-0.319404,4.761657e-05,0.001396
2348,3,-3.0000,54.0000,-15.2500,-0.228700,-0.239000,-0.763200,0.056340,0.013460,-0.324000,-0.228742,-0.239024,-0.763229,0.056339,0.013462,-0.324015,4.172008e-05,0.001223
2349,3,-21.0000,66.0000,-15.2500,-0.074290,0.075040,-0.065730,0.063400,-0.006117,-0.102300,-0.074292,0.075036,-0.065730,0.063396,-0.006117,-0.102338,3.836193e-05,0.001125
2350,3,-15.0000,66.0000,-15.2500,-0.148500,0.013180,-0.162900,0.065500,-0.003582,-0.197300,-0.148475,0.013180,-0.162933,0.065498,-0.003582,-0.197325,3.331726e-05,0.000977
2351,3,-9.0000,66.0000,-15.2500,-0.205200,-0.097740,-0.400000,0.067160,0.001516,-0.305600,-0.205198,-0.097735,-0.400042,0.067156,0.001516,-0.305627,4.161161e-05,0.001220
2352,3,-3.0000,66.0000,-15.2500,-0.218600,-0.227500,-0.726800,0.066440,0.008165,-0.310600,-0.218643,-0.227497,-0.726827,0.066436,0.008165,-0.310642,4.286734e-05,0.001257
2353,3,-21.0000,78.0000,-15.2500,-0.072220,0.072790,-0.063560,0.072950,-0.010320,-0.100900,-0.072217,0.072787,-0.063559,0.072955,-0.010316,-0.100884,1.575005e-05,0.000462
2354,3,-15.0000,78.0000,-15.2500,-0.142900,0.013870,-0.155800,0.074460,-0.009710,-0.192100,-0.142910,0.013870,-0.155803,0.074458,-0.009710,-0.192100,9.850051e-06,0.000289
2355,3,-9.0000,78.0000,-15.2500,-0.196300,-0.091370,-0.380000,0.075520,-0.007299,-0.296000,-0.196266,-0.091366,-0.380012,0.075515,-0.007299,-0.295980,3.410862e-05,0.001000
2356,3,-3.0000,78.0000,-15.2500,-0.207600,-0.213800,-0.688700,0.074430,-0.003679,-0.301800,-0.207558,-0.213778,-0.688737,0.074429,-0.003679,-0.301807,4.157438e-05,0.001219
2357,3,-21.0000,90.0000,-15.2500,-0.071580,0.070320,-0.060330,0.082470,-0.013080,-0.102100,-0.071577,0.070324,-0.060333,0.082472,-0.013081,-0.102118,1.775340e-05,0.000520
2358,3,-15.0000,90.0000,-15.2500,-0.141900,0.013100,-0.149700,0.082790,-0.015470,-0.192400,-0.141891,0.013104,-0.149674,0.082795,-0.015466,-0.192351,4.874340e-05,0.001429
2359,3,-9.0000,90.0000,-15.2500,-0.197600,-0.092820,-0.369100,0.081510,-0.019080,-0.295400,-0.197602,-0.092817,-0.369118,0.081508,-0.019076,-0.295438,3.840225e-05,0.001126
2360,3,-3.0000,90.0000,-15.2500,-0.214200,-0.220000,-0.673900,0.079310,-0.024400,-0.303700,-0.214174,-0.219965,-0.673860,0.079313,-0.024399,-0.303716,3.983413e-05,0.001168
2361,3,-21.0000,102.0000,-15.2500,-0.071330,0.067820,-0.055430,0.094170,-0.009113,-0.103100,-0.071334,0.067824,-0.055425,0.094175,-0.009113,-0.103065,3.483641e-05,0.001021
2362,3,-15.0000,102.0000,-15.2500,-0.147300,0.012110,-0.147800,0.094040,-0.011120,-0.196200,-0.147303,0.012106,-0.147756,0.094043,-0.011120,-0.196193,4.417712e-05,0.001295
2363,3,-9.0000,102.0000,-15.2500,-0.208600,-0.090460,-0.376000,0.091420,-0.017520,-0.304800,-0.208555,-0.090462,-0.375981,0.091415,-0.017525,-0.304843,4.491041e-05,0.001317
2364,3,-3.0000,102.0000,-15.2500,-0.232100,-0.214900,-0.695600,0.087170,-0.028800,-0.317300,-0.232087,-0.214900,-0.695604,0.087165,-0.028799,-0.317258,4.218322e-05,0.001237
2365,3,-21.0000,114.0000,-15.2500,-0.065090,0.062720,-0.046340,0.111000,0.005097,-0.094170,-0.065090,0.062719,-0.046340,0.110968,0.005097,-0.094169,3.205806e-05,0.000940
2366,3,-15.0000,114.0000,-15.2500,-0.143400,0.014000,-0.138900,0.116900,0.016710,-0.185500,-0.143353,0.014002,-0.138914,0.116851,0.016714,-0.185474,4.936994e-05,0.001447
2367,3,-9.0000,114.0000,-15.2500,-0.216200,-0.079910,-0.376700,0.120700,0.033320,-0.298300,-0.216219,-0.079905,-0.376706,0.120667,0.033316,-0.298269,3.293362e-05,0.000966
2368,3,-3.0000,114.0000,-15.2500,-0.244500,-0.186300,-0.718000,0.118200,0.048810,-0.322600,-0.244471,-0.186258,-0.717992,0.118208,0.048807,-0.322596,4.192749e-05,0.001229
2369,4,-21.0000,54.0000,-36.5000,-0.054690,-0.022830,-0.082020,0.012780,0.011130,-0.092090,-0.054691,-0.022829,-0.082024,0.012775,0.011130,-0.092088,4.979508e-06,0.000146
2370,4,-15.0000,54.0000,-36.5000,-0.047280,-0.021740,-0.091140,0.012980,0.012640,-0.103800,-0.047278,-0.021740,-0.091137,0.012978,0.012639,-0.103831,3.056782e-05,0.000896
2371,4,-9.0000,54.0000,-36.5000,-0.033760,-0.017330,-0.098110,0.012990,0.014310,-0.110700,-0.033757,-0.017327,-0.098108,0.012993,0.014307,-0.110670,3.044576e-05,0.000893
2372,4,-3.0000,54.0000,-36.5000,-0.017530,-0.011370,-0.103900,0.012760,0.015990,-0.109300,-0.017531,-0.011372,-0.103911,0.012763,0.015988,-0.109282,1.814181e-05,0.000532
2373,4,-21.0000,66.0000,-36.5000,-0.052420,-0.021010,-0.078650,0.015400,0.013440,-0.088970,-0.052419,-0.021006,-0.078646,0.015401,0.013443,-0.088968,4.337322e-06,0.000127
2374,4,-15.0000,66.0000,-36.5000,-0.045330,-0.019920,-0.087470,0.015610,0.015110,-0.100300,-0.045334,-0.019916,-0.087475,0.015609,0.015112,-0.100323,2.309025e-05,0.000677
2375,4,-9.0000,66.0000,-36.5000,-0.032410,-0.015680,-0.094290,0.015600,0.016920,-0.107000,-0.032411,-0.015680,-0.094292,0.015597,0.016925,-0.106997,4.649907e-06,0.000136
2376,4,-3.0000,66.0000,-36.5000,-0.016870,-0.009964,-0.100000,0.015310,0.018730,-0.105800,-0.016867,-0.009964,-0.099999,0.015314,0.018726,-0.105814,1.368376e-05,0.000401
2377,4,-21.0000,78.0000,-36.5000,-0.049550,-0.018480,-0.074380,0.018070,0.016050,-0.085540,-0.049552,-0.018484,-0.074382,0.018070,0.016047,-0.085543,4.305387e-06,0.000126
2378,4,-15.0000,78.0000,-36.5000,-0.042750,-0.017170,-0.082810,0.018270,0.017800,-0.096620,-0.042745,-0.017173,-0.082805,0.018272,0.017803,-0.096617,4.880315e-06,0.000143
2379,4,-9.0000,78.0000,-36.5000,-0.030350,-0.012890,-0.089350,0.018220,0.019610,-0.103200,-0.030346,-0.012891,-0.089353,0.018218,0.019611,-0.103240,3.996264e-05,0.001172
2380,4,-3.0000,78.0000,-36.5000,-0.015400,-0.007216,-0.094870,0.017880,0.021340,-0.102300,-0.015404,-0.007216,-0.094874,0.017881,0.021341,-0.102335,3.530179e-05,0.001035
2381,4,-21.0000,90.0000,-36.5000,-0.046020,-0.015410,-0.069050,0.020980,0.019530,-0.081670,-0.046016,-0.015410,-0.069049,0.020977,0.019525,-0.081673,4.978666e-06,0.000146
2382,4,-15.0000,90.0000,-36.5000,-0.039300,-0.013430,-0.076780,0.021230,0.021540,-0.092690,-0.039303,-0.013430,-0.076785,0.021226,0.021540,-0.092690,4.859131e-06,0.000142
2383,4,-9.0000,90.0000,-36.5000,-0.027080,-0.008422,-0.082660,0.021150,0.023480,-0.099480,-0.027077,-0.008422,-0.082662,0.021155,0.023477,-0.099484,4.677220e-06,0.000137
2384,4,-3.0000,90.0000,-36.5000,-0.012210,-0.001917,-0.087480,0.020770,0.025220,-0.099000,-0.012214,-0.001917,-0.087481,0.020774,0.025222,-0.099003,3.974624e-06,0.000117
2385,4,-21.0000,102.0000,-36.5000,-0.041880,-0.012560,-0.062560,0.024300,0.024530,-0.076510,-0.041884,-0.012562,-0.062556,0.024300,0.024533,-0.076506,4.235802e-06,0.000124
2386,4,-15.0000,102.0000,-36.5000,-0.035180,-0.009620,-0.069260,0.024760,0.027570,-0.087560,-0.035178,-0.009620,-0.069264,0.024759,0.027571,-0.087562,3.898271e-06,0.000114
2387,4,-9.0000,102.0000,-36.5000,-0.022790,-0.003285,-0.073930,0.024810,0.030550,-0.094680,-0.022785,-0.003285,-0.073929,0.024813,0.030547,-0.094679,4.839011e-06,0.000142
2388,4,-3.0000,102.0000,-36.5000,-0.007579,0.004791,-0.077440,0.024440,0.033320,-0.094730,-0.007579,0.004791,-0.077437,0.024436,0.033319,-0.094732,4.320171e-06,0.000127
2389,4,-21.0000,114.0000,-36.5000,-0.037180,-0.011480,-0.055010,0.027990,0.030770,-0.068270,-0.037176,-0.011477,-0.055010,0.027992,0.030771,-0.068271,4.206006e-06,0.000123
2390,4,-15.0000,114.0000,-36.5000,-0.031080,-0.008332,-0.060670,0.028940,0.036260,-0.078640,-0.031075,-0.008332,-0.060667,0.028941,0.036262,-0.078635,4.955062e-06,0.000145
2391,4,-9.0000,114.0000,-36.5000,-0.019250,-0.001583,-0.064120,0.029350,0.042240,-0.085700,-0.019255,-0.001583,-0.064117,0.029350,0.042242,-0.085698,4.729236e-06,0.000139
2392,4,-3.0000,114.0000,-36.5000,-0.004281,0.007246,-0.066180,0.029050,0.048210,-0.086310,-0.004281,0.007246,-0.066180,0.029051,0.048211,-0.086313,2.914356e-06,0.000085
2393,2,-21.0000,132.0000,-2.0000,0.113500,0.114300,0.005265,0.051430,-0.000996,0.000490,0.113521,0.114303,0.005265,0.051433,-0.000996,0.000490,2.098261e-05,0.000615
2394,2,-15.0000,132.0000,-2.0000,0.105400,0.104700,-0.016760,0.050940,-0.000988,0.002243,0.105403,0.104716,-0.016757,0.050943,-0.000988,0.002243,1.565468e-05,0.000459
2395,2,-9.0000,132.0000,-2.0000,0.109700,0.146300,0.070790,0.057420,0.010310,0.012250,0.109677,0.146284,0.070789,0.057418,0.010311,0.012252,2.293167e-05,0.000672
2396,2,-3.0000,132.0000,-2.0000,-0.139100,-0.133800,-0.401500,0.071980,0.107400,-0.208500,-0.139123,-0.133812,-0.401491,0.071983,0.107380,-0.208463,3.720068e-05,0.001091
2397,2,-21.0000,156.0000,-2.0000,0.103900,0.112000,0.000367,0.051210,0.000540,-0.000173,0.103859,0.112013,0.000367,0.051214,0.000540,-0.000173,4.068531e-05,0.001193
2398,2,-15.0000,156.0000,-2.0000,0.107100,0.119200,0.001297,0.053020,-0.000380,-0.001559,0.107063,0.119211,0.001297,0.053024,-0.000380,-0.001559,3.738964e-05,0.001096
2399,2,-9.0000,156.0000,-2.0000,0.107100,0.117800,-0.006375,0.055240,-0.008178,0.001170,0.107137,0.117787,-0.006375,0.055238,-0.008178,0.001170,3.653281e-05,0.001071
2400,2,-3.0000,156.0000,-2.0000,0.208600,0.207300,0.145000,0.056570,-0.046190,0.050800,0.208609,0.207320,0.144962,0.056569,-0.046191,0.050800,3.845698e-05,0.001127
2401,2,-21.0000,180.0000,-2.0000,0.096910,0.104500,0.000116,0.051600,-0.001126,0.001411,0.096914,0.104492,0.000116,0.051596,-0.001126,0.001411,7.944674e-06,0.000233
2402,2,-15.0000,180.0000,-2.0000,0.099920,0.106200,-0.000660,0.052040,-0.000227,0.002225,0.099925,0.106181,-0.000660,0.052037,-0.000227,0.002225,1.870754e-05,0.000548
2403,2,-9.0000,180.0000,-2.0000,0.104300,0.108700,-0.003432,0.049820,0.004379,0.001314,0.104267,0.108710,-0.003432,0.049823,0.004379,0.001314,3.338043e-05,0.000979
2404,2,-3.0000,180.0000,-2.0000,0.074080,0.088310,-0.051780,0.047020,0.020150,-0.009504,0.074082,0.088310,-0.051776,0.047023,0.020146,-0.009504,4.321626e-06,0.000127
2405,2,-21.0000,204.0000,-2.0000,0.084130,0.081180,0.002449,0.042300,-0.002670,-0.000168,0.084125,0.081179,0.002449,0.042297,-0.002670,-0.000168,4.762347e-06,0.000140
2406,2,-15.0000,204.0000,-2.0000,0.088780,0.087720,0.003233,0.042590,-0.003516,-0.000111,0.088783,0.087719,0.003233,0.042590,-0.003516,-0.000111,2.858638e-06,0.000084
2407,2,-9.0000,204.0000,-2.0000,0.094120,0.096930,0.006662,0.044170,-0.006047,0.000133,0.094123,0.096925,0.006662,0.044166,-0.006047,0.000134,4.652546e-06,0.000136
2408,2,-3.0000,204.0000,-2.0000,0.109500,0.111000,0.021720,0.046290,-0.012450,0.002418,0.109515,0.110966,0.021721,0.046294,-0.012453,0.002418,3.365698e-05,0.000987
2409,2,-21.0000,228.0000,-2.0000,0.053620,0.032540,-0.003537,0.020800,-0.005285,-0.002099,0.053618,0.032538,-0.003537,0.020795,-0.005285,-0.002099,4.562807e-06,0.000134
2410,2,-15.0000,228.0000,-2.0000,0.056080,0.032680,-0.004318,0.021710,-0.005428,-0.001854,0.056077,0.032682,-0.004318,0.021710,-0.005428,-0.001854,3.272593e-06,0.000096
2411,2,-9.0000,228.0000,-2.0000,0.058890,0.031240,-0.005716,0.021980,-0.005189,-0.001804,0.058893,0.031239,-0.005716,0.021979,-0.005189,-0.001804,3.474110e-06,0.000102
2412,2,-3.0000,228.0000,-2.0000,0.060000,0.029800,-0.009440,0.021690,-0.004032,-0.002296,0.059999,0.029802,-0.009440,0.021688,-0.004032,-0.002296,2.086841e-06,0.000061
2413,3,-21.0000,132.0000,-7.7500,0.031290,0.072810,-0.008430,0.094480,0.006657,-0.015550,0.031285,0.072813,-0.008430,0.094481,0.006657,-0.015547,4.928539e-06,0.000144
2414,3,-15.0000,132.0000,-7.7500,0.000102,0.063040,-0.007980,0.114000,0.020350,-0.031510,0.000102,0.063042,-0.007980,0.113985,0.020351,-0.031513,1.544410e-05,0.000453
2415,3,-9.0000,132.0000,-7.7500,-0.087590,-0.002632,-0.094230,0.147100,0.062520,-0.105600,-0.087594,-0.002632,-0.094233,0.147097,0.062519,-0.105648,4.847763e-05,0.001421
2416,3,-3.0000,132.0000,-7.7500,-0.094280,-0.112100,-0.375600,0.173500,0.167700,-0.197200,-0.094284,-0.112135,-0.375628,0.173467,0.167736,-0.197161,3.945935e-05,0.001157
2417,3,-21.0000,156.0000,-7.7500,0.070420,0.065420,-0.003129,0.076130,0.001133,-0.000269,0.070420,0.065418,-0.003129,0.076131,0.001133,-0.000270,2.099986e-06,0.000062
2418,3,-15.0000,156.0000,-7.7500,0.075890,0.058580,-0.002629,0.080030,0.002156,0.001831,0.075888,0.058577,-0.002629,0.080026,0.002156,0.001831,4.465253e-06,0.000131
2419,3,-9.0000,156.0000,-7.7500,0.092450,0.050350,0.014910,0.083030,-0.000895,0.011600,0.092450,0.050353,0.014909,0.083035,-0.000895,0.011601,4.714513e-06,0.000138
2420,3,-3.0000,156.0000,-7.7500,0.102500,0.033540,0.068580,0.084790,-0.014750,0.032630,0.102533,0.033540,0.068584,0.084793,-0.014753,0.032632,3.268274e-05,0.000958
2421,3,-21.0000,180.0000,-7.7500,0.071190,0.062080,-0.001860,0.061040,-0.000461,0.003362,0.071188,0.062077,-0.001860,0.061037,-0.000461,0.003362,3.307135e-06,0.000097
2422,3,-15.0000,180.0000,-7.7500,0.077170,0.066190,-0.001391,0.060930,-0.001132,0.003906,0.077172,0.066189,-0.001391,0.060932,-0.001132,0.003906,2.300680e-06,0.000067
2423,3,-9.0000,180.0000,-7.7500,0.084480,0.076030,-0.001241,0.058500,-0.001945,0.003821,0.084484,0.076035,-0.001241,0.058503,-0.001945,0.003821,4.505635e-06,0.000132
2424,3,-3.0000,180.0000,-7.7500,0.096720,0.099390,-0.002346,0.055340,-0.002351,-0.000229,0.096722,0.099387,-0.002346,0.055337,-0.002351,-0.000229,3.117761e-06,0.000091
2425,3,-21.0000,204.0000,-7.7500,0.069050,0.060190,-0.000348,0.044920,-0.008042,-0.001004,0.069053,0.060191,-0.000348,0.044921,-0.008042,-0.001004,2.551634e-06,0.000075
2426,3,-15.0000,204.0000,-7.7500,0.071880,0.061330,-0.001275,0.046030,-0.009082,-0.000550,0.071883,0.061326,-0.001275,0.046035,-0.009082,-0.000550,4.878479e-06,0.000143
2427,3,-9.0000,204.0000,-7.7500,0.073190,0.060400,-0.003595,0.047880,-0.009551,-0.000322,0.073191,0.060396,-0.003595,0.047880,-0.009551,-0.000323,4.104910e-06,0.000120
2428,3,-3.0000,204.0000,-7.7500,0.070590,0.051460,-0.009633,0.050150,-0.009194,0.000977,0.070587,0.051457,-0.009633,0.050148,-0.009194,0.000977,3.239891e-06,0.000095
2429,3,-21.0000,228.0000,-7.7500,0.046140,0.022450,-0.000414,0.019190,-0.017710,-0.006957,0.046144,0.022451,-0.000414,0.019188,-0.017715,-0.006957,4.934126e-06,0.000145
2430,3,-15.0000,228.0000,-7.7500,0.050240,0.023380,-0.000062,0.019920,-0.018650,-0.006438,0.050238,0.023383,-0.000062,0.019918,-0.018648,-0.006438,3.302771e-06,0.000097
2431,3,-9.0000,228.0000,-7.7500,0.055370,0.024730,0.000731,0.020180,-0.019940,-0.005916,0.055372,0.024725,0.000731,0.020178,-0.019939,-0.005916,4.873596e-06,0.000143
2432,3,-3.0000,228.0000,-7.7500,0.062720,0.029870,0.003407,0.019890,-0.021650,-0.005781,0.062722,0.029870,0.003407,0.019885,-0.021652,-0.005781,4.791164e-06,0.000140
2433,3,-21.0000,132.0000,-15.2500,-0.020310,0.037960,-0.029240,0.130600,0.019590,-0.047920,-0.020311,0.037961,-0.029238,0.130565,0.019586,-0.047922,3.454831e-05,0.001013
2434,3,-15.0000,132.0000,-15.2500,-0.053580,0.009142,-0.073540,0.147700,0.048380,-0.092460,-0.053578,0.009142,-0.073536,0.147736,0.048375,-0.092465,3.594613e-05,0.001054
2435,3,-9.0000,132.0000,-15.2500,-0.083000,-0.043810,-0.183600,0.166800,0.100200,-0.146100,-0.083004,-0.043814,-0.183559,0.166803,0.100226,-0.146073,4.067137e-05,0.001192
2436,3,-3.0000,132.0000,-15.2500,-0.094010,-0.107300,-0.341200,0.173800,0.173200,-0.157600,-0.094010,-0.107278,-0.341185,0.173823,0.173163,-0.157648,4.807251e-05,0.001409
2437,3,-21.0000,156.0000,-15.2500,0.027510,0.013260,-0.009338,0.104400,0.007158,-0.002260,0.027505,0.013256,-0.009338,0.104386,0.007158,-0.002260,1.362734e-05,0.000400
2438,3,-15.0000,156.0000,-15.2500,0.036430,0.005474,-0.007949,0.109600,0.014300,-0.001948,0.036434,0.005474,-0.007949,0.109575,0.014305,-0.001948,2.541814e-05,0.000745
2439,3,-9.0000,156.0000,-15.2500,0.050770,-0.003340,0.002235,0.113600,0.024370,0.001359,0.050771,-0.003340,0.002235,0.113632,0.024365,0.001359,3.232166e-05,0.000948
2440,3,-3.0000,156.0000,-15.2500,0.059550,-0.018860,0.019090,0.114400,0.034980,0.005627,0.059555,-0.018859,0.019086,0.114365,0.034981,0.005627,3.511113e-05,0.001029
2441,3,-21.0000,180.0000,-15.2500,0.038610,0.008127,-0.000271,0.075630,-0.001983,0.002779,0.038608,0.008127,-0.000271,0.075626,-0.001983,0.002779,4.073462e-06,0.000119
2442,3,-15.0000,180.0000,-15.2500,0.043820,0.005671,-0.000696,0.076860,-0.005680,0.004645,0.043818,0.005671,-0.000696,0.076863,-0.005680,0.004645,3.170040e-06,0.000093
2443,3,-9.0000,180.0000,-15.2500,0.048700,0.004373,-0.001146,0.076770,-0.011660,0.006004,0.048702,0.004373,-0.001146,0.076765,-0.011664,0.006004,4.711771e-06,0.000138
2444,3,-3.0000,180.0000,-15.2500,0.056850,0.007615,-0.000853,0.076380,-0.019250,0.005769,0.056849,0.007615,-0.000853,0.076380,-0.019250,0.005769,1.370717e-06,0.000040
2445,3,-21.0000,204.0000,-15.2500,0.039240,0.019200,-0.014340,0.049280,0.001828,-0.004063,0.039244,0.019198,-0.014345,0.049275,0.001828,-0.004063,4.665610e-06,0.000137
2446,3,-15.0000,204.0000,-15.2500,0.042580,0.018060,-0.014980,0.050760,0.000850,-0.003284,0.042581,0.018064,-0.014979,0.050764,0.000850,-0.003284,4.070622e-06,0.000119
2447,3,-9.0000,204.0000,-15.2500,0.046530,0.017580,-0.015820,0.051980,0.000348,-0.002575,0.046526,0.017583,-0.015816,0.051984,0.000348,-0.002575,4.345077e-06,0.000127
2448,3,-3.0000,204.0000,-15.2500,0.049410,0.015750,-0.017470,0.052940,0.000366,-0.001575,0.049414,0.015750,-0.017469,0.052940,0.000366,-0.001575,4.351588e-06,0.000128
2449,3,-21.0000,228.0000,-15.2500,0.053410,0.044960,0.011170,0.018450,-0.034030,-0.012800,0.053415,0.044965,0.011169,0.018452,-0.034026,-0.012804,4.833278e-06,0.000142
2450,3,-15.0000,228.0000,-15.2500,0.058050,0.044530,0.011890,0.019150,-0.035300,-0.012360,0.058053,0.044527,0.011893,0.019153,-0.035303,-0.012363,3.298269e-06,0.000097
2451,3,-9.0000,228.0000,-15.2500,0.062750,0.043240,0.012560,0.019610,-0.036760,-0.011890,0.062750,0.043244,0.012558,0.019613,-0.036759,-0.011889,4.449045e-06,0.000130
2452,3,-3.0000,228.0000,-15.2500,0.067930,0.042120,0.013520,0.019730,-0.038360,-0.011420,0.067926,0.042124,0.013522,0.019733,-0.038363,-0.011420,4.071753e-06,0.000119
2453,4,-21.0000,132.0000,-36.5000,-0.026710,-0.014880,-0.041830,0.032020,0.035270,-0.048590,-0.026709,-0.014879,-0.041834,0.032023,0.035267,-0.048589,4.470614e-06,0.000131
2454,4,-15.0000,132.0000,-36.5000,-0.023570,-0.015050,-0.046690,0.033850,0.043340,-0.054530,-0.023571,-0.015053,-0.046695,0.033848,0.043342,-0.054529,4.703072e-06,0.000138
2455,4,-9.0000,132.0000,-36.5000,-0.017580,-0.013650,-0.050660,0.035010,0.053070,-0.058520,-0.017582,-0.013645,-0.050662,0.035013,0.053068,-0.058516,4.613208e-06,0.000135
2456,4,-3.0000,132.0000,-36.5000,-0.010010,-0.011270,-0.054040,0.035070,0.063620,-0.059010,-0.010009,-0.011272,-0.054037,0.035068,0.063618,-0.059007,3.286080e-06,0.000096
2457,4,-21.0000,156.0000,-36.5000,-0.013830,-0.017820,-0.025860,0.026580,0.028390,-0.025710,-0.013834,-0.017818,-0.025859,0.026580,0.028390,-0.025710,4.244240e-06,0.000124
2458,4,-15.0000,156.0000,-36.5000,-0.013610,-0.021120,-0.029360,0.027660,0.032930,-0.026930,-0.013612,-0.021123,-0.029362,0.027662,0.032930,-0.026934,4.148254e-06,0.000122
2459,4,-9.0000,156.0000,-36.5000,-0.013350,-0.024800,-0.033190,0.028320,0.037870,-0.027560,-0.013352,-0.024796,-0.033186,0.028324,0.037872,-0.027561,4.351258e-06,0.000128
2460,4,-3.0000,156.0000,-36.5000,-0.013150,-0.028680,-0.037220,0.028430,0.042970,-0.027610,-0.013149,-0.028684,-0.037218,0.028433,0.042971,-0.027607,4.497098e-06,0.000132
2461,4,-21.0000,180.0000,-36.5000,-0.004875,-0.013770,-0.014930,0.019030,0.017560,-0.014440,-0.004875,-0.013772,-0.014935,0.019025,0.017555,-0.014437,4.821214e-06,0.000141
2462,4,-15.0000,180.0000,-36.5000,-0.004889,-0.016250,-0.016570,0.019630,0.019290,-0.014610,-0.004889,-0.016251,-0.016573,0.019628,0.019293,-0.014606,4.484931e-06,0.000131
2463,4,-9.0000,180.0000,-36.5000,-0.004873,-0.018880,-0.018310,0.020000,0.021080,-0.014650,-0.004873,-0.018883,-0.018311,0.019997,0.021085,-0.014654,4.667042e-06,0.000137
2464,4,-3.0000,180.0000,-36.5000,-0.004802,-0.021550,-0.020080,0.020130,0.022930,-0.014590,-0.004802,-0.021549,-0.020080,0.020131,0.022929,-0.014591,1.145738e-06,0.000034
2465,4,-21.0000,204.0000,-36.5000,0.001254,-0.005636,-0.010110,0.011740,0.008929,-0.011070,0.001254,-0.005636,-0.010108,0.011742,0.008929,-0.011072,2.288009e-06,0.000067
2466,4,-15.0000,204.0000,-36.5000,0.001782,-0.006590,-0.010540,0.012100,0.009631,-0.011160,0.001782,-0.006590,-0.010536,0.012096,0.009631,-0.011163,4.319247e-06,0.000127
2467,4,-9.0000,204.0000,-36.5000,0.002378,-0.007513,-0.010970,0.012330,0.010350,-0.011160,0.002378,-0.007513,-0.010966,0.012332,0.010351,-0.011160,3.977545e-06,0.000117
2468,4,-3.0000,204.0000,-36.5000,0.003000,-0.008417,-0.011410,0.012460,0.011070,-0.011070,0.003000,-0.008417,-0.011408,0.012460,0.011072,-0.011067,2.800299e-06,0.000082
2469,4,-21.0000,228.0000,-36.5000,0.005646,0.007927,-0.009611,0.004173,0.001038,-0.012030,0.005646,0.007927,-0.009611,0.004173,0.001038,-0.012028,2.050156e-06,0.000060
2470,4,-15.0000,228.0000,-36.5000,0.006815,0.007921,-0.009527,0.004340,0.001144,-0.012160,0.006815,0.007921,-0.009527,0.004340,0.001144,-0.012164,4.060216e-06,0.000119
2471,4,-9.0000,228.0000,-36.5000,0.008068,0.007970,-0.009432,0.004451,0.001260,-0.012220,0.008068,0.007970,-0.009432,0.004451,0.001260,-0.012216,4.378814e-06,0.000128
2472,4,-3.0000,228.0000,-36.5000,0.009383,0.008036,-0.009342,0.004506,0.001389,-0.012180,0.009383,0.008036,-0.009342,0.004506,0.001389,-0.012180,4.235180e-07,0.000012
2473,2,4.2000,4.0000,-2.0000,-0.884100,-0.937500,-1.833000,0.002692,0.005302,0.155100,-0.884072,-0.937486,-1.833482,0.002692,0.005302,0.155070,4.821026e-04,0.014134
2474,2,12.6000,4.0000,-2.0000,-0.616300,-0.556800,-1.167000,0.002511,0.003797,0.024360,-0.616298,-0.556799,-1.167109,0.002511,0.003797,0.024358,1.087862e-04,0.003189
2475,2,21.0000,4.0000,-2.0000,-0.567100,-0.525700,-1.156000,0.002527,0.003453,0.004971,-0.567149,-0.525748,-1.156368,0.002527,0.003453,0.004971,3.684406e-04,0.010802
2476,2,29.4000,4.0000,-2.0000,-0.537900,-0.490300,-1.115000,0.002448,0.003384,0.008705,-0.537932,-0.490290,-1.114519,0.002448,0.003384,0.008705,4.814620e-04,0.014115
2477,2,37.8000,4.0000,-2.0000,-0.516900,-0.478200,-1.123000,0.002350,0.003366,0.004646,-0.516857,-0.478214,-1.122534,0.002350,0.003366,0.004646,4.659619e-04,0.013661
2478,2,46.2000,4.0000,-2.0000,-0.502400,-0.475800,-1.147000,0.002211,0.003427,0.003919,-0.502417,-0.475793,-1.147357,0.002211,0.003427,0.003919,3.574520e-04,0.010479
2479,2,54.6000,4.0000,-2.0000,-0.494700,-0.479600,-1.180000,0.002024,0.003515,0.001959,-0.494652,-0.479580,-1.179974,0.002024,0.003515,0.001959,4.774500e-05,0.001400
2480,2,63.0000,4.0000,-2.0000,-0.492500,-0.485900,-1.212000,0.001805,0.003601,0.000923,-0.492526,-0.485852,-1.211760,0.001805,0.003601,0.000923,2.396400e-04,0.007026
2481,2,71.4000,4.0000,-2.0000,-0.493600,-0.492300,-1.239000,0.001567,0.003671,0.000289,-0.493575,-0.492311,-1.239232,0.001567,0.003671,0.000289,2.316167e-04,0.006790
2482,2,79.8000,4.0000,-2.0000,-0.496000,-0.497800,-1.261000,0.001311,0.003737,0.000042,-0.495984,-0.497782,-1.261109,0.001311,0.003737,0.000042,1.091091e-04,0.003199
2483,2,88.2000,4.0000,-2.0000,-0.498400,-0.501700,-1.277000,0.001043,0.003789,0.000038,-0.498372,-0.501681,-1.277163,0.001043,0.003789,0.000038,1.632741e-04,0.004787
2484,2,96.6000,4.0000,-2.0000,-0.499900,-0.503800,-1.288000,0.000783,0.003818,0.000191,-0.499889,-0.503796,-1.287690,0.000783,0.003818,0.000191,3.097266e-04,0.009080
2485,2,105.0000,4.0000,-2.0000,-0.500000,-0.504100,-1.293000,0.000511,0.003836,0.000448,-0.500041,-0.504094,-1.293089,0.000511,0.003836,0.000448,8.865676e-05,0.002599
2486,2,113.4000,4.0000,-2.0000,-0.498500,-0.502600,-1.294000,0.000240,0.003841,0.000758,-0.498481,-0.502591,-1.293687,0.000240,0.003841,0.000758,3.133950e-04,0.009188
2487,2,121.8000,4.0000,-2.0000,-0.495000,-0.499300,-1.290000,-0.000025,0.003835,0.001084,-0.495037,-0.499309,-1.289753,-0.000025,0.003835,0.001084,2.465530e-04,0.007228
2488,2,130.2000,4.0000,-2.0000,-0.489500,-0.494200,-1.281000,-0.000288,0.003815,0.001466,-0.489526,-0.494208,-1.281377,-0.000288,0.003815,0.001466,3.767145e-04,0.011044
2489,2,138.6000,4.0000,-2.0000,-0.481900,-0.487200,-1.268000,-0.000551,0.003778,0.001821,-0.481918,-0.487203,-1.268384,-0.000551,0.003778,0.001821,3.841495e-04,0.011262
2490,2,147.0000,4.0000,-2.0000,-0.472300,-0.478500,-1.251000,-0.000811,0.003720,0.002179,-0.472293,-0.478513,-1.251311,-0.000811,0.003720,0.002179,3.110474e-04,0.009119
2491,2,155.4000,4.0000,-2.0000,-0.459900,-0.466400,-1.226000,-0.001096,0.003695,0.003005,-0.459936,-0.466368,-1.226446,-0.001096,0.003695,0.003005,4.455950e-04,0.013063
2492,2,163.8000,4.0000,-2.0000,-0.449700,-0.456500,-1.203000,-0.001357,0.003074,0.000545,-0.449734,-0.456452,-1.203064,-0.001357,0.003074,0.000545,6.427815e-05,0.001884
2493,2,4.2000,12.0000,-2.0000,-0.873100,-0.926800,-1.813000,0.008015,0.000411,0.153200,-0.873079,-0.926815,-1.813447,0.008015,0.000411,0.153235,4.471126e-04,0.013108
2494,2,12.6000,12.0000,-2.0000,-0.609000,-0.550500,-1.155000,0.007781,0.000125,0.024190,-0.608997,-0.550500,-1.155210,0.007781,0.000126,0.024192,2.098496e-04,0.006152
2495,2,21.0000,12.0000,-2.0000,-0.560400,-0.519600,-1.145000,0.007618,0.000010,0.004941,-0.560354,-0.519567,-1.144714,0.007618,0.000010,0.004941,2.859337e-04,0.008383
2496,2,29.4000,12.0000,-2.0000,-0.531400,-0.484400,-1.103000,0.007362,-0.000004,0.008632,-0.531433,-0.484380,-1.103434,0.007362,-0.000004,0.008632,4.336201e-04,0.012712
2497,2,37.8000,12.0000,-2.0000,-0.510500,-0.472300,-1.112000,0.007038,-0.000059,0.004651,-0.510516,-0.472349,-1.111534,0.007038,-0.000059,0.004651,4.657200e-04,0.013653
2498,2,46.2000,12.0000,-2.0000,-0.496100,-0.469900,-1.136000,0.006601,-0.000115,0.003932,-0.496061,-0.469857,-1.136168,0.006601,-0.000115,0.003932,1.678603e-04,0.004921
2499,2,54.6000,12.0000,-2.0000,-0.488200,-0.473600,-1.169000,0.006044,-0.000155,0.001983,-0.488238,-0.473555,-1.168527,0.006044,-0.000155,0.001983,4.733842e-04,0.013878
2500,2,63.0000,12.0000,-2.0000,-0.486000,-0.479700,-1.200000,0.005393,-0.000184,0.000944,-0.486002,-0.479691,-1.200024,0.005393,-0.000184,0.000944,2.387112e-05,0.000700
2501,2,71.4000,12.0000,-2.0000,-0.486900,-0.486000,-1.227000,0.004680,-0.000213,0.000308,-0.486929,-0.486009,-1.227217,0.004680,-0.000213,0.000308,2.174308e-04,0.006374
2502,2,79.8000,12.0000,-2.0000,-0.489200,-0.491400,-1.249000,0.003913,-0.000226,0.000058,-0.489231,-0.491383,-1.248880,0.003913,-0.000226,0.000058,1.199361e-04,0.003516
2503,2,88.2000,12.0000,-2.0000,-0.491500,-0.495200,-1.265000,0.003126,-0.000228,0.000050,-0.491531,-0.495201,-1.264787,0.003126,-0.000228,0.000050,2.132066e-04,0.006251
2504,2,96.6000,12.0000,-2.0000,-0.493000,-0.497200,-1.275000,0.002339,-0.000231,0.000202,-0.492977,-0.497239,-1.275198,0.002339,-0.000231,0.000202,1.982737e-04,0.005813
2505,2,105.0000,12.0000,-2.0000,-0.493100,-0.497500,-1.281000,0.001530,-0.000226,0.000449,-0.493098,-0.497505,-1.280533,0.001530,-0.000226,0.000449,4.672515e-04,0.013698
2506,2,113.4000,12.0000,-2.0000,-0.491500,-0.496000,-1.281000,0.000723,-0.000223,0.000756,-0.491520,-0.495985,-1.281111,0.000723,-0.000223,0.000756,1.112044e-04,0.003260
2507,2,121.8000,12.0000,-2.0000,-0.488100,-0.492700,-1.277000,-0.000072,-0.000214,0.001083,-0.488073,-0.492716,-1.277191,-0.000072,-0.000214,0.001083,1.907541e-04,0.005592
2508,2,130.2000,12.0000,-2.0000,-0.482600,-0.487700,-1.269000,-0.000869,-0.000201,0.001461,-0.482607,-0.487658,-1.268868,-0.000869,-0.000201,0.001461,1.324494e-04,0.003883
2509,2,138.6000,12.0000,-2.0000,-0.475000,-0.480700,-1.256000,-0.001659,-0.000196,0.001817,-0.475016,-0.480662,-1.255905,-0.001659,-0.000196,0.001817,9.451388e-05,0.002771
2510,2,147.0000,12.0000,-2.0000,-0.465500,-0.472100,-1.239000,-0.002439,-0.000186,0.002165,-0.465502,-0.472079,-1.238974,-0.002439,-0.000186,0.002165,2.633315e-05,0.000772
2511,2,155.4000,12.0000,-2.0000,-0.453100,-0.459900,-1.214000,-0.003219,-0.000190,0.003050,-0.453142,-0.459910,-1.214057,-0.003219,-0.000190,0.003050,5.728391e-05,0.001679
2512,2,163.8000,12.0000,-2.0000,-0.443600,-0.450700,-1.192000,-0.003969,0.000159,0.000242,-0.443610,-0.450654,-1.191964,-0.003969,0.000159,0.000242,4.561022e-05,0.001337
2513,2,4.2000,20.0000,-2.0000,-0.867300,-0.919300,-1.802000,0.013480,0.002759,0.151900,-0.867337,-0.919330,-1.802400,0.013479,0.002759,0.151916,4.000204e-04,0.011727
2514,2,12.6000,20.0000,-2.0000,-0.605400,-0.546100,-1.150000,0.013020,0.001893,0.023980,-0.605382,-0.546136,-1.149652,0.013015,0.001893,0.023983,3.478399e-04,0.010198
2515,2,21.0000,20.0000,-2.0000,-0.557200,-0.515500,-1.139000,0.012700,0.001572,0.004880,-0.557210,-0.515495,-1.139316,0.012697,0.001572,0.004880,3.156923e-04,0.009255
2516,2,29.4000,20.0000,-2.0000,-0.528700,-0.480700,-1.099000,0.012290,0.001474,0.008541,-0.528689,-0.480677,-1.098683,0.012291,0.001474,0.008541,3.165851e-04,0.009281
2517,2,37.8000,20.0000,-2.0000,-0.508100,-0.468800,-1.107000,0.011730,0.001382,0.004601,-0.508084,-0.468796,-1.106984,0.011734,0.001382,0.004601,1.620684e-05,0.000475
2518,2,46.2000,20.0000,-2.0000,-0.493800,-0.466400,-1.132000,0.011000,0.001321,0.003891,-0.493849,-0.466353,-1.131664,0.010996,0.001321,0.003891,3.361355e-04,0.009854
2519,2,54.6000,20.0000,-2.0000,-0.486200,-0.470000,-1.164000,0.010060,0.001291,0.001965,-0.486158,-0.470034,-1.163970,0.010065,0.001291,0.001965,4.243459e-05,0.001244
2520,2,63.0000,20.0000,-2.0000,-0.484000,-0.476100,-1.195000,0.008981,0.001287,0.000937,-0.483999,-0.476145,-1.195403,0.008981,0.001287,0.000937,4.032096e-04,0.011821
2521,2,71.4000,20.0000,-2.0000,-0.485000,-0.482400,-1.223000,0.007795,0.001292,0.000307,-0.484960,-0.482424,-1.222511,0.007795,0.001292,0.000307,4.890421e-04,0.014337
2522,2,79.8000,20.0000,-2.0000,-0.487200,-0.487700,-1.244000,0.006518,0.001299,0.000067,-0.487245,-0.487727,-1.244080,0.006518,0.001299,0.000067,7.994851e-05,0.002344
2523,2,88.2000,20.0000,-2.0000,-0.489500,-0.491500,-1.260000,0.005202,0.001307,0.000061,-0.489531,-0.491507,-1.259941,0.005202,0.001307,0.000061,5.928972e-05,0.001738
2524,2,96.6000,20.0000,-2.0000,-0.490900,-0.493500,-1.270000,0.003883,0.001319,0.000210,-0.490943,-0.493506,-1.270299,0.003883,0.001319,0.000210,2.987381e-04,0.008758
2525,2,105.0000,20.0000,-2.0000,-0.491000,-0.493700,-1.276000,0.002537,0.001333,0.000449,-0.491029,-0.493732,-1.275588,0.002537,0.001333,0.000449,4.123525e-04,0.012089
2526,2,113.4000,20.0000,-2.0000,-0.489400,-0.492200,-1.276000,0.001197,0.001341,0.000753,-0.489411,-0.492181,-1.276130,0.001197,0.001341,0.000753,1.300024e-04,0.003811
2527,2,121.8000,20.0000,-2.0000,-0.485900,-0.488900,-1.272000,-0.000126,0.001346,0.001091,-0.485905,-0.488855,-1.272139,-0.000126,0.001346,0.001091,1.393096e-04,0.004084
2528,2,130.2000,20.0000,-2.0000,-0.480400,-0.483800,-1.264000,-0.001452,0.001350,0.001467,-0.480434,-0.483786,-1.263762,-0.001452,0.001350,0.001467,2.377383e-04,0.006970
2529,2,138.6000,20.0000,-2.0000,-0.472800,-0.476800,-1.251000,-0.002783,0.001345,0.001816,-0.472845,-0.476818,-1.250753,-0.002783,0.001345,0.001816,2.469668e-04,0.007240
2530,2,147.0000,20.0000,-2.0000,-0.463200,-0.468200,-1.234000,-0.004078,0.001357,0.002189,-0.463219,-0.468178,-1.233684,-0.004078,0.001357,0.002189,3.155291e-04,0.009250
2531,2,155.4000,20.0000,-2.0000,-0.451000,-0.456200,-1.209000,-0.005418,0.001347,0.002964,-0.450958,-0.456183,-1.208740,-0.005418,0.001347,0.002964,2.603035e-04,0.007631
2532,2,163.8000,20.0000,-2.0000,-0.440500,-0.446400,-1.185000,-0.006726,0.001189,0.000382,-0.440530,-0.446427,-1.185036,-0.006726,0.001189,0.000382,3.588822e-05,0.001052
2533,2,4.2000,28.0000,-2.0000,-0.855100,-0.905600,-1.779000,0.018870,0.003830,0.149700,-0.855110,-0.905607,-1.779149,0.018872,0.003830,0.149686,1.492975e-04,0.004377
2534,2,12.6000,28.0000,-2.0000,-0.596900,-0.537700,-1.136000,0.018230,0.002648,0.023560,-0.596851,-0.537660,-1.135541,0.018227,0.002648,0.023565,4.590442e-04,0.013458
2535,2,21.0000,28.0000,-2.0000,-0.549700,-0.507600,-1.126000,0.017840,0.002145,0.004774,-0.549702,-0.507611,-1.125890,0.017843,0.002145,0.004774,1.098711e-04,0.003221
2536,2,29.4000,28.0000,-2.0000,-0.521700,-0.473300,-1.086000,0.017210,0.002015,0.008391,-0.521747,-0.473322,-1.086265,0.017212,0.002015,0.008391,2.652514e-04,0.007776
2537,2,37.8000,28.0000,-2.0000,-0.501600,-0.461700,-1.095000,0.016430,0.001884,0.004523,-0.501586,-0.461701,-1.094827,0.016433,0.001884,0.004523,1.730960e-04,0.005075
2538,2,46.2000,28.0000,-2.0000,-0.487600,-0.459300,-1.119000,0.015390,0.001806,0.003835,-0.487641,-0.459322,-1.119464,0.015391,0.001806,0.003835,4.638754e-04,0.013599
2539,2,54.6000,28.0000,-2.0000,-0.480100,-0.463000,-1.152000,0.014080,0.001759,0.001941,-0.480106,-0.462966,-1.151571,0.014080,0.001759,0.001941,4.294145e-04,0.012589
2540,2,63.0000,28.0000,-2.0000,-0.477900,-0.469000,-1.183000,0.012560,0.001742,0.000934,-0.477945,-0.468958,-1.182721,0.012555,0.001742,0.000934,2.791031e-04,0.008182
2541,2,71.4000,28.0000,-2.0000,-0.478900,-0.475100,-1.210000,0.010890,0.001747,0.000314,-0.478895,-0.475143,-1.209588,0.010888,0.001747,0.000314,4.119513e-04,0.012077
2542,2,79.8000,28.0000,-2.0000,-0.481200,-0.480400,-1.231000,0.009105,0.001758,0.000071,-0.481154,-0.480370,-1.230973,0.009105,0.001758,0.000071,4.617653e-05,0.001354
2543,2,88.2000,28.0000,-2.0000,-0.483300,-0.484000,-1.247000,0.007275,0.001773,0.000071,-0.483327,-0.484009,-1.246624,0.007275,0.001773,0.000071,3.762292e-04,0.011030
2544,2,96.6000,28.0000,-2.0000,-0.484700,-0.485900,-1.257000,0.005426,0.001794,0.000228,-0.484658,-0.485916,-1.256840,0.005426,0.001794,0.000227,1.595684e-04,0.004678
2545,2,105.0000,28.0000,-2.0000,-0.484700,-0.486100,-1.262000,0.003539,0.001809,0.000466,-0.484684,-0.486105,-1.262058,0.003539,0.001809,0.000466,5.774440e-05,0.001693
2546,2,113.4000,28.0000,-2.0000,-0.483000,-0.484500,-1.263000,0.001668,0.001816,0.000763,-0.483020,-0.484517,-1.262555,0.001668,0.001816,0.000763,4.454804e-04,0.013060
2547,2,121.8000,28.0000,-2.0000,-0.479500,-0.481200,-1.259000,-0.000196,0.001826,0.001094,-0.479503,-0.481183,-1.258547,-0.000196,0.001826,0.001094,4.533883e-04,0.013292
2548,2,130.2000,28.0000,-2.0000,-0.474000,-0.476100,-1.250000,-0.002059,0.001831,0.001470,-0.474021,-0.476114,-1.250129,-0.002059,0.001831,0.001470,1.285549e-04,0.003769
2549,2,138.6000,28.0000,-2.0000,-0.466400,-0.469100,-1.237000,-0.003893,0.001837,0.001839,-0.466393,-0.469084,-1.237053,-0.003893,0.001837,0.001839,5.303953e-05,0.001555
2550,2,147.0000,28.0000,-2.0000,-0.456900,-0.460500,-1.220000,-0.005810,0.001815,0.002174,-0.456859,-0.460546,-1.219858,-0.005810,0.001815,0.002174,1.416167e-04,0.004152
2551,2,155.4000,28.0000,-2.0000,-0.444200,-0.448200,-1.195000,-0.007558,0.001892,0.003129,-0.444246,-0.448181,-1.194912,-0.007558,0.001892,0.003129,8.847403e-05,0.002594
2552,2,163.8000,28.0000,-2.0000,-0.436000,-0.439700,-1.175000,-0.009270,0.001633,0.000463,-0.435959,-0.439672,-1.175188,-0.009270,0.001633,0.000463,1.878250e-04,0.005506
2553,2,4.2000,36.0000,-2.0000,-0.834700,-0.884900,-1.740000,0.024570,0.006580,0.146200,-0.834688,-0.884876,-1.740391,0.024575,0.006580,0.146203,3.911769e-04,0.011468
2554,2,12.6000,36.0000,-2.0000,-0.584500,-0.526000,-1.114000,0.023520,0.003875,0.023010,-0.584507,-0.525992,-1.114318,0.023523,0.003875,0.023011,3.181521e-04,0.009327
2555,2,21.0000,36.0000,-2.0000,-0.538500,-0.496600,-1.106000,0.022930,0.003252,0.004601,-0.538493,-0.496561,-1.105652,0.022931,0.003252,0.004601,3.481687e-04,0.010207
2556,2,29.4000,36.0000,-2.0000,-0.511400,-0.463200,-1.067000,0.022140,0.002983,0.008201,-0.511442,-0.463175,-1.067327,0.022145,0.002983,0.008201,3.269991e-04,0.009587
2557,2,37.8000,36.0000,-2.0000,-0.491800,-0.451800,-1.076000,0.021110,0.002814,0.004414,-0.491806,-0.451840,-1.076215,0.021114,0.002814,0.004414,2.152648e-04,0.006311
2558,2,46.2000,36.0000,-2.0000,-0.478200,-0.449600,-1.101000,0.019760,0.002718,0.003760,-0.478218,-0.449556,-1.100725,0.019756,0.002718,0.003760,2.749922e-04,0.008062
2559,2,54.6000,36.0000,-2.0000,-0.470800,-0.453100,-1.132000,0.018070,0.002672,0.001908,-0.470826,-0.453127,-1.132454,0.018066,0.002672,0.001908,4.538628e-04,0.013306
2560,2,63.0000,36.0000,-2.0000,-0.468700,-0.459000,-1.163000,0.016100,0.002660,0.000929,-0.468689,-0.458996,-1.163182,0.016095,0.002660,0.000929,1.818971e-04,0.005333
2561,2,71.4000,36.0000,-2.0000,-0.469500,-0.465000,-1.190000,0.013950,0.002673,0.000327,-0.469550,-0.465021,-1.189650,0.013952,0.002673,0.000327,3.504338e-04,0.010274
2562,2,79.8000,36.0000,-2.0000,-0.471700,-0.470100,-1.211000,0.011670,0.002698,0.000087,-0.471684,-0.470081,-1.210672,0.011674,0.002698,0.000087,3.282117e-04,0.009622
2563,2,88.2000,36.0000,-2.0000,-0.473800,-0.473600,-1.226000,0.009326,0.002728,0.000091,-0.473779,-0.473626,-1.226075,0.009326,0.002728,0.000091,7.511101e-05,0.002202
2564,2,96.6000,36.0000,-2.0000,-0.475000,-0.475400,-1.236000,0.006950,0.002765,0.000248,-0.475001,-0.475439,-1.236115,0.006950,0.002765,0.000248,1.154883e-04,0.003386
2565,2,105.0000,36.0000,-2.0000,-0.474900,-0.475500,-1.241000,0.004535,0.002790,0.000483,-0.474914,-0.475519,-1.241164,0.004535,0.002790,0.000483,1.638229e-04,0.004803
2566,2,113.4000,36.0000,-2.0000,-0.473200,-0.473900,-1.242000,0.002132,0.002801,0.000780,-0.473175,-0.473874,-1.241556,0.002132,0.002801,0.000780,4.439258e-04,0.013015
2567,2,121.8000,36.0000,-2.0000,-0.469600,-0.470500,-1.238000,-0.000265,0.002814,0.001087,-0.469626,-0.470519,-1.237508,-0.000265,0.002814,0.001087,4.921065e-04,0.014427
2568,2,130.2000,36.0000,-2.0000,-0.464100,-0.465400,-1.229000,-0.002657,0.002831,0.001480,-0.464117,-0.465404,-1.229076,-0.002657,0.002831,0.001480,7.583308e-05,0.002223
2569,2,138.6000,36.0000,-2.0000,-0.456500,-0.458400,-1.216000,-0.005075,0.002772,0.001819,-0.456538,-0.458393,-1.215852,-0.005075,0.002772,0.001819,1.477069e-04,0.004330
2570,2,147.0000,36.0000,-2.0000,-0.446700,-0.449600,-1.199000,-0.007399,0.002920,0.002236,-0.446706,-0.449580,-1.198733,-0.007399,0.002920,0.002236,2.672444e-04,0.007835
2571,2,155.4000,36.0000,-2.0000,-0.434500,-0.437700,-1.174000,-0.009632,0.002977,0.003209,-0.434453,-0.437658,-1.173795,-0.009632,0.002977,0.003209,2.046066e-04,0.005998
2572,2,163.8000,36.0000,-2.0000,-0.416100,-0.421600,-1.136000,-0.012640,0.008005,0.002919,-0.416125,-0.421575,-1.136431,-0.012636,0.008005,0.002919,4.306677e-04,0.012626
2573,2,4.2000,44.0000,-2.0000,-0.825200,-0.873000,-1.720000,0.030230,-0.001755,0.148200,-0.825191,-0.873041,-1.719637,0.030230,-0.001755,0.148239,3.632265e-04,0.010649
2574,2,12.6000,44.0000,-2.0000,-0.572200,-0.513500,-1.092000,0.028910,0.001965,0.021000,-0.572247,-0.513507,-1.091747,0.028908,0.001965,0.020999,2.532708e-04,0.007425
2575,2,21.0000,44.0000,-2.0000,-0.529800,-0.488000,-1.089000,0.027940,0.000608,0.004552,-0.529819,-0.488020,-1.088958,0.027935,0.000608,0.004552,4.179637e-05,0.001225
2576,2,29.4000,44.0000,-2.0000,-0.503200,-0.454800,-1.051000,0.027000,0.000472,0.007988,-0.503170,-0.454834,-1.050703,0.027001,0.000472,0.007988,2.968311e-04,0.008702
2577,2,37.8000,44.0000,-2.0000,-0.484200,-0.444000,-1.060000,0.025720,0.000298,0.004238,-0.484223,-0.444013,-1.060022,0.025721,0.000297,0.004238,2.332436e-05,0.000684
2578,2,46.2000,44.0000,-2.0000,-0.471100,-0.442000,-1.084000,0.024050,0.000111,0.003629,-0.471136,-0.441954,-1.084473,0.024049,0.000111,0.003629,4.726109e-04,0.013855
2579,2,54.6000,44.0000,-2.0000,-0.464100,-0.445600,-1.116000,0.021980,-0.000041,0.001825,-0.464069,-0.445608,-1.115939,0.021981,-0.000041,0.001825,6.144507e-05,0.001801
2580,2,63.0000,44.0000,-2.0000,-0.462100,-0.451500,-1.146000,0.019580,-0.000159,0.000885,-0.462136,-0.451470,-1.146360,0.019577,-0.000159,0.000885,3.599660e-04,0.010553
2581,2,71.4000,44.0000,-2.0000,-0.463000,-0.457400,-1.173000,0.016960,-0.000233,0.000312,-0.462990,-0.457403,-1.172527,0.016956,-0.000233,0.000312,4.730271e-04,0.013868
2582,2,79.8000,44.0000,-2.0000,-0.465100,-0.462400,-1.193000,0.014180,-0.000284,0.000092,-0.465086,-0.462392,-1.193307,0.014185,-0.000284,0.000092,3.068205e-04,0.008995
2583,2,88.2000,44.0000,-2.0000,-0.467200,-0.465900,-1.209000,0.011340,-0.000315,0.000100,-0.467166,-0.465879,-1.208521,0.011338,-0.000315,0.000100,4.786681e-04,0.014033
2584,2,96.6000,44.0000,-2.0000,-0.468300,-0.467600,-1.218000,0.008445,-0.000326,0.000248,-0.468308,-0.467625,-1.218413,0.008445,-0.000326,0.000248,4.127246e-04,0.012100
2585,2,105.0000,44.0000,-2.0000,-0.468100,-0.467600,-1.223000,0.005501,-0.000331,0.000484,-0.468137,-0.467634,-1.223346,0.005501,-0.000331,0.000484,3.457556e-04,0.010136
2586,2,113.4000,44.0000,-2.0000,-0.466300,-0.465900,-1.224000,0.002579,-0.000331,0.000795,-0.466344,-0.465946,-1.223674,0.002579,-0.000330,0.000795,3.264892e-04,0.009572
2587,2,121.8000,44.0000,-2.0000,-0.462800,-0.462600,-1.220000,-0.000343,-0.000323,0.001079,-0.462766,-0.462564,-1.219558,-0.000343,-0.000323,0.001079,4.423672e-04,0.012969
2588,2,130.2000,44.0000,-2.0000,-0.457300,-0.457500,-1.211000,-0.003242,-0.000296,0.001529,-0.457251,-0.457484,-1.211197,-0.003242,-0.000296,0.001529,1.966051e-04,0.005764
2589,2,138.6000,44.0000,-2.0000,-0.449500,-0.450000,-1.197000,-0.006211,-0.000351,0.001752,-0.449479,-0.449988,-1.197164,-0.006211,-0.000351,0.001752,1.642339e-04,0.004815
2590,2,147.0000,44.0000,-2.0000,-0.440800,-0.443200,-1.184000,-0.008920,-0.000257,0.001858,-0.440806,-0.443151,-1.183694,-0.008920,-0.000257,0.001858,3.055513e-04,0.008958
2591,2,155.4000,44.0000,-2.0000,-0.421200,-0.421500,-1.142000,-0.012520,0.002341,0.008075,-0.421170,-0.421531,-1.141888,-0.012519,0.002341,0.008075,1.124805e-04,0.003298
2592,2,163.8000,44.0000,-2.0000,-0.430300,-0.432800,-1.153000,-0.017020,-0.016780,-0.015280,-0.430254,-0.432816,-1.153004,-0.017019,-0.016777,-0.015280,4.634630e-05,0.001359
2593,3,4.2000,4.0000,-7.7500,-0.312300,-0.531700,-1.431000,0.003433,0.003788,-0.060610,-0.312259,-0.531749,-1.430680,0.003433,0.003788,-0.060605,3.204169e-04,0.009394
2594,3,12.6000,4.0000,-7.7500,-0.526300,-0.557600,-1.302000,0.002792,0.003255,0.078640,-0.526281,-0.557575,-1.302437,0.002792,0.003255,0.078642,4.373171e-04,0.012821
2595,3,21.0000,4.0000,-7.7500,-0.500300,-0.474200,-1.140000,0.002716,0.002908,0.032040,-0.500277,-0.474195,-1.139646,0.002716,0.002908,0.032038,3.540045e-04,0.010378
2596,3,29.4000,4.0000,-7.7500,-0.481000,-0.451200,-1.120000,0.002623,0.002775,0.026160,-0.481035,-0.451217,-1.120418,0.002623,0.002775,0.026159,4.177712e-04,0.012248
2597,3,37.8000,4.0000,-7.7500,-0.460300,-0.436600,-1.123000,0.002494,0.002711,0.021100,-0.460333,-0.436584,-1.122836,0.002494,0.002711,0.021100,1.640808e-04,0.004810
2598,3,46.2000,4.0000,-7.7500,-0.448800,-0.435700,-1.150000,0.002329,0.002705,0.013330,-0.448828,-0.435724,-1.149581,0.002329,0.002705,0.013333,4.186516e-04,0.012274
2599,3,54.6000,4.0000,-7.7500,-0.444800,-0.440200,-1.181000,0.002124,0.002733,0.007123,-0.444761,-0.440211,-1.181015,0.002124,0.002733,0.007123,3.860210e-05,0.001132
2600,3,63.0000,4.0000,-7.7500,-0.445400,-0.446900,-1.212000,0.001891,0.002775,0.002871,-0.445386,-0.446875,-1.211679,0.001891,0.002775,0.002871,3.210990e-04,0.009414
2601,3,71.4000,4.0000,-7.7500,-0.448700,-0.453700,-1.238000,0.001636,0.002819,0.000544,-0.448691,-0.453652,-1.238229,0.001636,0.002819,0.000544,2.292908e-04,0.006722
2602,3,79.8000,4.0000,-7.7500,-0.452800,-0.459400,-1.259000,0.001367,0.002865,-0.000380,-0.452846,-0.459376,-1.259418,0.001367,0.002865,-0.000380,4.176914e-04,0.012245
2603,3,88.2000,4.0000,-7.7500,-0.456800,-0.463600,-1.275000,0.001092,0.002900,-0.000364,-0.456757,-0.463586,-1.275082,0.001092,0.002900,-0.000364,8.177058e-05,0.002397
2604,3,96.6000,4.0000,-7.7500,-0.459600,-0.466000,-1.285000,0.000817,0.002923,0.000229,-0.459621,-0.466016,-1.285348,0.000817,0.002923,0.000229,3.476954e-04,0.010193
2605,3,105.0000,4.0000,-7.7500,-0.461000,-0.466700,-1.291000,0.000531,0.002941,0.001152,-0.461048,-0.466680,-1.290582,0.000531,0.002941,0.001152,4.183756e-04,0.012265
2606,3,113.4000,4.0000,-7.7500,-0.460800,-0.465600,-1.291000,0.000249,0.002947,0.002291,-0.460780,-0.465621,-1.291101,0.000249,0.002947,0.002291,1.008494e-04,0.002957
2607,3,121.8000,4.0000,-7.7500,-0.458700,-0.462800,-1.287000,-0.000029,0.002943,0.003576,-0.458657,-0.462837,-1.287106,-0.000029,0.002943,0.003576,1.064816e-04,0.003122
2608,3,130.2000,4.0000,-7.7500,-0.454600,-0.458300,-1.279000,-0.000309,0.002932,0.004948,-0.454588,-0.458310,-1.278654,-0.000308,0.002932,0.004948,3.459046e-04,0.010141
2609,3,138.6000,4.0000,-7.7500,-0.448600,-0.452100,-1.266000,-0.000582,0.002913,0.006335,-0.448573,-0.452085,-1.265875,-0.000582,0.002913,0.006335,1.254648e-04,0.003678
2610,3,147.0000,4.0000,-7.7500,-0.440500,-0.443900,-1.248000,-0.000855,0.002884,0.007769,-0.440522,-0.443884,-1.248207,-0.000855,0.002884,0.007769,2.065841e-04,0.006056
2611,3,155.4000,4.0000,-7.7500,-0.431600,-0.434300,-1.226000,-0.001155,0.002857,0.008289,-0.431558,-0.434312,-1.226094,-0.001155,0.002857,0.008289,9.386749e-05,0.002752
2612,3,163.8000,4.0000,-7.7500,-0.420000,-0.423100,-1.201000,-0.001416,0.002635,0.007199,-0.420023,-0.423144,-1.200591,-0.001416,0.002635,0.007199,4.090687e-04,0.011993
2613,3,4.2000,12.0000,-7.7500,-0.310400,-0.530400,-1.420000,0.010110,0.004577,-0.060620,-0.310398,-0.530419,-1.420323,0.010105,0.004577,-0.060622,3.229388e-04,0.009468
2614,3,12.6000,12.0000,-7.7500,-0.522700,-0.555800,-1.294000,0.008791,0.004325,0.077950,-0.522716,-0.555788,-1.293696,0.008791,0.004325,0.077950,3.035610e-04,0.008899
2615,3,21.0000,12.0000,-7.7500,-0.497200,-0.472900,-1.132000,0.008255,0.003833,0.031840,-0.497233,-0.472943,-1.132419,0.008255,0.003833,0.031839,4.194530e-04,0.012297
2616,3,29.4000,12.0000,-7.7500,-0.478200,-0.450000,-1.113000,0.007882,0.003548,0.026010,-0.478173,-0.450012,-1.113439,0.007882,0.003548,0.026008,4.390718e-04,0.012872
2617,3,37.8000,12.0000,-7.7500,-0.457600,-0.435400,-1.116000,0.007460,0.003356,0.021010,-0.457607,-0.435446,-1.115972,0.007460,0.003356,0.021006,4.576500e-05,0.001342
2618,3,46.2000,12.0000,-7.7500,-0.446100,-0.434600,-1.143000,0.006939,0.003236,0.013290,-0.446144,-0.434600,-1.142612,0.006939,0.003236,0.013294,3.876628e-04,0.011365
2619,3,54.6000,12.0000,-7.7500,-0.442100,-0.439100,-1.174000,0.006317,0.003180,0.007123,-0.442104,-0.439112,-1.173912,0.006317,0.003180,0.007123,8.787439e-05,0.002576
2620,3,63.0000,12.0000,-7.7500,-0.442700,-0.445800,-1.204000,0.005618,0.003168,0.002891,-0.442729,-0.445789,-1.204426,0.005618,0.003168,0.002891,4.261673e-04,0.012494
2621,3,71.4000,12.0000,-7.7500,-0.446000,-0.452600,-1.231000,0.004866,0.003188,0.000575,-0.446002,-0.452559,-1.230829,0.004866,0.003188,0.000575,1.709013e-04,0.005010
2622,3,79.8000,12.0000,-7.7500,-0.450100,-0.458300,-1.252000,0.004066,0.003222,-0.000341,-0.450131,-0.458279,-1.251908,0.004066,0.003222,-0.000341,9.229146e-05,0.002706
2623,3,88.2000,12.0000,-7.7500,-0.454000,-0.462500,-1.267000,0.003250,0.003257,-0.000331,-0.453996,-0.462459,-1.267468,0.003250,0.003257,-0.000331,4.679071e-04,0.013718
2624,3,96.6000,12.0000,-7.7500,-0.456800,-0.464900,-1.278000,0.002429,0.003286,0.000255,-0.456830,-0.464877,-1.277660,0.002429,0.003286,0.000256,3.402026e-04,0.009974
2625,3,105.0000,12.0000,-7.7500,-0.458200,-0.465500,-1.283000,0.001587,0.003308,0.001173,-0.458248,-0.465544,-1.282863,0.001587,0.003308,0.001173,1.366942e-04,0.004007
2626,3,113.4000,12.0000,-7.7500,-0.458000,-0.464500,-1.283000,0.000751,0.003325,0.002300,-0.457954,-0.464454,-1.283350,0.000751,0.003325,0.002300,3.501812e-04,0.010266
2627,3,121.8000,12.0000,-7.7500,-0.455800,-0.461700,-1.279000,-0.000081,0.003334,0.003579,-0.455817,-0.461658,-1.279348,-0.000081,0.003334,0.003579,3.475750e-04,0.010190
2628,3,130.2000,12.0000,-7.7500,-0.451800,-0.457100,-1.271000,-0.000909,0.003334,0.004942,-0.451756,-0.457135,-1.270919,-0.000909,0.003334,0.004942,8.135057e-05,0.002385
2629,3,138.6000,12.0000,-7.7500,-0.445800,-0.450900,-1.258000,-0.001730,0.003328,0.006317,-0.445761,-0.450914,-1.258175,-0.001730,0.003328,0.006317,1.754211e-04,0.005143
2630,3,147.0000,12.0000,-7.7500,-0.437700,-0.442700,-1.240000,-0.002540,0.003320,0.007741,-0.437680,-0.442672,-1.240490,-0.002540,0.003320,0.007741,4.898857e-04,0.014362
2631,3,155.4000,12.0000,-7.7500,-0.428800,-0.433100,-1.218000,-0.003322,0.003280,0.008225,-0.428765,-0.433111,-1.218388,-0.003322,0.003280,0.008225,3.882094e-04,0.011381
2632,3,163.8000,12.0000,-7.7500,-0.417000,-0.421800,-1.193000,-0.004089,0.003334,0.007078,-0.416996,-0.421763,-1.192942,-0.004089,0.003334,0.007078,5.807364e-05,0.001703
2633,3,4.2000,20.0000,-7.7500,-0.306900,-0.523500,-1.408000,0.016860,0.006401,-0.060230,-0.306881,-0.523520,-1.408211,0.016864,0.006401,-0.060233,2.109971e-04,0.006186
2634,3,12.6000,20.0000,-7.7500,-0.517500,-0.549100,-1.283000,0.014730,0.006106,0.077080,-0.517528,-0.549134,-1.283361,0.014728,0.006106,0.077080,3.612769e-04,0.010592
2635,3,21.0000,20.0000,-7.7500,-0.492400,-0.467200,-1.124000,0.013810,0.005437,0.031470,-0.492422,-0.467244,-1.123937,0.013807,0.005437,0.031474,6.265236e-05,0.001837
2636,3,29.4000,20.0000,-7.7500,-0.473700,-0.444600,-1.105000,0.013150,0.004984,0.025730,-0.473668,-0.444620,-1.105446,0.013146,0.004984,0.025725,4.457158e-04,0.013067
2637,3,37.8000,20.0000,-7.7500,-0.453400,-0.430300,-1.108000,0.012420,0.004664,0.020790,-0.453402,-0.430254,-1.108234,0.012422,0.004664,0.020790,2.335789e-04,0.006848
2638,3,46.2000,20.0000,-7.7500,-0.442100,-0.429400,-1.135000,0.011540,0.004443,0.013160,-0.442078,-0.429412,-1.134827,0.011541,0.004443,0.013161,1.728342e-04,0.005067
2639,3,54.6000,20.0000,-7.7500,-0.438100,-0.433800,-1.166000,0.010500,0.004323,0.007064,-0.438074,-0.433842,-1.165985,0.010503,0.004323,0.007064,4.222538e-05,0.001238
2640,3,63.0000,20.0000,-7.7500,-0.438700,-0.440400,-1.196000,0.009338,0.004277,0.002879,-0.438681,-0.440407,-1.196328,0.009338,0.004277,0.002879,3.282150e-04,0.009622
2641,3,71.4000,20.0000,-7.7500,-0.441900,-0.447100,-1.223000,0.008087,0.004280,0.000592,-0.441931,-0.447098,-1.222600,0.008087,0.004280,0.000592,3.998049e-04,0.011721
2642,3,79.8000,20.0000,-7.7500,-0.446000,-0.452700,-1.244000,0.006762,0.004312,-0.000310,-0.446030,-0.452743,-1.243563,0.006762,0.004312,-0.000310,4.370747e-04,0.012814
2643,3,88.2000,20.0000,-7.7500,-0.449800,-0.456800,-1.259000,0.005402,0.004350,-0.000295,-0.449843,-0.456846,-1.259018,0.005402,0.004350,-0.000295,4.569585e-05,0.001340
2644,3,96.6000,20.0000,-7.7500,-0.452600,-0.459200,-1.269000,0.004026,0.004391,0.000288,-0.452634,-0.459217,-1.269147,0.004026,0.004391,0.000288,1.473129e-04,0.004319
2645,3,105.0000,20.0000,-7.7500,-0.454000,-0.459800,-1.274000,0.002633,0.004432,0.001207,-0.454005,-0.459839,-1.274289,0.002633,0.004432,0.001207,2.885088e-04,0.008458
2646,3,113.4000,20.0000,-7.7500,-0.453700,-0.458700,-1.275000,0.001241,0.004462,0.002327,-0.453698,-0.458742,-1.274749,0.001241,0.004462,0.002327,2.514301e-04,0.007371
2647,3,121.8000,20.0000,-7.7500,-0.451500,-0.455900,-1.271000,-0.000142,0.004478,0.003599,-0.451544,-0.455932,-1.270722,-0.000142,0.004478,0.003599,2.775159e-04,0.008136
2648,3,130.2000,20.0000,-7.7500,-0.447500,-0.451400,-1.262000,-0.001523,0.004484,0.004950,-0.447460,-0.451400,-1.262262,-0.001523,0.004484,0.004950,2.624659e-04,0.007695
2649,3,138.6000,20.0000,-7.7500,-0.441500,-0.445200,-1.249000,-0.002892,0.004483,0.006311,-0.441455,-0.445186,-1.249465,-0.002892,0.004483,0.006311,4.648670e-04,0.013628
2650,3,147.0000,20.0000,-7.7500,-0.433400,-0.437000,-1.232000,-0.004268,0.004480,0.007732,-0.433368,-0.436978,-1.231680,-0.004268,0.004480,0.007732,3.203944e-04,0.009393
2651,3,155.4000,20.0000,-7.7500,-0.424400,-0.427500,-1.210000,-0.005613,0.004452,0.008211,-0.424354,-0.427476,-1.209535,-0.005613,0.004452,0.008211,4.646497e-04,0.013622
2652,3,163.8000,20.0000,-7.7500,-0.412900,-0.416600,-1.184000,-0.006893,0.004376,0.007172,-0.412916,-0.416602,-1.184389,-0.006893,0.004376,0.007172,3.894428e-04,0.011417
2653,3,4.2000,28.0000,-7.7500,-0.302300,-0.515500,-1.390000,0.023610,0.009568,-0.059670,-0.302287,-0.515505,-1.389787,0.023609,0.009568,-0.059675,2.125655e-04,0.006232
2654,3,12.6000,28.0000,-7.7500,-0.510500,-0.541200,-1.268000,0.020680,0.008955,0.075800,-0.510529,-0.541153,-1.267777,0.020675,0.008955,0.075797,2.234002e-04,0.006549
2655,3,21.0000,28.0000,-7.7500,-0.485900,-0.460500,-1.111000,0.019340,0.007878,0.030920,-0.485945,-0.460481,-1.111146,0.019342,0.007878,0.030920,1.463955e-04,0.004292
2656,3,29.4000,28.0000,-7.7500,-0.467600,-0.438300,-1.093000,0.018400,0.007233,0.025280,-0.467612,-0.438291,-1.093388,0.018396,0.007233,0.025284,3.879449e-04,0.011373
2657,3,37.8000,28.0000,-7.7500,-0.447700,-0.424200,-1.097000,0.017370,0.006770,0.020460,-0.447742,-0.424204,-1.096525,0.017366,0.006770,0.020455,4.753602e-04,0.013936
2658,3,46.2000,28.0000,-7.7500,-0.436700,-0.423400,-1.123000,0.016130,0.006457,0.012960,-0.436659,-0.423421,-1.123057,0.016134,0.006457,0.012959,5.703993e-05,0.001672
2659,3,54.6000,28.0000,-7.7500,-0.432700,-0.427800,-1.154000,0.014680,0.006291,0.006967,-0.432741,-0.427800,-1.154012,0.014679,0.006291,0.006967,4.058411e-05,0.001190
2660,3,63.0000,28.0000,-7.7500,-0.433400,-0.434300,-1.184000,0.013040,0.006234,0.002855,-0.433366,-0.434284,-1.184129,0.013044,0.006234,0.002855,1.291227e-04,0.003785
2661,3,71.4000,28.0000,-7.7500,-0.436600,-0.440900,-1.210000,0.011290,0.006249,0.000616,-0.436567,-0.440857,-1.210170,0.011290,0.006249,0.000616,1.702323e-04,0.004991
2662,3,79.8000,28.0000,-7.7500,-0.440600,-0.446400,-1.231000,0.009440,0.006296,-0.000264,-0.440614,-0.446406,-1.230936,0.009440,0.006296,-0.000264,6.449170e-05,0.001891
2663,3,88.2000,28.0000,-7.7500,-0.444400,-0.450400,-1.246000,0.007542,0.006351,-0.000243,-0.444370,-0.450437,-1.246238,0.007542,0.006351,-0.000243,2.375427e-04,0.006964
2664,3,96.6000,28.0000,-7.7500,-0.447100,-0.452700,-1.256000,0.005619,0.006412,0.000334,-0.447102,-0.452741,-1.256258,0.005619,0.006412,0.000334,2.583327e-04,0.007574
2665,3,105.0000,28.0000,-7.7500,-0.448400,-0.453300,-1.261000,0.003667,0.006469,0.001246,-0.448412,-0.453317,-1.261320,0.003667,0.006469,0.001246,3.203671e-04,0.009392
2666,3,113.4000,28.0000,-7.7500,-0.448100,-0.452200,-1.262000,0.001724,0.006513,0.002364,-0.448052,-0.452180,-1.261713,0.001724,0.006513,0.002364,2.866110e-04,0.008403
2667,3,121.8000,28.0000,-7.7500,-0.445900,-0.449400,-1.258000,-0.000207,0.006539,0.003623,-0.445867,-0.449351,-1.257645,-0.000207,0.006539,0.003623,3.548621e-04,0.010403
2668,3,130.2000,28.0000,-7.7500,-0.441800,-0.444800,-1.249000,-0.002136,0.006542,0.004961,-0.441771,-0.444806,-1.249151,-0.002136,0.006542,0.004961,1.513245e-04,0.004436
2669,3,138.6000,28.0000,-7.7500,-0.435800,-0.438600,-1.236000,-0.004081,0.006540,0.006311,-0.435763,-0.438582,-1.236255,-0.004081,0.006540,0.006311,2.552616e-04,0.007483
2670,3,147.0000,28.0000,-7.7500,-0.427700,-0.430400,-1.218000,-0.006040,0.006487,0.007688,-0.427664,-0.430385,-1.218341,-0.006040,0.006487,0.007688,3.408356e-04,0.009992
2671,3,155.4000,28.0000,-7.7500,-0.418700,-0.421200,-1.196000,-0.008092,0.006721,0.008377,-0.418737,-0.421157,-1.195978,-0.008092,0.006721,0.008377,4.288019e-05,0.001257
2672,3,163.8000,28.0000,-7.7500,-0.405800,-0.409400,-1.169000,-0.009901,0.007539,0.007399,-0.405810,-0.409382,-1.168918,-0.009901,0.007539,0.007399,8.177549e-05,0.002397
2673,3,4.2000,36.0000,-7.7500,-0.297300,-0.507600,-1.366000,0.030780,0.010500,-0.058780,-0.297342,-0.507634,-1.365907,0.030781,0.010497,-0.058781,9.333961e-05,0.002736
2674,3,12.6000,36.0000,-7.7500,-0.501500,-0.531400,-1.246000,0.026670,0.010350,0.074250,-0.501451,-0.531366,-1.246433,0.026672,0.010353,0.074249,4.327172e-04,0.012686
2675,3,21.0000,36.0000,-7.7500,-0.477600,-0.452400,-1.094000,0.024870,0.009182,0.030070,-0.477594,-0.452434,-1.093663,0.024866,0.009182,0.030074,3.365360e-04,0.009866
2676,3,29.4000,36.0000,-7.7500,-0.459700,-0.430800,-1.077000,0.023600,0.008278,0.024690,-0.459723,-0.430774,-1.076856,0.023605,0.008278,0.024686,1.436870e-04,0.004212
2677,3,37.8000,36.0000,-7.7500,-0.440300,-0.417000,-1.080000,0.022280,0.007669,0.019990,-0.440345,-0.417049,-1.080382,0.022281,0.007669,0.019995,3.816944e-04,0.011190
2678,3,46.2000,36.0000,-7.7500,-0.429600,-0.416400,-1.107000,0.020690,0.007246,0.012680,-0.429574,-0.416361,-1.106823,0.020690,0.007246,0.012677,1.765873e-04,0.005177
2679,3,54.6000,36.0000,-7.7500,-0.425800,-0.420700,-1.138000,0.018820,0.007002,0.006822,-0.425804,-0.420724,-1.137516,0.018815,0.007002,0.006822,4.836949e-04,0.014180
2680,3,63.0000,36.0000,-7.7500,-0.426500,-0.427100,-1.167000,0.016720,0.006891,0.002814,-0.426466,-0.427138,-1.167322,0.016717,0.006891,0.002814,3.219272e-04,0.009438
2681,3,71.4000,36.0000,-7.7500,-0.429600,-0.433600,-1.193000,0.014460,0.006877,0.000640,-0.429627,-0.433614,-1.193057,0.014464,0.006877,0.000640,5.733987e-05,0.001681
2682,3,79.8000,36.0000,-7.7500,-0.433600,-0.439100,-1.214000,0.012090,0.006913,-0.000215,-0.433611,-0.439070,-1.213571,0.012090,0.006913,-0.000215,4.293615e-04,0.012588
2683,3,88.2000,36.0000,-7.7500,-0.437300,-0.443000,-1.229000,0.009657,0.006971,-0.000179,-0.437273,-0.442998,-1.228648,0.009657,0.006971,-0.000179,3.524376e-04,0.010332
2684,3,96.6000,36.0000,-7.7500,-0.439900,-0.445200,-1.238000,0.007196,0.007041,0.000394,-0.439921,-0.445226,-1.238489,0.007196,0.007041,0.000394,4.893288e-04,0.014346
2685,3,105.0000,36.0000,-7.7500,-0.441200,-0.445700,-1.243000,0.004694,0.007097,0.001291,-0.441169,-0.445746,-1.243440,0.004694,0.007097,0.001291,4.399638e-04,0.012898
2686,3,113.4000,36.0000,-7.7500,-0.440700,-0.444600,-1.244000,0.002197,0.007140,0.002407,-0.440745,-0.444572,-1.243762,0.002197,0.007140,0.002407,2.384641e-04,0.006991
2687,3,121.8000,36.0000,-7.7500,-0.438500,-0.441700,-1.240000,-0.000284,0.007173,0.003655,-0.438523,-0.441727,-1.239662,-0.000284,0.007173,0.003655,3.378617e-04,0.009905
2688,3,130.2000,36.0000,-7.7500,-0.434400,-0.437100,-1.231000,-0.002760,0.007174,0.004963,-0.434384,-0.437135,-1.231062,-0.002760,0.007174,0.004963,6.186416e-05,0.001814
2689,3,138.6000,36.0000,-7.7500,-0.428400,-0.430900,-1.218000,-0.005240,0.007170,0.006266,-0.428390,-0.430860,-1.218141,-0.005240,0.007170,0.006266,1.408587e-04,0.004130
2690,3,147.0000,36.0000,-7.7500,-0.420500,-0.422700,-1.200000,-0.007902,0.007349,0.007933,-0.420538,-0.422748,-1.200035,-0.007902,0.007349,0.007933,4.751533e-05,0.001393
2691,3,155.4000,36.0000,-7.7500,-0.411500,-0.413400,-1.177000,-0.010940,0.007055,0.008090,-0.411521,-0.413415,-1.176607,-0.010939,0.007055,0.008090,3.925705e-04,0.011509
2692,3,163.8000,36.0000,-7.7500,-0.400300,-0.408000,-1.151000,-0.014940,0.005615,0.007122,-0.400331,-0.408040,-1.150520,-0.014942,0.005615,0.007122,4.803634e-04,0.014083
2693,3,4.2000,44.0000,-7.7500,-0.290700,-0.493600,-1.342000,0.037770,0.008726,-0.055270,-0.290694,-0.493604,-1.342376,0.037771,0.008726,-0.055265,3.763616e-04,0.011034
2694,3,12.6000,44.0000,-7.7500,-0.491800,-0.518200,-1.222000,0.032720,0.010680,0.072460,-0.491821,-0.518237,-1.222024,0.032724,0.010680,0.072464,3.708094e-05,0.001087
2695,3,21.0000,44.0000,-7.7500,-0.467000,-0.440900,-1.073000,0.030190,0.009051,0.028890,-0.466967,-0.440943,-1.073084,0.030194,0.009051,0.028891,8.369767e-05,0.002454
2696,3,29.4000,44.0000,-7.7500,-0.450100,-0.420400,-1.058000,0.028730,0.007943,0.023940,-0.450051,-0.420448,-1.057669,0.028731,0.007943,0.023945,3.313115e-04,0.009713
2697,3,37.8000,44.0000,-7.7500,-0.431200,-0.407100,-1.061000,0.027130,0.007170,0.019380,-0.431201,-0.407107,-1.061455,0.027126,0.007170,0.019377,4.547417e-04,0.013332
2698,3,46.2000,44.0000,-7.7500,-0.420800,-0.406600,-1.088000,0.025180,0.006588,0.012280,-0.420807,-0.406558,-1.087778,0.025183,0.006588,0.012276,2.222257e-04,0.006515
2699,3,54.6000,44.0000,-7.7500,-0.417200,-0.410900,-1.118000,0.022900,0.006212,0.006594,-0.417215,-0.410865,-1.118156,0.022898,0.006212,0.006594,1.555353e-04,0.004560
2700,3,63.0000,44.0000,-7.7500,-0.417900,-0.417100,-1.148000,0.020340,0.006004,0.002717,-0.417927,-0.417148,-1.147615,0.020338,0.006004,0.002717,3.853251e-04,0.011297
2701,3,71.4000,44.0000,-7.7500,-0.421000,-0.423500,-1.173000,0.017590,0.005923,0.000626,-0.421042,-0.423470,-1.173012,0.017588,0.005923,0.000626,4.167502e-05,0.001222
2702,3,79.8000,44.0000,-7.7500,-0.424900,-0.428800,-1.193000,0.014710,0.005914,-0.000192,-0.424924,-0.428768,-1.193236,0.014705,0.005914,-0.000192,2.360158e-04,0.006919
2703,3,88.2000,44.0000,-7.7500,-0.428500,-0.432600,-1.208000,0.011740,0.005936,-0.000134,-0.428508,-0.432575,-1.208101,0.011742,0.005936,-0.000134,1.007782e-04,0.002955
2704,3,96.6000,44.0000,-7.7500,-0.431100,-0.434700,-1.218000,0.008739,0.005979,0.000445,-0.431061,-0.434693,-1.217760,0.008739,0.005979,0.000445,2.397774e-04,0.007030
2705,3,105.0000,44.0000,-7.7500,-0.432200,-0.435100,-1.223000,0.005695,0.006033,0.001339,-0.432229,-0.435137,-1.222584,0.005695,0.006033,0.001339,4.159705e-04,0.012195
2706,3,113.4000,44.0000,-7.7500,-0.431700,-0.433900,-1.223000,0.002654,0.006078,0.002446,-0.431732,-0.433894,-1.222810,0.002654,0.006078,0.002446,1.898612e-04,0.005566
2707,3,121.8000,44.0000,-7.7500,-0.429500,-0.431100,-1.219000,-0.000370,0.006106,0.003690,-0.429483,-0.431054,-1.218714,-0.000370,0.006106,0.003690,2.855441e-04,0.008371
2708,3,130.2000,44.0000,-7.7500,-0.425300,-0.426400,-1.210000,-0.003391,0.006118,0.004963,-0.425274,-0.426379,-1.209951,-0.003391,0.006118,0.004963,4.868248e-05,0.001427
2709,3,138.6000,44.0000,-7.7500,-0.419500,-0.420400,-1.197000,-0.006384,0.006131,0.006172,-0.419528,-0.420394,-1.197446,-0.006384,0.006131,0.006172,4.458953e-04,0.013072
2710,3,147.0000,44.0000,-7.7500,-0.410800,-0.410900,-1.178000,-0.009494,0.006369,0.008726,-0.410761,-0.410912,-1.177558,-0.009494,0.006369,0.008726,4.415552e-04,0.012945
2711,3,155.4000,44.0000,-7.7500,-0.408000,-0.403300,-1.155000,-0.014720,0.006241,0.006883,-0.407968,-0.403257,-1.154950,-0.014719,0.006241,0.006883,5.037717e-05,0.001477
2712,3,163.8000,44.0000,-7.7500,-0.394400,-0.395200,-1.147000,-0.020760,-0.005310,-0.004073,-0.394352,-0.395157,-1.146916,-0.020762,-0.005310,-0.004073,8.352052e-05,0.002449
2713,3,4.2000,4.0000,-15.2500,-0.292100,-0.398800,-1.150000,0.004025,0.002476,-0.195300,-0.292060,-0.398761,-1.150058,0.004025,0.002476,-0.195255,5.819777e-05,0.001706
2714,3,12.6000,4.0000,-15.2500,-0.368200,-0.451200,-1.231000,0.003505,0.002634,-0.002698,-0.368193,-0.451220,-1.231265,0.003505,0.002634,-0.002698,2.647253e-04,0.007761
2715,3,21.0000,4.0000,-15.2500,-0.401100,-0.426400,-1.160000,0.003199,0.002482,0.056930,-0.401138,-0.426367,-1.159906,0.003199,0.002482,0.056930,9.386211e-05,0.002752
2716,3,29.4000,4.0000,-15.2500,-0.373300,-0.389800,-1.118000,0.002965,0.002312,0.049020,-0.373256,-0.389831,-1.118436,0.002965,0.002312,0.049025,4.355096e-04,0.012768
2717,3,37.8000,4.0000,-15.2500,-0.369000,-0.385700,-1.133000,0.002727,0.002196,0.034510,-0.368990,-0.385681,-1.132749,0.002727,0.002196,0.034508,2.507315e-04,0.007351
2718,3,46.2000,4.0000,-15.2500,-0.371200,-0.388500,-1.156000,0.002481,0.002132,0.019490,-0.371174,-0.388491,-1.156406,0.002481,0.002132,0.019494,4.057326e-04,0.011895
2719,3,54.6000,4.0000,-15.2500,-0.378200,-0.396100,-1.185000,0.002225,0.002112,0.008535,-0.378218,-0.396080,-1.185425,0.002225,0.002112,0.008535,4.250346e-04,0.012461
2720,3,63.0000,4.0000,-15.2500,-0.386900,-0.404600,-1.213000,0.001959,0.002118,0.001710,-0.386905,-0.404622,-1.213354,0.001959,0.002118,0.001710,3.543372e-04,0.010388
2721,3,71.4000,4.0000,-15.2500,-0.395600,-0.412600,-1.238000,0.001683,0.002136,-0.001745,-0.395636,-0.412555,-1.237804,0.001683,0.002136,-0.001745,1.957705e-04,0.005739
2722,3,79.8000,4.0000,-15.2500,-0.403500,-0.419100,-1.258000,0.001403,0.002163,-0.002817,-0.403476,-0.419056,-1.257577,0.001403,0.002163,-0.002817,4.230057e-04,0.012401
2723,3,88.2000,4.0000,-15.2500,-0.410000,-0.423800,-1.272000,0.001120,0.002190,-0.002375,-0.409966,-0.423820,-1.272322,0.001120,0.002190,-0.002375,3.216477e-04,0.009430
2724,3,96.6000,4.0000,-15.2500,-0.414800,-0.426800,-1.282000,0.000834,0.002213,-0.001027,-0.414829,-0.426754,-1.282040,0.000834,0.002213,-0.001027,4.612352e-05,0.001352
2725,3,105.0000,4.0000,-15.2500,-0.418000,-0.427900,-1.287000,0.000544,0.002233,0.000843,-0.417998,-0.427936,-1.286950,0.000544,0.002233,0.000843,4.966881e-05,0.001456
2726,3,113.4000,4.0000,-15.2500,-0.419500,-0.427500,-1.287000,0.000253,0.002243,0.003029,-0.419460,-0.427463,-1.287277,0.000253,0.002243,0.003029,2.773618e-04,0.008131
2727,3,121.8000,4.0000,-15.2500,-0.419100,-0.425300,-1.283000,-0.000036,0.002248,0.005428,-0.419122,-0.425331,-1.283126,-0.000036,0.002248,0.005428,1.260338e-04,0.003695
2728,3,130.2000,4.0000,-15.2500,-0.417000,-0.421600,-1.275000,-0.000326,0.002252,0.007965,-0.417033,-0.421635,-1.274682,-0.000326,0.002252,0.007965,3.176656e-04,0.009313
2729,3,138.6000,4.0000,-15.2500,-0.413000,-0.416200,-1.262000,-0.000612,0.002250,0.010560,-0.412984,-0.416217,-1.261778,-0.000612,0.002250,0.010563,2.217333e-04,0.006501
2730,3,147.0000,4.0000,-15.2500,-0.407300,-0.409300,-1.245000,-0.000897,0.002237,0.012870,-0.407329,-0.409293,-1.244631,-0.000897,0.002237,0.012868,3.689336e-04,0.010816
2731,3,155.4000,4.0000,-15.2500,-0.399600,-0.400700,-1.223000,-0.001176,0.002229,0.014450,-0.399626,-0.400728,-1.223415,-0.001176,0.002229,0.014452,4.146407e-04,0.012156
2732,3,163.8000,4.0000,-15.2500,-0.390000,-0.390800,-1.199000,-0.001439,0.002222,0.015090,-0.390001,-0.390816,-1.198804,-0.001439,0.002222,0.015086,1.961036e-04,0.005749
2733,3,4.2000,12.0000,-15.2500,-0.290700,-0.397200,-1.144000,0.011960,0.006436,-0.194300,-0.290656,-0.397178,-1.144114,0.011956,0.006436,-0.194349,1.141769e-04,0.003347
2734,3,12.6000,12.0000,-15.2500,-0.366200,-0.449300,-1.225000,0.010580,0.006907,-0.002852,-0.366188,-0.449299,-1.225048,0.010579,0.006907,-0.002852,4.810922e-05,0.001410
2735,3,21.0000,12.0000,-15.2500,-0.399000,-0.424600,-1.154000,0.009633,0.006524,0.056550,-0.398962,-0.424623,-1.154375,0.009633,0.006524,0.056549,3.750285e-04,0.010995
2736,3,29.4000,12.0000,-15.2500,-0.371300,-0.388400,-1.113000,0.008890,0.006060,0.048750,-0.371347,-0.388352,-1.113368,0.008890,0.006060,0.048754,3.676801e-04,0.010779
2737,3,37.8000,12.0000,-15.2500,-0.367100,-0.384200,-1.128000,0.008168,0.005714,0.034330,-0.367121,-0.384242,-1.127733,0.008168,0.005714,0.034335,2.671515e-04,0.007832
2738,3,46.2000,12.0000,-15.2500,-0.369300,-0.387100,-1.151000,0.007423,0.005510,0.019410,-0.369311,-0.387070,-1.151378,0.007423,0.005510,0.019410,3.778209e-04,0.011077
2739,3,54.6000,12.0000,-15.2500,-0.376300,-0.394600,-1.180000,0.006652,0.005424,0.008514,-0.376330,-0.394643,-1.180320,0.006652,0.005424,0.008514,3.196040e-04,0.009370
2740,3,63.0000,12.0000,-15.2500,-0.385000,-0.403200,-1.208000,0.005854,0.005417,0.001721,-0.384987,-0.403158,-1.208155,0.005854,0.005417,0.001721,1.552919e-04,0.004553
2741,3,71.4000,12.0000,-15.2500,-0.393700,-0.411100,-1.233000,0.005037,0.005457,-0.001711,-0.393676,-0.411060,-1.232520,0.005037,0.005457,-0.001711,4.800899e-04,0.014075
2742,3,79.8000,12.0000,-15.2500,-0.401500,-0.417500,-1.252000,0.004200,0.005517,-0.002771,-0.401486,-0.417534,-1.252215,0.004200,0.005517,-0.002771,2.151834e-04,0.006309
2743,3,88.2000,12.0000,-15.2500,-0.407900,-0.422300,-1.267000,0.003352,0.005579,-0.002331,-0.407931,-0.422265,-1.266882,0.003352,0.005579,-0.002331,1.177788e-04,0.003453
2744,3,96.6000,12.0000,-15.2500,-0.412800,-0.425200,-1.277000,0.002494,0.005641,-0.000991,-0.412782,-0.425191,-1.276567,0.002494,0.005641,-0.000991,4.326386e-04,0.012684
2745,3,105.0000,12.0000,-15.2500,-0.415900,-0.426400,-1.281000,0.001624,0.005692,0.000873,-0.415931,-0.426359,-1.281441,0.001624,0.005692,0.000872,4.410493e-04,0.012930
2746,3,113.4000,12.0000,-15.2500,-0.417400,-0.425900,-1.282000,0.000757,0.005726,0.003051,-0.417373,-0.425867,-1.281740,0.000757,0.005726,0.003051,2.604346e-04,0.007635
2747,3,121.8000,12.0000,-15.2500,-0.417000,-0.423700,-1.278000,-0.000110,0.005750,0.005443,-0.417042,-0.423743,-1.277592,-0.000110,0.005750,0.005443,4.075383e-04,0.011948
2748,3,130.2000,12.0000,-15.2500,-0.414900,-0.420000,-1.269000,-0.000973,0.005760,0.007971,-0.414938,-0.420037,-1.269138,-0.000973,0.005760,0.007971,1.375699e-04,0.004033
2749,3,138.6000,12.0000,-15.2500,-0.410900,-0.414600,-1.256000,-0.001831,0.005752,0.010560,-0.410898,-0.414626,-1.256244,-0.001831,0.005752,0.010558,2.441872e-04,0.007159
2750,3,147.0000,12.0000,-15.2500,-0.405200,-0.407700,-1.239000,-0.002677,0.005734,0.012850,-0.405235,-0.407697,-1.239105,-0.002677,0.005734,0.012850,1.046665e-04,0.003068
2751,3,155.4000,12.0000,-15.2500,-0.397500,-0.399200,-1.218000,-0.003491,0.005705,0.014430,-0.397540,-0.399156,-1.217943,-0.003491,0.005705,0.014427,5.748454e-05,0.001685
2752,3,163.8000,12.0000,-15.2500,-0.387900,-0.389300,-1.193000,-0.004287,0.005695,0.015080,-0.387916,-0.389274,-1.193408,-0.004287,0.005695,0.015084,4.078549e-04,0.011957
2753,3,4.2000,20.0000,-15.2500,-0.287700,-0.393000,-1.134000,0.019810,0.009621,-0.192700,-0.287656,-0.393008,-1.133718,0.019813,0.009621,-0.192715,2.819250e-04,0.008265
2754,3,12.6000,20.0000,-15.2500,-0.362700,-0.444900,-1.215000,0.017620,0.010400,-0.003036,-0.362654,-0.444928,-1.214568,0.017621,0.010397,-0.003036,4.321491e-04,0.012669
2755,3,21.0000,20.0000,-15.2500,-0.395200,-0.420600,-1.145000,0.016060,0.009858,0.055880,-0.395230,-0.420646,-1.145085,0.016060,0.009858,0.055879,8.544260e-05,0.002505
2756,3,29.4000,20.0000,-15.2500,-0.367900,-0.384800,-1.105000,0.014790,0.009134,0.048220,-0.367944,-0.384824,-1.104812,0.014794,0.009134,0.048216,1.875346e-04,0.005498
2757,3,37.8000,20.0000,-15.2500,-0.363800,-0.380800,-1.119000,0.013580,0.008560,0.033980,-0.363817,-0.380828,-1.119317,0.013585,0.008560,0.033977,3.172069e-04,0.009300
2758,3,46.2000,20.0000,-15.2500,-0.366000,-0.383700,-1.143000,0.012340,0.008203,0.019220,-0.366023,-0.383675,-1.142959,0.012343,0.008203,0.019220,4.120780e-05,0.001208
2759,3,54.6000,20.0000,-15.2500,-0.373000,-0.391200,-1.172000,0.011060,0.008036,0.008444,-0.373005,-0.391201,-1.171798,0.011059,0.008036,0.008444,2.019987e-04,0.005922
2760,3,63.0000,20.0000,-15.2500,-0.381600,-0.399600,-1.199000,0.009733,0.008000,0.001725,-0.381600,-0.399643,-1.199492,0.009733,0.008000,0.001725,4.923327e-04,0.014434
2761,3,71.4000,20.0000,-15.2500,-0.390200,-0.407500,-1.224000,0.008372,0.008041,-0.001660,-0.390219,-0.407471,-1.223718,0.008372,0.008041,-0.001660,2.823356e-04,0.008277
2762,3,79.8000,20.0000,-15.2500,-0.398000,-0.413900,-1.243000,0.006982,0.008117,-0.002700,-0.397974,-0.413884,-1.243298,0.006982,0.008117,-0.002700,2.978752e-04,0.008733
2763,3,88.2000,20.0000,-15.2500,-0.404400,-0.418500,-1.258000,0.005571,0.008205,-0.002255,-0.404356,-0.418546,-1.257846,0.005571,0.008205,-0.002255,1.539006e-04,0.004512
2764,3,96.6000,20.0000,-15.2500,-0.409200,-0.421400,-1.267000,0.004142,0.008296,-0.000926,-0.409162,-0.421437,-1.267452,0.004142,0.008296,-0.000926,4.515569e-04,0.013238
2765,3,105.0000,20.0000,-15.2500,-0.412300,-0.422600,-1.272000,0.002700,0.008372,0.000923,-0.412287,-0.422584,-1.272277,0.002700,0.008372,0.000923,2.771828e-04,0.008126
2766,3,113.4000,20.0000,-15.2500,-0.413700,-0.422100,-1.273000,0.001256,0.008429,0.003091,-0.413694,-0.422063,-1.272524,0.001256,0.008429,0.003091,4.756332e-04,0.013944
2767,3,121.8000,20.0000,-15.2500,-0.413400,-0.419900,-1.268000,-0.000187,0.008470,0.005470,-0.413365,-0.419937,-1.268365,-0.000187,0.008470,0.005470,3.649683e-04,0.010700
2768,3,130.2000,20.0000,-15.2500,-0.411200,-0.416200,-1.260000,-0.001627,0.008489,0.007981,-0.411226,-0.416209,-1.259882,-0.001627,0.008489,0.007981,1.177161e-04,0.003451
2769,3,138.6000,20.0000,-15.2500,-0.407200,-0.410800,-1.247000,-0.003057,0.008475,0.010550,-0.407178,-0.410790,-1.246965,-0.003057,0.008475,0.010546,3.523288e-05,0.001033
2770,3,147.0000,20.0000,-15.2500,-0.401500,-0.403900,-1.230000,-0.004490,0.008423,0.012800,-0.401537,-0.403906,-1.229814,-0.004490,0.008423,0.012802,1.859463e-04,0.005451
2771,3,155.4000,20.0000,-15.2500,-0.393700,-0.395300,-1.208000,-0.005881,0.008381,0.014370,-0.393663,-0.395299,-1.208456,-0.005881,0.008381,0.014367,4.562642e-04,0.013376
2772,3,163.8000,20.0000,-15.2500,-0.383700,-0.385200,-1.183000,-0.007195,0.008414,0.015070,-0.383715,-0.385175,-1.183473,-0.007195,0.008414,0.015075,4.733337e-04,0.013877
2773,3,4.2000,28.0000,-15.2500,-0.283900,-0.387500,-1.120000,0.027660,0.012470,-0.190300,-0.283918,-0.387502,-1.119684,0.027658,0.012466,-0.190284,3.161973e-04,0.009270
2774,3,12.6000,28.0000,-15.2500,-0.357900,-0.438700,-1.200000,0.024640,0.013690,-0.003226,-0.357911,-0.438693,-1.200015,0.024644,0.013690,-0.003226,1.454296e-05,0.000426
2775,3,21.0000,28.0000,-15.2500,-0.390100,-0.414900,-1.132000,0.022420,0.013020,0.054920,-0.390092,-0.414870,-1.132093,0.022415,0.013022,0.054920,9.303678e-05,0.002728
2776,3,29.4000,28.0000,-15.2500,-0.363300,-0.379700,-1.093000,0.020660,0.012040,0.047420,-0.363291,-0.379717,-1.092896,0.020659,0.012038,0.047416,1.036508e-04,0.003039
2777,3,37.8000,28.0000,-15.2500,-0.359300,-0.375900,-1.108000,0.018960,0.011240,0.033430,-0.359264,-0.375852,-1.107581,0.018964,0.011240,0.033425,4.194841e-04,0.012298
2778,3,46.2000,28.0000,-15.2500,-0.361500,-0.378700,-1.131000,0.017230,0.010730,0.018910,-0.361499,-0.378726,-1.131223,0.017233,0.010726,0.018915,2.234224e-04,0.006550
2779,3,54.6000,28.0000,-15.2500,-0.368400,-0.386200,-1.160000,0.015440,0.010470,0.008320,-0.368435,-0.386192,-1.159931,0.015441,0.010470,0.008320,6.936696e-05,0.002034
2780,3,63.0000,28.0000,-15.2500,-0.377000,-0.394500,-1.187000,0.013590,0.010400,0.001720,-0.376963,-0.394545,-1.187455,0.013591,0.010397,0.001720,4.549538e-04,0.013338
2781,3,71.4000,28.0000,-15.2500,-0.385500,-0.402300,-1.211000,0.011690,0.010440,-0.001601,-0.385488,-0.402258,-1.211490,0.011688,0.010437,-0.001601,4.903397e-04,0.014375
2782,3,79.8000,28.0000,-15.2500,-0.393200,-0.408600,-1.231000,0.009745,0.010530,-0.002614,-0.393163,-0.408580,-1.230913,0.009745,0.010529,-0.002614,8.726011e-05,0.002558
2783,3,88.2000,28.0000,-15.2500,-0.399500,-0.413200,-1.245000,0.007772,0.010640,-0.002160,-0.399493,-0.413188,-1.245346,0.007772,0.010638,-0.002160,3.455467e-04,0.010130
2784,3,96.6000,28.0000,-15.2500,-0.404200,-0.416000,-1.255000,0.005779,0.010750,-0.000837,-0.404211,-0.415989,-1.254812,0.005779,0.010746,-0.000837,1.878131e-04,0.005506
2785,3,105.0000,28.0000,-15.2500,-0.407300,-0.417100,-1.260000,0.003763,0.010840,0.000996,-0.407286,-0.417085,-1.259546,0.003763,0.010841,0.000996,4.542596e-04,0.013317
2786,3,113.4000,28.0000,-15.2500,-0.408700,-0.416500,-1.260000,0.001745,0.010920,0.003147,-0.408655,-0.416536,-1.259733,0.001745,0.010916,0.003147,2.669173e-04,0.007825
2787,3,121.8000,28.0000,-15.2500,-0.408300,-0.414400,-1.256000,-0.000266,0.010970,0.005510,-0.408309,-0.414401,-1.255547,-0.000266,0.010971,0.005510,4.526331e-04,0.013270
2788,3,130.2000,28.0000,-15.2500,-0.406200,-0.410600,-1.247000,-0.002275,0.011000,0.008000,-0.406152,-0.410649,-1.247028,-0.002275,0.010999,0.008000,4.889470e-05,0.001433
2789,3,138.6000,28.0000,-15.2500,-0.402100,-0.405300,-1.234000,-0.004304,0.010970,0.010510,-0.402131,-0.405264,-1.234087,-0.004304,0.010967,0.010510,8.686807e-05,0.002547
2790,3,147.0000,28.0000,-15.2500,-0.396400,-0.398300,-1.217000,-0.006316,0.010830,0.012670,-0.396365,-0.398278,-1.216728,-0.006316,0.010834,0.012667,2.719976e-04,0.007974
2791,3,155.4000,28.0000,-15.2500,-0.388600,-0.390100,-1.195000,-0.008462,0.010500,0.014130,-0.388627,-0.390063,-1.195173,-0.008462,0.010501,0.014131,1.734994e-04,0.005086
2792,3,163.8000,28.0000,-15.2500,-0.378800,-0.381200,-1.170000,-0.010420,0.009896,0.014780,-0.378843,-0.381170,-1.170250,-0.010419,0.009896,0.014782,2.501234e-04,0.007333
2793,3,4.2000,36.0000,-15.2500,-0.279400,-0.380500,-1.102000,0.035450,0.014670,-0.187000,-0.279424,-0.380457,-1.102331,0.035452,0.014666,-0.186988,3.305269e-04,0.009690
2794,3,12.6000,36.0000,-15.2500,-0.351900,-0.430700,-1.181000,0.031590,0.016470,-0.003305,-0.351944,-0.430654,-1.181342,0.031590,0.016474,-0.003305,3.418066e-04,0.010021
2795,3,21.0000,36.0000,-15.2500,-0.383600,-0.407500,-1.115000,0.028730,0.015750,0.053660,-0.383595,-0.407483,-1.115189,0.028725,0.015749,0.053660,1.894040e-04,0.005553
2796,3,29.4000,36.0000,-15.2500,-0.357300,-0.373100,-1.077000,0.026440,0.014470,0.046320,-0.357259,-0.373093,-1.077328,0.026442,0.014469,0.046324,3.282583e-04,0.009624
2797,3,37.8000,36.0000,-15.2500,-0.353400,-0.369500,-1.092000,0.024290,0.013420,0.032670,-0.353425,-0.369481,-1.092300,0.024291,0.013420,0.032672,2.996105e-04,0.008784
2798,3,46.2000,36.0000,-15.2500,-0.355700,-0.372400,-1.116000,0.022080,0.012740,0.018490,-0.355662,-0.372355,-1.115891,0.022082,0.012741,0.018488,1.088486e-04,0.003191
2799,3,54.6000,36.0000,-15.2500,-0.362500,-0.379700,-1.144000,0.019790,0.012380,0.008132,-0.362546,-0.379736,-1.144426,0.019788,0.012384,0.008132,4.255269e-04,0.012475
2800,3,63.0000,36.0000,-15.2500,-0.371000,-0.388000,-1.172000,0.017420,0.012250,0.001690,-0.370982,-0.387968,-1.171732,0.017420,0.012253,0.001690,2.683061e-04,0.007866
2801,3,71.4000,36.0000,-15.2500,-0.379400,-0.395500,-1.196000,0.014980,0.012270,-0.001541,-0.379403,-0.395550,-1.195535,0.014984,0.012274,-0.001541,4.649654e-04,0.013631
2802,3,79.8000,36.0000,-15.2500,-0.387000,-0.401700,-1.215000,0.012490,0.012370,-0.002517,-0.386974,-0.401747,-1.214749,0.012490,0.012370,-0.002517,2.509028e-04,0.007356
2803,3,88.2000,36.0000,-15.2500,-0.393200,-0.406200,-1.229000,0.009957,0.012490,-0.002050,-0.393201,-0.406242,-1.229002,0.009957,0.012489,-0.002050,4.206080e-05,0.001233
2804,3,96.6000,36.0000,-15.2500,-0.397800,-0.409000,-1.238000,0.007399,0.012610,-0.000731,-0.397850,-0.408977,-1.238332,0.007399,0.012611,-0.000731,3.322877e-04,0.009742
2805,3,105.0000,36.0000,-15.2500,-0.400900,-0.410000,-1.243000,0.004813,0.012720,0.001084,-0.400888,-0.410039,-1.242984,0.004813,0.012717,0.001084,3.936755e-05,0.001154
2806,3,113.4000,36.0000,-15.2500,-0.402200,-0.409400,-1.243000,0.002225,0.012800,0.003216,-0.402200,-0.409444,-1.243099,0.002225,0.012798,0.003216,9.887431e-05,0.002899
2807,3,121.8000,36.0000,-15.2500,-0.401800,-0.407300,-1.239000,-0.000355,0.012860,0.005564,-0.401806,-0.407266,-1.238839,-0.000355,0.012863,0.005564,1.606887e-04,0.004711
2808,3,130.2000,36.0000,-15.2500,-0.399700,-0.403500,-1.230000,-0.002929,0.012890,0.008021,-0.399663,-0.403542,-1.230336,-0.002929,0.012892,0.008021,3.355766e-04,0.009838
2809,3,138.6000,36.0000,-15.2500,-0.395500,-0.398000,-1.217000,-0.005512,0.012860,0.010500,-0.395540,-0.398001,-1.217199,-0.005512,0.012857,0.010497,1.994548e-04,0.005847
2810,3,147.0000,36.0000,-15.2500,-0.390100,-0.391100,-1.200000,-0.008276,0.012660,0.012380,-0.390122,-0.391149,-1.199632,-0.008276,0.012662,0.012378,3.683768e-04,0.010800
2811,3,155.4000,36.0000,-15.2500,-0.382600,-0.383100,-1.179000,-0.011320,0.011530,0.013000,-0.382555,-0.383090,-1.178584,-0.011325,0.011525,0.012996,4.155918e-04,0.012184
2812,3,163.8000,36.0000,-15.2500,-0.373600,-0.375900,-1.156000,-0.014210,0.008987,0.013530,-0.373643,-0.375925,-1.156430,-0.014205,0.008987,0.013534,4.297970e-04,0.012600
2813,3,4.2000,44.0000,-15.2500,-0.273500,-0.370800,-1.082000,0.043020,0.016960,-0.182700,-0.273504,-0.370775,-1.081643,0.043015,0.016957,-0.182747,3.567138e-04,0.010458
2814,3,12.6000,44.0000,-15.2500,-0.345000,-0.420500,-1.159000,0.038320,0.019020,-0.003349,-0.344951,-0.420545,-1.158915,0.038322,0.019018,-0.003349,8.546947e-05,0.002506
2815,3,21.0000,44.0000,-15.2500,-0.375600,-0.398000,-1.095000,0.034840,0.017890,0.052020,-0.375593,-0.398023,-1.094556,0.034842,0.017889,0.052023,4.439576e-04,0.013015
2816,3,29.4000,44.0000,-15.2500,-0.349700,-0.364600,-1.058000,0.032120,0.016230,0.044880,-0.349711,-0.364626,-1.058277,0.032124,0.016228,0.044884,2.771490e-04,0.008125
2817,3,37.8000,44.0000,-15.2500,-0.346200,-0.361300,-1.074000,0.029550,0.014870,0.031680,-0.346152,-0.361308,-1.073595,0.029553,0.014868,0.031684,4.049490e-04,0.011872
2818,3,46.2000,44.0000,-15.2500,-0.348400,-0.364200,-1.097000,0.026890,0.013980,0.017910,-0.348408,-0.364180,-1.097121,0.026887,0.013979,0.017907,1.212188e-04,0.003554
2819,3,54.6000,44.0000,-15.2500,-0.355200,-0.371400,-1.125000,0.024100,0.013490,0.007856,-0.355233,-0.371446,-1.125452,0.024105,0.013491,0.007856,4.516965e-04,0.013242
2820,3,63.0000,44.0000,-15.2500,-0.363600,-0.379500,-1.152000,0.021220,0.013290,0.001614,-0.363552,-0.379508,-1.152495,0.021222,0.013290,0.001614,4.952879e-04,0.014520
2821,3,71.4000,44.0000,-15.2500,-0.371900,-0.386900,-1.176000,0.018250,0.013270,-0.001498,-0.371857,-0.386926,-1.176030,0.018254,0.013274,-0.001498,4.315561e-05,0.001265
2822,3,79.8000,44.0000,-15.2500,-0.379300,-0.393000,-1.195000,0.015220,0.013360,-0.002421,-0.379294,-0.392955,-1.194984,0.015216,0.013356,-0.002421,4.474575e-05,0.001312
2823,3,88.2000,44.0000,-15.2500,-0.385400,-0.397300,-1.209000,0.012120,0.013470,-0.001936,-0.385403,-0.397309,-1.209026,0.012123,0.013471,-0.001936,2.555232e-05,0.000749
2824,3,96.6000,44.0000,-15.2500,-0.390000,-0.399900,-1.218000,0.008997,0.013590,-0.000620,-0.389965,-0.399942,-1.218193,0.008997,0.013594,-0.000620,1.927378e-04,0.005650
2825,3,105.0000,44.0000,-15.2500,-0.392900,-0.400900,-1.223000,0.005846,0.013710,0.001181,-0.392925,-0.400933,-1.222724,0.005846,0.013709,0.001181,2.758040e-04,0.008086
2826,3,113.4000,44.0000,-15.2500,-0.394200,-0.400300,-1.223000,0.002691,0.013800,0.003292,-0.394205,-0.400316,-1.222789,0.002691,0.013796,0.003292,2.113691e-04,0.006197
2827,3,121.8000,44.0000,-15.2500,-0.393800,-0.398100,-1.218000,-0.000452,0.013860,0.005626,-0.393761,-0.398111,-1.218462,-0.000452,0.013863,0.005626,4.617944e-04,0.013538
2828,3,130.2000,44.0000,-15.2500,-0.391700,-0.394500,-1.210000,-0.003586,0.013890,0.008037,-0.391673,-0.394459,-1.210048,-0.003586,0.013895,0.008037,4.750794e-05,0.001393
2829,3,138.6000,44.0000,-15.2500,-0.387200,-0.388600,-1.196000,-0.006691,0.013900,0.010560,-0.387211,-0.388600,-1.196483,-0.006691,0.013898,0.010561,4.831146e-04,0.014163
2830,3,147.0000,44.0000,-15.2500,-0.382900,-0.381900,-1.179000,-0.010070,0.013650,0.011890,-0.382871,-0.381891,-1.178912,-0.010070,0.013653,0.011891,8.829023e-05,0.002588
2831,3,155.4000,44.0000,-15.2500,-0.377000,-0.374700,-1.160000,-0.014010,0.012490,0.010660,-0.377035,-0.374692,-1.160419,-0.014013,0.012487,0.010665,4.186780e-04,0.012274
2832,3,163.8000,44.0000,-15.2500,-0.367700,-0.367000,-1.145000,-0.017670,0.008978,0.010090,-0.367693,-0.367044,-1.144626,-0.017671,0.008978,0.010088,3.743246e-04,0.010974
2833,4,4.2000,4.0000,-36.5000,-0.002593,-0.007808,-0.120800,0.000948,0.001472,-0.103700,-0.002593,-0.007808,-0.120799,0.000948,0.001472,-0.103699,1.014847e-06,0.000030
2834,4,12.6000,4.0000,-36.5000,0.002727,-0.008994,-0.135500,0.000873,0.001616,-0.081490,0.002727,-0.008994,-0.135475,0.000873,0.001616,-0.081492,2.450962e-05,0.000719
2835,4,21.0000,4.0000,-36.5000,-0.002885,-0.015530,-0.152100,0.000795,0.001711,-0.063050,-0.002885,-0.015533,-0.152112,0.000795,0.001711,-0.063054,1.164791e-05,0.000341
2836,4,29.4000,4.0000,-36.5000,-0.011590,-0.022830,-0.167100,0.000721,0.001773,-0.051250,-0.011590,-0.022829,-0.167052,0.000721,0.001773,-0.051254,4.795121e-05,0.001406
2837,4,37.8000,4.0000,-36.5000,-0.018720,-0.028400,-0.178800,0.000650,0.001819,-0.043590,-0.018720,-0.028399,-0.178772,0.000650,0.001819,-0.043587,2.843494e-05,0.000834
2838,4,46.2000,4.0000,-36.5000,-0.024440,-0.032690,-0.188200,0.000582,0.001858,-0.037700,-0.024439,-0.032692,-0.188243,0.000582,0.001858,-0.037700,4.260078e-05,0.001249
2839,4,54.6000,4.0000,-36.5000,-0.028820,-0.035910,-0.195900,0.000516,0.001892,-0.032660,-0.028816,-0.035906,-0.195894,0.000516,0.001892,-0.032658,6.087019e-06,0.000178
2840,4,63.0000,4.0000,-36.5000,-0.032170,-0.038320,-0.202100,0.000452,0.001922,-0.027930,-0.032174,-0.038323,-0.202111,0.000452,0.001922,-0.027930,1.074311e-05,0.000315
2841,4,71.4000,4.0000,-36.5000,-0.034800,-0.040150,-0.207100,0.000387,0.001949,-0.023290,-0.034796,-0.040154,-0.207141,0.000387,0.001949,-0.023294,4.068050e-05,0.001193
2842,4,79.8000,4.0000,-36.5000,-0.036880,-0.041540,-0.211100,0.000322,0.001974,-0.018670,-0.036883,-0.041543,-0.211136,0.000322,0.001974,-0.018672,3.559392e-05,0.001044
2843,4,88.2000,4.0000,-36.5000,-0.038580,-0.042590,-0.214200,0.000257,0.001995,-0.014060,-0.038579,-0.042590,-0.214196,0.000256,0.001995,-0.014058,3.878901e-06,0.000114
2844,4,96.6000,4.0000,-36.5000,-0.039960,-0.043350,-0.216400,0.000190,0.002011,-0.009475,-0.039959,-0.043352,-0.216380,0.000190,0.002011,-0.009475,1.984076e-05,0.000582
2845,4,105.0000,4.0000,-36.5000,-0.041060,-0.043870,-0.217700,0.000124,0.002022,-0.004949,-0.041065,-0.043866,-0.217727,0.000124,0.002022,-0.004949,2.737859e-05,0.000803
2846,4,113.4000,4.0000,-36.5000,-0.041920,-0.044160,-0.218300,0.000057,0.002028,-0.000510,-0.041925,-0.044157,-0.218275,0.000057,0.002028,-0.000510,2.499185e-05,0.000733
2847,4,121.8000,4.0000,-36.5000,-0.042550,-0.044250,-0.218100,-0.000010,0.002030,0.003818,-0.042550,-0.044246,-0.218055,-0.000010,0.002030,0.003818,4.472037e-05,0.001311
2848,4,130.2000,4.0000,-36.5000,-0.042950,-0.044150,-0.217100,-0.000077,0.002027,0.008008,-0.042955,-0.044152,-0.217108,-0.000077,0.002027,0.008008,7.588746e-06,0.000222
2849,4,138.6000,4.0000,-36.5000,-0.043140,-0.043890,-0.215500,-0.000143,0.002019,0.012020,-0.043136,-0.043887,-0.215468,-0.000143,0.002019,0.012023,3.201103e-05,0.000938
2850,4,147.0000,4.0000,-36.5000,-0.043080,-0.043460,-0.213200,-0.000208,0.002005,0.015810,-0.043081,-0.043460,-0.213176,-0.000208,0.002005,0.015814,2.386683e-05,0.000700
2851,4,155.4000,4.0000,-36.5000,-0.042760,-0.042870,-0.210300,-0.000272,0.001986,0.019330,-0.042756,-0.042867,-0.210271,-0.000272,0.001986,0.019333,2.892448e-05,0.000848
2852,4,163.8000,4.0000,-36.5000,-0.042090,-0.042080,-0.206800,-0.000333,0.001964,0.022530,-0.042088,-0.042083,-0.206777,-0.000333,0.001964,0.022533,2.258801e-05,0.000662
2853,4,4.2000,12.0000,-36.5000,-0.002675,-0.007851,-0.120500,0.002836,0.004376,-0.103400,-0.002675,-0.007851,-0.120455,0.002836,0.004376,-0.103370,4.547032e-05,0.001333
2854,4,12.6000,12.0000,-36.5000,0.002625,-0.009043,-0.135100,0.002614,0.004799,-0.081270,0.002625,-0.009043,-0.135093,0.002614,0.004799,-0.081268,7.373025e-06,0.000216
2855,4,21.0000,12.0000,-36.5000,-0.002950,-0.015560,-0.151700,0.002382,0.005080,-0.062910,-0.002950,-0.015557,-0.151676,0.002382,0.005080,-0.062910,2.351788e-05,0.000689
2856,4,29.4000,12.0000,-36.5000,-0.011610,-0.022820,-0.166600,0.002159,0.005266,-0.051150,-0.011606,-0.022821,-0.166571,0.002159,0.005266,-0.051154,2.931146e-05,0.000859
2857,4,37.8000,12.0000,-36.5000,-0.018700,-0.028370,-0.178300,0.001947,0.005405,-0.043510,-0.018704,-0.028372,-0.178262,0.001947,0.005405,-0.043506,3.814769e-05,0.001118
2858,4,46.2000,12.0000,-36.5000,-0.024400,-0.032650,-0.187700,0.001745,0.005520,-0.037630,-0.024397,-0.032651,-0.187711,0.001745,0.005520,-0.037631,1.112628e-05,0.000326
2859,4,54.6000,12.0000,-36.5000,-0.028760,-0.035850,-0.195300,0.001547,0.005621,-0.032600,-0.028755,-0.035852,-0.195346,0.001547,0.005621,-0.032597,4.573827e-05,0.001341
2860,4,63.0000,12.0000,-36.5000,-0.032100,-0.038260,-0.201600,0.001353,0.005711,-0.027880,-0.032103,-0.038261,-0.201550,0.001353,0.005711,-0.027875,4.958396e-05,0.001454
2861,4,71.4000,12.0000,-36.5000,-0.034720,-0.040090,-0.206600,0.001159,0.005792,-0.023250,-0.034719,-0.040088,-0.206573,0.001159,0.005792,-0.023245,2.735576e-05,0.000802
2862,4,79.8000,12.0000,-36.5000,-0.036800,-0.041480,-0.210600,0.000965,0.005863,-0.018630,-0.036804,-0.041476,-0.210562,0.000965,0.005863,-0.018630,3.765093e-05,0.001104
2863,4,88.2000,12.0000,-36.5000,-0.038500,-0.042520,-0.213600,0.000769,0.005923,-0.014020,-0.038496,-0.042521,-0.213617,0.000769,0.005923,-0.014024,1.707530e-05,0.000501
2864,4,96.6000,12.0000,-36.5000,-0.039870,-0.043280,-0.215800,0.000570,0.005971,-0.009449,-0.039871,-0.043279,-0.215795,0.000570,0.005971,-0.009449,5.189520e-06,0.000152
2865,4,105.0000,12.0000,-36.5000,-0.040980,-0.043790,-0.217100,0.000371,0.006006,-0.004933,-0.040976,-0.043791,-0.217139,0.000371,0.006006,-0.004933,3.904248e-05,0.001145
2866,4,113.4000,12.0000,-36.5000,-0.041840,-0.044090,-0.217700,0.000171,0.006026,-0.000502,-0.041838,-0.044086,-0.217687,0.000171,0.006026,-0.000502,1.290336e-05,0.000378
2867,4,121.8000,12.0000,-36.5000,-0.042460,-0.044180,-0.217500,-0.000030,0.006032,0.003817,-0.042465,-0.044175,-0.217468,-0.000030,0.006032,0.003817,3.185306e-05,0.000934
2868,4,130.2000,12.0000,-36.5000,-0.042870,-0.044080,-0.216500,-0.000229,0.006022,0.007997,-0.042867,-0.044080,-0.216520,-0.000229,0.006022,0.007997,1.972516e-05,0.000578
2869,4,138.6000,12.0000,-36.5000,-0.043050,-0.043820,-0.214900,-0.000428,0.005996,0.012000,-0.043052,-0.043818,-0.214884,-0.000428,0.005996,0.012001,1.587145e-05,0.000465
2870,4,147.0000,12.0000,-36.5000,-0.043000,-0.043400,-0.212600,-0.000625,0.005954,0.015780,-0.042999,-0.043396,-0.212598,-0.000625,0.005954,0.015782,4.462889e-06,0.000131
2871,4,155.4000,12.0000,-36.5000,-0.042670,-0.042810,-0.209700,-0.000816,0.005897,0.019290,-0.042672,-0.042808,-0.209698,-0.000816,0.005897,0.019293,3.454890e-06,0.000101
2872,4,163.8000,12.0000,-36.5000,-0.042010,-0.042030,-0.206200,-0.001000,0.005833,0.022490,-0.042006,-0.042034,-0.206213,-0.001000,0.005833,0.022489,1.328107e-05,0.000389
2873,4,4.2000,20.0000,-36.5000,-0.002815,-0.007899,-0.119800,0.004703,0.007182,-0.102700,-0.002815,-0.007899,-0.119756,0.004703,0.007182,-0.102721,4.407144e-05,0.001292
2874,4,12.6000,20.0000,-36.5000,0.002457,-0.009089,-0.134300,0.004340,0.007878,-0.080820,0.002457,-0.009089,-0.134309,0.004340,0.007878,-0.080825,9.066447e-06,0.000266
2875,4,21.0000,20.0000,-36.5000,-0.003050,-0.015550,-0.150800,0.003957,0.008342,-0.062620,-0.003050,-0.015551,-0.150790,0.003957,0.008342,-0.062623,9.681590e-06,0.000284
2876,4,29.4000,20.0000,-36.5000,-0.011610,-0.022760,-0.165600,0.003588,0.008651,-0.050950,-0.011614,-0.022759,-0.165597,0.003588,0.008651,-0.050953,4.112328e-06,0.000121
2877,4,37.8000,20.0000,-36.5000,-0.018640,-0.028270,-0.177200,0.003237,0.008879,-0.043350,-0.018642,-0.028266,-0.177228,0.003237,0.008879,-0.043347,2.763521e-05,0.000810
2878,4,46.2000,20.0000,-36.5000,-0.024280,-0.032510,-0.186600,0.002901,0.009067,-0.037490,-0.024284,-0.032513,-0.186633,0.002901,0.009067,-0.037494,3.325723e-05,0.000975
2879,4,54.6000,20.0000,-36.5000,-0.028610,-0.035700,-0.194200,0.002574,0.009232,-0.032480,-0.028612,-0.035697,-0.194240,0.002574,0.009232,-0.032476,3.953692e-05,0.001159
2880,4,63.0000,20.0000,-36.5000,-0.031940,-0.038090,-0.200400,0.002251,0.009380,-0.027770,-0.031939,-0.038091,-0.200423,0.002251,0.009380,-0.027768,2.267564e-05,0.000665
2881,4,71.4000,20.0000,-36.5000,-0.034540,-0.039910,-0.205400,0.001928,0.009512,-0.023150,-0.034540,-0.039906,-0.205426,0.001928,0.009512,-0.023149,2.618312e-05,0.000768
2882,4,79.8000,20.0000,-36.5000,-0.036610,-0.041290,-0.209400,0.001604,0.009628,-0.018550,-0.036615,-0.041285,-0.209401,0.001604,0.009628,-0.018548,4.867850e-06,0.000143
2883,4,88.2000,20.0000,-36.5000,-0.038300,-0.042320,-0.212400,0.001278,0.009726,-0.013960,-0.038299,-0.042324,-0.212444,0.001278,0.009726,-0.013956,4.375411e-05,0.001283
2884,4,96.6000,20.0000,-36.5000,-0.039670,-0.043080,-0.214600,0.000949,0.009805,-0.009397,-0.039670,-0.043080,-0.214613,0.000949,0.009805,-0.009397,1.306767e-05,0.000383
2885,4,105.0000,20.0000,-36.5000,-0.040770,-0.043590,-0.216000,0.000617,0.009862,-0.004899,-0.040774,-0.043590,-0.215952,0.000617,0.009862,-0.004899,4.846730e-05,0.001421
2886,4,113.4000,20.0000,-36.5000,-0.041630,-0.043880,-0.216500,0.000284,0.009895,-0.000486,-0.041633,-0.043881,-0.216495,0.000284,0.009895,-0.000486,5.245871e-06,0.000154
2887,4,121.8000,20.0000,-36.5000,-0.042260,-0.043970,-0.216300,-0.000049,0.009905,0.003814,-0.042263,-0.043973,-0.216277,-0.000049,0.009905,0.003814,2.258690e-05,0.000662
2888,4,130.2000,20.0000,-36.5000,-0.042670,-0.043880,-0.215300,-0.000382,0.009889,0.007974,-0.042668,-0.043881,-0.215332,-0.000383,0.009889,0.007974,3.246629e-05,0.000952
2889,4,138.6000,20.0000,-36.5000,-0.042850,-0.043620,-0.213700,-0.000714,0.009844,0.011960,-0.042855,-0.043624,-0.213704,-0.000714,0.009844,0.011955,4.837062e-06,0.000142
2890,4,147.0000,20.0000,-36.5000,-0.042810,-0.043210,-0.211400,-0.001043,0.009767,0.015710,-0.042807,-0.043211,-0.211430,-0.001043,0.009767,0.015713,3.044383e-05,0.000893
2891,4,155.4000,20.0000,-36.5000,-0.042480,-0.042640,-0.208500,-0.001364,0.009661,0.019210,-0.042483,-0.042642,-0.208548,-0.001364,0.009661,0.019206,4.784433e-05,0.001403
2892,4,163.8000,20.0000,-36.5000,-0.041830,-0.041900,-0.205100,-0.001670,0.009534,0.022390,-0.041826,-0.041896,-0.205088,-0.001670,0.009534,0.022394,1.212354e-05,0.000355
2893,4,4.2000,28.0000,-36.5000,-0.002965,-0.007879,-0.118700,0.006542,0.009879,-0.101800,-0.002965,-0.007879,-0.118677,0.006542,0.009879,-0.101765,3.486178e-05,0.001022
2894,4,12.6000,28.0000,-36.5000,0.002255,-0.009077,-0.133100,0.006043,0.010840,-0.080170,0.002255,-0.009077,-0.133114,0.006043,0.010837,-0.080167,1.355435e-05,0.000397
2895,4,21.0000,28.0000,-36.5000,-0.003157,-0.015470,-0.149400,0.005514,0.011480,-0.062200,-0.003157,-0.015470,-0.149449,0.005514,0.011479,-0.062198,4.893889e-05,0.001435
2896,4,29.4000,28.0000,-36.5000,-0.011590,-0.022600,-0.164100,0.005003,0.011910,-0.050660,-0.011591,-0.022595,-0.164130,0.005003,0.011905,-0.050657,2.990205e-05,0.000877
2897,4,37.8000,28.0000,-36.5000,-0.018520,-0.028040,-0.175700,0.004516,0.012220,-0.043110,-0.018518,-0.028042,-0.175673,0.004516,0.012217,-0.043115,2.673793e-05,0.000784
2898,4,46.2000,28.0000,-36.5000,-0.024080,-0.032240,-0.185000,0.004049,0.012470,-0.037300,-0.024084,-0.032240,-0.185014,0.004049,0.012473,-0.037296,1.437666e-05,0.000421
2899,4,54.6000,28.0000,-36.5000,-0.028360,-0.035390,-0.192600,0.003593,0.012700,-0.032300,-0.028360,-0.035387,-0.192573,0.003593,0.012697,-0.032300,2.650970e-05,0.000777
2900,4,63.0000,28.0000,-36.5000,-0.031650,-0.037760,-0.198700,0.003143,0.012900,-0.027610,-0.031655,-0.037756,-0.198722,0.003143,0.012900,-0.027609,2.206009e-05,0.000647
2901,4,71.4000,28.0000,-36.5000,-0.034230,-0.039550,-0.203700,0.002693,0.013080,-0.023010,-0.034233,-0.039552,-0.203698,0.002693,0.013082,-0.023009,3.011213e-06,0.000088
2902,4,79.8000,28.0000,-36.5000,-0.036290,-0.040920,-0.207600,0.002241,0.013240,-0.018430,-0.036291,-0.040916,-0.207650,0.002241,0.013241,-0.018428,4.952644e-05,0.001452
2903,4,88.2000,28.0000,-36.5000,-0.037970,-0.041940,-0.210700,0.001784,0.013380,-0.013860,-0.037965,-0.041945,-0.210675,0.001784,0.013376,-0.013858,2.493931e-05,0.000731
2904,4,96.6000,28.0000,-36.5000,-0.039330,-0.042690,-0.212800,0.001324,0.013480,-0.009321,-0.039330,-0.042694,-0.212831,0.001324,0.013483,-0.009321,3.108557e-05,0.000911
2905,4,105.0000,28.0000,-36.5000,-0.040430,-0.043200,-0.214200,0.000861,0.013560,-0.004848,-0.040430,-0.043202,-0.214162,0.000861,0.013561,-0.004848,3.830098e-05,0.001123
2906,4,113.4000,28.0000,-36.5000,-0.041290,-0.043490,-0.214700,0.000395,0.013610,-0.000462,-0.041289,-0.043493,-0.214701,0.000395,0.013608,-0.000462,2.718227e-06,0.000080
2907,4,121.8000,28.0000,-36.5000,-0.041920,-0.043580,-0.214500,-0.000071,0.013620,0.003811,-0.041920,-0.043585,-0.214482,-0.000071,0.013621,0.003811,1.752933e-05,0.000514
2908,4,130.2000,28.0000,-36.5000,-0.042330,-0.043500,-0.213500,-0.000536,0.013600,0.007939,-0.042331,-0.043499,-0.213545,-0.000536,0.013599,0.007939,4.461411e-05,0.001308
2909,4,138.6000,28.0000,-36.5000,-0.042530,-0.043250,-0.211900,-0.001001,0.013530,0.011880,-0.042525,-0.043250,-0.211928,-0.001001,0.013534,0.011884,2.837280e-05,0.000832
2910,4,147.0000,28.0000,-36.5000,-0.042480,-0.042840,-0.209700,-0.001462,0.013420,0.015600,-0.042477,-0.042842,-0.209669,-0.001462,0.013417,0.015599,3.145700e-05,0.000922
2911,4,155.4000,28.0000,-36.5000,-0.042150,-0.042280,-0.206800,-0.001917,0.013240,0.019050,-0.042148,-0.042277,-0.206804,-0.001917,0.013240,0.019049,4.192166e-06,0.000123
2912,4,163.8000,28.0000,-36.5000,-0.041470,-0.041530,-0.203400,-0.002345,0.013020,0.022220,-0.041472,-0.041534,-0.203359,-0.002345,0.013022,0.022221,4.066272e-05,0.001192
2913,4,4.2000,36.0000,-36.5000,-0.003114,-0.007772,-0.117200,0.008343,0.012470,-0.100500,-0.003114,-0.007772,-0.117229,0.008343,0.012470,-0.100520,2.871683e-05,0.000842
2914,4,12.6000,36.0000,-36.5000,0.002032,-0.008988,-0.131500,0.007713,0.013670,-0.079310,0.002032,-0.008988,-0.131520,0.007713,0.013668,-0.079309,1.987661e-05,0.000583
2915,4,21.0000,36.0000,-36.5000,-0.003263,-0.015290,-0.147700,0.007044,0.014470,-0.061650,-0.003263,-0.015295,-0.147670,0.007044,0.014469,-0.061646,2.953786e-05,0.000866
2916,4,29.4000,36.0000,-36.5000,-0.011530,-0.022310,-0.162200,0.006398,0.015000,-0.050280,-0.011529,-0.022308,-0.162188,0.006398,0.014996,-0.050276,1.207787e-05,0.000354
2917,4,37.8000,36.0000,-36.5000,-0.018320,-0.027670,-0.173600,0.005780,0.015380,-0.042820,-0.018321,-0.027668,-0.173616,0.005780,0.015381,-0.042815,1.564772e-05,0.000459
2918,4,46.2000,36.0000,-36.5000,-0.023790,-0.031800,-0.182900,0.005186,0.015700,-0.037040,-0.023790,-0.031803,-0.182876,0.005186,0.015699,-0.037040,2.447377e-05,0.000717
2919,4,54.6000,36.0000,-36.5000,-0.028000,-0.034900,-0.190400,0.004605,0.015980,-0.032070,-0.028000,-0.034902,-0.190374,0.004605,0.015979,-0.032071,2.555929e-05,0.000749
2920,4,63.0000,36.0000,-36.5000,-0.031250,-0.037230,-0.196500,0.004030,0.016230,-0.027400,-0.031249,-0.037234,-0.196476,0.004030,0.016232,-0.027403,2.377113e-05,0.000697
2921,4,71.4000,36.0000,-36.5000,-0.033800,-0.039000,-0.201400,0.003453,0.016460,-0.022830,-0.033798,-0.039003,-0.201415,0.003453,0.016461,-0.022826,1.526394e-05,0.000447
2922,4,79.8000,36.0000,-36.5000,-0.035840,-0.040340,-0.205300,0.002873,0.016660,-0.018270,-0.035836,-0.040345,-0.205337,0.002873,0.016663,-0.018270,3.706727e-05,0.001087
2923,4,88.2000,36.0000,-36.5000,-0.037490,-0.041360,-0.208300,0.002287,0.016830,-0.013730,-0.037494,-0.041356,-0.208337,0.002287,0.016833,-0.013729,3.715435e-05,0.001089
2924,4,96.6000,36.0000,-36.5000,-0.038850,-0.042090,-0.210500,0.001696,0.016970,-0.009224,-0.038847,-0.042094,-0.210474,0.001696,0.016968,-0.009224,2.571417e-05,0.000754
2925,4,105.0000,36.0000,-36.5000,-0.039940,-0.042600,-0.211800,0.001101,0.017070,-0.004783,-0.039942,-0.042598,-0.211794,0.001101,0.017065,-0.004783,6.307876e-06,0.000185
2926,4,113.4000,36.0000,-36.5000,-0.040800,-0.042890,-0.212300,0.000505,0.017120,-0.000431,-0.040801,-0.042889,-0.212329,0.000505,0.017124,-0.000431,2.880200e-05,0.000844
2927,4,121.8000,36.0000,-36.5000,-0.041430,-0.042980,-0.212100,-0.000092,0.017140,0.003806,-0.041434,-0.042984,-0.212111,-0.000092,0.017140,0.003806,1.099150e-05,0.000322
2928,4,130.2000,36.0000,-36.5000,-0.041850,-0.042900,-0.211200,-0.000689,0.017110,0.007895,-0.041852,-0.042903,-0.211180,-0.000689,0.017112,0.007895,1.993033e-05,0.000584
2929,4,138.6000,36.0000,-36.5000,-0.042060,-0.042660,-0.209600,-0.001285,0.017030,0.011790,-0.042059,-0.042661,-0.209580,-0.001285,0.017032,0.011789,2.038732e-05,0.000598
2930,4,147.0000,36.0000,-36.5000,-0.042010,-0.042250,-0.207300,-0.001880,0.016880,0.015430,-0.042011,-0.042252,-0.207337,-0.001880,0.016878,0.015434,3.702338e-05,0.001085
2931,4,155.4000,36.0000,-36.5000,-0.041640,-0.041650,-0.204500,-0.002466,0.016630,0.018810,-0.041643,-0.041653,-0.204474,-0.002466,0.016627,0.018805,2.626502e-05,0.000770
2932,4,163.8000,36.0000,-36.5000,-0.040890,-0.040840,-0.201000,-0.003015,0.016320,0.021960,-0.040886,-0.040839,-0.201005,-0.003015,0.016318,0.021961,4.901202e-06,0.000144
2933,4,4.2000,44.0000,-36.5000,-0.003261,-0.007572,-0.115400,0.010100,0.014960,-0.099020,-0.003261,-0.007572,-0.115430,0.010095,0.014960,-0.099019,2.970406e-05,0.000871
2934,4,12.6000,44.0000,-36.5000,0.001794,-0.008805,-0.129500,0.009340,0.016360,-0.078280,0.001794,-0.008805,-0.129548,0.009340,0.016356,-0.078281,4.818187e-05,0.001413
2935,4,21.0000,44.0000,-36.5000,-0.003358,-0.015000,-0.145500,0.008542,0.017280,-0.060990,-0.003358,-0.015002,-0.145477,0.008542,0.017277,-0.060990,2.340003e-05,0.000686
2936,4,29.4000,44.0000,-36.5000,-0.011410,-0.021870,-0.159800,0.007770,0.017880,-0.049820,-0.011414,-0.021872,-0.159795,0.007770,0.017882,-0.049823,4.966219e-06,0.000146
2937,4,37.8000,44.0000,-36.5000,-0.018040,-0.027120,-0.171100,0.007030,0.018330,-0.042460,-0.018040,-0.027117,-0.171082,0.007030,0.018328,-0.042459,1.809173e-05,0.000530
2938,4,46.2000,44.0000,-36.5000,-0.023390,-0.031160,-0.180200,0.006315,0.018700,-0.036730,-0.023390,-0.031164,-0.180240,0.006315,0.018698,-0.036733,3.998958e-05,0.001172
2939,4,54.6000,44.0000,-36.5000,-0.027520,-0.034200,-0.187700,0.005612,0.019030,-0.031790,-0.027517,-0.034196,-0.187663,0.005612,0.019029,-0.031794,3.686836e-05,0.001081
2940,4,63.0000,44.0000,-36.5000,-0.030710,-0.036480,-0.193700,0.004912,0.019330,-0.027150,-0.030709,-0.036476,-0.193706,0.004912,0.019331,-0.027152,5.505847e-06,0.000161
2941,4,71.4000,44.0000,-36.5000,-0.033220,-0.038200,-0.198600,0.004210,0.019600,-0.022600,-0.033219,-0.038204,-0.198597,0.004210,0.019604,-0.022603,4.462135e-06,0.000131
2942,4,79.8000,44.0000,-36.5000,-0.035230,-0.039520,-0.202500,0.003502,0.019850,-0.018080,-0.035232,-0.039517,-0.202482,0.003502,0.019845,-0.018078,1.793502e-05,0.000526
2943,4,88.2000,44.0000,-36.5000,-0.036870,-0.040510,-0.205500,0.002786,0.020050,-0.013570,-0.036872,-0.040510,-0.205454,0.002786,0.020049,-0.013572,4.613303e-05,0.001352
2944,4,96.6000,44.0000,-36.5000,-0.038210,-0.041240,-0.207600,0.002064,0.020210,-0.009105,-0.038214,-0.041236,-0.207571,0.002064,0.020210,-0.009105,2.947126e-05,0.000864
2945,4,105.0000,44.0000,-36.5000,-0.039300,-0.041730,-0.208900,0.001339,0.020330,-0.004704,-0.039299,-0.041730,-0.208873,0.001339,0.020326,-0.004704,2.699174e-05,0.000791
2946,4,113.4000,44.0000,-36.5000,-0.040150,-0.042020,-0.209400,0.000611,0.020390,-0.000393,-0.040152,-0.042016,-0.209398,0.000611,0.020395,-0.000393,4.706810e-06,0.000138
2947,4,121.8000,44.0000,-36.5000,-0.040790,-0.042120,-0.209200,-0.000116,0.020410,0.003799,-0.040789,-0.042118,-0.209183,-0.000116,0.020414,0.003799,1.719329e-05,0.000504
2948,4,130.2000,44.0000,-36.5000,-0.041210,-0.042040,-0.208300,-0.000839,0.020380,0.007844,-0.041211,-0.042042,-0.208258,-0.000839,0.020384,0.007844,4.193565e-05,0.001229
2949,4,138.6000,44.0000,-36.5000,-0.041440,-0.041820,-0.206700,-0.001560,0.020300,0.011680,-0.041442,-0.041816,-0.206682,-0.001560,0.020296,0.011678,1.805951e-05,0.000529
2950,4,147.0000,44.0000,-36.5000,-0.041400,-0.041400,-0.204500,-0.002278,0.020130,0.015230,-0.041397,-0.041401,-0.204458,-0.002278,0.020126,0.015234,4.167891e-05,0.001222
2951,4,155.4000,44.0000,-36.5000,-0.040960,-0.040730,-0.201600,-0.002985,0.019860,0.018510,-0.040957,-0.040732,-0.201574,-0.002985,0.019862,0.018514,2.574046e-05,0.000755
2952,4,163.8000,44.0000,-36.5000,-0.040060,-0.039790,-0.198000,-0.003653,0.019540,0.021650,-0.040060,-0.039785,-0.198040,-0.003653,0.019536,0.021646,3.961688e-05,0.001161
2953,2,4.2000,54.0000,-2.0000,-0.794200,-0.841700,-1.658000,0.035950,0.011110,0.143200,-0.794190,-0.841675,-1.657725,0.035949,0.011115,0.143199,2.747710e-04,0.008055
2954,2,12.6000,54.0000,-2.0000,-0.550300,-0.495200,-1.051000,0.034820,0.005191,0.019630,-0.550325,-0.495249,-1.051445,0.034824,0.005191,0.019625,4.451603e-04,0.013051
2955,2,21.0000,54.0000,-2.0000,-0.510600,-0.472100,-1.051000,0.034080,0.004474,0.004237,-0.510649,-0.472123,-1.050672,0.034079,0.004474,0.004237,3.275725e-04,0.009603
2956,2,29.4000,54.0000,-2.0000,-0.485400,-0.440600,-1.014000,0.032830,0.004053,0.007562,-0.485443,-0.440570,-1.014231,0.032835,0.004053,0.007562,2.305153e-04,0.006758
2957,2,37.8000,54.0000,-2.0000,-0.467500,-0.430600,-1.024000,0.031290,0.003708,0.003981,-0.467530,-0.430589,-1.023773,0.031290,0.003708,0.003981,2.265259e-04,0.006641
2958,2,46.2000,54.0000,-2.0000,-0.455100,-0.428900,-1.048000,0.029230,0.003527,0.003432,-0.455069,-0.428900,-1.047763,0.029227,0.003527,0.003432,2.370571e-04,0.006950
2959,2,54.6000,54.0000,-2.0000,-0.448300,-0.432600,-1.078000,0.026680,0.003427,0.001717,-0.448323,-0.432629,-1.078444,0.026684,0.003427,0.001717,4.440423e-04,0.013018
2960,2,63.0000,54.0000,-2.0000,-0.446500,-0.438500,-1.108000,0.023770,0.003398,0.000831,-0.446510,-0.438464,-1.108070,0.023767,0.003398,0.000831,7.001609e-05,0.002053
2961,2,71.4000,54.0000,-2.0000,-0.447300,-0.444300,-1.134000,0.020590,0.003414,0.000295,-0.447291,-0.444276,-1.133509,0.020587,0.003414,0.000295,4.911709e-04,0.014400
2962,2,79.8000,54.0000,-2.0000,-0.449200,-0.449100,-1.154000,0.017220,0.003436,0.000096,-0.449220,-0.449102,-1.153666,0.017220,0.003436,0.000096,3.339473e-04,0.009790
2963,2,88.2000,54.0000,-2.0000,-0.451100,-0.452400,-1.168000,0.013760,0.003470,0.000113,-0.451110,-0.452428,-1.168370,0.013761,0.003470,0.000113,3.698812e-04,0.010844
2964,2,96.6000,54.0000,-2.0000,-0.452100,-0.454100,-1.178000,0.010240,0.003510,0.000261,-0.452119,-0.454078,-1.177914,0.010241,0.003510,0.000261,8.611114e-05,0.002525
2965,2,105.0000,54.0000,-2.0000,-0.451800,-0.454000,-1.183000,0.006685,0.003534,0.000499,-0.451821,-0.454021,-1.182632,0.006685,0.003534,0.000499,3.682338e-04,0.010795
2966,2,113.4000,54.0000,-2.0000,-0.449900,-0.452300,-1.183000,0.003122,0.003547,0.000810,-0.449939,-0.452260,-1.182857,0.003122,0.003547,0.000810,1.430406e-04,0.004194
2967,2,121.8000,54.0000,-2.0000,-0.446300,-0.448800,-1.179000,-0.000427,0.003558,0.001081,-0.446311,-0.448814,-1.178703,-0.000427,0.003558,0.001081,2.973960e-04,0.008719
2968,2,130.2000,54.0000,-2.0000,-0.440800,-0.443700,-1.170000,-0.003960,0.003554,0.001552,-0.440768,-0.443710,-1.170377,-0.003960,0.003554,0.001552,3.771461e-04,0.011057
2969,2,138.6000,54.0000,-2.0000,-0.433100,-0.436200,-1.156000,-0.007436,0.003574,0.001731,-0.433072,-0.436191,-1.156382,-0.007436,0.003574,0.001731,3.819181e-04,0.011197
2970,2,147.0000,54.0000,-2.0000,-0.424500,-0.429700,-1.144000,-0.010990,0.003622,0.001853,-0.424548,-0.429703,-1.143782,-0.010993,0.003622,0.001853,2.181199e-04,0.006395
2971,2,155.4000,54.0000,-2.0000,-0.403400,-0.405300,-1.098000,-0.014230,0.002346,0.009223,-0.403368,-0.405332,-1.097655,-0.014228,0.002346,0.009223,3.454769e-04,0.010128
2972,2,163.8000,54.0000,-2.0000,-0.421700,-0.425200,-1.127000,-0.017130,0.012440,-0.020790,-0.421692,-0.425178,-1.126793,-0.017133,0.012436,-0.020786,2.072194e-04,0.006075
2973,2,4.2000,66.0000,-2.0000,-0.743400,-0.795400,-1.554000,0.042440,0.004231,0.129900,-0.743426,-0.795443,-1.554024,0.042440,0.004231,0.129937,4.337586e-05,0.001272
2974,2,12.6000,66.0000,-2.0000,-0.523100,-0.478500,-0.997900,0.041340,0.001929,0.019100,-0.523137,-0.478536,-0.997892,0.041337,0.001929,0.019102,3.665486e-05,0.001075
2975,2,21.0000,66.0000,-2.0000,-0.485300,-0.456000,-0.994100,0.040440,0.000678,0.003484,-0.485286,-0.455987,-0.994101,0.040443,0.000678,0.003484,1.385971e-05,0.000406
2976,2,29.4000,66.0000,-2.0000,-0.462800,-0.428100,-0.961500,0.039050,0.000148,0.006801,-0.462847,-0.428117,-0.961467,0.039053,0.000148,0.006801,4.670070e-05,0.001369
2977,2,37.8000,66.0000,-2.0000,-0.446600,-0.419700,-0.971100,0.037230,-0.000362,0.003560,-0.446601,-0.419693,-0.971140,0.037230,-0.000362,0.003560,4.043996e-05,0.001186
2978,2,46.2000,66.0000,-2.0000,-0.435200,-0.418900,-0.994400,0.034770,-0.000728,0.003102,-0.435172,-0.418923,-0.994409,0.034773,-0.000728,0.003102,2.835917e-05,0.000831
2979,2,54.6000,66.0000,-2.0000,-0.429000,-0.423100,-1.024000,0.031750,-0.001003,0.001537,-0.428973,-0.423116,-1.023910,0.031753,-0.001003,0.001537,8.994002e-05,0.002637
2980,2,63.0000,66.0000,-2.0000,-0.427300,-0.429100,-1.052000,0.028290,-0.001187,0.000732,-0.427289,-0.429097,-1.052266,0.028295,-0.001187,0.000732,2.664117e-04,0.007810
2981,2,71.4000,66.0000,-2.0000,-0.428000,-0.434900,-1.077000,0.024520,-0.001299,0.000251,-0.427990,-0.434920,-1.076544,0.024525,-0.001299,0.000251,4.560960e-04,0.013371
2982,2,79.8000,66.0000,-2.0000,-0.429700,-0.439700,-1.096000,0.020540,-0.001374,0.000086,-0.429746,-0.439682,-1.095730,0.020544,-0.001374,0.000086,2.699844e-04,0.007915
2983,2,88.2000,66.0000,-2.0000,-0.431400,-0.442900,-1.110000,0.016430,-0.001413,0.000122,-0.431380,-0.442903,-1.109658,0.016430,-0.001413,0.000122,3.415802e-04,0.010014
2984,2,96.6000,66.0000,-2.0000,-0.432200,-0.444500,-1.119000,0.012240,-0.001428,0.000283,-0.432175,-0.444460,-1.118653,0.012238,-0.001428,0.000283,3.473921e-04,0.010184
2985,2,105.0000,66.0000,-2.0000,-0.431700,-0.444300,-1.123000,0.008015,-0.001428,0.000524,-0.431724,-0.444320,-1.123025,0.008015,-0.001428,0.000524,2.481686e-05,0.000728
2986,2,113.4000,66.0000,-2.0000,-0.429700,-0.442500,-1.123000,0.003773,-0.001418,0.000821,-0.429721,-0.442490,-1.123048,0.003773,-0.001418,0.000821,4.818409e-05,0.001413
2987,2,121.8000,66.0000,-2.0000,-0.426000,-0.439000,-1.119000,-0.000474,-0.001398,0.001106,-0.426024,-0.438978,-1.118881,-0.000474,-0.001398,0.001106,1.191289e-04,0.003492
2988,2,130.2000,66.0000,-2.0000,-0.420500,-0.433700,-1.111000,-0.004696,-0.001380,0.001531,-0.420461,-0.433746,-1.110602,-0.004696,-0.001380,0.001531,3.976397e-04,0.011658
2989,2,138.6000,66.0000,-2.0000,-0.413000,-0.426500,-1.097000,-0.008865,-0.001311,0.001776,-0.412962,-0.426494,-1.097430,-0.008865,-0.001311,0.001776,4.295320e-04,0.012593
2990,2,147.0000,66.0000,-2.0000,-0.403400,-0.418100,-1.082000,-0.013110,-0.001367,0.002286,-0.403426,-0.418103,-1.082095,-0.013109,-0.001367,0.002286,9.474723e-05,0.002778
2991,2,155.4000,66.0000,-2.0000,-0.388300,-0.401400,-1.050000,-0.017160,-0.001464,0.005316,-0.388315,-0.401360,-1.049827,-0.017159,-0.001464,0.005316,1.726036e-04,0.005060
2992,2,163.8000,66.0000,-2.0000,-0.382400,-0.398000,-1.036000,-0.020450,-0.003241,-0.005585,-0.382353,-0.398044,-1.036325,-0.020451,-0.003241,-0.005585,3.250946e-04,0.009531
2993,2,4.2000,78.0000,-2.0000,-0.710000,-0.771200,-1.473000,0.046660,0.002780,0.121500,-0.709995,-0.771227,-1.473407,0.046665,0.002780,0.121484,4.074792e-04,0.011946
2994,2,12.6000,78.0000,-2.0000,-0.502800,-0.475100,-0.946800,0.045670,-0.000326,0.016990,-0.502837,-0.475130,-0.946820,0.045671,-0.000326,0.016993,3.681087e-05,0.001079
2995,2,21.0000,78.0000,-2.0000,-0.469500,-0.457400,-0.944300,0.044970,-0.001885,0.002383,-0.469479,-0.457398,-0.944323,0.044975,-0.001885,0.002383,2.306186e-05,0.000676
2996,2,29.4000,78.0000,-2.0000,-0.450300,-0.433900,-0.914700,0.043740,-0.002824,0.005669,-0.450334,-0.433919,-0.914680,0.043743,-0.002824,0.005669,3.402921e-05,0.000998
2997,2,37.8000,78.0000,-2.0000,-0.436400,-0.428200,-0.924600,0.041780,-0.003605,0.002772,-0.436391,-0.428236,-0.924574,0.041777,-0.003605,0.002772,3.649142e-05,0.001070
2998,2,46.2000,78.0000,-2.0000,-0.426600,-0.429400,-0.947300,0.039110,-0.004189,0.002469,-0.426650,-0.429424,-0.947288,0.039112,-0.004189,0.002469,4.969297e-05,0.001457
2999,2,54.6000,78.0000,-2.0000,-0.421500,-0.434900,-0.975700,0.035800,-0.004621,0.001099,-0.421490,-0.434864,-0.975728,0.035805,-0.004621,0.001099,3.620530e-05,0.001061
3000,2,63.0000,78.0000,-2.0000,-0.420400,-0.441700,-1.003000,0.031980,-0.004936,0.000430,-0.420360,-0.441661,-1.002948,0.031985,-0.004936,0.000430,5.240925e-05,0.001536
3001,2,71.4000,78.0000,-2.0000,-0.421400,-0.448000,-1.026000,0.027780,-0.005149,0.000050,-0.421352,-0.448030,-1.026204,0.027782,-0.005149,0.000050,2.036569e-04,0.005971
3002,2,79.8000,78.0000,-2.0000,-0.423200,-0.453100,-1.045000,0.023320,-0.005290,-0.000043,-0.423157,-0.453146,-1.044522,0.023324,-0.005290,-0.000043,4.784612e-04,0.014027
3003,2,88.2000,78.0000,-2.0000,-0.424800,-0.456600,-1.058000,0.018700,-0.005385,0.000048,-0.424752,-0.456600,-1.057775,0.018702,-0.005385,0.000048,2.246614e-04,0.006586
3004,2,96.6000,78.0000,-2.0000,-0.425500,-0.458300,-1.066000,0.013990,-0.005438,0.000243,-0.425485,-0.458282,-1.066283,0.013985,-0.005438,0.000243,2.831866e-04,0.008302
3005,2,105.0000,78.0000,-2.0000,-0.424900,-0.458200,-1.070000,0.009216,-0.005453,0.000513,-0.424946,-0.458175,-1.070340,0.009216,-0.005453,0.000513,3.397383e-04,0.009960
3006,2,113.4000,78.0000,-2.0000,-0.422800,-0.456300,-1.070000,0.004416,-0.005445,0.000843,-0.422847,-0.456286,-1.070188,0.004416,-0.005445,0.000843,1.881476e-04,0.005516
3007,2,121.8000,78.0000,-2.0000,-0.419100,-0.452600,-1.066000,-0.000386,-0.005423,0.001169,-0.419083,-0.452649,-1.066004,-0.000386,-0.005423,0.001169,4.888397e-05,0.001433
3008,2,130.2000,78.0000,-2.0000,-0.413500,-0.447200,-1.058000,-0.005180,-0.005385,0.001590,-0.413488,-0.447226,-1.057829,-0.005180,-0.005385,0.001590,1.707153e-04,0.005005
3009,2,138.6000,78.0000,-2.0000,-0.405900,-0.439700,-1.045000,-0.009956,-0.005326,0.001892,-0.405928,-0.439692,-1.045003,-0.009956,-0.005326,0.001892,2.762233e-05,0.000810
3010,2,147.0000,78.0000,-2.0000,-0.396600,-0.431100,-1.030000,-0.014620,-0.005213,0.002369,-0.396626,-0.431082,-1.029699,-0.014623,-0.005213,0.002369,3.009843e-04,0.008824
3011,2,155.4000,78.0000,-2.0000,-0.381600,-0.414700,-0.999400,-0.019320,-0.005093,0.005169,-0.381611,-0.414739,-0.999391,-0.019322,-0.005093,0.005169,3.898389e-05,0.001143
3012,2,163.8000,78.0000,-2.0000,-0.379700,-0.413400,-0.992800,-0.023990,-0.004607,-0.005327,-0.379656,-0.413394,-0.992809,-0.023989,-0.004607,-0.005327,4.420530e-05,0.001296
3013,2,4.2000,90.0000,-2.0000,-0.704300,-0.771400,-1.443000,0.047580,-0.003269,0.115200,-0.704309,-0.771422,-1.442918,0.047582,-0.003269,0.115240,8.243446e-05,0.002417
3014,2,12.6000,90.0000,-2.0000,-0.513200,-0.496500,-0.948600,0.047300,-0.006313,0.014650,-0.513223,-0.496477,-0.948643,0.047295,-0.006313,0.014653,4.260519e-05,0.001249
3015,2,21.0000,90.0000,-2.0000,-0.487600,-0.486300,-0.952600,0.047310,-0.008327,0.000835,-0.487550,-0.486328,-0.952641,0.047309,-0.008327,0.000835,4.980330e-05,0.001460
3016,2,29.4000,90.0000,-2.0000,-0.473400,-0.468800,-0.928100,0.046150,-0.009662,0.004265,-0.473375,-0.468848,-0.928088,0.046150,-0.009662,0.004265,4.756394e-05,0.001394
3017,2,37.8000,90.0000,-2.0000,-0.463700,-0.468000,-0.940900,0.044450,-0.010830,0.001759,-0.463738,-0.467982,-0.940890,0.044446,-0.010834,0.001759,3.771128e-05,0.001106
3018,2,46.2000,90.0000,-2.0000,-0.457300,-0.472600,-0.965200,0.041920,-0.011760,0.001722,-0.457334,-0.472576,-0.965158,0.041920,-0.011755,0.001722,4.190420e-05,0.001229
3019,2,54.6000,90.0000,-2.0000,-0.454700,-0.480500,-0.994400,0.038600,-0.012470,0.000579,-0.454657,-0.480473,-0.994435,0.038599,-0.012473,0.000579,4.330813e-05,0.001270
3020,2,63.0000,90.0000,-2.0000,-0.455300,-0.489000,-1.022000,0.034650,-0.013020,0.000071,-0.455282,-0.489034,-1.022124,0.034646,-0.013021,0.000071,1.235459e-04,0.003622
3021,2,71.4000,90.0000,-2.0000,-0.457500,-0.496700,-1.046000,0.030220,-0.013420,-0.000188,-0.457478,-0.496692,-1.045667,0.030220,-0.013420,-0.000188,3.334375e-04,0.009775
3022,2,79.8000,90.0000,-2.0000,-0.460100,-0.502700,-1.064000,0.025460,-0.013710,-0.000201,-0.460072,-0.502748,-1.064173,0.025459,-0.013707,-0.000201,1.732423e-04,0.005079
3023,2,88.2000,90.0000,-2.0000,-0.462200,-0.506900,-1.078000,0.020500,-0.013910,-0.000050,-0.462159,-0.506852,-1.077517,0.020497,-0.013910,-0.000050,4.825176e-04,0.014146
3024,2,96.6000,90.0000,-2.0000,-0.463200,-0.508900,-1.086000,0.015410,-0.014040,0.000188,-0.463176,-0.508945,-1.086034,0.015408,-0.014039,0.000188,4.468536e-05,0.001310
3025,2,105.0000,90.0000,-2.0000,-0.462700,-0.509000,-1.090000,0.010250,-0.014100,0.000483,-0.462727,-0.509031,-1.090014,0.010246,-0.014098,0.000483,3.067203e-05,0.000899
3026,2,113.4000,90.0000,-2.0000,-0.460600,-0.507200,-1.090000,0.005039,-0.014100,0.000846,-0.460594,-0.507152,-1.089729,0.005039,-0.014105,0.000846,2.714782e-04,0.007959
3027,2,121.8000,90.0000,-2.0000,-0.456600,-0.503300,-1.085000,-0.000181,-0.014070,0.001202,-0.456638,-0.503310,-1.085275,-0.000181,-0.014069,0.001202,2.749860e-04,0.008062
3028,2,130.2000,90.0000,-2.0000,-0.450800,-0.497500,-1.077000,-0.005401,-0.013980,0.001649,-0.450755,-0.497500,-1.076700,-0.005401,-0.013984,0.001649,2.998157e-04,0.008790
3029,2,138.6000,90.0000,-2.0000,-0.442800,-0.489400,-1.063000,-0.010600,-0.013850,0.001968,-0.442784,-0.489420,-1.063382,-0.010599,-0.013850,0.001968,3.815462e-04,0.011186
3030,2,147.0000,90.0000,-2.0000,-0.432900,-0.480100,-1.048000,-0.015810,-0.013670,0.002485,-0.432904,-0.480084,-1.047541,-0.015814,-0.013667,0.002485,4.585805e-04,0.013444
3031,2,155.4000,90.0000,-2.0000,-0.417200,-0.462800,-1.016000,-0.020950,-0.013430,0.005257,-0.417228,-0.462765,-1.016305,-0.020949,-0.013429,0.005257,3.051228e-04,0.008945
3032,2,163.8000,90.0000,-2.0000,-0.413600,-0.459800,-1.008000,-0.026010,-0.013210,-0.005259,-0.413616,-0.459782,-1.007509,-0.026015,-0.013207,-0.005259,4.906742e-04,0.014385
3033,2,4.2000,102.0000,-2.0000,-0.689800,-0.777900,-1.402000,0.047170,0.006567,0.110500,-0.689819,-0.777853,-1.402025,0.047171,0.006567,0.110483,4.704736e-05,0.001379
3034,2,12.6000,102.0000,-2.0000,-0.510700,-0.510800,-0.917700,0.048260,0.007031,0.011830,-0.510669,-0.510770,-0.917732,0.048264,0.007031,0.011833,3.178768e-05,0.000932
3035,2,21.0000,102.0000,-2.0000,-0.491100,-0.508700,-0.933800,0.046600,0.006063,-0.001852,-0.491136,-0.508683,-0.933781,0.046603,0.006063,-0.001852,3.629274e-05,0.001064
3036,2,29.4000,102.0000,-2.0000,-0.483700,-0.499900,-0.916400,0.046260,0.004645,0.002151,-0.483651,-0.499851,-0.916393,0.046259,0.004645,0.002151,4.900646e-05,0.001437
3037,2,37.8000,102.0000,-2.0000,-0.478900,-0.504300,-0.932400,0.045260,0.003800,-0.000068,-0.478909,-0.504292,-0.932437,0.045258,0.003800,-0.000068,3.656389e-05,0.001072
3038,2,46.2000,102.0000,-2.0000,-0.476100,-0.512600,-0.957900,0.043260,0.003253,0.000238,-0.476144,-0.512560,-0.957851,0.043257,0.003253,0.000238,4.930284e-05,0.001445
3039,2,54.6000,102.0000,-2.0000,-0.476000,-0.522900,-0.987100,0.040230,0.002917,-0.000577,-0.475981,-0.522867,-0.987145,0.040228,0.002917,-0.000577,4.465298e-05,0.001309
3040,2,63.0000,102.0000,-2.0000,-0.478300,-0.533100,-1.014000,0.036360,0.002730,-0.000823,-0.478256,-0.533094,-1.014472,0.036356,0.002730,-0.000823,4.716302e-04,0.013827
3041,2,71.4000,102.0000,-2.0000,-0.481500,-0.542000,-1.038000,0.031870,0.002645,-0.000859,-0.481495,-0.541969,-1.037589,0.031867,0.002645,-0.000859,4.111254e-04,0.012053
3042,2,79.8000,102.0000,-2.0000,-0.484700,-0.548900,-1.056000,0.026960,0.002608,-0.000691,-0.484733,-0.548888,-1.055710,0.026961,0.002608,-0.000690,2.902003e-04,0.008508
3043,2,88.2000,102.0000,-2.0000,-0.487200,-0.553600,-1.069000,0.021800,0.002592,-0.000391,-0.487234,-0.553618,-1.068780,0.021805,0.002592,-0.000390,2.196025e-04,0.006438
3044,2,96.6000,102.0000,-2.0000,-0.488400,-0.556100,-1.077000,0.016490,0.002578,-0.000013,-0.488441,-0.556117,-1.077079,0.016492,0.002578,-0.000013,7.944341e-05,0.002329
3045,2,105.0000,102.0000,-2.0000,-0.488100,-0.556400,-1.081000,0.011080,0.002555,0.000406,-0.488097,-0.556444,-1.080901,0.011079,0.002555,0.000406,9.914300e-05,0.002907
3046,2,113.4000,102.0000,-2.0000,-0.486000,-0.554600,-1.080000,0.005617,0.002532,0.000879,-0.485992,-0.554637,-1.080495,0.005617,0.002532,0.000879,4.945063e-04,0.014497
3047,2,121.8000,102.0000,-2.0000,-0.482000,-0.550700,-1.076000,0.000104,0.002495,0.001328,-0.482000,-0.550699,-1.075945,0.000104,0.002495,0.001328,5.485903e-05,0.001608
3048,2,130.2000,102.0000,-2.0000,-0.476000,-0.544600,-1.067000,-0.005419,0.002440,0.001890,-0.476010,-0.544628,-1.067293,-0.005419,0.002440,0.001890,2.928403e-04,0.008585
3049,2,138.6000,102.0000,-2.0000,-0.467900,-0.536200,-1.054000,-0.010960,0.002340,0.002290,-0.467924,-0.536160,-1.053888,-0.010962,0.002340,0.002290,1.117312e-04,0.003276
3050,2,147.0000,102.0000,-2.0000,-0.457800,-0.526300,-1.038000,-0.016440,0.002278,0.002913,-0.457848,-0.526262,-1.038278,-0.016440,0.002278,0.002913,2.783079e-04,0.008159
3051,2,155.4000,102.0000,-2.0000,-0.441800,-0.507700,-1.006000,-0.022040,0.002295,0.006099,-0.441802,-0.507742,-1.006133,-0.022037,0.002295,0.006099,1.327155e-04,0.003891
3052,2,163.8000,102.0000,-2.0000,-0.438000,-0.504500,-0.998400,-0.027660,0.002282,-0.005430,-0.437996,-0.504546,-0.998358,-0.027660,0.002282,-0.005430,4.579392e-05,0.001343
3053,2,4.2000,114.0000,-2.0000,-0.997800,-1.052000,-1.864000,0.047790,-0.124200,0.110200,-0.997845,-1.052434,-1.864478,0.047789,-0.124165,0.110219,4.783493e-04,0.014024
3054,2,12.6000,114.0000,-2.0000,-0.824000,-0.803700,-1.402000,0.045970,-0.136800,0.009325,-0.824011,-0.803688,-1.401624,0.045973,-0.136816,0.009325,3.763907e-04,0.011035
3055,2,21.0000,114.0000,-2.0000,-0.825900,-0.826500,-1.450000,0.045860,-0.142500,-0.005429,-0.825880,-0.826501,-1.449557,0.045862,-0.142544,-0.005429,4.428612e-04,0.012983
3056,2,29.4000,114.0000,-2.0000,-0.836800,-0.835200,-1.462000,0.046250,-0.147900,-0.001368,-0.836780,-0.835249,-1.461882,0.046247,-0.147886,-0.001368,1.179784e-04,0.003459
3057,2,37.8000,114.0000,-2.0000,-0.849600,-0.855200,-1.502000,0.046040,-0.153800,-0.002937,-0.849591,-0.855173,-1.501645,0.046038,-0.153765,-0.002937,3.549016e-04,0.010405
3058,2,46.2000,114.0000,-2.0000,-0.862700,-0.877100,-1.548000,0.044610,-0.159400,-0.002354,-0.862727,-0.877067,-1.547523,0.044610,-0.159400,-0.002354,4.770050e-04,0.013984
3059,2,54.6000,114.0000,-2.0000,-0.876300,-0.899200,-1.594000,0.041860,-0.164500,-0.002653,-0.876336,-0.899173,-1.594300,0.041864,-0.164514,-0.002653,3.003032e-04,0.008804
3060,2,63.0000,114.0000,-2.0000,-0.890100,-0.919400,-1.637000,0.038040,-0.168900,-0.002492,-0.890051,-0.919422,-1.636588,0.038036,-0.168944,-0.002492,4.116498e-04,0.012068
3061,2,71.4000,114.0000,-2.0000,-0.902500,-0.936500,-1.672000,0.033460,-0.172600,-0.002158,-0.902530,-0.936549,-1.672167,0.033463,-0.172616,-0.002158,1.672278e-04,0.004903
3062,2,79.8000,114.0000,-2.0000,-0.912900,-0.949900,-1.700000,0.028390,-0.175500,-0.001664,-0.912851,-0.949936,-1.700161,0.028394,-0.175513,-0.001664,1.611093e-04,0.004723
3063,2,88.2000,114.0000,-2.0000,-0.920500,-0.959500,-1.721000,0.023020,-0.177600,-0.001076,-0.920516,-0.959489,-1.720604,0.023017,-0.177642,-0.001076,3.964894e-04,0.011624
3064,2,96.6000,114.0000,-2.0000,-0.925100,-0.965200,-1.734000,0.017460,-0.179000,-0.000428,-0.925123,-0.965225,-1.733776,0.017457,-0.179038,-0.000428,2.240734e-04,0.006569
3065,2,105.0000,114.0000,-2.0000,-0.926400,-0.967200,-1.740000,0.011780,-0.179700,0.000246,-0.926448,-0.967165,-1.739921,0.011776,-0.179740,0.000246,7.938847e-05,0.002327
3066,2,113.4000,114.0000,-2.0000,-0.924400,-0.965400,-1.739000,0.006025,-0.179800,0.000950,-0.924415,-0.965448,-1.739404,0.006025,-0.179765,0.000950,4.042410e-04,0.011851
3067,2,121.8000,114.0000,-2.0000,-0.919000,-0.960100,-1.732000,0.000211,-0.179100,0.001620,-0.918963,-0.960148,-1.732393,0.000211,-0.179137,0.001620,3.931554e-04,0.011526
3068,2,130.2000,114.0000,-2.0000,-0.910000,-0.951300,-1.719000,-0.005631,-0.177900,0.002398,-0.910040,-0.951318,-1.719013,-0.005631,-0.177887,0.002398,3.961541e-05,0.001161
3069,2,138.6000,114.0000,-2.0000,-0.897600,-0.938700,-1.699000,-0.011500,-0.176000,0.002974,-0.897597,-0.938670,-1.698611,-0.011496,-0.176030,0.002974,3.887108e-04,0.011396
3070,2,147.0000,114.0000,-2.0000,-0.882000,-0.923800,-1.675000,-0.017330,-0.173600,0.003803,-0.882048,-0.923790,-1.674519,-0.017332,-0.173557,0.003803,4.807229e-04,0.014093
3071,2,155.4000,114.0000,-2.0000,-0.856900,-0.896400,-1.628000,-0.023210,-0.170300,0.008232,-0.856885,-0.896356,-1.627522,-0.023215,-0.170326,0.008232,4.776393e-04,0.014003
3072,2,163.8000,114.0000,-2.0000,-0.852800,-0.893000,-1.619000,-0.029080,-0.169600,-0.008648,-0.852790,-0.892985,-1.619484,-0.029077,-0.169627,-0.008648,4.840729e-04,0.014192
3073,3,4.2000,54.0000,-7.7500,-0.280000,-0.476900,-1.295000,0.043980,0.016630,-0.053930,-0.280044,-0.476855,-1.294762,0.043982,0.016628,-0.053927,2.384251e-04,0.006990
3074,3,12.6000,54.0000,-7.7500,-0.474200,-0.501500,-1.180000,0.038670,0.013630,0.068780,-0.474241,-0.501526,-1.179507,0.038674,0.013633,0.068783,4.927231e-04,0.014445
3075,3,21.0000,54.0000,-7.7500,-0.450600,-0.427800,-1.037000,0.036620,0.011220,0.027070,-0.450576,-0.427768,-1.037266,0.036620,0.011225,0.027067,2.660522e-04,0.007800
3076,3,29.4000,54.0000,-7.7500,-0.434800,-0.408600,-1.023000,0.034910,0.009640,0.022570,-0.434809,-0.408584,-1.023320,0.034913,0.009640,0.022565,3.201670e-04,0.009386
3077,3,37.8000,54.0000,-7.7500,-0.417000,-0.396100,-1.028000,0.033000,0.008498,0.018310,-0.416950,-0.396100,-1.027636,0.032995,0.008498,0.018307,3.638333e-04,0.010666
3078,3,46.2000,54.0000,-7.7500,-0.407100,-0.395900,-1.054000,0.030640,0.007707,0.011590,-0.407130,-0.395856,-1.053569,0.030645,0.007707,0.011591,4.308602e-04,0.012631
3079,3,54.6000,54.0000,-7.7500,-0.403800,-0.400200,-1.083000,0.027870,0.007228,0.006206,-0.403801,-0.400219,-1.083299,0.027867,0.007228,0.006206,2.985540e-04,0.008753
3080,3,63.0000,54.0000,-7.7500,-0.404600,-0.406400,-1.112000,0.024750,0.006978,0.002536,-0.404563,-0.406421,-1.112054,0.024750,0.006978,0.002536,5.377203e-05,0.001576
3081,3,71.4000,54.0000,-7.7500,-0.407600,-0.412600,-1.137000,0.021410,0.006881,0.000574,-0.407598,-0.412595,-1.136796,0.021406,0.006881,0.000574,2.037825e-04,0.005974
3082,3,79.8000,54.0000,-7.7500,-0.411300,-0.417700,-1.156000,0.017890,0.006875,-0.000177,-0.411335,-0.417738,-1.156468,0.017894,0.006875,-0.000177,4.675722e-04,0.013708
3083,3,88.2000,54.0000,-7.7500,-0.414800,-0.421400,-1.171000,0.014280,0.006913,-0.000089,-0.414766,-0.421404,-1.170892,0.014280,0.006913,-0.000089,1.082816e-04,0.003174
3084,3,96.6000,54.0000,-7.7500,-0.417200,-0.423400,-1.180000,0.010610,0.006968,0.000504,-0.417181,-0.423412,-1.180230,0.010612,0.006968,0.000504,2.297010e-04,0.006734
3085,3,105.0000,54.0000,-7.7500,-0.418200,-0.423800,-1.185000,0.006909,0.007028,0.001400,-0.418232,-0.423782,-1.184849,0.006909,0.007028,0.001400,1.507889e-04,0.004421
3086,3,113.4000,54.0000,-7.7500,-0.417600,-0.422500,-1.185000,0.003202,0.007085,0.002498,-0.417642,-0.422479,-1.184951,0.003202,0.007085,0.002498,4.895184e-05,0.001435
3087,3,121.8000,54.0000,-7.7500,-0.415300,-0.419600,-1.181000,-0.000486,0.007127,0.003730,-0.415341,-0.419608,-1.180833,-0.000486,0.007127,0.003730,1.668120e-04,0.004890
3088,3,130.2000,54.0000,-7.7500,-0.411100,-0.414900,-1.172000,-0.004150,0.007154,0.004981,-0.411108,-0.414907,-1.172078,-0.004150,0.007154,0.004981,7.810964e-05,0.002290
3089,3,138.6000,54.0000,-7.7500,-0.405400,-0.409000,-1.160000,-0.007784,0.007188,0.006186,-0.405413,-0.408982,-1.159756,-0.007784,0.007188,0.006186,2.442795e-04,0.007162
3090,3,147.0000,54.0000,-7.7500,-0.396500,-0.399100,-1.139000,-0.011400,0.007152,0.008999,-0.396458,-0.399103,-1.139366,-0.011399,0.007152,0.008999,3.655616e-04,0.010717
3091,3,155.4000,54.0000,-7.7500,-0.395600,-0.391800,-1.117000,-0.014210,0.007059,0.006316,-0.395592,-0.391759,-1.117315,-0.014209,0.007059,0.006316,3.150634e-04,0.009237
3092,3,163.8000,54.0000,-7.7500,-0.381800,-0.383700,-1.116000,-0.016720,0.012160,-0.007218,-0.381763,-0.383677,-1.115718,-0.016720,0.012163,-0.007218,2.821959e-04,0.008273
3093,3,4.2000,66.0000,-7.7500,-0.265300,-0.459600,-1.221000,0.051610,0.009908,-0.055970,-0.265289,-0.459632,-1.220943,0.051608,0.009908,-0.055974,5.668083e-05,0.001662
3094,3,12.6000,66.0000,-7.7500,-0.448800,-0.484100,-1.117000,0.046060,0.007081,0.062630,-0.448835,-0.484094,-1.117138,0.046061,0.007081,0.062632,1.377241e-04,0.004038
3095,3,21.0000,66.0000,-7.7500,-0.429000,-0.416100,-0.984100,0.043620,0.003646,0.024120,-0.428964,-0.416127,-0.984059,0.043623,0.003646,0.024119,4.123407e-05,0.001209
3096,3,29.4000,66.0000,-7.7500,-0.414600,-0.398700,-0.971500,0.041710,0.001266,0.020100,-0.414608,-0.398708,-0.971477,0.041711,0.001266,0.020102,2.294810e-05,0.000673
3097,3,37.8000,66.0000,-7.7500,-0.398300,-0.387800,-0.976500,0.039450,-0.000550,0.016430,-0.398317,-0.387775,-0.976488,0.039447,-0.000550,0.016433,2.473928e-05,0.000725
3098,3,46.2000,66.0000,-7.7500,-0.389400,-0.388200,-1.002000,0.036640,-0.001910,0.010330,-0.389370,-0.388214,-1.001683,0.036636,-0.001910,0.010326,3.170386e-04,0.009295
3099,3,54.6000,66.0000,-7.7500,-0.386500,-0.392900,-1.030000,0.033320,-0.002854,0.005413,-0.386459,-0.392924,-1.030370,0.033324,-0.002854,0.005413,3.699145e-04,0.010845
3100,3,63.0000,66.0000,-7.7500,-0.387300,-0.399200,-1.058000,0.029610,-0.003470,0.002077,-0.387305,-0.399217,-1.057971,0.029607,-0.003470,0.002077,2.850710e-05,0.000836
3101,3,71.4000,66.0000,-7.7500,-0.390200,-0.405400,-1.082000,0.025610,-0.003851,0.000333,-0.390250,-0.405366,-1.081666,0.025614,-0.003851,0.000333,3.344076e-04,0.009804
3102,3,79.8000,66.0000,-7.7500,-0.393800,-0.410400,-1.100000,0.021420,-0.004072,-0.000280,-0.393838,-0.410448,-1.100471,0.021424,-0.004072,-0.000280,4.708081e-04,0.013803
3103,3,88.2000,66.0000,-7.7500,-0.397000,-0.414000,-1.114000,0.017100,-0.004185,-0.000113,-0.397049,-0.414019,-1.114182,0.017104,-0.004185,-0.000113,1.823246e-04,0.005345
3104,3,96.6000,66.0000,-7.7500,-0.399300,-0.415900,-1.123000,0.012710,-0.004230,0.000524,-0.399260,-0.415939,-1.123001,0.012710,-0.004230,0.000524,4.030751e-05,0.001182
3105,3,105.0000,66.0000,-7.7500,-0.400200,-0.416300,-1.127000,0.008284,-0.004227,0.001444,-0.400177,-0.416252,-1.127302,0.008284,-0.004227,0.001444,3.021908e-04,0.008859
3106,3,113.4000,66.0000,-7.7500,-0.399500,-0.414900,-1.127000,0.003841,-0.004193,0.002555,-0.399471,-0.414895,-1.127246,0.003841,-0.004193,0.002555,2.457418e-04,0.007204
3107,3,121.8000,66.0000,-7.7500,-0.397100,-0.412000,-1.123000,-0.000590,-0.004129,0.003811,-0.397107,-0.411974,-1.123105,-0.000590,-0.004129,0.003811,1.052081e-04,0.003084
3108,3,130.2000,66.0000,-7.7500,-0.392900,-0.407300,-1.115000,-0.004984,-0.004023,0.005083,-0.392891,-0.407285,-1.114561,-0.004984,-0.004023,0.005083,4.385686e-04,0.012857
3109,3,138.6000,66.0000,-7.7500,-0.387000,-0.401100,-1.102000,-0.009332,-0.003901,0.006372,-0.387023,-0.401071,-1.102116,-0.009332,-0.003901,0.006372,1.156748e-04,0.003391
3110,3,147.0000,66.0000,-7.7500,-0.379000,-0.392200,-1.083000,-0.013530,-0.003861,0.008606,-0.379013,-0.392223,-1.083303,-0.013532,-0.003861,0.008606,3.028594e-04,0.008879
3111,3,155.4000,66.0000,-7.7500,-0.373600,-0.383900,-1.061000,-0.017310,-0.003416,0.007197,-0.373621,-0.383925,-1.061106,-0.017305,-0.003416,0.007197,1.057248e-04,0.003100
3112,3,163.8000,66.0000,-7.7500,-0.362100,-0.379600,-1.046000,-0.020170,-0.001675,0.001608,-0.362118,-0.379609,-1.046374,-0.020173,-0.001675,0.001608,3.738626e-04,0.010960
3113,3,4.2000,78.0000,-7.7500,-0.259300,-0.451400,-1.164000,0.056550,-0.000974,-0.057870,-0.259305,-0.451398,-1.163983,0.056549,-0.000974,-0.057866,1.703200e-05,0.000499
3114,3,12.6000,78.0000,-7.7500,-0.435800,-0.480600,-1.070000,0.051410,-0.005281,0.055070,-0.435815,-0.480632,-1.069693,0.051411,-0.005281,0.055075,3.074613e-04,0.009014
3115,3,21.0000,78.0000,-7.7500,-0.419600,-0.419900,-0.945800,0.049260,-0.010050,0.019580,-0.419627,-0.419884,-0.945780,0.049255,-0.010054,0.019585,2.714297e-05,0.000796
3116,3,29.4000,78.0000,-7.7500,-0.408000,-0.405900,-0.935400,0.047320,-0.013730,0.016410,-0.408038,-0.405870,-0.935411,0.047315,-0.013727,0.016409,3.827380e-05,0.001122
3117,3,37.8000,78.0000,-7.7500,-0.394100,-0.397500,-0.941600,0.044820,-0.016590,0.013530,-0.394112,-0.397516,-0.941557,0.044822,-0.016590,0.013535,4.267726e-05,0.001251
3118,3,46.2000,78.0000,-7.7500,-0.386800,-0.399500,-0.966600,0.041690,-0.018810,0.008236,-0.386768,-0.399544,-0.966569,0.041686,-0.018811,0.008236,4.366782e-05,0.001280
3119,3,54.6000,78.0000,-7.7500,-0.384800,-0.405300,-0.994700,0.037970,-0.020450,0.003959,-0.384847,-0.405266,-0.994681,0.037974,-0.020453,0.003959,4.704585e-05,0.001379
3120,3,63.0000,78.0000,-7.7500,-0.386300,-0.412200,-1.022000,0.033800,-0.021630,0.001098,-0.386289,-0.412219,-1.021570,0.033797,-0.021633,0.001098,4.301206e-04,0.012610
3121,3,71.4000,78.0000,-7.7500,-0.389500,-0.418800,-1.045000,0.029270,-0.022460,-0.000305,-0.389532,-0.418781,-1.044557,0.029272,-0.022462,-0.000305,4.429372e-04,0.012986
3122,3,79.8000,78.0000,-7.7500,-0.393200,-0.424100,-1.063000,0.024510,-0.023020,-0.000684,-0.393224,-0.424125,-1.062735,0.024511,-0.023024,-0.000684,2.647966e-04,0.007763
3123,3,88.2000,78.0000,-7.7500,-0.396400,-0.427900,-1.076000,0.019590,-0.023390,-0.000350,-0.396437,-0.427864,-1.075949,0.019591,-0.023391,-0.000350,5.066968e-05,0.001485
3124,3,96.6000,78.0000,-7.7500,-0.398600,-0.429900,-1.084000,0.014580,-0.023610,0.000410,-0.398601,-0.429873,-1.084397,0.014582,-0.023613,0.000410,3.972096e-04,0.011645
3125,3,105.0000,78.0000,-7.7500,-0.399400,-0.430200,-1.088000,0.009526,-0.023710,0.001427,-0.399432,-0.430192,-1.088421,0.009526,-0.023712,0.001427,4.205355e-04,0.012329
3126,3,113.4000,78.0000,-7.7500,-0.398600,-0.428800,-1.088000,0.004452,-0.023700,0.002619,-0.398629,-0.428789,-1.088200,0.004452,-0.023699,0.002619,2.004263e-04,0.005876
3127,3,121.8000,78.0000,-7.7500,-0.396100,-0.425700,-1.084000,-0.000620,-0.023590,0.003946,-0.396141,-0.425741,-1.083966,-0.000620,-0.023591,0.003946,4.115029e-05,0.001206
3128,3,130.2000,78.0000,-7.7500,-0.391800,-0.420900,-1.075000,-0.005655,-0.023400,0.005307,-0.391813,-0.420895,-1.075479,-0.005655,-0.023398,0.005307,4.786275e-04,0.014032
3129,3,138.6000,78.0000,-7.7500,-0.385800,-0.414500,-1.063000,-0.010630,-0.023120,0.006685,-0.385836,-0.414480,-1.063070,-0.010630,-0.023119,0.006685,7.049406e-05,0.002067
3130,3,147.0000,78.0000,-7.7500,-0.377600,-0.405500,-1.045000,-0.015520,-0.022730,0.008707,-0.377647,-0.405461,-1.044710,-0.015520,-0.022730,0.008707,2.896701e-04,0.008492
3131,3,155.4000,78.0000,-7.7500,-0.371500,-0.396800,-1.023000,-0.020230,-0.022400,0.008099,-0.371460,-0.396781,-1.023113,-0.020228,-0.022403,0.008099,1.133092e-04,0.003322
3132,3,163.8000,78.0000,-7.7500,-0.358500,-0.387700,-1.006000,-0.025040,-0.022220,0.003229,-0.358451,-0.387696,-1.005819,-0.025040,-0.022216,0.003229,1.808366e-04,0.005302
3133,3,4.2000,90.0000,-7.7500,-0.254400,-0.453900,-1.113000,0.056420,-0.006659,-0.063080,-0.254397,-0.453851,-1.113109,0.056418,-0.006659,-0.063084,1.093115e-04,0.003205
3134,3,12.6000,90.0000,-7.7500,-0.428600,-0.489700,-1.028000,0.054330,-0.012170,0.046140,-0.428581,-0.489661,-1.028434,0.054334,-0.012167,0.046137,4.344137e-04,0.012736
3135,3,21.0000,90.0000,-7.7500,-0.418100,-0.436800,-0.914300,0.052990,-0.018160,0.013050,-0.418116,-0.436830,-0.914256,0.052988,-0.018163,0.013052,4.379371e-05,0.001284
3136,3,29.4000,90.0000,-7.7500,-0.410600,-0.427600,-0.907300,0.051160,-0.022980,0.011070,-0.410570,-0.427594,-0.907333,0.051163,-0.022982,0.011066,3.315890e-05,0.000972
3137,3,37.8000,90.0000,-7.7500,-0.399800,-0.422900,-0.915100,0.048690,-0.026830,0.009309,-0.399834,-0.422884,-0.915141,0.048685,-0.026827,0.009309,4.070852e-05,0.001193
3138,3,46.2000,90.0000,-7.7500,-0.394800,-0.427300,-0.940400,0.045480,-0.029770,0.005062,-0.394775,-0.427347,-0.940420,0.045480,-0.029771,0.005062,4.715270e-05,0.001382
3139,3,54.6000,90.0000,-7.7500,-0.394400,-0.434700,-0.968200,0.041580,-0.031960,0.001639,-0.394374,-0.434703,-0.968184,0.041576,-0.031962,0.001639,2.620412e-05,0.000768
3140,3,63.0000,90.0000,-7.7500,-0.396800,-0.442800,-0.994500,0.037110,-0.033550,-0.000570,-0.396799,-0.442789,-0.994508,0.037107,-0.033555,-0.000570,1.063388e-05,0.000312
3141,3,71.4000,90.0000,-7.7500,-0.400600,-0.450200,-1.017000,0.032210,-0.034690,-0.001484,-0.400641,-0.450159,-1.016912,0.032214,-0.034695,-0.001484,8.836100e-05,0.002590
3142,3,79.8000,90.0000,-7.7500,-0.404700,-0.456100,-1.035000,0.027030,-0.035500,-0.001495,-0.404659,-0.456071,-1.034564,0.027028,-0.035502,-0.001495,4.356849e-04,0.012773
3143,3,88.2000,90.0000,-7.7500,-0.408000,-0.460200,-1.047000,0.021650,-0.036050,-0.000882,-0.408048,-0.460208,-1.047366,0.021649,-0.036053,-0.000882,3.659358e-04,0.010728
3144,3,96.6000,90.0000,-7.7500,-0.410300,-0.462500,-1.055000,0.016160,-0.036400,0.000106,-0.410269,-0.462454,-1.055486,0.016158,-0.036398,0.000106,4.863828e-04,0.014259
3145,3,105.0000,90.0000,-7.7500,-0.411100,-0.462900,-1.059000,0.010610,-0.036580,0.001318,-0.411056,-0.462867,-1.059255,0.010608,-0.036576,0.001318,2.546872e-04,0.007467
3146,3,113.4000,90.0000,-7.7500,-0.410200,-0.461500,-1.059000,0.005029,-0.036610,0.002687,-0.410207,-0.461479,-1.058899,0.005029,-0.036611,0.002687,1.010063e-04,0.002961
3147,3,121.8000,90.0000,-7.7500,-0.407600,-0.458300,-1.055000,-0.000550,-0.036510,0.004163,-0.407604,-0.458313,-1.054576,-0.000550,-0.036512,0.004163,4.235215e-04,0.012416
3148,3,130.2000,90.0000,-7.7500,-0.403100,-0.453300,-1.046000,-0.006099,-0.036300,0.005674,-0.403147,-0.453256,-1.046089,-0.006099,-0.036298,0.005674,8.924305e-05,0.002616
3149,3,138.6000,90.0000,-7.7500,-0.397000,-0.446500,-1.034000,-0.011610,-0.035970,0.007204,-0.396987,-0.446500,-1.033746,-0.011608,-0.035971,0.007204,2.543164e-04,0.007456
3150,3,147.0000,90.0000,-7.7500,-0.388600,-0.437100,-1.016000,-0.017070,-0.035530,0.009396,-0.388609,-0.437083,-1.015526,-0.017073,-0.035527,0.009396,4.741561e-04,0.013901
3151,3,155.4000,90.0000,-7.7500,-0.382200,-0.427800,-0.994100,-0.022530,-0.034890,0.008843,-0.382158,-0.427773,-0.994149,-0.022529,-0.034887,0.008843,4.892913e-05,0.001434
3152,3,163.8000,90.0000,-7.7500,-0.369600,-0.418800,-0.978100,-0.027810,-0.034070,0.004132,-0.369609,-0.418769,-0.978124,-0.027814,-0.034070,0.004132,3.105824e-05,0.000911
3153,3,4.2000,102.0000,-7.7500,-0.319800,-0.518900,-1.201000,0.055800,-0.051370,-0.077170,-0.319751,-0.518921,-1.200568,0.055799,-0.051375,-0.077174,4.322963e-04,0.012674
3154,3,12.6000,102.0000,-7.7500,-0.508500,-0.567100,-1.140000,0.056700,-0.062880,0.036810,-0.508511,-0.567081,-1.139642,0.056703,-0.062880,0.036810,3.575449e-04,0.010482
3155,3,21.0000,102.0000,-7.7500,-0.507000,-0.523400,-1.040000,0.055320,-0.070130,0.004239,-0.507050,-0.523383,-1.039645,0.055316,-0.070135,0.004239,3.547261e-04,0.010399
3156,3,29.4000,102.0000,-7.7500,-0.507800,-0.522800,-1.044000,0.053660,-0.077230,0.003504,-0.507835,-0.522846,-1.044168,0.053664,-0.077232,0.003504,1.676188e-04,0.004914
3157,3,37.8000,102.0000,-7.7500,-0.504300,-0.524800,-1.060000,0.051560,-0.083380,0.003174,-0.504326,-0.524826,-1.059928,0.051560,-0.083385,0.003174,7.235251e-05,0.002121
3158,3,46.2000,102.0000,-7.7500,-0.505300,-0.534500,-1.091000,0.048530,-0.088500,0.000235,-0.505306,-0.534479,-1.091244,0.048527,-0.088498,0.000235,2.439711e-04,0.007152
3159,3,54.6000,102.0000,-7.7500,-0.509700,-0.545900,-1.124000,0.044600,-0.092620,-0.002065,-0.509745,-0.545885,-1.123791,0.044599,-0.092620,-0.002065,2.094885e-04,0.006142
3160,3,63.0000,102.0000,-7.7500,-0.516000,-0.557200,-1.154000,0.039930,-0.095860,-0.003361,-0.515975,-0.557168,-1.153990,0.039933,-0.095862,-0.003361,3.156513e-05,0.000925
3161,3,71.4000,102.0000,-7.7500,-0.522700,-0.567100,-1.180000,0.034740,-0.098360,-0.003562,-0.522720,-0.567069,-1.179544,0.034739,-0.098359,-0.003562,4.557011e-04,0.013360
3162,3,79.8000,102.0000,-7.7500,-0.528900,-0.574900,-1.200000,0.029180,-0.100200,-0.002997,-0.528881,-0.574914,-1.199657,0.029185,-0.100240,-0.002997,3.429318e-04,0.010054
3163,3,88.2000,102.0000,-7.7500,-0.533800,-0.580500,-1.214000,0.023410,-0.101600,-0.001908,-0.533785,-0.580475,-1.214265,0.023412,-0.101592,-0.001908,2.650494e-04,0.007770
3164,3,96.6000,102.0000,-7.7500,-0.537000,-0.583700,-1.224000,0.017500,-0.102500,-0.000514,-0.536961,-0.583677,-1.223552,0.017503,-0.102468,-0.000515,4.479073e-04,0.013131
3165,3,105.0000,102.0000,-7.7500,-0.538200,-0.584600,-1.228000,0.011520,-0.102900,0.001059,-0.538173,-0.584573,-1.227833,0.011522,-0.102934,0.001059,1.671626e-04,0.004901
3166,3,113.4000,102.0000,-7.7500,-0.537300,-0.583200,-1.227000,0.005504,-0.103000,0.002766,-0.537288,-0.583217,-1.227342,0.005504,-0.103022,0.002766,3.418666e-04,0.010022
3167,3,121.8000,102.0000,-7.7500,-0.534200,-0.579700,-1.222000,-0.000520,-0.102700,0.004551,-0.534211,-0.579663,-1.222260,-0.000520,-0.102748,0.004551,2.604414e-04,0.007635
3168,3,130.2000,102.0000,-7.7500,-0.528900,-0.573800,-1.212000,-0.006526,-0.102100,0.006346,-0.528852,-0.573801,-1.212380,-0.006526,-0.102143,0.006346,3.800791e-04,0.011143
3169,3,138.6000,102.0000,-7.7500,-0.521400,-0.565900,-1.198000,-0.012500,-0.101200,0.008147,-0.521424,-0.565893,-1.198132,-0.012498,-0.101215,0.008147,1.318613e-04,0.003866
3170,3,147.0000,102.0000,-7.7500,-0.511300,-0.554800,-1.177000,-0.018470,-0.099930,0.010730,-0.511339,-0.554767,-1.177180,-0.018469,-0.099928,0.010733,1.798023e-04,0.005271
3171,3,155.4000,102.0000,-7.7500,-0.503500,-0.543800,-1.153000,-0.024560,-0.098490,0.010110,-0.503453,-0.543759,-1.152761,-0.024560,-0.098490,0.010110,2.392761e-04,0.007015
3172,3,163.8000,102.0000,-7.7500,-0.488500,-0.533700,-1.135000,-0.030680,-0.097360,0.005162,-0.488480,-0.533681,-1.134734,-0.030679,-0.097357,0.005162,2.663256e-04,0.007808
3173,3,4.2000,114.0000,-7.7500,-0.337000,-0.389000,-1.345000,0.071990,-0.036100,-0.092670,-0.337034,-0.388982,-1.345114,0.071988,-0.036102,-0.092670,1.144963e-04,0.003357
3174,3,12.6000,114.0000,-7.7500,-0.541600,-0.439200,-1.334000,0.062700,-0.049610,0.024410,-0.541613,-0.439245,-1.334197,0.062702,-0.049612,0.024409,1.974527e-04,0.005789
3175,3,21.0000,114.0000,-7.7500,-0.550500,-0.402100,-1.263000,0.060110,-0.059650,-0.004265,-0.550512,-0.402144,-1.262690,0.060106,-0.059655,-0.004265,3.101658e-04,0.009093
3176,3,29.4000,114.0000,-7.7500,-0.560500,-0.404500,-1.285000,0.059070,-0.066720,-0.004325,-0.560457,-0.404494,-1.285346,0.059072,-0.066720,-0.004325,3.455770e-04,0.010131
3177,3,37.8000,114.0000,-7.7500,-0.564500,-0.406900,-1.315000,0.057360,-0.072540,-0.003552,-0.564520,-0.406910,-1.315376,0.057365,-0.072539,-0.003552,3.759321e-04,0.011021
3178,3,46.2000,114.0000,-7.7500,-0.571000,-0.414700,-1.357000,0.054360,-0.077460,-0.004998,-0.570987,-0.414691,-1.356669,0.054362,-0.077459,-0.004998,3.306230e-04,0.009693
3179,3,54.6000,114.0000,-7.7500,-0.579300,-0.423400,-1.397000,0.050090,-0.081350,-0.006046,-0.579284,-0.423450,-1.397248,0.050090,-0.081353,-0.006046,2.475539e-04,0.007258
3180,3,63.0000,114.0000,-7.7500,-0.588300,-0.432000,-1.434000,0.044840,-0.084360,-0.006330,-0.588274,-0.431981,-1.434022,0.044840,-0.084361,-0.006330,2.563108e-05,0.000751
3181,3,71.4000,114.0000,-7.7500,-0.597000,-0.439400,-1.465000,0.038930,-0.086660,-0.005770,-0.596957,-0.439376,-1.464960,0.038929,-0.086656,-0.005770,4.260819e-05,0.001249
3182,3,79.8000,114.0000,-7.7500,-0.604400,-0.445200,-1.489000,0.032590,-0.088370,-0.004608,-0.604439,-0.445155,-1.489343,0.032589,-0.088371,-0.004608,3.427889e-04,0.010050
3183,3,88.2000,114.0000,-7.7500,-0.610200,-0.449200,-1.507000,0.026000,-0.089610,-0.003028,-0.610235,-0.449200,-1.507147,0.025995,-0.089607,-0.003028,1.466417e-04,0.004299
3184,3,96.6000,114.0000,-7.7500,-0.614000,-0.451500,-1.519000,0.019270,-0.090440,-0.001218,-0.614004,-0.451479,-1.518584,0.019270,-0.090439,-0.001218,4.156244e-04,0.012185
3185,3,105.0000,114.0000,-7.7500,-0.615500,-0.452000,-1.524000,0.012480,-0.090920,0.000723,-0.615532,-0.452005,-1.523946,0.012479,-0.090915,0.000723,5.368408e-05,0.001574
3186,3,113.4000,114.0000,-7.7500,-0.614700,-0.450800,-1.523000,0.005654,-0.091070,0.002761,-0.614692,-0.450787,-1.523444,0.005654,-0.091073,0.002761,4.436784e-04,0.013007
3187,3,121.8000,114.0000,-7.7500,-0.611400,-0.447900,-1.517000,-0.001177,-0.090930,0.004846,-0.611448,-0.447882,-1.517301,-0.001177,-0.090934,0.004846,3.009486e-04,0.008823
3188,3,130.2000,114.0000,-7.7500,-0.605700,-0.443200,-1.505000,-0.007993,-0.090520,0.006916,-0.605730,-0.443197,-1.505368,-0.007993,-0.090519,0.006916,3.678606e-04,0.010785
3189,3,138.6000,114.0000,-7.7500,-0.597800,-0.437000,-1.488000,-0.014770,-0.089870,0.008964,-0.597820,-0.437046,-1.488180,-0.014774,-0.089865,0.008964,1.802983e-04,0.005286
3190,3,147.0000,114.0000,-7.7500,-0.587000,-0.428000,-1.463000,-0.021510,-0.088990,0.011900,-0.586996,-0.428020,-1.463130,-0.021509,-0.088990,0.011901,1.299441e-04,0.003810
3191,3,155.4000,114.0000,-7.7500,-0.579600,-0.420100,-1.435000,-0.028320,-0.087990,0.011100,-0.579576,-0.420067,-1.434511,-0.028319,-0.087993,0.011101,4.890266e-04,0.014337
3192,3,163.8000,114.0000,-7.7500,-0.563300,-0.412400,-1.416000,-0.034920,-0.088290,0.003953,-0.563290,-0.412443,-1.415618,-0.034922,-0.088288,0.003953,3.815315e-04,0.011185
3193,3,4.2000,54.0000,-15.2500,-0.263300,-0.356700,-1.045000,0.051490,0.019190,-0.177500,-0.263305,-0.356691,-1.044653,0.051493,0.019190,-0.177483,3.473992e-04,0.010185
3194,3,12.6000,54.0000,-15.2500,-0.332100,-0.405200,-1.120000,0.046020,0.020190,-0.004593,-0.332130,-0.405249,-1.120337,0.046022,0.020186,-0.004593,3.371357e-04,0.009884
3195,3,21.0000,54.0000,-15.2500,-0.361700,-0.383900,-1.060000,0.042220,0.018060,0.049010,-0.361709,-0.383924,-1.059589,0.042218,0.018062,0.049009,4.106812e-04,0.012040
3196,3,29.4000,54.0000,-15.2500,-0.336900,-0.352000,-1.026000,0.039100,0.015640,0.042430,-0.336911,-0.352023,-1.025728,0.039100,0.015639,0.042434,2.724971e-04,0.007989
3197,3,37.8000,54.0000,-15.2500,-0.333700,-0.349000,-1.041000,0.036020,0.013740,0.029970,-0.333652,-0.349009,-1.041376,0.036018,0.013737,0.029966,3.762411e-04,0.011030
3198,3,46.2000,54.0000,-15.2500,-0.336000,-0.351900,-1.065000,0.032800,0.012470,0.016870,-0.335953,-0.351878,-1.064751,0.032802,0.012466,0.016868,2.487010e-04,0.007291
3199,3,54.6000,54.0000,-15.2500,-0.342600,-0.358900,-1.093000,0.029430,0.011730,0.007316,-0.342648,-0.358948,-1.092631,0.029430,0.011730,0.007316,3.694708e-04,0.010832
3200,3,63.0000,54.0000,-15.2500,-0.350700,-0.366700,-1.119000,0.025910,0.011370,0.001406,-0.350747,-0.366735,-1.119138,0.025914,0.011366,0.001406,1.380570e-04,0.004047
3201,3,71.4000,54.0000,-15.2500,-0.358800,-0.373900,-1.142000,0.022290,0.011240,-0.001511,-0.358820,-0.373872,-1.142144,0.022288,0.011239,-0.001511,1.439666e-04,0.004221
3202,3,79.8000,54.0000,-15.2500,-0.366000,-0.379700,-1.161000,0.018570,0.011250,-0.002335,-0.366040,-0.379655,-1.160627,0.018572,0.011252,-0.002335,3.730215e-04,0.010936
3203,3,88.2000,54.0000,-15.2500,-0.372000,-0.383800,-1.174000,0.014780,0.011330,-0.001819,-0.371978,-0.383828,-1.174313,0.014785,0.011333,-0.001819,3.134524e-04,0.009189
3204,3,96.6000,54.0000,-15.2500,-0.376400,-0.386300,-1.183000,0.010960,0.011440,-0.000496,-0.376397,-0.386316,-1.183209,0.010955,0.011440,-0.000496,2.088208e-04,0.006122
3205,3,105.0000,54.0000,-15.2500,-0.379200,-0.387200,-1.188000,0.007101,0.011550,0.001296,-0.379216,-0.387186,-1.187520,0.007101,0.011546,0.001296,4.798227e-04,0.014067
3206,3,113.4000,54.0000,-15.2500,-0.380400,-0.386500,-1.187000,0.003244,0.011640,0.003387,-0.380412,-0.386521,-1.187470,0.003244,0.011636,0.003387,4.701654e-04,0.013784
3207,3,121.8000,54.0000,-15.2500,-0.379900,-0.384300,-1.183000,-0.000592,0.011710,0.005702,-0.379917,-0.384307,-1.183105,-0.000592,0.011711,0.005702,1.051571e-04,0.003083
3208,3,130.2000,54.0000,-15.2500,-0.377800,-0.380700,-1.175000,-0.004399,0.011770,0.008082,-0.377840,-0.380706,-1.174763,-0.004399,0.011770,0.008082,2.367042e-04,0.006939
3209,3,138.6000,54.0000,-15.2500,-0.373300,-0.374800,-1.161000,-0.008171,0.011800,0.010610,-0.373290,-0.374802,-1.161116,-0.008171,0.011798,0.010605,1.162127e-04,0.003407
3210,3,147.0000,54.0000,-15.2500,-0.369400,-0.368300,-1.144000,-0.011820,0.011840,0.011690,-0.369366,-0.368255,-1.143673,-0.011821,0.011837,0.011687,3.266919e-04,0.009578
3211,3,155.4000,54.0000,-15.2500,-0.364100,-0.361500,-1.126000,-0.015240,0.011940,0.009851,-0.364073,-0.361468,-1.126184,-0.015241,0.011940,0.009851,1.840231e-04,0.005395
3212,3,163.8000,54.0000,-15.2500,-0.354600,-0.353800,-1.112000,-0.018600,0.012810,0.009109,-0.354599,-0.353826,-1.112174,-0.018605,0.012813,0.009109,1.735428e-04,0.005088
3213,3,4.2000,66.0000,-15.2500,-0.251800,-0.340800,-0.996200,0.061160,0.012660,-0.172500,-0.251837,-0.340794,-0.996200,0.061160,0.012660,-0.172496,3.660185e-05,0.001073
3214,3,12.6000,66.0000,-15.2500,-0.316800,-0.387600,-1.071000,0.055160,0.012090,-0.008055,-0.316813,-0.387568,-1.070928,0.055158,0.012094,-0.008055,7.246430e-05,0.002124
3215,3,21.0000,66.0000,-15.2500,-0.345600,-0.368300,-1.016000,0.050850,0.008357,0.043830,-0.345576,-0.368272,-1.015842,0.050845,0.008357,0.043827,1.575604e-04,0.004619
3216,3,29.4000,66.0000,-15.2500,-0.322700,-0.338500,-0.985400,0.047240,0.004621,0.038340,-0.322720,-0.338514,-0.985397,0.047237,0.004621,0.038342,2.005492e-05,0.000588
3217,3,37.8000,66.0000,-15.2500,-0.319900,-0.335900,-1.002000,0.043580,0.001665,0.027000,-0.319916,-0.335890,-1.001503,0.043583,0.001665,0.027000,4.972591e-04,0.014578
3218,3,46.2000,66.0000,-15.2500,-0.322400,-0.338900,-1.025000,0.039720,-0.000438,0.014950,-0.322427,-0.338858,-1.024823,0.039719,-0.000438,0.014952,1.766280e-04,0.005178
3219,3,54.6000,66.0000,-15.2500,-0.329000,-0.345700,-1.052000,0.035650,-0.001822,0.006172,-0.329045,-0.345741,-1.052178,0.035652,-0.001822,0.006172,1.784720e-04,0.005232
3220,3,63.0000,66.0000,-15.2500,-0.337000,-0.353300,-1.078000,0.031400,-0.002684,0.000786,-0.336958,-0.353255,-1.078047,0.031398,-0.002684,0.000786,4.720880e-05,0.001384
3221,3,71.4000,66.0000,-15.2500,-0.344800,-0.360100,-1.100000,0.027000,-0.003191,-0.001800,-0.344788,-0.360083,-1.100405,0.026997,-0.003191,-0.001800,4.045668e-04,0.011861
3222,3,79.8000,66.0000,-15.2500,-0.351800,-0.365600,-1.118000,0.022480,-0.003462,-0.002430,-0.351777,-0.365589,-1.118313,0.022481,-0.003462,-0.002430,3.134977e-04,0.009191
3223,3,88.2000,66.0000,-15.2500,-0.357500,-0.369500,-1.132000,0.017880,-0.003582,-0.001808,-0.357489,-0.369530,-1.131521,0.017880,-0.003582,-0.001808,4.793016e-04,0.014052
3224,3,96.6000,66.0000,-15.2500,-0.361700,-0.371900,-1.140000,0.013230,-0.003607,-0.000427,-0.361721,-0.371856,-1.140055,0.013227,-0.003607,-0.000427,5.512723e-05,0.001616
3225,3,105.0000,66.0000,-15.2500,-0.364400,-0.372600,-1.144000,0.008548,-0.003573,0.001393,-0.364413,-0.372635,-1.144132,0.008548,-0.003573,0.001393,1.322899e-04,0.003878
3226,3,113.4000,66.0000,-15.2500,-0.365500,-0.371900,-1.144000,0.003865,-0.003501,0.003498,-0.365490,-0.371910,-1.143938,0.003865,-0.003501,0.003498,6.157216e-05,0.001805
3227,3,121.8000,66.0000,-15.2500,-0.364900,-0.369700,-1.140000,-0.000790,-0.003392,0.005827,-0.364918,-0.369691,-1.139534,-0.000790,-0.003392,0.005827,4.661326e-04,0.013666
3228,3,130.2000,66.0000,-15.2500,-0.362700,-0.366100,-1.131000,-0.005402,-0.003245,0.008230,-0.362746,-0.366085,-1.131152,-0.005402,-0.003245,0.008230,1.522117e-04,0.004462
3229,3,138.6000,66.0000,-15.2500,-0.358400,-0.360500,-1.118000,-0.009937,-0.003060,0.010700,-0.358410,-0.360456,-1.117868,-0.009937,-0.003060,0.010698,1.317343e-04,0.003862
3230,3,147.0000,66.0000,-15.2500,-0.353800,-0.354000,-1.101000,-0.014270,-0.002750,0.012080,-0.353817,-0.353974,-1.100538,-0.014269,-0.002750,0.012079,4.616931e-04,0.013535
3231,3,155.4000,66.0000,-15.2500,-0.347300,-0.346800,-1.082000,-0.018340,-0.001852,0.011370,-0.347310,-0.346794,-1.081552,-0.018341,-0.001852,0.011368,4.475063e-04,0.013120
3232,3,163.8000,66.0000,-15.2500,-0.338700,-0.340600,-1.064000,-0.022310,-0.000092,0.011520,-0.338733,-0.340638,-1.064056,-0.022306,-0.000092,0.011518,5.614280e-05,0.001646
3233,3,4.2000,78.0000,-15.2500,-0.238000,-0.321500,-0.944800,0.069440,-0.002570,-0.171300,-0.237958,-0.321540,-0.944784,0.069439,-0.002570,-0.171325,4.206852e-05,0.001233
3234,3,12.6000,78.0000,-15.2500,-0.299900,-0.367500,-1.018000,0.063610,-0.006410,-0.014640,-0.299945,-0.367453,-1.018482,0.063609,-0.006410,-0.014636,4.815995e-04,0.014119
3235,3,21.0000,78.0000,-15.2500,-0.328300,-0.350300,-0.969000,0.059180,-0.012680,0.036080,-0.328264,-0.350331,-0.968995,0.059178,-0.012676,0.036080,3.599055e-05,0.001055
3236,3,29.4000,78.0000,-15.2500,-0.307500,-0.322800,-0.942100,0.055120,-0.018440,0.032150,-0.307520,-0.322801,-0.942056,0.055118,-0.018436,0.032154,4.431080e-05,0.001299
3237,3,37.8000,78.0000,-15.2500,-0.305400,-0.320700,-0.958800,0.050910,-0.023020,0.022350,-0.305418,-0.320656,-0.958775,0.050910,-0.023016,0.022350,4.357513e-05,0.001277
3238,3,46.2000,78.0000,-15.2500,-0.308200,-0.323700,-0.982000,0.046420,-0.026430,0.011680,-0.308222,-0.323702,-0.982049,0.046419,-0.026434,0.011680,4.890509e-05,0.001434
3239,3,54.6000,78.0000,-15.2500,-0.314800,-0.330300,-1.009000,0.041670,-0.028890,0.003947,-0.314788,-0.330330,-1.008840,0.041673,-0.028886,0.003947,1.602670e-04,0.004699
3240,3,63.0000,78.0000,-15.2500,-0.322500,-0.337500,-1.034000,0.036700,-0.030610,-0.000691,-0.322525,-0.337496,-1.034010,0.036703,-0.030605,-0.000691,2.495504e-05,0.000732
3241,3,71.4000,78.0000,-15.2500,-0.330100,-0.343900,-1.056000,0.031550,-0.031790,-0.002753,-0.330100,-0.343950,-1.055651,0.031546,-0.031786,-0.002753,3.486630e-04,0.010222
3242,3,79.8000,78.0000,-15.2500,-0.336800,-0.349100,-1.073000,0.026250,-0.032570,-0.003024,-0.336836,-0.349135,-1.072935,0.026250,-0.032573,-0.003024,6.501086e-05,0.001906
3243,3,88.2000,78.0000,-15.2500,-0.342300,-0.352800,-1.086000,0.020850,-0.033080,-0.002146,-0.342315,-0.352818,-1.085629,0.020851,-0.033079,-0.002146,3.708695e-04,0.010873
3244,3,96.6000,78.0000,-15.2500,-0.346300,-0.354900,-1.094000,0.015390,-0.033370,-0.000580,-0.346340,-0.354947,-1.093767,0.015390,-0.033370,-0.000580,2.325633e-04,0.006818
3245,3,105.0000,78.0000,-15.2500,-0.348900,-0.355600,-1.098000,0.009902,-0.033480,0.001389,-0.348871,-0.355604,-1.097581,0.009902,-0.033482,0.001389,4.190203e-04,0.012284
3246,3,113.4000,78.0000,-15.2500,-0.349800,-0.354800,-1.097000,0.004416,-0.033440,0.003624,-0.349838,-0.354839,-1.097253,0.004416,-0.033439,0.003624,2.532309e-04,0.007424
3247,3,121.8000,78.0000,-15.2500,-0.349200,-0.352700,-1.093000,-0.001043,-0.033270,0.006064,-0.349193,-0.352652,-1.092838,-0.001043,-0.033268,0.006064,1.624223e-04,0.004762
3248,3,130.2000,78.0000,-15.2500,-0.346900,-0.349100,-1.084000,-0.006438,-0.032980,0.008590,-0.346948,-0.349091,-1.084480,-0.006438,-0.032978,0.008590,4.804065e-04,0.014084
3249,3,138.6000,78.0000,-15.2500,-0.342800,-0.343800,-1.072000,-0.011740,-0.032540,0.011150,-0.342753,-0.343779,-1.071576,-0.011739,-0.032545,0.011148,4.242061e-04,0.012436
3250,3,147.0000,78.0000,-15.2500,-0.337800,-0.337400,-1.055000,-0.016940,-0.031960,0.012860,-0.337834,-0.337375,-1.054607,-0.016941,-0.031958,0.012858,3.931886e-04,0.011527
3251,3,155.4000,78.0000,-15.2500,-0.331300,-0.330500,-1.035000,-0.021910,-0.031120,0.012960,-0.331312,-0.330488,-1.035424,-0.021906,-0.031124,0.012956,4.239751e-04,0.012430
3252,3,163.8000,78.0000,-15.2500,-0.322300,-0.323700,-1.016000,-0.026870,-0.029990,0.013280,-0.322306,-0.323653,-1.016216,-0.026875,-0.029988,0.013276,2.156431e-04,0.006322
3253,3,4.2000,90.0000,-15.2500,-0.249500,-0.333800,-0.929900,0.075780,-0.032890,-0.178500,-0.249543,-0.333829,-0.929928,0.075775,-0.032889,-0.178488,4.284382e-05,0.001256
3254,3,12.6000,90.0000,-15.2500,-0.314000,-0.384300,-1.009000,0.071610,-0.043690,-0.026180,-0.314000,-0.384267,-1.008584,0.071609,-0.043686,-0.026176,4.159801e-04,0.012195
3255,3,21.0000,90.0000,-15.2500,-0.344600,-0.370800,-0.966100,0.067250,-0.053930,0.024830,-0.344645,-0.370849,-0.966133,0.067251,-0.053931,0.024827,4.875038e-05,0.001429
3256,3,29.4000,90.0000,-15.2500,-0.327500,-0.346900,-0.944400,0.062790,-0.062700,0.023020,-0.327501,-0.346857,-0.944386,0.062793,-0.062697,0.023023,4.346390e-05,0.001274
3257,3,37.8000,90.0000,-15.2500,-0.327600,-0.346800,-0.963700,0.058010,-0.069780,0.015280,-0.327616,-0.346764,-0.963683,0.058009,-0.069777,0.015280,3.555059e-05,0.001042
3258,3,46.2000,90.0000,-15.2500,-0.332000,-0.351300,-0.988500,0.052910,-0.075320,0.006409,-0.332046,-0.351298,-0.988549,0.052909,-0.075316,0.006409,4.907927e-05,0.001439
3259,3,54.6000,90.0000,-15.2500,-0.339800,-0.358900,-1.016000,0.047500,-0.079550,0.000095,-0.339751,-0.358945,-1.016243,0.047501,-0.079546,0.000095,2.433184e-04,0.007133
3260,3,63.0000,90.0000,-15.2500,-0.348300,-0.366900,-1.042000,0.041820,-0.082720,-0.003470,-0.348306,-0.366856,-1.041951,0.041822,-0.082724,-0.003470,4.869273e-05,0.001428
3261,3,71.4000,90.0000,-15.2500,-0.356500,-0.373900,-1.064000,0.035920,-0.085080,-0.004733,-0.356464,-0.373875,-1.063922,0.035924,-0.085081,-0.004733,7.796359e-05,0.002286
3262,3,79.8000,90.0000,-15.2500,-0.363600,-0.379500,-1.081000,0.029860,-0.086790,-0.004398,-0.363582,-0.379459,-1.081383,0.029860,-0.086792,-0.004398,3.834099e-04,0.011240
3263,3,88.2000,90.0000,-15.2500,-0.369300,-0.383400,-1.094000,0.023680,-0.087980,-0.003046,-0.369297,-0.383419,-1.094165,0.023678,-0.087984,-0.003046,1.652066e-04,0.004843
3264,3,96.6000,90.0000,-15.2500,-0.373400,-0.385700,-1.102000,0.017430,-0.088740,-0.001089,-0.373435,-0.385727,-1.102332,0.017431,-0.088743,-0.001089,3.316767e-04,0.009724
3265,3,105.0000,90.0000,-15.2500,-0.376000,-0.386500,-1.106000,0.011160,-0.089120,0.001225,-0.375955,-0.386458,-1.106097,0.011158,-0.089115,0.001225,9.721521e-05,0.002850
3266,3,113.4000,90.0000,-15.2500,-0.376800,-0.385700,-1.106000,0.004888,-0.089140,0.003774,-0.376801,-0.385658,-1.105636,0.004888,-0.089141,0.003774,3.644639e-04,0.010685
3267,3,121.8000,90.0000,-15.2500,-0.375900,-0.383300,-1.101000,-0.001344,-0.088850,0.006490,-0.375936,-0.383342,-1.101027,-0.001344,-0.088852,0.006490,4.152130e-05,0.001217
3268,3,130.2000,90.0000,-15.2500,-0.373400,-0.379600,-1.092000,-0.007502,-0.088270,0.009284,-0.373367,-0.379560,-1.092418,-0.007502,-0.088265,0.009284,4.175131e-04,0.012240
3269,3,138.6000,90.0000,-15.2500,-0.368700,-0.373900,-1.079000,-0.013570,-0.087400,0.012110,-0.368735,-0.373900,-1.079159,-0.013570,-0.087398,0.012114,1.592914e-04,0.004670
3270,3,147.0000,90.0000,-15.2500,-0.363400,-0.367100,-1.062000,-0.019520,-0.086280,0.014090,-0.363370,-0.367135,-1.061847,-0.019522,-0.086275,0.014095,1.534679e-04,0.004499
3271,3,155.4000,90.0000,-15.2500,-0.356200,-0.359500,-1.042000,-0.025410,-0.084980,0.014470,-0.356157,-0.359530,-1.042225,-0.025410,-0.084977,0.014468,2.253911e-04,0.006608
3272,3,163.8000,90.0000,-15.2500,-0.346400,-0.351600,-1.022000,-0.031080,-0.083500,0.015150,-0.346403,-0.351611,-1.022477,-0.031080,-0.083499,0.015148,4.774463e-04,0.013997
3273,3,4.2000,102.0000,-15.2500,-0.276000,-0.329600,-0.973100,0.084700,-0.044530,-0.195700,-0.276047,-0.329568,-0.973138,0.084696,-0.044525,-0.195733,4.677758e-05,0.001371
3274,3,12.6000,102.0000,-15.2500,-0.350000,-0.385100,-1.073000,0.080630,-0.060710,-0.042470,-0.349979,-0.385124,-1.073494,0.080629,-0.060707,-0.042472,4.942857e-04,0.014491
3275,3,21.0000,102.0000,-15.2500,-0.389400,-0.378000,-1.045000,0.076170,-0.073620,0.010550,-0.389366,-0.378046,-1.045195,0.076166,-0.073619,0.010546,1.950088e-04,0.005717
3276,3,29.4000,102.0000,-15.2500,-0.377200,-0.357300,-1.032000,0.071000,-0.084410,0.011080,-0.377196,-0.357346,-1.032061,0.070998,-0.084412,0.011077,6.068697e-05,0.001779
3277,3,37.8000,102.0000,-15.2500,-0.381300,-0.359700,-1.058000,0.065610,-0.093320,0.005887,-0.381338,-0.359669,-1.057897,0.065610,-0.093317,0.005887,1.025953e-04,0.003008
3278,3,46.2000,102.0000,-15.2500,-0.388700,-0.365500,-1.087000,0.059850,-0.100300,-0.000714,-0.388708,-0.365488,-1.087480,0.059845,-0.100291,-0.000714,4.799503e-04,0.014071
3279,3,54.6000,102.0000,-15.2500,-0.398600,-0.373800,-1.119000,0.053700,-0.105600,-0.005217,-0.398608,-0.373833,-1.118762,0.053702,-0.105619,-0.005217,2.382198e-04,0.006984
3280,3,63.0000,102.0000,-15.2500,-0.408800,-0.382100,-1.147000,0.047220,-0.109600,-0.007390,-0.408819,-0.382132,-1.147285,0.047225,-0.109639,-0.007390,2.851437e-04,0.008360
3281,3,71.4000,102.0000,-15.2500,-0.418200,-0.389400,-1.171000,0.040490,-0.112600,-0.007603,-0.418218,-0.389376,-1.171467,0.040494,-0.112642,-0.007603,4.669998e-04,0.013691
3282,3,79.8000,102.0000,-15.2500,-0.426300,-0.395100,-1.191000,0.033580,-0.114900,-0.006458,-0.426252,-0.395123,-1.190645,0.033578,-0.114852,-0.006458,3.547985e-04,0.010402
3283,3,88.2000,102.0000,-15.2500,-0.432600,-0.399200,-1.205000,0.026540,-0.116400,-0.004445,-0.432598,-0.399206,-1.204677,0.026542,-0.116423,-0.004445,3.227028e-04,0.009461
3284,3,96.6000,102.0000,-15.2500,-0.437100,-0.401600,-1.214000,0.019440,-0.117500,-0.001926,-0.437108,-0.401600,-1.213639,0.019441,-0.117452,-0.001926,3.613859e-04,0.010595
3285,3,105.0000,102.0000,-15.2500,-0.439700,-0.402400,-1.218000,0.012330,-0.118000,0.000883,-0.439738,-0.402367,-1.217749,0.012325,-0.118002,0.000883,2.514720e-04,0.007372
3286,3,113.4000,102.0000,-15.2500,-0.440500,-0.401600,-1.217000,0.005221,-0.118100,0.003886,-0.440477,-0.401577,-1.217214,0.005221,-0.118119,0.003886,2.135054e-04,0.006259
3287,3,121.8000,102.0000,-15.2500,-0.439300,-0.399200,-1.212000,-0.001830,-0.117800,0.007019,-0.439295,-0.399242,-1.212116,-0.001830,-0.117841,0.007019,1.164045e-04,0.003413
3288,3,130.2000,102.0000,-15.2500,-0.436200,-0.395400,-1.203000,-0.008795,-0.117200,0.010190,-0.436201,-0.395412,-1.202623,-0.008795,-0.117198,0.010194,3.768494e-04,0.011048
3289,3,138.6000,102.0000,-15.2500,-0.430800,-0.389600,-1.188000,-0.015650,-0.116200,0.013390,-0.430810,-0.389620,-1.188007,-0.015653,-0.116220,0.013389,1.978728e-05,0.000580
3290,3,147.0000,102.0000,-15.2500,-0.424700,-0.382800,-1.169000,-0.022440,-0.115000,0.015600,-0.424721,-0.382803,-1.169023,-0.022437,-0.114984,0.015602,2.298846e-05,0.000674
3291,3,155.4000,102.0000,-15.2500,-0.416700,-0.375300,-1.148000,-0.029120,-0.113700,0.016000,-0.416702,-0.375282,-1.147848,-0.029119,-0.113670,0.016000,1.515774e-04,0.004444
3292,3,163.8000,102.0000,-15.2500,-0.406100,-0.367900,-1.127000,-0.035570,-0.112300,0.017080,-0.406101,-0.367907,-1.126973,-0.035575,-0.112286,0.017080,2.733048e-05,0.000801
3293,3,4.2000,114.0000,-15.2500,-0.295400,-0.287600,-1.028000,0.108000,0.059300,-0.203600,-0.295351,-0.287643,-1.027811,0.108042,0.059301,-0.203602,1.886781e-04,0.005531
3294,3,12.6000,114.0000,-15.2500,-0.385500,-0.346800,-1.162000,0.095770,0.061130,-0.055720,-0.385538,-0.346831,-1.162276,0.095771,0.061131,-0.055722,2.755093e-04,0.008077
3295,3,21.0000,114.0000,-15.2500,-0.431900,-0.344500,-1.157000,0.087760,0.054690,-0.003399,-0.431885,-0.344497,-1.156901,0.087756,0.054692,-0.003399,9.903831e-05,0.002903
3296,3,29.4000,114.0000,-15.2500,-0.427800,-0.328700,-1.159000,0.081660,0.047920,0.000123,-0.427787,-0.328736,-1.158552,0.081662,0.047925,0.000123,4.475514e-04,0.013121
3297,3,37.8000,114.0000,-15.2500,-0.436500,-0.332300,-1.193000,0.075540,0.042920,-0.002305,-0.436548,-0.332297,-1.192561,0.075541,0.042924,-0.002305,4.393503e-04,0.012880
3298,3,46.2000,114.0000,-15.2500,-0.447300,-0.338400,-1.229000,0.068860,0.039840,-0.006404,-0.447261,-0.338413,-1.228521,0.068858,0.039840,-0.006404,4.794880e-04,0.014057
3299,3,54.6000,114.0000,-15.2500,-0.459400,-0.346300,-1.264000,0.061680,0.038310,-0.009055,-0.459448,-0.346307,-1.264478,0.061683,0.038306,-0.009055,4.776695e-04,0.014004
3300,3,63.0000,114.0000,-15.2500,-0.471300,-0.353900,-1.297000,0.054100,0.037750,-0.009950,-0.471298,-0.353944,-1.296699,0.054099,0.037748,-0.009950,3.006245e-04,0.008813
3301,3,71.4000,114.0000,-15.2500,-0.481900,-0.360600,-1.324000,0.046220,0.037710,-0.009325,-0.481918,-0.360551,-1.323859,0.046221,0.037709,-0.009325,1.408792e-04,0.004130
3302,3,79.8000,114.0000,-15.2500,-0.490800,-0.365800,-1.345000,0.038140,0.037880,-0.007632,-0.490820,-0.365765,-1.345377,0.038144,0.037878,-0.007632,3.766150e-04,0.011041
3303,3,88.2000,114.0000,-15.2500,-0.497800,-0.369500,-1.361000,0.029950,0.038070,-0.005245,-0.497755,-0.369462,-1.361143,0.029953,0.038067,-0.005245,1.425924e-04,0.004180
3304,3,96.6000,114.0000,-15.2500,-0.502600,-0.371600,-1.371000,0.021720,0.038170,-0.002454,-0.502612,-0.371631,-1.371262,0.021719,0.038165,-0.002454,2.616761e-04,0.007672
3305,3,105.0000,114.0000,-15.2500,-0.505400,-0.372300,-1.376000,0.013490,0.038120,0.000562,-0.505367,-0.372330,-1.375961,0.013494,0.038124,0.000562,3.916056e-05,0.001148
3306,3,113.4000,114.0000,-15.2500,-0.506000,-0.371600,-1.375000,0.005305,0.037910,0.003731,-0.506011,-0.371601,-1.375441,0.005305,0.037908,0.003731,4.414922e-04,0.012943
3307,3,121.8000,114.0000,-15.2500,-0.504500,-0.369400,-1.370000,-0.002807,0.037490,0.007000,-0.504531,-0.369446,-1.369802,-0.002807,0.037490,0.007000,1.983108e-04,0.005814
3308,3,130.2000,114.0000,-15.2500,-0.501000,-0.365900,-1.359000,-0.010820,0.036850,0.010270,-0.500975,-0.365945,-1.359243,-0.010816,0.036851,0.010268,2.429843e-04,0.007124
3309,3,138.6000,114.0000,-15.2500,-0.494900,-0.360600,-1.343000,-0.018690,0.035960,0.013510,-0.494947,-0.360613,-1.343053,-0.018690,0.035963,0.013506,5.258265e-05,0.001542
3310,3,147.0000,114.0000,-15.2500,-0.488300,-0.354500,-1.322000,-0.026410,0.034790,0.015650,-0.488284,-0.354453,-1.322169,-0.026408,0.034794,0.015653,1.689996e-04,0.004955
3311,3,155.4000,114.0000,-15.2500,-0.479900,-0.347900,-1.299000,-0.033950,0.033350,0.015710,-0.479928,-0.347946,-1.299341,-0.033952,0.033349,0.015706,3.414967e-04,0.010012
3312,3,163.8000,114.0000,-15.2500,-0.468400,-0.341400,-1.278000,-0.041260,0.031350,0.016440,-0.468365,-0.341395,-1.277723,-0.041256,0.031352,0.016442,2.768202e-04,0.008116
3313,4,4.2000,54.0000,-36.5000,-0.003466,-0.007173,-0.112700,0.012210,0.017740,-0.096850,-0.003466,-0.007173,-0.112712,0.012212,0.017742,-0.096848,1.167292e-05,0.000342
3314,4,12.6000,54.0000,-36.5000,0.001497,-0.008376,-0.126600,0.011320,0.019290,-0.076830,0.001497,-0.008376,-0.126554,0.011316,0.019291,-0.076828,4.575589e-05,0.001341
3315,4,21.0000,54.0000,-36.5000,-0.003395,-0.014340,-0.142100,0.010380,0.020300,-0.060070,-0.003395,-0.014341,-0.142128,0.010378,0.020297,-0.060071,2.802520e-05,0.000822
3316,4,29.4000,54.0000,-36.5000,-0.011120,-0.020950,-0.156100,0.009464,0.020960,-0.049180,-0.011120,-0.020950,-0.156138,0.009464,0.020960,-0.049181,3.842625e-05,0.001127
3317,4,37.8000,54.0000,-36.5000,-0.017500,-0.025990,-0.167200,0.008580,0.021460,-0.041940,-0.017496,-0.025993,-0.167211,0.008580,0.021460,-0.041942,1.092557e-05,0.000320
3318,4,46.2000,54.0000,-36.5000,-0.022660,-0.029880,-0.176200,0.007717,0.021890,-0.036280,-0.022664,-0.029883,-0.176212,0.007717,0.021885,-0.036282,1.226534e-05,0.000360
3319,4,54.6000,54.0000,-36.5000,-0.026660,-0.032800,-0.183500,0.006864,0.022270,-0.031380,-0.026664,-0.032796,-0.183518,0.006864,0.022270,-0.031383,1.803909e-05,0.000529
3320,4,63.0000,54.0000,-36.5000,-0.029770,-0.034980,-0.189500,0.006011,0.022620,-0.026780,-0.029767,-0.034985,-0.189468,0.006011,0.022625,-0.026776,3.230282e-05,0.000947
3321,4,71.4000,54.0000,-36.5000,-0.032220,-0.036650,-0.194300,0.005151,0.022950,-0.022270,-0.032218,-0.036645,-0.194287,0.005151,0.022948,-0.022267,1.275282e-05,0.000374
3322,4,79.8000,54.0000,-36.5000,-0.034190,-0.037910,-0.198100,0.004283,0.023230,-0.017790,-0.034191,-0.037910,-0.198116,0.004283,0.023234,-0.017789,1.562364e-05,0.000458
3323,4,88.2000,54.0000,-36.5000,-0.035800,-0.038870,-0.201000,0.003405,0.023480,-0.013340,-0.035803,-0.038865,-0.201042,0.003405,0.023475,-0.013336,4.174936e-05,0.001224
3324,4,96.6000,54.0000,-36.5000,-0.037120,-0.039570,-0.203100,0.002519,0.023670,-0.008927,-0.037124,-0.039566,-0.203123,0.002519,0.023666,-0.008927,2.310761e-05,0.000677
3325,4,105.0000,54.0000,-36.5000,-0.038190,-0.040040,-0.204400,0.001629,0.023800,-0.004586,-0.038193,-0.040045,-0.204401,0.001629,0.023804,-0.004586,4.733004e-06,0.000139
3326,4,113.4000,54.0000,-36.5000,-0.039040,-0.040330,-0.204900,0.000738,0.023880,-0.000338,-0.039036,-0.040330,-0.204914,0.000738,0.023884,-0.000339,1.426186e-05,0.000418
3327,4,121.8000,54.0000,-36.5000,-0.039670,-0.040440,-0.204700,-0.000149,0.023910,0.003790,-0.039669,-0.040438,-0.204698,-0.000149,0.023907,0.003790,3.065136e-06,0.000090
3328,4,130.2000,54.0000,-36.5000,-0.040090,-0.040380,-0.203800,-0.001028,0.023870,0.007771,-0.040093,-0.040378,-0.203783,-0.001028,0.023872,0.007771,1.716000e-05,0.000503
3329,4,138.6000,54.0000,-36.5000,-0.040340,-0.040180,-0.202200,-0.001895,0.023780,0.011530,-0.040339,-0.040181,-0.202234,-0.001895,0.023780,0.011535,3.388169e-05,0.000993
3330,4,147.0000,54.0000,-36.5000,-0.040300,-0.039790,-0.200000,-0.002748,0.023640,0.015010,-0.040299,-0.039789,-0.200039,-0.002748,0.023636,0.015010,3.854323e-05,0.001130
3331,4,155.4000,54.0000,-36.5000,-0.039840,-0.039130,-0.197200,-0.003584,0.023450,0.018220,-0.039843,-0.039129,-0.197178,-0.003584,0.023446,0.018216,2.239974e-05,0.000657
3332,4,163.8000,54.0000,-36.5000,-0.038930,-0.038190,-0.193700,-0.004401,0.023220,0.021310,-0.038925,-0.038187,-0.193666,-0.004401,0.023220,0.021312,3.389479e-05,0.000994
3333,4,4.2000,66.0000,-36.5000,-0.003305,-0.005873,-0.108600,0.014670,0.020580,-0.094060,-0.003305,-0.005873,-0.108585,0.014674,0.020578,-0.094064,1.492350e-05,0.000438
3334,4,12.6000,66.0000,-36.5000,0.001633,-0.006874,-0.122000,0.013650,0.022190,-0.074990,0.001633,-0.006874,-0.121995,0.013652,0.022195,-0.074992,5.230938e-06,0.000153
3335,4,21.0000,66.0000,-36.5000,-0.002841,-0.012390,-0.137000,0.012570,0.023240,-0.058910,-0.002841,-0.012389,-0.137041,0.012572,0.023240,-0.058910,4.136286e-05,0.001213
3336,4,29.4000,66.0000,-36.5000,-0.010080,-0.018540,-0.150600,0.011500,0.023940,-0.048350,-0.010083,-0.018542,-0.150604,0.011502,0.023942,-0.048354,4.323412e-06,0.000127
3337,4,37.8000,66.0000,-36.5000,-0.016090,-0.023230,-0.161400,0.010450,0.024490,-0.041260,-0.016093,-0.023227,-0.161356,0.010451,0.024488,-0.041260,4.364784e-05,0.001280
3338,4,46.2000,66.0000,-36.5000,-0.020980,-0.026830,-0.170100,0.009413,0.024970,-0.035670,-0.020984,-0.026835,-0.170115,0.009413,0.024967,-0.035674,1.509728e-05,0.000443
3339,4,54.6000,66.0000,-36.5000,-0.024790,-0.029530,-0.177200,0.008378,0.025410,-0.030820,-0.024789,-0.029532,-0.177237,0.008378,0.025410,-0.030823,3.741988e-05,0.001097
3340,4,63.0000,66.0000,-36.5000,-0.027760,-0.031560,-0.183000,0.007338,0.025820,-0.026260,-0.027756,-0.031556,-0.183044,0.007338,0.025822,-0.026262,4.356672e-05,0.001277
3341,4,71.4000,66.0000,-36.5000,-0.030110,-0.033090,-0.187700,0.006285,0.026200,-0.021810,-0.030110,-0.033090,-0.187748,0.006285,0.026200,-0.021806,4.777500e-05,0.001401
3342,4,79.8000,66.0000,-36.5000,-0.032010,-0.034260,-0.191500,0.005220,0.026530,-0.017390,-0.032013,-0.034258,-0.191483,0.005220,0.026534,-0.017391,1.677639e-05,0.000492
3343,4,88.2000,66.0000,-36.5000,-0.033570,-0.035140,-0.194300,0.004142,0.026820,-0.013010,-0.033573,-0.035142,-0.194335,0.004142,0.026816,-0.013012,3.532702e-05,0.001036
3344,4,96.6000,66.0000,-36.5000,-0.034860,-0.035800,-0.196400,0.003056,0.027040,-0.008683,-0.034859,-0.035797,-0.196364,0.003056,0.027039,-0.008683,3.630856e-05,0.001064
3345,4,105.0000,66.0000,-36.5000,-0.035900,-0.036250,-0.197600,0.001966,0.027200,-0.004427,-0.035901,-0.036253,-0.197607,0.001966,0.027197,-0.004427,6.557071e-06,0.000192
3346,4,113.4000,66.0000,-36.5000,-0.036730,-0.036530,-0.198100,0.000877,0.027290,-0.000266,-0.036727,-0.036534,-0.198102,0.000877,0.027288,-0.000266,4.041037e-06,0.000118
3347,4,121.8000,66.0000,-36.5000,-0.037350,-0.036660,-0.197900,-0.000206,0.027310,0.003777,-0.037350,-0.036656,-0.197884,-0.000206,0.027312,0.003777,1.579443e-05,0.000463
3348,4,130.2000,66.0000,-36.5000,-0.037780,-0.036630,-0.197000,-0.001275,0.027270,0.007671,-0.037775,-0.036633,-0.196988,-0.001275,0.027270,0.007671,1.182929e-05,0.000347
3349,4,138.6000,66.0000,-36.5000,-0.038020,-0.036490,-0.195500,-0.002326,0.027170,0.011360,-0.038022,-0.036489,-0.195469,-0.002326,0.027168,0.011359,3.088404e-05,0.000905
3350,4,147.0000,66.0000,-36.5000,-0.038010,-0.036180,-0.193300,-0.003353,0.027020,0.014780,-0.038006,-0.036183,-0.193328,-0.003353,0.027024,0.014780,2.834062e-05,0.000831
3351,4,155.4000,66.0000,-36.5000,-0.037630,-0.035660,-0.190600,-0.004357,0.026860,0.017940,-0.037630,-0.035664,-0.190564,-0.004357,0.026856,0.017944,3.607949e-05,0.001058
3352,4,163.8000,66.0000,-36.5000,-0.036850,-0.034920,-0.187200,-0.005349,0.026650,0.020980,-0.036847,-0.034919,-0.187192,-0.005349,0.026651,0.020978,7.742233e-06,0.000227
3353,4,4.2000,78.0000,-36.5000,-0.002230,-0.002982,-0.103100,0.017180,0.023090,-0.091300,-0.002230,-0.002982,-0.103133,0.017182,0.023089,-0.091300,3.286641e-05,0.000964
3354,4,12.6000,78.0000,-36.5000,0.002838,-0.003460,-0.116000,0.016070,0.024640,-0.073150,0.002838,-0.003460,-0.115957,0.016068,0.024637,-0.073150,4.279287e-05,0.001255
3355,4,21.0000,78.0000,-36.5000,-0.001083,-0.008241,-0.130300,0.014860,0.025690,-0.057710,-0.001083,-0.008241,-0.130338,0.014856,0.025688,-0.057709,3.836026e-05,0.001125
3356,4,29.4000,78.0000,-36.5000,-0.007717,-0.013700,-0.143300,0.013620,0.026440,-0.047460,-0.007717,-0.013702,-0.143328,0.013625,0.026439,-0.047464,2.786147e-05,0.000817
3357,4,37.8000,78.0000,-36.5000,-0.013260,-0.017850,-0.153700,0.012400,0.027050,-0.040500,-0.013265,-0.017852,-0.153663,0.012397,0.027052,-0.040503,3.650526e-05,0.001070
3358,4,46.2000,78.0000,-36.5000,-0.017800,-0.021030,-0.162100,0.011170,0.027600,-0.034990,-0.017801,-0.021034,-0.162099,0.011173,0.027603,-0.034986,4.320774e-06,0.000127
3359,4,54.6000,78.0000,-36.5000,-0.021340,-0.023400,-0.169000,0.009944,0.028120,-0.030180,-0.021344,-0.023398,-0.168967,0.009944,0.028118,-0.030182,3.292777e-05,0.000965
3360,4,63.0000,78.0000,-36.5000,-0.024120,-0.025160,-0.174600,0.008703,0.028600,-0.025670,-0.024119,-0.025162,-0.174572,0.008703,0.028598,-0.025671,2.845519e-05,0.000834
3361,4,71.4000,78.0000,-36.5000,-0.026330,-0.026490,-0.179100,0.007446,0.029040,-0.021280,-0.026331,-0.026492,-0.179112,0.007446,0.029036,-0.021276,1.164923e-05,0.000342
3362,4,79.8000,78.0000,-36.5000,-0.028130,-0.027510,-0.182700,0.006173,0.029420,-0.016940,-0.028129,-0.027507,-0.182717,0.006173,0.029424,-0.016935,1.699153e-05,0.000498
3363,4,88.2000,78.0000,-36.5000,-0.029610,-0.028280,-0.185500,0.004887,0.029750,-0.012640,-0.029609,-0.028278,-0.185467,0.004887,0.029748,-0.012641,3.318773e-05,0.000973
3364,4,96.6000,78.0000,-36.5000,-0.030840,-0.028860,-0.187400,0.003590,0.030000,-0.008408,-0.030836,-0.028858,-0.187421,0.003590,0.030002,-0.008408,2.069867e-05,0.000607
3365,4,105.0000,78.0000,-36.5000,-0.031840,-0.029270,-0.188600,0.002290,0.030180,-0.004251,-0.031840,-0.029275,-0.188617,0.002290,0.030180,-0.004251,1.725860e-05,0.000506
3366,4,113.4000,78.0000,-36.5000,-0.032640,-0.029550,-0.189100,0.000993,0.030280,-0.000191,-0.032639,-0.029547,-0.189090,0.000993,0.030278,-0.000191,9.940313e-06,0.000291
3367,4,121.8000,78.0000,-36.5000,-0.033250,-0.029690,-0.188900,-0.000293,0.030300,0.003751,-0.033252,-0.029695,-0.188877,-0.000293,0.030296,0.003751,2.322738e-05,0.000681
3368,4,130.2000,78.0000,-36.5000,-0.033680,-0.029730,-0.188000,-0.001563,0.030240,0.007549,-0.033682,-0.029730,-0.188011,-0.001563,0.030236,0.007549,1.130326e-05,0.000331
3369,4,138.6000,78.0000,-36.5000,-0.033940,-0.029670,-0.186500,-0.002810,0.030110,0.011160,-0.033940,-0.029670,-0.186540,-0.002810,0.030105,0.011155,4.018479e-05,0.001178
3370,4,147.0000,78.0000,-36.5000,-0.033970,-0.029490,-0.184500,-0.004029,0.029910,0.014520,-0.033967,-0.029490,-0.184477,-0.004029,0.029914,0.014518,2.332087e-05,0.000684
3371,4,155.4000,78.0000,-36.5000,-0.033690,-0.029160,-0.181800,-0.005215,0.029670,0.017640,-0.033687,-0.029160,-0.181832,-0.005215,0.029673,0.017639,3.156844e-05,0.000925
3372,4,163.8000,78.0000,-36.5000,-0.033050,-0.028650,-0.178600,-0.006379,0.029390,0.020600,-0.033048,-0.028652,-0.178615,-0.006379,0.029388,0.020600,1.521365e-05,0.000446
3373,4,4.2000,90.0000,-36.5000,0.001150,0.003405,-0.094860,0.020000,0.026960,-0.088630,0.001150,0.003405,-0.094862,0.020002,0.026959,-0.088630,1.688234e-06,0.000049
3374,4,12.6000,90.0000,-36.5000,0.006780,0.004213,-0.106700,0.018770,0.028580,-0.071260,0.006780,0.004213,-0.106666,0.018767,0.028577,-0.071257,3.425145e-05,0.001004
3375,4,21.0000,90.0000,-36.5000,0.003673,0.000648,-0.120100,0.017380,0.029800,-0.056350,0.003673,0.000648,-0.120094,0.017379,0.029804,-0.056345,6.111319e-06,0.000179
3376,4,29.4000,90.0000,-36.5000,-0.002177,-0.003787,-0.132300,0.015950,0.030780,-0.046380,-0.002177,-0.003787,-0.132296,0.015948,0.030782,-0.046384,4.461098e-06,0.000131
3377,4,37.8000,90.0000,-36.5000,-0.007089,-0.007114,-0.142000,0.014510,0.031620,-0.039570,-0.007089,-0.007114,-0.142015,0.014508,0.031616,-0.039565,1.513234e-05,0.000444
3378,4,46.2000,90.0000,-36.5000,-0.011120,-0.009634,-0.150000,0.013060,0.032360,-0.034130,-0.011120,-0.009634,-0.149956,0.013064,0.032365,-0.034130,4.372582e-05,0.001282
3379,4,54.6000,90.0000,-36.5000,-0.014270,-0.011470,-0.156400,0.011610,0.033050,-0.029390,-0.014269,-0.011466,-0.156425,0.011614,0.033053,-0.029391,2.495853e-05,0.000732
3380,4,63.0000,90.0000,-36.5000,-0.016740,-0.012810,-0.161700,0.010150,0.033680,-0.024950,-0.016744,-0.012808,-0.161706,0.010149,0.033685,-0.024949,5.818770e-06,0.000171
3381,4,71.4000,90.0000,-36.5000,-0.018720,-0.013800,-0.166000,0.008666,0.034250,-0.020640,-0.018720,-0.013802,-0.165980,0.008666,0.034252,-0.020635,2.004418e-05,0.000588
3382,4,79.8000,90.0000,-36.5000,-0.020340,-0.014560,-0.169400,0.007166,0.034740,-0.016390,-0.020338,-0.014557,-0.169373,0.007166,0.034744,-0.016390,2.729028e-05,0.000800
3383,4,88.2000,90.0000,-36.5000,-0.021680,-0.015140,-0.172000,0.005651,0.035150,-0.012210,-0.021684,-0.015139,-0.171961,0.005651,0.035148,-0.012206,3.878966e-05,0.001137
3384,4,96.6000,90.0000,-36.5000,-0.022810,-0.015590,-0.173800,0.004128,0.035460,-0.008091,-0.022809,-0.015589,-0.173797,0.004128,0.035456,-0.008091,3.512077e-06,0.000103
3385,4,105.0000,90.0000,-36.5000,-0.023750,-0.015940,-0.174900,0.002603,0.035660,-0.004059,-0.023747,-0.015936,-0.174924,0.002603,0.035663,-0.004059,2.370375e-05,0.000695
3386,4,113.4000,90.0000,-36.5000,-0.024510,-0.016200,-0.175400,0.001085,0.035760,-0.000125,-0.024512,-0.016197,-0.175371,0.001085,0.035764,-0.000125,2.866990e-05,0.000841
3387,4,121.8000,90.0000,-36.5000,-0.025120,-0.016390,-0.175200,-0.000420,0.035760,0.003691,-0.025117,-0.016385,-0.175175,-0.000420,0.035760,0.003691,2.507595e-05,0.000735
3388,4,130.2000,90.0000,-36.5000,-0.025570,-0.016510,-0.174400,-0.001903,0.035650,0.007370,-0.025570,-0.016515,-0.174369,-0.001903,0.035653,0.007370,3.061054e-05,0.000897
3389,4,138.6000,90.0000,-36.5000,-0.025880,-0.016600,-0.173000,-0.003357,0.035450,0.010860,-0.025879,-0.016598,-0.172997,-0.003357,0.035447,0.010865,4.829011e-06,0.000142
3390,4,147.0000,90.0000,-36.5000,-0.025990,-0.016610,-0.171100,-0.004776,0.035150,0.014130,-0.025987,-0.016610,-0.171070,-0.004776,0.035147,0.014129,2.986643e-05,0.000876
3391,4,155.4000,90.0000,-36.5000,-0.025820,-0.016520,-0.168600,-0.006159,0.034760,0.017170,-0.025820,-0.016518,-0.168595,-0.006159,0.034764,0.017166,4.780043e-06,0.000140
3392,4,163.8000,90.0000,-36.5000,-0.025330,-0.016290,-0.165600,-0.007500,0.034310,0.020060,-0.025334,-0.016293,-0.165583,-0.007500,0.034313,0.020059,1.744900e-05,0.000512
3393,4,4.2000,102.0000,-36.5000,0.006519,0.012100,-0.083220,0.023520,0.036150,-0.085160,0.006519,0.012097,-0.083220,0.023515,0.036154,-0.085162,4.559612e-06,0.000134
3394,4,12.6000,102.0000,-36.5000,0.013270,0.015010,-0.093300,0.021990,0.038870,-0.068580,0.013268,0.015007,-0.093303,0.021989,0.038871,-0.068583,3.492523e-06,0.000102
3395,4,21.0000,102.0000,-36.5000,0.011240,0.013080,-0.105400,0.020300,0.041040,-0.054240,0.011244,0.013078,-0.105354,0.020303,0.041040,-0.054243,4.634133e-05,0.001359
3396,4,29.4000,102.0000,-36.5000,0.006367,0.009951,-0.116400,0.018580,0.042800,-0.044670,0.006367,0.009951,-0.116447,0.018580,0.042798,-0.044668,4.655429e-05,0.001365
3397,4,37.8000,102.0000,-36.5000,0.002292,0.007683,-0.125300,0.016850,0.044270,-0.038090,0.002292,0.007683,-0.125263,0.016854,0.044274,-0.038088,3.734968e-05,0.001095
3398,4,46.2000,102.0000,-36.5000,-0.001059,0.006010,-0.132500,0.015140,0.045570,-0.032810,-0.001059,0.006010,-0.132472,0.015138,0.045566,-0.032811,2.796036e-05,0.000820
3399,4,54.6000,102.0000,-36.5000,-0.003669,0.004858,-0.138300,0.013420,0.046720,-0.028200,-0.003669,0.004858,-0.138342,0.013423,0.046721,-0.028199,4.193712e-05,0.001229
3400,4,63.0000,102.0000,-36.5000,-0.005722,0.004061,-0.143100,0.011700,0.047750,-0.023880,-0.005722,0.004061,-0.143132,0.011699,0.047753,-0.023884,3.213723e-05,0.000942
3401,4,71.4000,102.0000,-36.5000,-0.007369,0.003497,-0.147000,0.009961,0.048660,-0.019710,-0.007369,0.003497,-0.147007,0.009961,0.048655,-0.019713,7.416594e-06,0.000217
3402,4,79.8000,102.0000,-36.5000,-0.008728,0.003077,-0.150100,0.008207,0.049410,-0.015630,-0.008728,0.003077,-0.150081,0.008207,0.049415,-0.015629,1.931057e-05,0.000566
3403,4,88.2000,102.0000,-36.5000,-0.009878,0.002741,-0.152400,0.006441,0.050020,-0.011620,-0.009878,0.002741,-0.152427,0.006441,0.050019,-0.011617,2.693044e-05,0.000790
3404,4,96.6000,102.0000,-36.5000,-0.010860,0.002456,-0.154100,0.004671,0.050460,-0.007684,-0.010859,0.002456,-0.154093,0.004671,0.050461,-0.007684,7.157272e-06,0.000210
3405,4,105.0000,102.0000,-36.5000,-0.011700,0.002199,-0.155100,0.002903,0.050730,-0.003838,-0.011701,0.002199,-0.155119,0.002903,0.050734,-0.003838,1.899878e-05,0.000557
3406,4,113.4000,102.0000,-36.5000,-0.012420,0.001957,-0.155500,0.001147,0.050840,-0.000090,-0.012417,0.001957,-0.155536,0.001147,0.050837,-0.000090,3.623964e-05,0.001062
3407,4,121.8000,102.0000,-36.5000,-0.013020,0.001719,-0.155400,-0.000590,0.050770,0.003542,-0.013016,0.001719,-0.155375,-0.000590,0.050773,0.003542,2.514288e-05,0.000737
3408,4,130.2000,102.0000,-36.5000,-0.013500,0.001477,-0.154700,-0.002299,0.050540,0.007043,-0.013504,0.001477,-0.154667,-0.002299,0.050544,0.007043,3.282794e-05,0.000962
3409,4,138.6000,102.0000,-36.5000,-0.013890,0.001218,-0.153500,-0.003973,0.050160,0.010370,-0.013894,0.001218,-0.153456,-0.003973,0.050157,0.010366,4.399388e-05,0.001290
3410,4,147.0000,102.0000,-36.5000,-0.014110,0.000979,-0.151700,-0.005605,0.049610,0.013460,-0.014112,0.000979,-0.151741,-0.005605,0.049614,0.013464,4.083992e-05,0.001197
3411,4,155.4000,102.0000,-36.5000,-0.014080,0.000811,-0.149500,-0.007188,0.048920,0.016350,-0.014077,0.000811,-0.149516,-0.007188,0.048924,0.016352,1.648384e-05,0.000483
3412,4,163.8000,102.0000,-36.5000,-0.013760,0.000733,-0.146800,-0.008717,0.048120,0.019150,-0.013758,0.000733,-0.146794,-0.008717,0.048120,0.019146,6.153452e-06,0.000180
3413,4,4.2000,114.0000,-36.5000,0.010040,0.015750,-0.070120,0.027940,0.054640,-0.078050,0.010038,0.015754,-0.070117,0.027943,0.054644,-0.078054,4.473262e-06,0.000131
3414,4,12.6000,114.0000,-36.5000,0.017460,0.020070,-0.078200,0.025870,0.060820,-0.063150,0.017459,0.020072,-0.078196,0.025866,0.060816,-0.063145,4.835705e-06,0.000142
3415,4,21.0000,114.0000,-36.5000,0.016450,0.019420,-0.088510,0.023640,0.065380,-0.050220,0.016453,0.019417,-0.088512,0.023642,0.065377,-0.050220,3.295329e-06,0.000097
3416,4,29.4000,114.0000,-36.5000,0.012740,0.017430,-0.098110,0.021470,0.068770,-0.041490,0.012738,0.017430,-0.098111,0.021466,0.068774,-0.041489,4.285686e-06,0.000126
3417,4,37.8000,114.0000,-36.5000,0.009583,0.016010,-0.105800,0.019360,0.071540,-0.035380,0.009583,0.016008,-0.105780,0.019364,0.071542,-0.035380,2.002389e-05,0.000587
3418,4,46.2000,114.0000,-36.5000,0.006956,0.014980,-0.112100,0.017320,0.073940,-0.030430,0.006956,0.014981,-0.112069,0.017320,0.073939,-0.030430,3.093107e-05,0.000907
3419,4,54.6000,114.0000,-36.5000,0.004894,0.014310,-0.117200,0.015310,0.076050,-0.026090,0.004894,0.014314,-0.117198,0.015305,0.076053,-0.026090,4.555887e-06,0.000134
3420,4,63.0000,114.0000,-36.5000,0.003259,0.013880,-0.121400,0.013300,0.077910,-0.022050,0.003259,0.013884,-0.121385,0.013296,0.077906,-0.022046,1.465136e-05,0.000430
3421,4,71.4000,114.0000,-36.5000,0.001931,0.013600,-0.124800,0.011280,0.079490,-0.018160,0.001931,0.013598,-0.124774,0.011281,0.079491,-0.018161,2.621809e-05,0.000769
3422,4,79.8000,114.0000,-36.5000,0.000822,0.013390,-0.127500,0.009257,0.080790,-0.014380,0.000822,0.013389,-0.127458,0.009257,0.080793,-0.014381,4.176055e-05,0.001224
3423,4,88.2000,114.0000,-36.5000,-0.000134,0.013210,-0.129500,0.007227,0.081800,-0.010690,-0.000134,0.013208,-0.129509,0.007227,0.081802,-0.010686,8.753757e-06,0.000257
3424,4,96.6000,114.0000,-36.5000,-0.000968,0.013030,-0.131000,0.005199,0.082510,-0.007074,-0.000968,0.013030,-0.130968,0.005199,0.082511,-0.007074,3.189956e-05,0.000935
3425,4,105.0000,114.0000,-36.5000,-0.001701,0.012840,-0.131900,0.003181,0.082920,-0.003551,-0.001701,0.012837,-0.131872,0.003181,0.082919,-0.003551,2.804989e-05,0.000822
3426,4,113.4000,114.0000,-36.5000,-0.002349,0.012620,-0.132300,0.001180,0.083030,-0.000123,-0.002349,0.012619,-0.132250,0.001180,0.083028,-0.000123,4.968014e-05,0.001456
3427,4,121.8000,114.0000,-36.5000,-0.002915,0.012370,-0.132100,-0.000794,0.082840,0.003199,-0.002915,0.012370,-0.132129,-0.000794,0.082843,0.003199,2.905459e-05,0.000852
3428,4,130.2000,114.0000,-36.5000,-0.003406,0.012080,-0.131500,-0.002733,0.082370,0.006398,-0.003406,0.012083,-0.131538,-0.002733,0.082374,0.006398,3.787400e-05,0.001110
3429,4,138.6000,114.0000,-36.5000,-0.003833,0.011740,-0.130500,-0.004627,0.081630,0.009432,-0.003833,0.011744,-0.130517,-0.004627,0.081631,0.009432,1.740629e-05,0.000510
3430,4,147.0000,114.0000,-36.5000,-0.004118,0.011400,-0.129100,-0.006468,0.080630,0.012260,-0.004118,0.011403,-0.129057,-0.006468,0.080631,0.012255,4.263056e-05,0.001250
3431,4,155.4000,114.0000,-36.5000,-0.004160,0.011120,-0.127100,-0.008250,0.079390,0.014890,-0.004160,0.011123,-0.127136,-0.008250,0.079393,0.014888,3.647919e-05,0.001069
3432,4,163.8000,114.0000,-36.5000,-0.003914,0.010940,-0.124700,-0.009968,0.077930,0.017470,-0.003914,0.010940,-0.124746,-0.009968,0.077929,0.017470,4.627137e-05,0.001357
3433,2,4.2000,132.0000,-2.0000,-0.335100,-0.353800,-0.778800,0.051160,0.187200,0.043760,-0.335085,-0.353780,-0.778831,0.051158,0.187232,0.043765,3.204225e-05,0.000939
3434,2,12.6000,132.0000,-2.0000,-0.276000,-0.253900,-0.603800,0.046990,0.177100,0.000681,-0.275998,-0.253891,-0.603802,0.046989,0.177127,0.000680,2.731164e-05,0.000801
3435,2,21.0000,132.0000,-2.0000,-0.283200,-0.267500,-0.639700,0.048860,0.175800,-0.002020,-0.283186,-0.267520,-0.639718,0.048864,0.175773,-0.002020,2.690271e-05,0.000789
3436,2,29.4000,132.0000,-2.0000,-0.286800,-0.269200,-0.649100,0.048650,0.180800,0.000006,-0.286793,-0.269210,-0.649066,0.048647,0.180830,0.000006,3.448806e-05,0.001011
3437,2,37.8000,132.0000,-2.0000,-0.288600,-0.275000,-0.670000,0.048210,0.186100,-0.000059,-0.288553,-0.275032,-0.670029,0.048212,0.186125,-0.000059,4.705260e-05,0.001379
3438,2,46.2000,132.0000,-2.0000,-0.288500,-0.280300,-0.691100,0.046690,0.191700,0.000350,-0.288450,-0.280342,-0.691115,0.046685,0.191695,0.000350,4.992246e-05,0.001464
3439,2,54.6000,132.0000,-2.0000,-0.288300,-0.285800,-0.712100,0.043870,0.197000,0.000121,-0.288336,-0.285787,-0.712057,0.043869,0.197016,0.000121,4.274493e-05,0.001253
3440,2,63.0000,132.0000,-2.0000,-0.288800,-0.290700,-0.730700,0.039960,0.201800,-0.000005,-0.288836,-0.290743,-0.730664,0.039957,0.201798,-0.000005,4.285618e-05,0.001256
3441,2,71.4000,132.0000,-2.0000,-0.289700,-0.294900,-0.746300,0.035240,0.205900,-0.000066,-0.289681,-0.294871,-0.746274,0.035240,0.205864,-0.000066,3.597331e-05,0.001055
3442,2,79.8000,132.0000,-2.0000,-0.290600,-0.298000,-0.758600,0.029970,0.209100,-0.000058,-0.290566,-0.297999,-0.758581,0.029969,0.209109,-0.000058,3.394467e-05,0.000995
3443,2,88.2000,132.0000,-2.0000,-0.291200,-0.300100,-0.767600,0.024330,0.211500,0.000025,-0.291205,-0.300079,-0.767630,0.024334,0.211495,0.000025,3.014459e-05,0.000884
3444,2,96.6000,132.0000,-2.0000,-0.291300,-0.301000,-0.773500,0.018470,0.213000,0.000167,-0.291288,-0.301045,-0.773493,0.018468,0.213036,0.000167,4.477560e-05,0.001313
3445,2,105.0000,132.0000,-2.0000,-0.290600,-0.300900,-0.776200,0.012460,0.213700,0.000335,-0.290577,-0.300873,-0.776246,0.012463,0.213747,0.000335,4.666504e-05,0.001368
3446,2,113.4000,132.0000,-2.0000,-0.289000,-0.299600,-0.776100,0.006366,0.213700,0.000538,-0.288977,-0.299626,-0.776066,0.006366,0.213651,0.000537,4.850153e-05,0.001422
3447,2,121.8000,132.0000,-2.0000,-0.286400,-0.297300,-0.773000,0.000204,0.212800,0.000732,-0.286405,-0.297303,-0.773013,0.000204,0.212767,0.000732,3.338122e-05,0.000979
3448,2,130.2000,132.0000,-2.0000,-0.282800,-0.293900,-0.767200,-0.005990,0.211100,0.000980,-0.282800,-0.293919,-0.767195,-0.005990,0.211094,0.000980,1.861600e-05,0.000546
3449,2,138.6000,132.0000,-2.0000,-0.278100,-0.289300,-0.758200,-0.012180,0.208700,0.001142,-0.278149,-0.289300,-0.758192,-0.012180,0.208678,0.001142,4.880911e-05,0.001431
3450,2,147.0000,132.0000,-2.0000,-0.272900,-0.284500,-0.748200,-0.018440,0.205400,0.001287,-0.272866,-0.284481,-0.748171,-0.018441,0.205363,0.001287,3.712419e-05,0.001088
3451,2,155.4000,132.0000,-2.0000,-0.263700,-0.274000,-0.727100,-0.024520,0.200900,0.003454,-0.263668,-0.274010,-0.727074,-0.024525,0.200943,0.003454,4.286326e-05,0.001257
3452,2,163.8000,132.0000,-2.0000,-0.265400,-0.275900,-0.725800,-0.030210,0.199400,-0.005266,-0.265363,-0.275919,-0.725775,-0.030207,0.199363,-0.005266,3.729524e-05,0.001093
3453,2,4.2000,156.0000,-2.0000,0.288300,0.280000,0.265500,0.052780,-0.078130,-0.007849,0.288289,0.279951,0.265481,0.052776,-0.078129,-0.007849,4.856023e-05,0.001424
3454,2,12.6000,156.0000,-2.0000,0.271100,0.266400,0.228100,0.050170,-0.077400,-0.001085,0.271079,0.266407,0.228091,0.050165,-0.077401,-0.001085,2.109064e-05,0.000618
3455,2,21.0000,156.0000,-2.0000,0.278900,0.279100,0.230500,0.048930,-0.076380,0.002684,0.278880,0.279124,0.230495,0.048927,-0.076379,0.002684,2.393905e-05,0.000702
3456,2,29.4000,156.0000,-2.0000,0.290900,0.292400,0.237600,0.048600,-0.077820,0.002880,0.290868,0.292436,0.237643,0.048599,-0.077820,0.002880,4.273834e-05,0.001253
3457,2,37.8000,156.0000,-2.0000,0.304900,0.305200,0.244300,0.047810,-0.080190,0.003235,0.304886,0.305178,0.244299,0.047810,-0.080188,0.003235,2.240194e-05,0.000657
3458,2,46.2000,156.0000,-2.0000,0.320000,0.317900,0.252300,0.046040,-0.082950,0.003212,0.319976,0.317879,0.252267,0.046044,-0.082951,0.003212,3.292114e-05,0.000965
3459,2,54.6000,156.0000,-2.0000,0.334400,0.329400,0.259700,0.043190,-0.085680,0.002883,0.334364,0.329410,0.259726,0.043193,-0.085681,0.002883,3.581463e-05,0.001050
3460,2,63.0000,156.0000,-2.0000,0.347100,0.339500,0.266500,0.039390,-0.088140,0.002439,0.347099,0.339515,0.266463,0.039386,-0.088139,0.002439,3.743493e-05,0.001097
3461,2,71.4000,156.0000,-2.0000,0.357800,0.348000,0.272100,0.034820,-0.090210,0.001971,0.357787,0.348011,0.272111,0.034822,-0.090205,0.001971,1.283859e-05,0.000376
3462,2,79.8000,156.0000,-2.0000,0.366300,0.354900,0.276600,0.029680,-0.091840,0.001524,0.366339,0.354900,0.276606,0.029681,-0.091836,0.001524,3.947199e-05,0.001157
3463,2,88.2000,156.0000,-2.0000,0.372800,0.360100,0.279900,0.024150,-0.093030,0.001111,0.372755,0.360145,0.279852,0.024151,-0.093030,0.001111,4.797826e-05,0.001407
3464,2,96.6000,156.0000,-2.0000,0.377300,0.363900,0.281900,0.018350,-0.093810,0.000740,0.377254,0.363851,0.281950,0.018349,-0.093813,0.000740,4.981664e-05,0.001460
3465,2,105.0000,156.0000,-2.0000,0.380000,0.366100,0.283000,0.012370,-0.094200,0.000403,0.380025,0.366100,0.282960,0.012367,-0.094204,0.000403,3.952300e-05,0.001159
3466,2,113.4000,156.0000,-2.0000,0.381200,0.366900,0.282900,0.006266,-0.094220,0.000098,0.381170,0.366917,0.282875,0.006266,-0.094216,0.000098,2.987055e-05,0.000876
3467,2,121.8000,156.0000,-2.0000,0.380800,0.366400,0.281800,0.000098,-0.093870,-0.000189,0.380785,0.366368,0.281766,0.000098,-0.093870,-0.000189,3.421893e-05,0.001003
3468,2,130.2000,156.0000,-2.0000,0.378900,0.364500,0.279600,-0.006094,-0.093180,-0.000477,0.378945,0.364480,0.279620,-0.006094,-0.093183,-0.000477,4.494255e-05,0.001318
3469,2,138.6000,156.0000,-2.0000,0.375600,0.361300,0.276500,-0.012270,-0.092150,-0.000744,0.375648,0.361304,0.276494,-0.012269,-0.092146,-0.000744,4.775771e-05,0.001400
3470,2,147.0000,156.0000,-2.0000,0.370900,0.356900,0.272300,-0.018380,-0.090720,-0.001112,0.370901,0.356914,0.272318,-0.018380,-0.090722,-0.001112,1.770943e-05,0.000519
3471,2,155.4000,156.0000,-2.0000,0.363700,0.350400,0.265800,-0.024350,-0.088910,-0.001694,0.363744,0.350355,0.265814,-0.024350,-0.088907,-0.001694,4.508972e-05,0.001322
3472,2,163.8000,156.0000,-2.0000,0.358700,0.345900,0.264200,-0.030110,-0.088020,-0.000197,0.358731,0.345936,0.264166,-0.030112,-0.088015,-0.000197,3.648551e-05,0.001070
3473,2,4.2000,180.0000,-2.0000,0.053380,0.074560,-0.090230,0.051680,0.033410,0.004058,0.053380,0.074555,-0.090232,0.051685,0.033413,0.004058,4.819193e-06,0.000141
3474,2,12.6000,180.0000,-2.0000,0.067690,0.084750,-0.083120,0.052970,0.034280,0.002777,0.067691,0.084746,-0.083118,0.052970,0.034279,0.002777,4.233520e-06,0.000124
3475,2,21.0000,180.0000,-2.0000,0.074720,0.091180,-0.083060,0.051130,0.033850,0.001817,0.074724,0.091185,-0.083064,0.051127,0.033851,0.001817,4.579509e-06,0.000134
3476,2,29.4000,180.0000,-2.0000,0.081330,0.098700,-0.085500,0.049310,0.034090,0.001739,0.081326,0.098704,-0.085497,0.049309,0.034095,0.001739,4.907403e-06,0.000144
3477,2,37.8000,180.0000,-2.0000,0.087630,0.105600,-0.087760,0.047100,0.034760,0.001580,0.087625,0.105618,-0.087761,0.047096,0.034761,0.001580,1.812720e-05,0.000531
3478,2,46.2000,180.0000,-2.0000,0.093320,0.111400,-0.090490,0.044360,0.035610,0.001416,0.093323,0.111385,-0.090490,0.044357,0.035606,0.001416,1.464256e-05,0.000429
3479,2,54.6000,180.0000,-2.0000,0.098560,0.116300,-0.093140,0.041020,0.036460,0.001243,0.098556,0.116258,-0.093138,0.041018,0.036462,0.001243,4.155564e-05,0.001218
3480,2,63.0000,180.0000,-2.0000,0.103200,0.120400,-0.095540,0.037080,0.037240,0.001058,0.103240,0.120363,-0.095535,0.037075,0.037242,0.001058,3.954141e-05,0.001159
3481,2,71.4000,180.0000,-2.0000,0.107300,0.123800,-0.097560,0.032600,0.037910,0.000865,0.107330,0.123809,-0.097559,0.032602,0.037914,0.000865,2.978509e-05,0.000873
3482,2,79.8000,180.0000,-2.0000,0.110800,0.126600,-0.099180,0.027690,0.038440,0.000675,0.110774,0.126648,-0.099179,0.027693,0.038443,0.000675,4.774349e-05,0.001400
3483,2,88.2000,180.0000,-2.0000,0.113500,0.128900,-0.100400,0.022450,0.038830,0.000510,0.113540,0.128918,-0.100394,0.022451,0.038833,0.000510,3.953774e-05,0.001159
3484,2,96.6000,180.0000,-2.0000,0.115700,0.130700,-0.101200,0.016950,0.039090,0.000347,0.115700,0.130684,-0.101164,0.016952,0.039087,0.000347,3.626472e-05,0.001063
3485,2,105.0000,180.0000,-2.0000,0.117200,0.131900,-0.101500,0.011290,0.039190,0.000194,0.117247,0.131924,-0.101535,0.011292,0.039188,0.000194,4.688349e-05,0.001374
3486,2,113.4000,180.0000,-2.0000,0.118200,0.132700,-0.101500,0.005531,0.039150,0.000058,0.118213,0.132657,-0.101524,0.005531,0.039149,0.000058,4.328594e-05,0.001269
3487,2,121.8000,180.0000,-2.0000,0.118700,0.132900,-0.101100,-0.000282,0.038980,-0.000062,0.118656,0.132925,-0.101123,-0.000282,0.038979,-0.000062,4.357074e-05,0.001277
3488,2,130.2000,180.0000,-2.0000,0.118600,0.132700,-0.100300,-0.006092,0.038670,-0.000187,0.118579,0.132747,-0.100329,-0.006092,0.038673,-0.000187,4.735992e-05,0.001388
3489,2,138.6000,180.0000,-2.0000,0.118000,0.132100,-0.099200,-0.011850,0.038230,-0.000309,0.117984,0.132112,-0.099200,-0.011854,0.038230,-0.000309,1.587468e-05,0.000465
3490,2,147.0000,180.0000,-2.0000,0.116900,0.131000,-0.097640,-0.017500,0.037650,-0.000403,0.116853,0.131000,-0.097639,-0.017499,0.037646,-0.000403,4.685011e-05,0.001374
3491,2,155.4000,180.0000,-2.0000,0.115400,0.129600,-0.095620,-0.023080,0.036960,-0.000508,0.115402,0.129579,-0.095617,-0.023078,0.036963,-0.000508,2.126819e-05,0.000624
3492,2,163.8000,180.0000,-2.0000,0.112300,0.127200,-0.094370,-0.028440,0.036550,-0.000888,0.112309,0.127158,-0.094367,-0.028443,0.036553,-0.000888,4.246888e-05,0.001245
3493,2,4.2000,204.0000,-2.0000,0.123800,0.124900,0.034120,0.044210,-0.017990,-0.000091,0.123847,0.124862,0.034116,0.044210,-0.017990,-0.000091,4.673481e-05,0.001370
3494,2,12.6000,204.0000,-2.0000,0.130100,0.134600,0.034500,0.043750,-0.019250,0.000404,0.130104,0.134579,0.034497,0.043747,-0.019250,0.000404,2.071788e-05,0.000607
3495,2,21.0000,204.0000,-2.0000,0.138100,0.142200,0.034840,0.043690,-0.019770,0.000678,0.138062,0.142236,0.034839,0.043692,-0.019770,0.000678,3.840439e-05,0.001126
3496,2,29.4000,204.0000,-2.0000,0.145500,0.148500,0.035700,0.042160,-0.020440,0.000630,0.145539,0.148502,0.035703,0.042155,-0.020444,0.000630,3.915196e-05,0.001148
3497,2,37.8000,204.0000,-2.0000,0.152800,0.154800,0.036690,0.039900,-0.021280,0.000575,0.152828,0.154787,0.036693,0.039898,-0.021277,0.000575,2.844299e-05,0.000834
3498,2,46.2000,204.0000,-2.0000,0.159800,0.160800,0.037780,0.037130,-0.022130,0.000515,0.159784,0.160787,0.037784,0.037131,-0.022125,0.000515,1.590097e-05,0.000466
3499,2,54.6000,204.0000,-2.0000,0.166200,0.166300,0.038860,0.033940,-0.022910,0.000431,0.166231,0.166292,0.038857,0.033944,-0.022907,0.000431,3.087340e-05,0.000905
3500,2,63.0000,204.0000,-2.0000,0.172100,0.171200,0.039850,0.030390,-0.023600,0.000361,0.172065,0.171173,0.039846,0.030387,-0.023599,0.000361,3.540692e-05,0.001038
3501,2,71.4000,204.0000,-2.0000,0.177200,0.175400,0.040730,0.026510,-0.024190,0.000295,0.177184,0.175372,0.040729,0.026507,-0.024190,0.000294,2.830876e-05,0.000830
3502,2,79.8000,204.0000,-2.0000,0.181500,0.178800,0.041440,0.022360,-0.024660,0.000213,0.181511,0.178844,0.041445,0.022362,-0.024660,0.000213,4.400970e-05,0.001290
3503,2,88.2000,204.0000,-2.0000,0.184900,0.181500,0.041930,0.018010,-0.025010,0.000155,0.184940,0.181521,0.041929,0.018006,-0.025007,0.000155,3.989972e-05,0.001170
3504,2,96.6000,204.0000,-2.0000,0.187500,0.183500,0.042240,0.013490,-0.025240,0.000092,0.187514,0.183467,0.042245,0.013489,-0.025243,0.000092,3.269235e-05,0.000958
3505,2,105.0000,204.0000,-2.0000,0.189200,0.184700,0.042400,0.008868,-0.025370,0.000030,0.189225,0.184716,0.042396,0.008868,-0.025374,0.000030,2.505026e-05,0.000734
3506,2,113.4000,204.0000,-2.0000,0.190100,0.185300,0.042400,0.004185,-0.025410,-0.000022,0.190099,0.185282,0.042400,0.004185,-0.025406,-0.000022,1.762396e-05,0.000517
3507,2,121.8000,204.0000,-2.0000,0.190100,0.185200,0.042240,-0.000510,-0.025340,-0.000064,0.190138,0.185172,0.042244,-0.000510,-0.025337,-0.000064,3.765317e-05,0.001104
3508,2,130.2000,204.0000,-2.0000,0.189300,0.184400,0.041930,-0.005186,-0.025160,-0.000092,0.189330,0.184397,0.041930,-0.005186,-0.025164,-0.000092,3.000993e-05,0.000880
3509,2,138.6000,204.0000,-2.0000,0.187800,0.183000,0.041500,-0.009814,-0.024900,-0.000130,0.187760,0.183014,0.041505,-0.009814,-0.024895,-0.000130,4.038540e-05,0.001184
3510,2,147.0000,204.0000,-2.0000,0.185400,0.181000,0.040900,-0.014380,-0.024530,-0.000172,0.185369,0.181020,0.040898,-0.014375,-0.024534,-0.000172,3.082501e-05,0.000904
3511,2,155.4000,204.0000,-2.0000,0.182100,0.178400,0.040100,-0.018770,-0.024100,-0.000236,0.182102,0.178409,0.040105,-0.018769,-0.024101,-0.000236,8.889049e-06,0.000261
3512,2,163.8000,204.0000,-2.0000,0.178400,0.175400,0.039650,-0.022970,-0.023690,-0.000160,0.178424,0.175384,0.039649,-0.022970,-0.023686,-0.000160,2.411686e-05,0.000707
3513,2,4.2000,228.0000,-2.0000,0.062950,0.029220,-0.012450,0.022300,-0.003198,-0.001460,0.062951,0.029218,-0.012449,0.022298,-0.003198,-0.001460,2.330658e-06,0.000068
3514,2,12.6000,228.0000,-2.0000,0.069060,0.029640,-0.013120,0.021870,-0.003489,-0.001511,0.069059,0.029639,-0.013118,0.021874,-0.003489,-0.001511,3.860201e-06,0.000113
3515,2,21.0000,228.0000,-2.0000,0.075200,0.031780,-0.013470,0.020980,-0.003949,-0.001450,0.075201,0.031778,-0.013466,0.020977,-0.003949,-0.001450,4.246775e-06,0.000125
3516,2,29.4000,228.0000,-2.0000,0.081580,0.033970,-0.013830,0.020130,-0.004344,-0.001328,0.081579,0.033974,-0.013833,0.020125,-0.004344,-0.001328,4.788729e-06,0.000140
3517,2,37.8000,228.0000,-2.0000,0.087800,0.035670,-0.014250,0.019030,-0.004651,-0.001229,0.087804,0.035669,-0.014255,0.019027,-0.004651,-0.001229,4.525339e-06,0.000133
3518,2,46.2000,228.0000,-2.0000,0.093580,0.037130,-0.014740,0.017670,-0.004911,-0.001148,0.093580,0.037132,-0.014743,0.017673,-0.004911,-0.001148,3.017501e-06,0.000088
3519,2,54.6000,228.0000,-2.0000,0.098870,0.038420,-0.015240,0.016090,-0.005134,-0.001033,0.098871,0.038423,-0.015240,0.016088,-0.005134,-0.001033,3.212594e-06,0.000094
3520,2,63.0000,228.0000,-2.0000,0.103700,0.039600,-0.015650,0.014330,-0.005326,-0.000928,0.103680,0.039601,-0.015653,0.014331,-0.005326,-0.000928,1.965494e-05,0.000576
3521,2,71.4000,228.0000,-2.0000,0.107900,0.040620,-0.016000,0.012440,-0.005492,-0.000827,0.107890,0.040624,-0.016002,0.012444,-0.005492,-0.000827,9.976655e-06,0.000292
3522,2,79.8000,228.0000,-2.0000,0.111500,0.041500,-0.016260,0.010450,-0.005636,-0.000692,0.111492,0.041498,-0.016260,0.010445,-0.005636,-0.000692,8.023911e-06,0.000235
3523,2,88.2000,228.0000,-2.0000,0.114400,0.042190,-0.016490,0.008369,-0.005756,-0.000568,0.114410,0.042193,-0.016489,0.008369,-0.005756,-0.000568,9.632408e-06,0.000282
3524,2,96.6000,228.0000,-2.0000,0.116600,0.042720,-0.016680,0.006231,-0.005846,-0.000436,0.116643,0.042718,-0.016679,0.006231,-0.005846,-0.000436,4.253995e-05,0.001247
3525,2,105.0000,228.0000,-2.0000,0.118200,0.043090,-0.016780,0.004062,-0.005908,-0.000296,0.118214,0.043089,-0.016780,0.004062,-0.005908,-0.000296,1.381822e-05,0.000405
3526,2,113.4000,228.0000,-2.0000,0.119100,0.043320,-0.016800,0.001875,-0.005951,-0.000149,0.119098,0.043317,-0.016798,0.001875,-0.005951,-0.000149,3.211199e-06,0.000094
3527,2,121.8000,228.0000,-2.0000,0.119300,0.043410,-0.016750,-0.000311,-0.005972,-0.000006,0.119315,0.043409,-0.016747,-0.000311,-0.005972,-0.000006,1.454312e-05,0.000426
3528,2,130.2000,228.0000,-2.0000,0.118800,0.043330,-0.016670,-0.002477,-0.005973,0.000138,0.118813,0.043333,-0.016667,-0.002477,-0.005973,0.000138,1.321503e-05,0.000387
3529,2,138.6000,228.0000,-2.0000,0.117700,0.043150,-0.016500,-0.004624,-0.005948,0.000290,0.117670,0.043146,-0.016500,-0.004624,-0.005948,0.000290,2.956288e-05,0.000867
3530,2,147.0000,228.0000,-2.0000,0.115800,0.042800,-0.016270,-0.006723,-0.005902,0.000433,0.115848,0.042805,-0.016268,-0.006723,-0.005902,0.000433,4.812823e-05,0.001411
3531,2,155.4000,228.0000,-2.0000,0.113400,0.042250,-0.016040,-0.008777,-0.005833,0.000569,0.113396,0.042250,-0.016040,-0.008777,-0.005833,0.000569,3.523297e-06,0.000103
3532,2,163.8000,228.0000,-2.0000,0.110400,0.041720,-0.015600,-0.010750,-0.005726,0.000748,0.110379,0.041723,-0.015600,-0.010750,-0.005726,0.000748,2.077591e-05,0.000609
3533,3,4.2000,132.0000,-7.7500,-0.123200,-0.207800,-0.608400,0.120000,0.258400,-0.050170,-0.123177,-0.207768,-0.608444,0.119951,0.258399,-0.050174,4.907515e-05,0.001439
3534,3,12.6000,132.0000,-7.7500,-0.217500,-0.239400,-0.619800,0.084510,0.275500,0.004939,-0.217458,-0.239370,-0.619838,0.084510,0.275518,0.004939,4.200708e-05,0.001232
3535,3,21.0000,132.0000,-7.7500,-0.225000,-0.225700,-0.599800,0.075330,0.277500,-0.003130,-0.224981,-0.225727,-0.599835,0.075332,0.277500,-0.003130,3.543321e-05,0.001039
3536,3,29.4000,132.0000,-7.7500,-0.230500,-0.227700,-0.616300,0.072170,0.283400,-0.000325,-0.230506,-0.227692,-0.616302,0.072171,0.283374,-0.000325,2.593724e-05,0.000760
3537,3,37.8000,132.0000,-7.7500,-0.230900,-0.229200,-0.633400,0.069200,0.290500,0.001454,-0.230885,-0.229190,-0.633435,0.069195,0.290513,0.001454,3.478018e-05,0.001020
3538,3,46.2000,132.0000,-7.7500,-0.231600,-0.233300,-0.654400,0.065050,0.297900,0.001217,-0.231647,-0.233308,-0.654443,0.065048,0.297930,0.001217,4.659186e-05,0.001366
3539,3,54.6000,132.0000,-7.7500,-0.232900,-0.237800,-0.674100,0.059570,0.305200,0.000556,-0.232928,-0.237756,-0.674111,0.059572,0.305249,0.000556,4.891126e-05,0.001434
3540,3,63.0000,132.0000,-7.7500,-0.234700,-0.242000,-0.691600,0.053030,0.312000,-0.000044,-0.234689,-0.242045,-0.691615,0.053034,0.312030,-0.000044,4.458740e-05,0.001307
3541,3,71.4000,132.0000,-7.7500,-0.236700,-0.245700,-0.706200,0.045760,0.317900,-0.000336,-0.236686,-0.245730,-0.706244,0.045760,0.317925,-0.000336,4.376469e-05,0.001283
3542,3,79.8000,132.0000,-7.7500,-0.238600,-0.248600,-0.717800,0.038020,0.322700,-0.000340,-0.238553,-0.248575,-0.717780,0.038024,0.322706,-0.000341,4.706152e-05,0.001380
3543,3,88.2000,132.0000,-7.7500,-0.240000,-0.250500,-0.726200,0.030020,0.326300,-0.000076,-0.240039,-0.250492,-0.726235,0.030018,0.326255,-0.000076,4.495291e-05,0.001318
3544,3,96.6000,132.0000,-7.7500,-0.240900,-0.251400,-0.731700,0.021890,0.328500,0.000380,-0.240923,-0.251434,-0.731670,0.021886,0.328538,0.000380,3.795489e-05,0.001113
3545,3,105.0000,132.0000,-7.7500,-0.241100,-0.251400,-0.734200,0.013700,0.329600,0.000954,-0.241060,-0.251429,-0.734231,0.013701,0.329562,0.000954,3.972077e-05,0.001164
3546,3,113.4000,132.0000,-7.7500,-0.240300,-0.250500,-0.734000,0.005512,0.329300,0.001623,-0.240337,-0.250486,-0.734014,0.005512,0.329342,0.001623,4.222736e-05,0.001238
3547,3,121.8000,132.0000,-7.7500,-0.238700,-0.248600,-0.731100,-0.002654,0.327900,0.002346,-0.238706,-0.248632,-0.731125,-0.002654,0.327894,0.002346,3.189088e-05,0.000935
3548,3,130.2000,132.0000,-7.7500,-0.236100,-0.245800,-0.725500,-0.010770,0.325200,0.003063,-0.236096,-0.245785,-0.725461,-0.010769,0.325238,0.003063,3.886342e-05,0.001139
3549,3,138.6000,132.0000,-7.7500,-0.232700,-0.242200,-0.717400,-0.018800,0.321400,0.003732,-0.232724,-0.242158,-0.717388,-0.018795,0.321371,0.003732,4.161272e-05,0.001220
3550,3,147.0000,132.0000,-7.7500,-0.228200,-0.237000,-0.705600,-0.026620,0.316200,0.004792,-0.228170,-0.237028,-0.705638,-0.026616,0.316214,0.004792,3.768464e-05,0.001105
3551,3,155.4000,132.0000,-7.7500,-0.225800,-0.232500,-0.692400,-0.033710,0.310200,0.003921,-0.225767,-0.232482,-0.692401,-0.033712,0.310177,0.003921,3.265431e-05,0.000957
3552,3,163.8000,132.0000,-7.7500,-0.219400,-0.228700,-0.684700,-0.040460,0.305700,-0.000172,-0.219372,-0.228725,-0.684671,-0.040460,0.305744,-0.000172,4.419511e-05,0.001296
3553,3,4.2000,156.0000,-7.7500,0.116700,0.018800,0.113900,0.080610,-0.025320,0.004008,0.116656,0.018800,0.113919,0.080606,-0.025319,0.004008,4.420263e-05,0.001296
3554,3,12.6000,156.0000,-7.7500,0.131100,0.011450,0.114600,0.075430,-0.023050,0.000850,0.131087,0.011446,0.114642,0.075425,-0.023047,0.000850,4.194692e-05,0.001230
3555,3,21.0000,156.0000,-7.7500,0.134800,0.008347,0.109400,0.070440,-0.020070,0.004530,0.134802,0.008347,0.109365,0.070436,-0.020071,0.004530,3.517110e-05,0.001031
3556,3,29.4000,156.0000,-7.7500,0.140600,0.009449,0.109500,0.066430,-0.019370,0.007094,0.140571,0.009449,0.109536,0.066427,-0.019373,0.007094,3.616575e-05,0.001060
3557,3,37.8000,156.0000,-7.7500,0.148200,0.011660,0.112000,0.062470,-0.020030,0.008084,0.148214,0.011664,0.112015,0.062467,-0.020032,0.008084,1.524320e-05,0.000447
3558,3,46.2000,156.0000,-7.7500,0.156000,0.013540,0.114900,0.058000,-0.021430,0.007940,0.156016,0.013541,0.114909,0.057999,-0.021427,0.007940,1.634904e-05,0.000479
3559,3,54.6000,156.0000,-7.7500,0.163500,0.015310,0.118300,0.052870,-0.022960,0.007174,0.163485,0.015313,0.118262,0.052866,-0.022956,0.007174,3.755273e-05,0.001101
3560,3,63.0000,156.0000,-7.7500,0.170100,0.016840,0.121400,0.047120,-0.024340,0.006071,0.170093,0.016835,0.121405,0.047118,-0.024340,0.006071,7.145069e-06,0.000209
3561,3,71.4000,156.0000,-7.7500,0.175600,0.018140,0.124100,0.040870,-0.025480,0.004898,0.175630,0.018144,0.124114,0.040870,-0.025481,0.004898,2.999935e-05,0.000879
3562,3,79.8000,156.0000,-7.7500,0.180000,0.019280,0.126300,0.034240,-0.026360,0.003779,0.180049,0.019284,0.126295,0.034243,-0.026359,0.003779,4.933456e-05,0.001446
3563,3,88.2000,156.0000,-7.7500,0.183400,0.020260,0.127900,0.027350,-0.026990,0.002767,0.183366,0.020259,0.127903,0.027350,-0.026994,0.002767,3.376806e-05,0.000990
3564,3,96.6000,156.0000,-7.7500,0.185700,0.021110,0.129000,0.020280,-0.027430,0.001873,0.185710,0.021110,0.128968,0.020284,-0.027434,0.001873,3.246743e-05,0.000952
3565,3,105.0000,156.0000,-7.7500,0.187100,0.021830,0.129500,0.013120,-0.027700,0.001082,0.187150,0.021828,0.129484,0.013118,-0.027703,0.001082,4.973989e-05,0.001458
3566,3,113.4000,156.0000,-7.7500,0.187800,0.022440,0.129500,0.005907,-0.027820,0.000375,0.187782,0.022437,0.129492,0.005907,-0.027821,0.000375,1.759706e-05,0.000516
3567,3,121.8000,156.0000,-7.7500,0.187700,0.022950,0.129000,-0.001301,-0.027810,-0.000274,0.187679,0.022951,0.129003,-0.001301,-0.027805,-0.000274,2.054098e-05,0.000602
3568,3,130.2000,156.0000,-7.7500,0.186900,0.023380,0.128000,-0.008466,-0.027660,-0.000910,0.186871,0.023376,0.128022,-0.008466,-0.027663,-0.000910,2.935774e-05,0.000861
3569,3,138.6000,156.0000,-7.7500,0.185300,0.023680,0.126500,-0.015540,-0.027390,-0.001562,0.185336,0.023684,0.126499,-0.015536,-0.027392,-0.001562,3.631598e-05,0.001065
3570,3,147.0000,156.0000,-7.7500,0.183100,0.023810,0.124400,-0.022450,-0.026960,-0.002262,0.183051,0.023813,0.124371,-0.022449,-0.026962,-0.002262,4.948565e-05,0.001451
3571,3,155.4000,156.0000,-7.7500,0.180300,0.023780,0.121900,-0.029190,-0.026380,-0.002932,0.180338,0.023783,0.121891,-0.029186,-0.026381,-0.002932,3.788782e-05,0.001111
3572,3,163.8000,156.0000,-7.7500,0.176700,0.023350,0.120300,-0.035620,-0.025980,-0.003011,0.176657,0.023345,0.120323,-0.035617,-0.025979,-0.003011,4.294504e-05,0.001259
3573,3,4.2000,180.0000,-7.7500,0.108700,0.119900,-0.003187,0.061060,-0.003288,0.006077,0.108675,0.119917,-0.003187,0.061062,-0.003288,0.006077,2.545487e-05,0.000746
3574,3,12.6000,180.0000,-7.7500,0.118400,0.127000,-0.001437,0.062560,-0.004919,0.005889,0.118382,0.127026,-0.001437,0.062555,-0.004919,0.005889,2.587420e-05,0.000759
3575,3,21.0000,180.0000,-7.7500,0.127100,0.131200,-0.000513,0.060630,-0.006162,0.005645,0.127050,0.131242,-0.000513,0.060635,-0.006162,0.005645,4.978068e-05,0.001459
3576,3,29.4000,180.0000,-7.7500,0.134800,0.136100,-0.000187,0.057560,-0.007433,0.005281,0.134816,0.136113,-0.000187,0.057561,-0.007433,0.005281,1.639502e-05,0.000481
3577,3,37.8000,180.0000,-7.7500,0.141900,0.141200,-0.000318,0.053950,-0.008589,0.004864,0.141885,0.141211,-0.000318,0.053949,-0.008589,0.004864,1.455871e-05,0.000427
3578,3,46.2000,180.0000,-7.7500,0.148600,0.146500,-0.000289,0.049880,-0.009619,0.004428,0.148641,0.146479,-0.000289,0.049876,-0.009619,0.004428,4.073051e-05,0.001194
3579,3,54.6000,180.0000,-7.7500,0.154800,0.151400,-0.000246,0.045360,-0.010540,0.003899,0.154835,0.151430,-0.000246,0.045359,-0.010541,0.003899,3.473818e-05,0.001018
3580,3,63.0000,180.0000,-7.7500,0.160300,0.155900,-0.000203,0.040420,-0.011330,0.003304,0.160324,0.155855,-0.000203,0.040420,-0.011333,0.003304,4.467721e-05,0.001310
3581,3,71.4000,180.0000,-7.7500,0.165000,0.159700,-0.000154,0.035110,-0.011970,0.002688,0.165024,0.159653,-0.000154,0.035112,-0.011971,0.002688,4.678679e-05,0.001372
3582,3,79.8000,180.0000,-7.7500,0.168900,0.162800,-0.000103,0.029490,-0.012470,0.002089,0.168882,0.162769,-0.000103,0.029493,-0.012473,0.002089,3.118006e-05,0.000914
3583,3,88.2000,180.0000,-7.7500,0.171900,0.165200,-0.000056,0.023640,-0.012850,0.001533,0.171874,0.165188,-0.000056,0.023642,-0.012851,0.001533,2.579223e-05,0.000756
3584,3,96.6000,180.0000,-7.7500,0.174100,0.166900,-0.000000,0.017620,-0.013110,0.001011,0.174070,0.166947,-0.000000,0.017622,-0.013108,0.001011,4.742787e-05,0.001390
3585,3,105.0000,180.0000,-7.7500,0.175500,0.168000,0.000029,0.011500,-0.013270,0.000534,0.175464,0.168035,0.000029,0.011500,-0.013265,0.000534,3.629932e-05,0.001064
3586,3,113.4000,180.0000,-7.7500,0.176100,0.168500,0.000041,0.005325,-0.013340,0.000101,0.176080,0.168468,0.000041,0.005325,-0.013335,0.000101,3.151761e-05,0.000924
3587,3,121.8000,180.0000,-7.7500,0.176000,0.168300,0.000066,-0.000851,-0.013320,-0.000296,0.176013,0.168301,0.000066,-0.000851,-0.013324,-0.000296,1.268175e-05,0.000372
3588,3,130.2000,180.0000,-7.7500,0.175200,0.167500,0.000041,-0.006984,-0.013240,-0.000675,0.175216,0.167495,0.000041,-0.006984,-0.013237,-0.000675,1.603968e-05,0.000470
3589,3,138.6000,180.0000,-7.7500,0.173800,0.166100,0.000013,-0.013040,-0.013070,-0.001036,0.173759,0.166092,0.000013,-0.013044,-0.013073,-0.001036,4.109410e-05,0.001205
3590,3,147.0000,180.0000,-7.7500,0.171600,0.164100,-0.000036,-0.019000,-0.012830,-0.001404,0.171607,0.164059,-0.000036,-0.019002,-0.012831,-0.001404,4.059594e-05,0.001190
3591,3,155.4000,180.0000,-7.7500,0.168900,0.161600,-0.000012,-0.024870,-0.012540,-0.001736,0.168865,0.161567,-0.000012,-0.024875,-0.012537,-0.001736,3.469128e-05,0.001017
3592,3,163.8000,180.0000,-7.7500,0.165400,0.158900,0.000045,-0.030580,-0.012130,-0.002314,0.165438,0.158875,0.000045,-0.030580,-0.012134,-0.002314,3.766482e-05,0.001104
3593,3,4.2000,204.0000,-7.7500,0.070370,0.045400,-0.014670,0.047500,-0.009220,0.000396,0.070369,0.045396,-0.014670,0.047501,-0.009220,0.000396,3.630155e-06,0.000106
3594,3,12.6000,204.0000,-7.7500,0.075620,0.048460,-0.015850,0.046560,-0.010490,0.001105,0.075616,0.048462,-0.015853,0.046560,-0.010487,0.001105,4.318545e-06,0.000127
3595,3,21.0000,204.0000,-7.7500,0.081990,0.051680,-0.016270,0.045700,-0.012130,0.001230,0.081985,0.051679,-0.016273,0.045697,-0.012129,0.001230,4.574556e-06,0.000134
3596,3,29.4000,204.0000,-7.7500,0.088030,0.054240,-0.016760,0.043850,-0.013490,0.001179,0.088031,0.054243,-0.016755,0.043851,-0.013490,0.001179,4.728969e-06,0.000139
3597,3,37.8000,204.0000,-7.7500,0.093730,0.056690,-0.017120,0.041270,-0.014690,0.001074,0.093730,0.056693,-0.017124,0.041274,-0.014690,0.001074,4.424732e-06,0.000130
3598,3,46.2000,204.0000,-7.7500,0.098880,0.058870,-0.017560,0.038160,-0.015740,0.000929,0.098878,0.058874,-0.017556,0.038162,-0.015742,0.000929,4.428915e-06,0.000130
3599,3,54.6000,204.0000,-7.7500,0.103500,0.060850,-0.018000,0.034640,-0.016650,0.000749,0.103522,0.060854,-0.017995,0.034643,-0.016649,0.000749,2.213105e-05,0.000649
3600,3,63.0000,204.0000,-7.7500,0.107700,0.062640,-0.018390,0.030790,-0.017420,0.000586,0.107682,0.062643,-0.018389,0.030792,-0.017417,0.000586,1.836451e-05,0.000538
3601,3,71.4000,204.0000,-7.7500,0.111300,0.064200,-0.018730,0.026670,-0.018060,0.000436,0.111275,0.064201,-0.018730,0.026674,-0.018061,0.000436,2.517892e-05,0.000738
3602,3,79.8000,204.0000,-7.7500,0.114300,0.065560,-0.018980,0.022350,-0.018580,0.000282,0.114336,0.065560,-0.018982,0.022346,-0.018577,0.000282,3.625965e-05,0.001063
3603,3,88.2000,204.0000,-7.7500,0.116800,0.066690,-0.019160,0.017860,-0.018970,0.000154,0.116834,0.066694,-0.019158,0.017857,-0.018971,0.000154,3.394527e-05,0.000995
3604,3,96.6000,204.0000,-7.7500,0.118800,0.067590,-0.019260,0.013260,-0.019260,0.000045,0.118753,0.067594,-0.019260,0.013264,-0.019263,0.000045,4.663443e-05,0.001367
3605,3,105.0000,204.0000,-7.7500,0.120100,0.068260,-0.019300,0.008606,-0.019450,-0.000048,0.120091,0.068262,-0.019297,0.008606,-0.019449,-0.000048,9.285169e-06,0.000272
3606,3,113.4000,204.0000,-7.7500,0.120800,0.068680,-0.019290,0.003919,-0.019530,-0.000120,0.120826,0.068677,-0.019293,0.003919,-0.019535,-0.000120,2.641457e-05,0.000774
3607,3,121.8000,204.0000,-7.7500,0.121000,0.068870,-0.019210,-0.000763,-0.019530,-0.000173,0.121014,0.068874,-0.019214,-0.000763,-0.019533,-0.000173,1.443238e-05,0.000423
3608,3,130.2000,204.0000,-7.7500,0.120600,0.068820,-0.019080,-0.005410,-0.019450,-0.000206,0.120617,0.068824,-0.019081,-0.005410,-0.019446,-0.000206,1.689422e-05,0.000495
3609,3,138.6000,204.0000,-7.7500,0.119700,0.068570,-0.018860,-0.010000,-0.019280,-0.000243,0.119705,0.068571,-0.018865,-0.010004,-0.019282,-0.000242,4.923648e-06,0.000144
3610,3,147.0000,204.0000,-7.7500,0.118200,0.068090,-0.018610,-0.014520,-0.019050,-0.000278,0.118230,0.068095,-0.018608,-0.014518,-0.019046,-0.000278,2.973461e-05,0.000872
3611,3,155.4000,204.0000,-7.7500,0.116200,0.067430,-0.018290,-0.018890,-0.018700,-0.000321,0.116227,0.067427,-0.018290,-0.018891,-0.018703,-0.000321,2.660474e-05,0.000780
3612,3,163.8000,204.0000,-7.7500,0.113600,0.066330,-0.017960,-0.023100,-0.018240,-0.000307,0.113578,0.066334,-0.017961,-0.023101,-0.018239,-0.000307,2.201186e-05,0.000645
3613,3,4.2000,228.0000,-7.7500,0.070740,0.034330,0.005740,0.020610,-0.023550,-0.005382,0.070741,0.034326,0.005740,0.020608,-0.023547,-0.005382,3.571142e-06,0.000105
3614,3,12.6000,228.0000,-7.7500,0.077990,0.035390,0.006278,0.020230,-0.025220,-0.005321,0.077994,0.035390,0.006278,0.020228,-0.025222,-0.005321,4.486120e-06,0.000132
3615,3,21.0000,228.0000,-7.7500,0.085130,0.037090,0.006732,0.019480,-0.026670,-0.005071,0.085133,0.037090,0.006732,0.019479,-0.026670,-0.005071,3.186034e-06,0.000093
3616,3,29.4000,228.0000,-7.7500,0.092220,0.038600,0.007080,0.018620,-0.028120,-0.004715,0.092222,0.038595,0.007080,0.018622,-0.028118,-0.004715,4.754448e-06,0.000139
3617,3,37.8000,228.0000,-7.7500,0.099080,0.039930,0.007431,0.017530,-0.029500,-0.004356,0.099084,0.039934,0.007431,0.017529,-0.029495,-0.004356,4.938778e-06,0.000145
3618,3,46.2000,228.0000,-7.7500,0.105600,0.041280,0.007819,0.016200,-0.030770,-0.004018,0.105586,0.041284,0.007819,0.016202,-0.030772,-0.004018,1.433167e-05,0.000420
3619,3,54.6000,228.0000,-7.7500,0.111500,0.042540,0.008172,0.014690,-0.031920,-0.003650,0.111532,0.042545,0.008172,0.014685,-0.031922,-0.003650,3.166404e-05,0.000928
3620,3,63.0000,228.0000,-7.7500,0.116900,0.043730,0.008533,0.013020,-0.032930,-0.003272,0.116898,0.043730,0.008533,0.013022,-0.032928,-0.003272,2.397474e-06,0.000070
3621,3,71.4000,228.0000,-7.7500,0.121500,0.044730,0.008797,0.011250,-0.033790,-0.002879,0.121529,0.044734,0.008797,0.011248,-0.033789,-0.002879,2.850877e-05,0.000836
3622,3,79.8000,228.0000,-7.7500,0.125400,0.045570,0.009007,0.009395,-0.034510,-0.002444,0.125424,0.045566,0.009007,0.009395,-0.034507,-0.002444,2.384240e-05,0.000699
3623,3,88.2000,228.0000,-7.7500,0.128600,0.046250,0.009186,0.007490,-0.035070,-0.002001,0.128595,0.046249,0.009186,0.007490,-0.035075,-0.002001,4.923449e-06,0.000144
3624,3,96.6000,228.0000,-7.7500,0.131000,0.046750,0.009295,0.005546,-0.035490,-0.001532,0.130988,0.046749,0.009295,0.005546,-0.035492,-0.001532,1.189503e-05,0.000349
3625,3,105.0000,228.0000,-7.7500,0.132600,0.047080,0.009367,0.003586,-0.035770,-0.001040,0.132626,0.047076,0.009367,0.003586,-0.035766,-0.001040,2.598874e-05,0.000762
3626,3,113.4000,228.0000,-7.7500,0.133500,0.047220,0.009377,0.001622,-0.035900,-0.000536,0.133477,0.047216,0.009377,0.001622,-0.035903,-0.000536,2.258935e-05,0.000662
3627,3,121.8000,228.0000,-7.7500,0.133600,0.047200,0.009351,-0.000337,-0.035910,-0.000027,0.133593,0.047203,0.009351,-0.000337,-0.035907,-0.000027,6.535702e-06,0.000192
3628,3,130.2000,228.0000,-7.7500,0.132900,0.047010,0.009254,-0.002278,-0.035780,0.000485,0.132931,0.047005,0.009254,-0.002278,-0.035784,0.000485,3.109038e-05,0.000911
3629,3,138.6000,228.0000,-7.7500,0.131600,0.046680,0.009147,-0.004194,-0.035540,0.000994,0.131589,0.046685,0.009147,-0.004194,-0.035535,0.000994,1.076923e-05,0.000316
3630,3,147.0000,228.0000,-7.7500,0.129500,0.046180,0.008955,-0.006071,-0.035160,0.001490,0.129493,0.046177,0.008955,-0.006071,-0.035155,0.001490,7.177213e-06,0.000210
3631,3,155.4000,228.0000,-7.7500,0.126800,0.045520,0.008770,-0.007910,-0.034660,0.001997,0.126754,0.045520,0.008770,-0.007910,-0.034660,0.001997,4.557566e-05,0.001336
3632,3,163.8000,228.0000,-7.7500,0.123300,0.044850,0.008679,-0.009691,-0.034050,0.002500,0.123326,0.044846,0.008679,-0.009691,-0.034054,0.002500,2.614922e-05,0.000767
3633,3,4.2000,132.0000,-15.2500,-0.114900,-0.168900,-0.489700,0.150200,0.243100,-0.104900,-0.114895,-0.168856,-0.489749,0.150221,0.243063,-0.104935,4.869159e-05,0.001427
3634,3,12.6000,132.0000,-15.2500,-0.152500,-0.205500,-0.563300,0.122900,0.281500,-0.033550,-0.152541,-0.205497,-0.563268,0.122920,0.281494,-0.033552,4.136590e-05,0.001213
3635,3,21.0000,132.0000,-15.2500,-0.174000,-0.210100,-0.572000,0.107500,0.293200,-0.003912,-0.173960,-0.210065,-0.572015,0.107473,0.293176,-0.003912,4.001086e-05,0.001173
3636,3,29.4000,132.0000,-15.2500,-0.171900,-0.205900,-0.580100,0.098130,0.298800,0.001424,-0.171859,-0.205920,-0.580065,0.098127,0.298794,0.001424,4.109322e-05,0.001205
3637,3,37.8000,132.0000,-15.2500,-0.175300,-0.209900,-0.600500,0.089900,0.304300,0.002168,-0.175338,-0.209856,-0.600509,0.089897,0.304268,0.002168,4.384445e-05,0.001285
3638,3,46.2000,132.0000,-15.2500,-0.179400,-0.214400,-0.620000,0.081430,0.310500,0.000794,-0.179431,-0.214429,-0.619993,0.081429,0.310476,0.000794,3.093868e-05,0.000907
3639,3,54.6000,132.0000,-15.2500,-0.184300,-0.219600,-0.638500,0.072560,0.317100,-0.000622,-0.184277,-0.219562,-0.638499,0.072559,0.317096,-0.000622,3.824256e-05,0.001121
3640,3,63.0000,132.0000,-15.2500,-0.189100,-0.224300,-0.654600,0.063320,0.323500,-0.001569,-0.189054,-0.224284,-0.654622,0.063317,0.323540,-0.001569,4.622869e-05,0.001355
3641,3,71.4000,132.0000,-15.2500,-0.193400,-0.228300,-0.668100,0.053800,0.329300,-0.001905,-0.193447,-0.228304,-0.668052,0.053802,0.329315,-0.001905,4.819275e-05,0.001413
3642,3,79.8000,132.0000,-15.2500,-0.197200,-0.231400,-0.678600,0.044120,0.334100,-0.001712,-0.197212,-0.231441,-0.678630,0.044119,0.334089,-0.001712,4.062683e-05,0.001191
3643,3,88.2000,132.0000,-15.2500,-0.200200,-0.233700,-0.686400,0.034360,0.337700,-0.001101,-0.200247,-0.233656,-0.686383,0.034356,0.337675,-0.001101,4.738885e-05,0.001389
3644,3,96.6000,132.0000,-15.2500,-0.202500,-0.234900,-0.691300,0.024590,0.340000,-0.000190,-0.202450,-0.234922,-0.691345,0.024587,0.339995,-0.000190,4.973634e-05,0.001458
3645,3,105.0000,132.0000,-15.2500,-0.203800,-0.235300,-0.693600,0.014860,0.341000,0.000918,-0.203793,-0.235278,-0.693622,0.014863,0.341023,0.000918,2.296052e-05,0.000673
3646,3,113.4000,132.0000,-15.2500,-0.204300,-0.234800,-0.693300,0.005225,0.340800,0.002166,-0.204254,-0.234765,-0.693328,0.005225,0.340757,0.002166,4.625895e-05,0.001356
3647,3,121.8000,132.0000,-15.2500,-0.203800,-0.233400,-0.690500,-0.004293,0.339200,0.003510,-0.203803,-0.233381,-0.690510,-0.004293,0.339202,0.003510,1.856582e-05,0.000544
3648,3,130.2000,132.0000,-15.2500,-0.202500,-0.231200,-0.685300,-0.013660,0.336400,0.004853,-0.202457,-0.231169,-0.685281,-0.013657,0.336367,0.004853,4.320369e-05,0.001267
3649,3,138.6000,132.0000,-15.2500,-0.200000,-0.227900,-0.677300,-0.022810,0.332300,0.006143,-0.199986,-0.227872,-0.677280,-0.022807,0.332280,0.006143,2.767994e-05,0.000811
3650,3,147.0000,132.0000,-15.2500,-0.197400,-0.224100,-0.667100,-0.031610,0.327100,0.006782,-0.197386,-0.224085,-0.667092,-0.031610,0.327062,0.006782,3.770526e-05,0.001105
3651,3,155.4000,132.0000,-15.2500,-0.194000,-0.220100,-0.656200,-0.039920,0.321100,0.006284,-0.194021,-0.220074,-0.656159,-0.039917,0.321140,0.006284,4.115558e-05,0.001207
3652,3,163.8000,132.0000,-15.2500,-0.189200,-0.216200,-0.646100,-0.048090,0.315100,0.006135,-0.189225,-0.216171,-0.646079,-0.048091,0.315121,0.006135,2.917455e-05,0.000855
3653,3,4.2000,156.0000,-15.2500,0.070400,-0.034700,0.032770,0.111000,0.047030,0.000997,0.070403,-0.034705,0.032767,0.111014,0.047034,0.000997,1.364373e-05,0.000400
3654,3,12.6000,156.0000,-15.2500,0.086570,-0.043150,0.036010,0.103700,0.058260,0.001364,0.086569,-0.043150,0.036012,0.103715,0.058259,0.001364,1.451729e-05,0.000426
3655,3,21.0000,156.0000,-15.2500,0.093200,-0.050250,0.031140,0.096120,0.064220,0.005176,0.093195,-0.050247,0.031142,0.096119,0.064223,0.005176,4.633735e-06,0.000136
3656,3,29.4000,156.0000,-15.2500,0.098610,-0.054470,0.027600,0.088640,0.067010,0.007785,0.098610,-0.054473,0.027600,0.088638,0.067014,0.007785,4.442052e-06,0.000130
3657,3,37.8000,156.0000,-15.2500,0.103200,-0.057590,0.025690,0.081080,0.068310,0.008925,0.103229,-0.057594,0.025688,0.081080,0.068310,0.008925,2.925452e-05,0.000858
3658,3,46.2000,156.0000,-15.2500,0.107500,-0.059800,0.025440,0.073280,0.069040,0.008704,0.107502,-0.059800,0.025441,0.073279,0.069041,0.008704,1.956898e-06,0.000057
3659,3,54.6000,156.0000,-15.2500,0.111200,-0.061550,0.025870,0.065240,0.069640,0.007768,0.111165,-0.061549,0.025870,0.065237,0.069637,0.007768,3.541474e-05,0.001038
3660,3,63.0000,156.0000,-15.2500,0.114200,-0.062880,0.026680,0.056980,0.070220,0.006486,0.114241,-0.062882,0.026681,0.056981,0.070216,0.006486,4.099947e-05,0.001202
3661,3,71.4000,156.0000,-15.2500,0.116700,-0.063900,0.027530,0.048560,0.070780,0.005139,0.116690,-0.063902,0.027532,0.048558,0.070778,0.005139,9.935890e-06,0.000291
3662,3,79.8000,156.0000,-15.2500,0.118500,-0.064630,0.028300,0.040020,0.071290,0.003886,0.118534,-0.064635,0.028296,0.040017,0.071287,0.003886,3.384198e-05,0.000992
3663,3,88.2000,156.0000,-15.2500,0.119800,-0.065120,0.028890,0.031400,0.071690,0.002785,0.119786,-0.065122,0.028889,0.031405,0.071690,0.002785,1.413565e-05,0.000414
3664,3,96.6000,156.0000,-15.2500,0.120500,-0.065350,0.029330,0.022770,0.071940,0.001857,0.120543,-0.065345,0.029327,0.022769,0.071935,0.001857,4.342995e-05,0.001273
3665,3,105.0000,156.0000,-15.2500,0.120800,-0.065330,0.029610,0.014150,0.071990,0.001082,0.120834,-0.065327,0.029610,0.014151,0.071987,0.001082,3.362810e-05,0.000986
3666,3,113.4000,156.0000,-15.2500,0.120700,-0.065080,0.029730,0.005592,0.071820,0.000425,0.120697,-0.065085,0.029726,0.005592,0.071820,0.000425,4.511001e-06,0.000132
3667,3,121.8000,156.0000,-15.2500,0.120200,-0.064610,0.029680,-0.002869,0.071420,-0.000148,0.120189,-0.064613,0.029680,-0.002869,0.071423,-0.000148,1.080977e-05,0.000317
3668,3,130.2000,156.0000,-15.2500,0.119300,-0.063930,0.029450,-0.011200,0.070790,-0.000692,0.119330,-0.063933,0.029448,-0.011202,0.070794,-0.000692,2.990919e-05,0.000877
3669,3,138.6000,156.0000,-15.2500,0.118200,-0.063050,0.029040,-0.019360,0.069960,-0.001246,0.118151,-0.063051,0.029039,-0.019361,0.069956,-0.001246,4.948034e-05,0.001451
3670,3,147.0000,156.0000,-15.2500,0.116600,-0.062050,0.028410,-0.027310,0.068970,-0.001888,0.116642,-0.062047,0.028413,-0.027306,0.068969,-0.001888,4.241886e-05,0.001244
3671,3,155.4000,156.0000,-15.2500,0.115000,-0.060910,0.027690,-0.035020,0.067940,-0.002584,0.115041,-0.060908,0.027690,-0.035016,0.067944,-0.002584,4.104054e-05,0.001203
3672,3,163.8000,156.0000,-15.2500,0.112900,-0.059920,0.027030,-0.042540,0.066830,-0.003311,0.112933,-0.059923,0.027028,-0.042545,0.066826,-0.003311,3.253280e-05,0.000954
3673,3,4.2000,180.0000,-15.2500,0.065600,0.009365,-0.000557,0.077930,-0.027020,0.007306,0.065601,0.009365,-0.000557,0.077930,-0.027023,0.007306,3.341836e-06,0.000098
3674,3,12.6000,180.0000,-15.2500,0.072260,0.005723,-0.001071,0.077270,-0.032650,0.006757,0.072259,0.005723,-0.001071,0.077270,-0.032650,0.006757,7.368651e-07,0.000022
3675,3,21.0000,180.0000,-15.2500,0.079370,0.002207,-0.001675,0.074200,-0.035530,0.006111,0.079374,0.002207,-0.001675,0.074199,-0.035528,0.006111,4.220286e-06,0.000124
3676,3,29.4000,180.0000,-15.2500,0.084990,-0.000800,-0.002413,0.069600,-0.037730,0.005908,0.084988,-0.000800,-0.002413,0.069600,-0.037728,0.005908,2.035047e-06,0.000060
3677,3,37.8000,180.0000,-15.2500,0.090090,-0.002547,-0.002654,0.064270,-0.039970,0.005587,0.090092,-0.002547,-0.002654,0.064271,-0.039975,0.005587,4.543586e-06,0.000133
3678,3,46.2000,180.0000,-15.2500,0.094520,-0.003617,-0.002839,0.058470,-0.042230,0.005115,0.094520,-0.003617,-0.002839,0.058475,-0.042227,0.005115,4.953741e-06,0.000145
3679,3,54.6000,180.0000,-15.2500,0.098350,-0.004216,-0.002878,0.052330,-0.044360,0.004480,0.098349,-0.004216,-0.002878,0.052334,-0.044361,0.004480,3.672064e-06,0.000108
3680,3,63.0000,180.0000,-15.2500,0.101600,-0.004524,-0.002819,0.045930,-0.046260,0.003742,0.101587,-0.004524,-0.002819,0.045929,-0.046260,0.003742,1.321601e-05,0.000387
3681,3,71.4000,180.0000,-15.2500,0.104200,-0.004663,-0.002715,0.039330,-0.047850,0.002970,0.104248,-0.004663,-0.002715,0.039328,-0.047846,0.002970,4.814494e-05,0.001411
3682,3,79.8000,180.0000,-15.2500,0.106400,-0.004709,-0.002599,0.032580,-0.049100,0.002224,0.106354,-0.004709,-0.002599,0.032578,-0.049099,0.002224,4.556139e-05,0.001336
3683,3,88.2000,180.0000,-15.2500,0.107900,-0.004699,-0.002480,0.025730,-0.050030,0.001538,0.107931,-0.004699,-0.002480,0.025734,-0.050028,0.001538,3.094731e-05,0.000907
3684,3,96.6000,180.0000,-15.2500,0.109000,-0.004625,-0.002334,0.018840,-0.050650,0.000926,0.109048,-0.004625,-0.002334,0.018841,-0.050651,0.000926,4.756601e-05,0.001394
3685,3,105.0000,180.0000,-15.2500,0.109700,-0.004525,-0.002201,0.011940,-0.051000,0.000386,0.109698,-0.004525,-0.002201,0.011936,-0.050998,0.000386,4.360958e-06,0.000128
3686,3,113.4000,180.0000,-15.2500,0.109900,-0.004421,-0.002107,0.005059,-0.051090,-0.000084,0.109893,-0.004421,-0.002107,0.005059,-0.051093,-0.000084,6.997302e-06,0.000205
3687,3,121.8000,180.0000,-15.2500,0.109700,-0.004310,-0.002039,-0.001753,-0.050950,-0.000501,0.109678,-0.004310,-0.002039,-0.001753,-0.050951,-0.000501,2.191332e-05,0.000642
3688,3,130.2000,180.0000,-15.2500,0.109100,-0.004205,-0.002003,-0.008475,-0.050580,-0.000884,0.109068,-0.004205,-0.002003,-0.008475,-0.050579,-0.000884,3.207873e-05,0.000940
3689,3,138.6000,180.0000,-15.2500,0.108100,-0.004116,-0.002002,-0.015090,-0.049980,-0.001249,0.108085,-0.004116,-0.002002,-0.015086,-0.049981,-0.001249,1.497235e-05,0.000439
3690,3,147.0000,180.0000,-15.2500,0.106800,-0.004031,-0.002015,-0.021580,-0.049170,-0.001601,0.106776,-0.004031,-0.002015,-0.021579,-0.049172,-0.001601,2.438226e-05,0.000715
3691,3,155.4000,180.0000,-15.2500,0.105100,-0.003953,-0.002004,-0.027950,-0.048190,-0.001980,0.105098,-0.003953,-0.002004,-0.027949,-0.048191,-0.001980,1.943416e-06,0.000057
3692,3,163.8000,180.0000,-15.2500,0.103100,-0.003776,-0.002069,-0.034150,-0.046990,-0.002544,0.103143,-0.003776,-0.002069,-0.034153,-0.046992,-0.002544,4.311676e-05,0.001264
3693,3,4.2000,204.0000,-15.2500,0.053590,0.014230,-0.019000,0.052210,-0.000115,-0.001307,0.053589,0.014234,-0.019003,0.052210,-0.000115,-0.001307,4.486633e-06,0.000132
3694,3,12.6000,204.0000,-15.2500,0.059800,0.013980,-0.019720,0.051300,-0.001657,-0.000698,0.059799,0.013975,-0.019722,0.051302,-0.001657,-0.000698,4.589802e-06,0.000135
3695,3,21.0000,204.0000,-15.2500,0.065470,0.012980,-0.020260,0.049610,-0.003550,-0.000425,0.065473,0.012982,-0.020255,0.049608,-0.003550,-0.000425,4.697904e-06,0.000138
3696,3,29.4000,204.0000,-15.2500,0.071050,0.012200,-0.020600,0.047120,-0.005261,-0.000414,0.071045,0.012197,-0.020599,0.047125,-0.005261,-0.000414,4.945322e-06,0.000145
3697,3,37.8000,204.0000,-15.2500,0.076070,0.011520,-0.021080,0.043950,-0.006662,-0.000447,0.076068,0.011525,-0.021080,0.043945,-0.006662,-0.000447,4.935585e-06,0.000145
3698,3,46.2000,204.0000,-15.2500,0.080580,0.011090,-0.021560,0.040250,-0.007820,-0.000501,0.080578,0.011085,-0.021556,0.040253,-0.007820,-0.000502,4.916620e-06,0.000144
3699,3,54.6000,204.0000,-15.2500,0.084570,0.010850,-0.022020,0.036190,-0.008774,-0.000573,0.084572,0.010846,-0.022019,0.036190,-0.008774,-0.000573,3.815009e-06,0.000112
3700,3,63.0000,204.0000,-15.2500,0.088060,0.010760,-0.022450,0.031860,-0.009552,-0.000631,0.088059,0.010756,-0.022449,0.031858,-0.009552,-0.000631,4.409102e-06,0.000129
3701,3,71.4000,204.0000,-15.2500,0.091030,0.010770,-0.022810,0.027340,-0.010170,-0.000667,0.091025,0.010766,-0.022812,0.027338,-0.010173,-0.000667,4.948558e-06,0.000145
3702,3,79.8000,204.0000,-15.2500,0.093490,0.010850,-0.023100,0.022690,-0.010650,-0.000685,0.093494,0.010850,-0.023099,0.022686,-0.010650,-0.000685,3.948272e-06,0.000116
3703,3,88.2000,204.0000,-15.2500,0.095450,0.010960,-0.023330,0.017950,-0.011000,-0.000668,0.095455,0.010963,-0.023331,0.017951,-0.010998,-0.000668,4.562109e-06,0.000134
3704,3,96.6000,204.0000,-15.2500,0.096910,0.011080,-0.023510,0.013180,-0.011230,-0.000613,0.096909,0.011084,-0.023505,0.013175,-0.011234,-0.000613,4.654031e-06,0.000136
3705,3,105.0000,204.0000,-15.2500,0.097880,0.011210,-0.023610,0.008393,-0.011370,-0.000524,0.097880,0.011211,-0.023614,0.008393,-0.011366,-0.000524,4.370463e-06,0.000128
3706,3,113.4000,204.0000,-15.2500,0.098360,0.011320,-0.023670,0.003626,-0.011410,-0.000399,0.098355,0.011320,-0.023670,0.003626,-0.011406,-0.000399,4.718826e-06,0.000138
3707,3,121.8000,204.0000,-15.2500,0.098360,0.011410,-0.023670,-0.001103,-0.011370,-0.000247,0.098359,0.011410,-0.023671,-0.001103,-0.011369,-0.000247,1.236852e-06,0.000036
3708,3,130.2000,204.0000,-15.2500,0.097890,0.011460,-0.023620,-0.005774,-0.011260,-0.000074,0.097889,0.011464,-0.023624,-0.005774,-0.011260,-0.000074,3.572521e-06,0.000105
3709,3,138.6000,204.0000,-15.2500,0.097010,0.011520,-0.023480,-0.010380,-0.011080,0.000105,0.097006,0.011520,-0.023481,-0.010379,-0.011084,0.000105,4.159595e-06,0.000122
3710,3,147.0000,204.0000,-15.2500,0.095660,0.011530,-0.023310,-0.014900,-0.010840,0.000282,0.095660,0.011529,-0.023308,-0.014903,-0.010843,0.000283,3.074010e-06,0.000090
3711,3,155.4000,204.0000,-15.2500,0.093920,0.011560,-0.023060,-0.019340,-0.010520,0.000449,0.093919,0.011558,-0.023064,-0.019336,-0.010518,0.000449,4.407380e-06,0.000129
3712,3,163.8000,204.0000,-15.2500,0.091660,0.011430,-0.022830,-0.023670,-0.010100,0.000613,0.091657,0.011426,-0.022830,-0.023671,-0.010096,0.000613,4.297393e-06,0.000126
3713,3,4.2000,228.0000,-15.2500,0.074440,0.041320,0.014740,0.020000,-0.040340,-0.010770,0.074441,0.041324,0.014745,0.019996,-0.040340,-0.010774,4.637284e-06,0.000136
3714,3,12.6000,228.0000,-15.2500,0.082240,0.041100,0.016030,0.019600,-0.042610,-0.010070,0.082244,0.041100,0.016033,0.019600,-0.042608,-0.010072,4.217799e-06,0.000124
3715,3,21.0000,228.0000,-15.2500,0.090460,0.042060,0.017430,0.018940,-0.044850,-0.009409,0.090463,0.042056,0.017426,0.018940,-0.044850,-0.009409,3.793213e-06,0.000111
3716,3,29.4000,228.0000,-15.2500,0.098460,0.043000,0.018590,0.018020,-0.047060,-0.008768,0.098460,0.042998,0.018586,0.018020,-0.047062,-0.008768,4.311896e-06,0.000126
3717,3,37.8000,228.0000,-15.2500,0.106100,0.043930,0.019700,0.016840,-0.049170,-0.008130,0.106080,0.043933,0.019701,0.016842,-0.049174,-0.008130,1.986880e-05,0.000582
3718,3,46.2000,228.0000,-15.2500,0.113200,0.044870,0.020760,0.015440,-0.051130,-0.007479,0.113170,0.044868,0.020758,0.015444,-0.051129,-0.007479,3.037996e-05,0.000891
3719,3,54.6000,228.0000,-15.2500,0.119600,0.045750,0.021690,0.013880,-0.052890,-0.006791,0.119569,0.045752,0.021686,0.013885,-0.052891,-0.006791,3.108895e-05,0.000911
3720,3,63.0000,228.0000,-15.2500,0.125300,0.046620,0.022530,0.012210,-0.054440,-0.006067,0.125273,0.046623,0.022531,0.012209,-0.054441,-0.006067,2.671249e-05,0.000783
3721,3,71.4000,228.0000,-15.2500,0.130200,0.047420,0.023240,0.010450,-0.055780,-0.005309,0.130187,0.047417,0.023236,0.010455,-0.055775,-0.005309,1.311130e-05,0.000384
3722,3,79.8000,228.0000,-15.2500,0.134300,0.048130,0.023820,0.008655,-0.056890,-0.004507,0.134315,0.048133,0.023818,0.008655,-0.056891,-0.004507,1.507738e-05,0.000442
3723,3,88.2000,228.0000,-15.2500,0.137700,0.048770,0.024300,0.006833,-0.057780,-0.003664,0.137661,0.048771,0.024297,0.006833,-0.057782,-0.003664,3.912272e-05,0.001147
3724,3,96.6000,228.0000,-15.2500,0.140200,0.049280,0.024640,0.005005,-0.058450,-0.002785,0.140180,0.049282,0.024637,0.005005,-0.058448,-0.002785,2.024353e-05,0.000593
3725,3,105.0000,228.0000,-15.2500,0.141900,0.049670,0.024870,0.003181,-0.058900,-0.001876,0.141906,0.049674,0.024868,0.003181,-0.058899,-0.001876,6.443682e-06,0.000189
3726,3,113.4000,228.0000,-15.2500,0.142800,0.049940,0.025000,0.001373,-0.059140,-0.000944,0.142842,0.049940,0.025000,0.001373,-0.059138,-0.000944,4.244182e-05,0.001244
3727,3,121.8000,228.0000,-15.2500,0.143000,0.050080,0.025030,-0.000417,-0.059170,-0.000004,0.143004,0.050081,0.025031,-0.000417,-0.059169,-0.000004,3.894873e-06,0.000114
3728,3,130.2000,228.0000,-15.2500,0.142400,0.050060,0.024920,-0.002187,-0.059000,0.000933,0.142369,0.050060,0.024921,-0.002187,-0.059001,0.000933,3.127221e-05,0.000917
3729,3,138.6000,228.0000,-15.2500,0.141000,0.049920,0.024710,-0.003928,-0.058640,0.001869,0.141010,0.049915,0.024712,-0.003928,-0.058639,0.001869,1.022122e-05,0.000300
3730,3,147.0000,228.0000,-15.2500,0.138900,0.049630,0.024400,-0.005642,-0.058080,0.002801,0.138902,0.049633,0.024402,-0.005642,-0.058080,0.002801,3.429948e-06,0.000101
3731,3,155.4000,228.0000,-15.2500,0.136100,0.049210,0.024010,-0.007320,-0.057330,0.003716,0.136076,0.049214,0.024013,-0.007320,-0.057331,0.003716,2.384199e-05,0.000699
3732,3,163.8000,228.0000,-15.2500,0.132600,0.048820,0.023630,-0.008958,-0.056400,0.004587,0.132568,0.048820,0.023627,-0.008958,-0.056400,0.004587,3.208359e-05,0.000941
3733,4,4.2000,132.0000,-36.5000,-0.002564,-0.009183,-0.058660,0.033730,0.075340,-0.054670,-0.002564,-0.009183,-0.058664,0.033726,0.075340,-0.054670,4.198676e-06,0.000123
3734,4,12.6000,132.0000,-36.5000,0.001625,-0.009000,-0.065460,0.030900,0.086250,-0.046370,0.001625,-0.009000,-0.065460,0.030897,0.086255,-0.046366,4.664967e-06,0.000137
3735,4,21.0000,132.0000,-36.5000,0.001414,-0.010860,-0.073070,0.027890,0.093950,-0.038430,0.001414,-0.010858,-0.073070,0.027895,0.093948,-0.038435,4.699655e-06,0.000138
3736,4,29.4000,132.0000,-36.5000,-0.000602,-0.013280,-0.080170,0.025080,0.099570,-0.032390,-0.000602,-0.013276,-0.080172,0.025077,0.099574,-0.032395,4.796231e-06,0.000141
3737,4,37.8000,132.0000,-36.5000,-0.002662,-0.015320,-0.086110,0.022450,0.104100,-0.027740,-0.002662,-0.015323,-0.086108,0.022452,0.104096,-0.027737,3.946283e-06,0.000116
3738,4,46.2000,132.0000,-36.5000,-0.004611,-0.017050,-0.091110,0.019960,0.108000,-0.023810,-0.004611,-0.017048,-0.091107,0.019963,0.107956,-0.023812,4.387984e-05,0.001286
3739,4,54.6000,132.0000,-36.5000,-0.006312,-0.018450,-0.095260,0.017550,0.111300,-0.020340,-0.006312,-0.018449,-0.095264,0.017552,0.111307,-0.020340,6.767276e-06,0.000198
3740,4,63.0000,132.0000,-36.5000,-0.007770,-0.019580,-0.098700,0.015180,0.114200,-0.017140,-0.007770,-0.019580,-0.098697,0.015179,0.114195,-0.017136,5.463995e-06,0.000160
3741,4,71.4000,132.0000,-36.5000,-0.009011,-0.020490,-0.101500,0.012820,0.116600,-0.014100,-0.009011,-0.020486,-0.101491,0.012820,0.116624,-0.014103,2.417488e-05,0.000709
3742,4,79.8000,132.0000,-36.5000,-0.010060,-0.021200,-0.103700,0.010470,0.118600,-0.011190,-0.010059,-0.021201,-0.103706,0.010469,0.118590,-0.011187,1.005924e-05,0.000295
3743,4,88.2000,132.0000,-36.5000,-0.010950,-0.021760,-0.105400,0.008126,0.120100,-0.008360,-0.010947,-0.021758,-0.105395,0.008126,0.120088,-0.008360,1.173379e-05,0.000344
3744,4,96.6000,132.0000,-36.5000,-0.011690,-0.022180,-0.106600,0.005795,0.121100,-0.005611,-0.011690,-0.022176,-0.106592,0.005795,0.121120,-0.005611,2.046292e-05,0.000600
3745,4,105.0000,132.0000,-36.5000,-0.012300,-0.022470,-0.107300,0.003484,0.121700,-0.002936,-0.012303,-0.022469,-0.107328,0.003484,0.121692,-0.002936,2.775076e-05,0.000814
3746,4,113.4000,132.0000,-36.5000,-0.012800,-0.022660,-0.107600,0.001202,0.121800,-0.000337,-0.012798,-0.022655,-0.107630,0.001202,0.121813,-0.000337,3.016108e-05,0.000884
3747,4,121.8000,132.0000,-36.5000,-0.013180,-0.022740,-0.107500,-0.001042,0.121500,0.002180,-0.013177,-0.022740,-0.107519,-0.001042,0.121494,0.002180,1.937044e-05,0.000568
3748,4,130.2000,132.0000,-36.5000,-0.013440,-0.022730,-0.107000,-0.003239,0.120800,0.004607,-0.013442,-0.022730,-0.107017,-0.003239,0.120750,0.004607,4.955412e-05,0.001453
3749,4,138.6000,132.0000,-36.5000,-0.013600,-0.022640,-0.106200,-0.005378,0.119600,0.006918,-0.013597,-0.022636,-0.106152,-0.005378,0.119606,0.006918,4.840853e-05,0.001419
3750,4,147.0000,132.0000,-36.5000,-0.013590,-0.022430,-0.104900,-0.007449,0.118100,0.009094,-0.013590,-0.022434,-0.104919,-0.007449,0.118097,0.009094,1.852159e-05,0.000543
3751,4,155.4000,132.0000,-36.5000,-0.013360,-0.022090,-0.103300,-0.009449,0.116300,0.011160,-0.013365,-0.022094,-0.103310,-0.009449,0.116267,0.011156,3.260283e-05,0.000956
3752,4,163.8000,132.0000,-36.5000,-0.012890,-0.021610,-0.101300,-0.011390,0.114100,0.013190,-0.012893,-0.021607,-0.101326,-0.011390,0.114147,0.013187,4.732893e-05,0.001388
3753,4,4.2000,156.0000,-36.5000,-0.012890,-0.033110,-0.041940,0.027910,0.048960,-0.026810,-0.012895,-0.033108,-0.041939,0.027906,0.048960,-0.026808,4.992107e-06,0.000146
3754,4,12.6000,156.0000,-36.5000,-0.012670,-0.037570,-0.047010,0.026460,0.055410,-0.025040,-0.012667,-0.037573,-0.047014,0.026464,0.055413,-0.025043,4.340454e-06,0.000127
3755,4,21.0000,156.0000,-36.5000,-0.012830,-0.041320,-0.051600,0.024620,0.060910,-0.022570,-0.012828,-0.041321,-0.051598,0.024615,0.060912,-0.022568,4.932053e-06,0.000145
3756,4,29.4000,156.0000,-36.5000,-0.013550,-0.044660,-0.055800,0.022580,0.065410,-0.019930,-0.013552,-0.044655,-0.055798,0.022581,0.065410,-0.019930,4.693113e-06,0.000138
3757,4,37.8000,156.0000,-36.5000,-0.014580,-0.047590,-0.059530,0.020460,0.069100,-0.017410,-0.014577,-0.047591,-0.059529,0.020463,0.069097,-0.017408,3.359397e-06,0.000098
3758,4,46.2000,156.0000,-36.5000,-0.015740,-0.050160,-0.062790,0.018320,0.072160,-0.015070,-0.015743,-0.050160,-0.062788,0.018319,0.072157,-0.015066,3.866683e-06,0.000113
3759,4,54.6000,156.0000,-36.5000,-0.016910,-0.052370,-0.065580,0.016170,0.074710,-0.012910,-0.016909,-0.052367,-0.065575,0.016167,0.074715,-0.012908,4.978182e-06,0.000146
3760,4,63.0000,156.0000,-36.5000,-0.018000,-0.054230,-0.067910,0.014010,0.076850,-0.010900,-0.017997,-0.054227,-0.067914,0.014014,0.076849,-0.010903,3.776507e-06,0.000111
3761,4,71.4000,156.0000,-36.5000,-0.018970,-0.055760,-0.069830,0.011860,0.078610,-0.009016,-0.018965,-0.055759,-0.069832,0.011861,0.078605,-0.009016,4.857198e-06,0.000142
3762,4,79.8000,156.0000,-36.5000,-0.019790,-0.056980,-0.071360,0.009713,0.080010,-0.007217,-0.019795,-0.056980,-0.071358,0.009713,0.080012,-0.007217,4.915570e-06,0.000144
3763,4,88.2000,156.0000,-36.5000,-0.020480,-0.057910,-0.072520,0.007572,0.081080,-0.005485,-0.020482,-0.057907,-0.072519,0.007572,0.081084,-0.005485,4.043067e-06,0.000119
3764,4,96.6000,156.0000,-36.5000,-0.021030,-0.058560,-0.073340,0.005443,0.081830,-0.003806,-0.021030,-0.058560,-0.073338,0.005443,0.081833,-0.003806,3.273594e-06,0.000096
3765,4,105.0000,156.0000,-36.5000,-0.021440,-0.058950,-0.073840,0.003333,0.082270,-0.002173,-0.021441,-0.058953,-0.073837,0.003333,0.082269,-0.002173,2.873153e-06,0.000084
3766,4,113.4000,156.0000,-36.5000,-0.021720,-0.059100,-0.074040,0.001248,0.082400,-0.000585,-0.021724,-0.059104,-0.074036,0.001248,0.082400,-0.000585,3.792626e-06,0.000111
3767,4,121.8000,156.0000,-36.5000,-0.021870,-0.059020,-0.073950,-0.000804,0.082240,0.000959,-0.021875,-0.059020,-0.073947,-0.000804,0.082237,0.000959,4.981434e-06,0.000146
3768,4,130.2000,156.0000,-36.5000,-0.021900,-0.058710,-0.073590,-0.002817,0.081790,0.002456,-0.021897,-0.058715,-0.073585,-0.002817,0.081792,0.002456,4.881661e-06,0.000143
3769,4,138.6000,156.0000,-36.5000,-0.021790,-0.058200,-0.072960,-0.004784,0.081080,0.003903,-0.021787,-0.058197,-0.072963,-0.004784,0.081082,0.003903,3.370962e-06,0.000099
3770,4,147.0000,156.0000,-36.5000,-0.021530,-0.057470,-0.072090,-0.006701,0.080130,0.005304,-0.021531,-0.057471,-0.072086,-0.006701,0.080126,0.005304,4.289733e-06,0.000126
3771,4,155.4000,156.0000,-36.5000,-0.021120,-0.056550,-0.070960,-0.008566,0.078940,0.006670,-0.021122,-0.056546,-0.070961,-0.008566,0.078941,0.006670,4.208783e-06,0.000123
3772,4,163.8000,156.0000,-36.5000,-0.020560,-0.055430,-0.069600,-0.010390,0.077530,0.008017,-0.020556,-0.055432,-0.069596,-0.010388,0.077532,0.008017,4.410613e-06,0.000129
3773,4,4.2000,180.0000,-36.5000,-0.004733,-0.024700,-0.022220,0.019990,0.025150,-0.014330,-0.004733,-0.024696,-0.022218,0.019993,0.025150,-0.014327,3.627014e-06,0.000106
3774,4,12.6000,180.0000,-36.5000,-0.004742,-0.028170,-0.024670,0.019410,0.027690,-0.013820,-0.004742,-0.028168,-0.024674,0.019412,0.027689,-0.013819,3.637663e-06,0.000107
3775,4,21.0000,180.0000,-36.5000,-0.004793,-0.031230,-0.026950,0.018460,0.030130,-0.013070,-0.004793,-0.031225,-0.026952,0.018465,0.030130,-0.013068,4.725620e-06,0.000139
3776,4,29.4000,180.0000,-36.5000,-0.004903,-0.033860,-0.029010,0.017250,0.032380,-0.012070,-0.004903,-0.033863,-0.029014,0.017253,0.032381,-0.012071,3.614871e-06,0.000106
3777,4,37.8000,180.0000,-36.5000,-0.005108,-0.036140,-0.030860,0.015860,0.034360,-0.010930,-0.005108,-0.036144,-0.030862,0.015859,0.034365,-0.010929,4.834242e-06,0.000142
3778,4,46.2000,180.0000,-36.5000,-0.005378,-0.038100,-0.032490,0.014350,0.036070,-0.009729,-0.005378,-0.038098,-0.032486,0.014350,0.036065,-0.009729,4.612132e-06,0.000135
3779,4,54.6000,180.0000,-36.5000,-0.005681,-0.039760,-0.033880,0.012770,0.037500,-0.008523,-0.005681,-0.039756,-0.033884,0.012766,0.037499,-0.008523,4.224155e-06,0.000124
3780,4,63.0000,180.0000,-36.5000,-0.005988,-0.041140,-0.035060,0.011130,0.038690,-0.007333,-0.005988,-0.041141,-0.035063,0.011135,0.038692,-0.007333,4.940978e-06,0.000145
3781,4,71.4000,180.0000,-36.5000,-0.006276,-0.042270,-0.036030,0.009476,0.039670,-0.006169,-0.006276,-0.042273,-0.036033,0.009476,0.039669,-0.006169,3.210419e-06,0.000094
3782,4,79.8000,180.0000,-36.5000,-0.006533,-0.043170,-0.036810,0.007800,0.040450,-0.005030,-0.006533,-0.043171,-0.036806,0.007800,0.040451,-0.005030,3.894106e-06,0.000114
3783,4,88.2000,180.0000,-36.5000,-0.006752,-0.043850,-0.037400,0.006120,0.041050,-0.003914,-0.006752,-0.043850,-0.037396,0.006120,0.041051,-0.003914,3.701721e-06,0.000109
3784,4,96.6000,180.0000,-36.5000,-0.006931,-0.044330,-0.037820,0.004441,0.041480,-0.002818,-0.006931,-0.044328,-0.037816,0.004441,0.041480,-0.002818,3.783655e-06,0.000111
3785,4,105.0000,180.0000,-36.5000,-0.007069,-0.044610,-0.038080,0.002772,0.041750,-0.001740,-0.007069,-0.044613,-0.038076,0.002772,0.041747,-0.001740,4.493205e-06,0.000132
3786,4,113.4000,180.0000,-36.5000,-0.007168,-0.044720,-0.038180,0.001119,0.041860,-0.000680,-0.007168,-0.044717,-0.038184,0.001119,0.041858,-0.000680,4.483322e-06,0.000131
3787,4,121.8000,180.0000,-36.5000,-0.007225,-0.044650,-0.038150,-0.000511,0.041820,0.000362,-0.007225,-0.044650,-0.038151,-0.000511,0.041819,0.000362,1.422930e-06,0.000042
3788,4,130.2000,180.0000,-36.5000,-0.007242,-0.044420,-0.037980,-0.002116,0.041640,0.001384,-0.007242,-0.044421,-0.037982,-0.002116,0.041637,0.001384,3.270502e-06,0.000096
3789,4,138.6000,180.0000,-36.5000,-0.007215,-0.044040,-0.037680,-0.003691,0.041320,0.002389,-0.007215,-0.044036,-0.037683,-0.003691,0.041318,0.002389,4.489505e-06,0.000132
3790,4,147.0000,180.0000,-36.5000,-0.007141,-0.043500,-0.037260,-0.005235,0.040870,0.003379,-0.007141,-0.043502,-0.037257,-0.005235,0.040868,0.003379,3.356498e-06,0.000098
3791,4,155.4000,180.0000,-36.5000,-0.007020,-0.042830,-0.036710,-0.006747,0.040290,0.004354,-0.007020,-0.042827,-0.036708,-0.006747,0.040292,0.004354,2.840102e-06,0.000083
3792,4,163.8000,180.0000,-36.5000,-0.006829,-0.042000,-0.036020,-0.008228,0.039600,0.005316,-0.006829,-0.041998,-0.036022,-0.008228,0.039597,0.005316,2.777115e-06,0.000081
3793,4,4.2000,204.0000,-36.5000,0.003750,-0.009516,-0.011970,0.012460,0.011950,-0.010870,0.003750,-0.009516,-0.011973,0.012461,0.011951,-0.010874,4.371022e-06,0.000128
3794,4,12.6000,204.0000,-36.5000,0.004622,-0.010800,-0.012650,0.012250,0.012980,-0.010510,0.004622,-0.010801,-0.012653,0.012249,0.012982,-0.010511,3.451870e-06,0.000101
3795,4,21.0000,204.0000,-36.5000,0.005419,-0.012070,-0.013360,0.011800,0.013980,-0.010020,0.005419,-0.012066,-0.013359,0.011800,0.013978,-0.010020,3.566867e-06,0.000105
3796,4,29.4000,204.0000,-36.5000,0.006145,-0.013230,-0.014040,0.011150,0.014910,-0.009429,0.006145,-0.013225,-0.014038,0.011151,0.014912,-0.009429,4.805180e-06,0.000141
3797,4,37.8000,204.0000,-36.5000,0.006805,-0.014230,-0.014660,0.010350,0.015770,-0.008745,0.006805,-0.014235,-0.014657,0.010349,0.015771,-0.008745,4.590537e-06,0.000135
3798,4,46.2000,204.0000,-36.5000,0.007398,-0.015090,-0.015210,0.009436,0.016540,-0.007985,0.007398,-0.015088,-0.015206,0.009436,0.016541,-0.007985,4.304639e-06,0.000126
3799,4,54.6000,204.0000,-36.5000,0.007923,-0.015800,-0.015680,0.008444,0.017210,-0.007166,0.007923,-0.015797,-0.015680,0.008444,0.017214,-0.007166,3.773076e-06,0.000111
3800,4,63.0000,204.0000,-36.5000,0.008379,-0.016370,-0.016080,0.007398,0.017790,-0.006305,0.008379,-0.016373,-0.016079,0.007398,0.017789,-0.006305,2.742380e-06,0.000080
3801,4,71.4000,204.0000,-36.5000,0.008766,-0.016830,-0.016410,0.006319,0.018270,-0.005414,0.008766,-0.016834,-0.016411,0.006319,0.018269,-0.005414,3.923601e-06,0.000115
3802,4,79.8000,204.0000,-36.5000,0.009087,-0.017190,-0.016680,0.005219,0.018660,-0.004504,0.009087,-0.017192,-0.016675,0.005219,0.018657,-0.004504,4.719109e-06,0.000138
3803,4,88.2000,204.0000,-36.5000,0.009340,-0.017460,-0.016880,0.004109,0.018960,-0.003580,0.009340,-0.017458,-0.016879,0.004109,0.018959,-0.003580,2.022487e-06,0.000059
3804,4,96.6000,204.0000,-36.5000,0.009526,-0.017640,-0.017030,0.002997,0.019180,-0.002648,0.009526,-0.017642,-0.017027,0.002997,0.019179,-0.002648,2.678238e-06,0.000079
3805,4,105.0000,204.0000,-36.5000,0.009648,-0.017750,-0.017120,0.001891,0.019320,-0.001713,0.009648,-0.017751,-0.017122,0.001891,0.019321,-0.001713,1.830657e-06,0.000054
3806,4,113.4000,204.0000,-36.5000,0.009704,-0.017790,-0.017170,0.000793,0.019390,-0.000778,0.009704,-0.017789,-0.017166,0.000793,0.019389,-0.000778,3.524132e-06,0.000103
3807,4,121.8000,204.0000,-36.5000,0.009695,-0.017760,-0.017160,-0.000292,0.019390,0.000154,0.009695,-0.017762,-0.017164,-0.000292,0.019386,0.000155,4.313385e-06,0.000126
3808,4,130.2000,204.0000,-36.5000,0.009622,-0.017680,-0.017120,-0.001361,0.019310,0.001079,0.009622,-0.017676,-0.017118,-0.001361,0.019314,0.001079,3.925488e-06,0.000115
3809,4,138.6000,204.0000,-36.5000,0.009490,-0.017530,-0.017030,-0.002413,0.019180,0.001994,0.009490,-0.017531,-0.017027,-0.002413,0.019176,0.001994,3.882083e-06,0.000114
3810,4,147.0000,204.0000,-36.5000,0.009300,-0.017330,-0.016890,-0.003448,0.018970,0.002897,0.009300,-0.017329,-0.016894,-0.003448,0.018974,0.002897,4.057952e-06,0.000119
3811,4,155.4000,204.0000,-36.5000,0.009058,-0.017070,-0.016710,-0.004465,0.018710,0.003785,0.009058,-0.017067,-0.016715,-0.004465,0.018708,0.003785,4.584814e-06,0.000134
3812,4,163.8000,204.0000,-36.5000,0.008752,-0.016760,-0.016500,-0.005469,0.018380,0.004659,0.008752,-0.016760,-0.016500,-0.005469,0.018378,0.004659,2.499638e-06,0.000073
3813,4,4.2000,228.0000,-36.5000,0.011020,0.008173,-0.009221,0.004541,0.001543,-0.012020,0.011017,0.008173,-0.009221,0.004541,0.001543,-0.012019,2.834743e-06,0.000083
3814,4,12.6000,228.0000,-36.5000,0.012950,0.008382,-0.009075,0.004461,0.001711,-0.011710,0.012949,0.008382,-0.009075,0.004461,0.001711,-0.011708,1.671270e-06,0.000049
3815,4,21.0000,228.0000,-36.5000,0.014860,0.008592,-0.008945,0.004310,0.001872,-0.011270,0.014862,0.008592,-0.008945,0.004310,0.001872,-0.011271,1.507896e-06,0.000044
3816,4,29.4000,228.0000,-36.5000,0.016710,0.008804,-0.008836,0.004090,0.002024,-0.010710,0.016706,0.008804,-0.008836,0.004090,0.002024,-0.010712,4.006946e-06,0.000117
3817,4,37.8000,228.0000,-36.5000,0.018440,0.009023,-0.008745,0.003808,0.002164,-0.010040,0.018442,0.009023,-0.008745,0.003808,0.002164,-0.010044,3.979896e-06,0.000117
3818,4,46.2000,228.0000,-36.5000,0.020040,0.009249,-0.008670,0.003477,0.002288,-0.009276,0.020043,0.009249,-0.008670,0.003477,0.002288,-0.009276,2.972503e-06,0.000087
3819,4,54.6000,228.0000,-36.5000,0.021490,0.009479,-0.008610,0.003111,0.002396,-0.008423,0.021487,0.009479,-0.008610,0.003111,0.002396,-0.008423,3.094888e-06,0.000091
3820,4,63.0000,228.0000,-36.5000,0.022760,0.009705,-0.008562,0.002722,0.002487,-0.007496,0.022764,0.009705,-0.008562,0.002722,0.002487,-0.007496,3.699036e-06,0.000108
3821,4,71.4000,228.0000,-36.5000,0.023860,0.009917,-0.008527,0.002320,0.002560,-0.006509,0.023863,0.009917,-0.008527,0.002320,0.002560,-0.006509,2.814923e-06,0.000083
3822,4,79.8000,228.0000,-36.5000,0.024780,0.010110,-0.008503,0.001911,0.002617,-0.005472,0.024782,0.010111,-0.008503,0.001911,0.002617,-0.005472,1.611847e-06,0.000047
3823,4,88.2000,228.0000,-36.5000,0.025520,0.010280,-0.008489,0.001500,0.002659,-0.004395,0.025518,0.010278,-0.008489,0.001500,0.002659,-0.004395,2.480569e-06,0.000073
3824,4,96.6000,228.0000,-36.5000,0.026070,0.010420,-0.008482,0.001091,0.002688,-0.003290,0.026073,0.010416,-0.008482,0.001091,0.002688,-0.003290,4.409747e-06,0.000129
3825,4,105.0000,228.0000,-36.5000,0.026450,0.010520,-0.008482,0.000687,0.002705,-0.002165,0.026447,0.010517,-0.008482,0.000687,0.002705,-0.002165,3.023578e-06,0.000089
3826,4,113.4000,228.0000,-36.5000,0.026650,0.010580,-0.008487,0.000287,0.002711,-0.001029,0.026645,0.010582,-0.008487,0.000287,0.002711,-0.001029,4.689075e-06,0.000137
3827,4,121.8000,228.0000,-36.5000,0.026670,0.010610,-0.008497,-0.000106,0.002707,0.000110,0.026669,0.010608,-0.008497,-0.000106,0.002707,0.000110,2.057771e-06,0.000060
3828,4,130.2000,228.0000,-36.5000,0.026520,0.010590,-0.008510,-0.000494,0.002694,0.001244,0.026523,0.010594,-0.008510,-0.000494,0.002694,0.001244,4.273955e-06,0.000125
3829,4,138.6000,228.0000,-36.5000,0.026210,0.010540,-0.008525,-0.000875,0.002673,0.002368,0.026213,0.010542,-0.008525,-0.000875,0.002673,0.002368,2.899467e-06,0.000085
3830,4,147.0000,228.0000,-36.5000,0.025740,0.010450,-0.008544,-0.001251,0.002643,0.003473,0.025736,0.010450,-0.008544,-0.001251,0.002643,0.003473,3.622250e-06,0.000106
3831,4,155.4000,228.0000,-36.5000,0.025100,0.010330,-0.008563,-0.001621,0.002604,0.004553,0.025103,0.010325,-0.008563,-0.001621,0.002604,0.004553,4.557318e-06,0.000134
3832,4,163.8000,228.0000,-36.5000,0.024320,0.010190,-0.008573,-0.001981,0.002557,0.005598,0.024316,0.010192,-0.008573,-0.001981,0.002557,0.005598,3.882668e-06,0.000114
3833,2,174.0000,4.0000,-2.0000,-0.435400,-0.438500,-1.159000,-0.001591,0.003268,0.003216,-0.435378,-0.438490,-1.159403,-0.001591,0.003268,0.003216,4.031928e-04,0.011820
3834,2,186.0000,4.0000,-2.0000,-0.425700,-0.417700,-1.099000,-0.001943,0.004006,-0.001061,-0.425658,-0.417711,-1.098946,-0.001943,0.004006,-0.001061,5.421521e-05,0.001589
3835,2,198.0000,4.0000,-2.0000,-0.437900,-0.409000,-1.044000,-0.002219,0.003867,-0.005187,-0.437928,-0.408967,-1.043574,-0.002219,0.003867,-0.005187,4.260846e-04,0.012491
3836,2,210.0000,4.0000,-2.0000,-0.486900,-0.444400,-1.060000,-0.002383,0.003850,-0.013650,-0.486928,-0.444380,-1.059844,-0.002383,0.003850,-0.013653,1.562860e-04,0.004582
3837,2,222.0000,4.0000,-2.0000,-0.533100,-0.468200,-1.049000,-0.002436,0.004267,0.002426,-0.533083,-0.468163,-1.048897,-0.002436,0.004267,0.002426,1.032997e-04,0.003028
3838,2,234.0000,4.0000,-2.0000,-0.933300,-0.894500,-1.689000,-0.002653,0.006110,-0.174900,-0.933307,-0.894473,-1.688970,-0.002653,0.006110,-0.174890,2.993344e-05,0.000878
3839,2,174.0000,12.0000,-2.0000,-0.428800,-0.432300,-1.148000,-0.004885,0.000217,0.003594,-0.428788,-0.432273,-1.147518,-0.004885,0.000216,0.003594,4.822421e-04,0.014138
3840,2,186.0000,12.0000,-2.0000,-0.418000,-0.410600,-1.085000,-0.005860,-0.000075,-0.001175,-0.418036,-0.410621,-1.085370,-0.005860,-0.000075,-0.001175,3.704819e-04,0.010861
3841,2,198.0000,12.0000,-2.0000,-0.430500,-0.402300,-1.031000,-0.006628,-0.000021,-0.005186,-0.430550,-0.402298,-1.030731,-0.006628,-0.000021,-0.005186,2.687057e-04,0.007878
3842,2,210.0000,12.0000,-2.0000,-0.479300,-0.437500,-1.047000,-0.007197,-0.000007,-0.013590,-0.479330,-0.437547,-1.046726,-0.007197,-0.000007,-0.013592,2.740060e-04,0.008033
3843,2,222.0000,12.0000,-2.0000,-0.525100,-0.461300,-1.035000,-0.007556,0.000057,0.002386,-0.525101,-0.461332,-1.035445,-0.007556,0.000057,0.002386,4.454628e-04,0.013060
3844,2,234.0000,12.0000,-2.0000,-0.921000,-0.883200,-1.668000,-0.007999,-0.000014,-0.173300,-0.921012,-0.883172,-1.668202,-0.007999,-0.000014,-0.173301,2.023675e-04,0.005933
3845,2,174.0000,20.0000,-2.0000,-0.425600,-0.428100,-1.141000,-0.008131,0.001108,0.003483,-0.425640,-0.428099,-1.140544,-0.008131,0.001108,0.003483,4.564044e-04,0.013380
3846,2,186.0000,20.0000,-2.0000,-0.415700,-0.407100,-1.080000,-0.009733,0.001210,-0.001113,-0.415673,-0.407056,-1.080030,-0.009733,0.001210,-0.001113,4.447023e-05,0.001304
3847,2,198.0000,20.0000,-2.0000,-0.427900,-0.398600,-1.026000,-0.011050,0.001302,-0.005153,-0.427910,-0.398633,-1.025537,-0.011053,0.001302,-0.005153,4.625705e-04,0.013561
3848,2,210.0000,20.0000,-2.0000,-0.476400,-0.433700,-1.041000,-0.011980,0.001347,-0.013520,-0.476394,-0.433728,-1.041302,-0.011981,0.001347,-0.013517,3.016940e-04,0.008845
3849,2,222.0000,20.0000,-2.0000,-0.522100,-0.457600,-1.030000,-0.012660,0.001551,0.002268,-0.522135,-0.457570,-1.030475,-0.012662,0.001551,0.002268,4.746136e-04,0.013914
3850,2,234.0000,20.0000,-2.0000,-0.916200,-0.877500,-1.660000,-0.013370,0.002011,-0.172200,-0.916199,-0.877458,-1.660219,-0.013366,0.002011,-0.172166,2.194083e-04,0.006432
3851,2,174.0000,28.0000,-2.0000,-0.421500,-0.421600,-1.132000,-0.011460,0.001667,0.003529,-0.421474,-0.421554,-1.131648,-0.011457,0.001667,0.003529,3.518253e-04,0.010314
3852,2,186.0000,28.0000,-2.0000,-0.409500,-0.399500,-1.068000,-0.013700,0.002021,-0.001198,-0.409532,-0.399500,-1.068096,-0.013699,0.002021,-0.001198,9.604124e-05,0.002816
3853,2,198.0000,28.0000,-2.0000,-0.421700,-0.391400,-1.014000,-0.015390,0.002058,-0.005073,-0.421696,-0.391427,-1.013618,-0.015393,0.002058,-0.005073,3.820880e-04,0.011202
3854,2,210.0000,28.0000,-2.0000,-0.469600,-0.426100,-1.029000,-0.016820,0.002146,-0.013390,-0.469643,-0.426110,-1.029058,-0.016824,0.002146,-0.013392,5.819329e-05,0.001706
3855,2,222.0000,28.0000,-2.0000,-0.515000,-0.449900,-1.018000,-0.017680,0.002506,0.002221,-0.514976,-0.449901,-1.018484,-0.017681,0.002506,0.002221,4.843692e-04,0.014200
3856,2,234.0000,28.0000,-2.0000,-0.905400,-0.865900,-1.642000,-0.018700,0.003234,-0.170400,-0.905420,-0.865881,-1.642136,-0.018705,0.003234,-0.170366,1.355576e-04,0.003974
3857,2,174.0000,36.0000,-2.0000,-0.398600,-0.401700,-1.088000,-0.014520,0.009290,0.002302,-0.398599,-0.401688,-1.087992,-0.014516,0.009290,0.002302,1.172416e-05,0.000344
3858,2,186.0000,36.0000,-2.0000,-0.394400,-0.385800,-1.039000,-0.017500,0.005325,-0.001331,-0.394420,-0.385800,-1.038523,-0.017501,0.005325,-0.001331,4.772821e-04,0.013992
3859,2,198.0000,36.0000,-2.0000,-0.407200,-0.377900,-0.986100,-0.019780,0.005150,-0.004985,-0.407164,-0.377885,-0.986059,-0.019780,0.005150,-0.004985,4.142553e-05,0.001214
3860,2,210.0000,36.0000,-2.0000,-0.454300,-0.412100,-1.001000,-0.021560,0.005213,-0.013210,-0.454321,-0.412101,-1.000772,-0.021564,0.005213,-0.013209,2.280691e-04,0.006686
3861,2,222.0000,36.0000,-2.0000,-0.498600,-0.435700,-0.989200,-0.022850,0.005988,0.002278,-0.498561,-0.435667,-0.989221,-0.022847,0.005988,0.002278,3.919567e-05,0.001149
3862,2,234.0000,36.0000,-2.0000,-0.881300,-0.844000,-1.600000,-0.024120,0.008037,-0.167800,-0.881350,-0.843992,-1.600068,-0.024115,0.008037,-0.167802,6.832266e-05,0.002003
3863,2,174.0000,44.0000,-2.0000,-0.421900,-0.422600,-1.123000,-0.017200,-0.022940,0.012190,-0.421861,-0.422578,-1.123139,-0.017203,-0.022944,0.012190,1.387608e-04,0.004068
3864,2,186.0000,44.0000,-2.0000,-0.394800,-0.382700,-1.032000,-0.020540,-0.007257,-0.003038,-0.394786,-0.382749,-1.031635,-0.020540,-0.007257,-0.003038,3.648737e-04,0.010697
3865,2,198.0000,44.0000,-2.0000,-0.409400,-0.378700,-0.985600,-0.024160,-0.006929,-0.004523,-0.409416,-0.378712,-0.985615,-0.024164,-0.006929,-0.004523,1.610668e-05,0.000472
3866,2,210.0000,44.0000,-2.0000,-0.455200,-0.411500,-0.998400,-0.026290,-0.006852,-0.013050,-0.455165,-0.411527,-0.998361,-0.026292,-0.006852,-0.013053,3.930823e-05,0.001152
3867,2,222.0000,44.0000,-2.0000,-0.499400,-0.435000,-0.987900,-0.028120,-0.007245,0.002277,-0.499406,-0.435015,-0.987918,-0.028123,-0.007245,0.002277,1.769566e-05,0.000519
3868,2,234.0000,44.0000,-2.0000,-0.884300,-0.845600,-1.602000,-0.029550,-0.011340,-0.168000,-0.884341,-0.845573,-1.602360,-0.029551,-0.011341,-0.168024,3.604094e-04,0.010566
3869,3,174.0000,4.0000,-7.7500,-0.407800,-0.407200,-1.160000,-0.001582,0.002782,0.007325,-0.407816,-0.407199,-1.159621,-0.001582,0.002782,0.007325,3.791927e-04,0.011117
3870,3,186.0000,4.0000,-7.7500,-0.399500,-0.387500,-1.100000,-0.001994,0.003126,-0.003512,-0.399486,-0.387545,-1.100164,-0.001994,0.003126,-0.003512,1.635495e-04,0.004795
3871,3,198.0000,4.0000,-7.7500,-0.412500,-0.385100,-1.059000,-0.002338,0.003092,-0.022550,-0.412499,-0.385079,-1.058752,-0.002338,0.003092,-0.022547,2.481525e-04,0.007275
3872,3,210.0000,4.0000,-7.7500,-0.443800,-0.394900,-1.027000,-0.002514,0.003142,-0.035340,-0.443809,-0.394897,-1.027465,-0.002514,0.003142,-0.035344,4.653226e-04,0.013642
3873,3,222.0000,4.0000,-7.7500,-0.562100,-0.517200,-1.189000,-0.002552,0.003510,-0.100100,-0.562091,-0.517200,-1.188996,-0.002552,0.003510,-0.100138,3.803110e-05,0.001115
3874,3,234.0000,4.0000,-7.7500,-0.434300,-0.592100,-1.476000,-0.003068,0.004524,-0.089340,-0.434286,-0.592054,-1.476132,-0.003068,0.004524,-0.089337,1.321429e-04,0.003874
3875,3,174.0000,12.0000,-7.7500,-0.404700,-0.405900,-1.152000,-0.004998,0.003423,0.007561,-0.404746,-0.405906,-1.151606,-0.004998,0.003423,0.007561,3.942175e-04,0.011557
3876,3,186.0000,12.0000,-7.7500,-0.396500,-0.386500,-1.092000,-0.006076,0.003475,-0.003482,-0.396502,-0.386513,-1.091842,-0.006076,0.003475,-0.003482,1.584100e-04,0.004644
3877,3,198.0000,12.0000,-7.7500,-0.409300,-0.384000,-1.051000,-0.006949,0.003591,-0.022500,-0.409320,-0.383990,-1.050604,-0.006949,0.003591,-0.022503,3.963481e-04,0.011620
3878,3,210.0000,12.0000,-7.7500,-0.440600,-0.393900,-1.020000,-0.007603,0.003782,-0.035250,-0.440607,-0.393924,-1.019525,-0.007603,0.003782,-0.035248,4.754700e-04,0.013939
3879,3,222.0000,12.0000,-7.7500,-0.558100,-0.515800,-1.180000,-0.008152,0.004281,-0.099610,-0.558077,-0.515815,-1.179787,-0.008152,0.004281,-0.099610,2.132600e-04,0.006252
3880,3,234.0000,12.0000,-7.7500,-0.431300,-0.591000,-1.465000,-0.009362,0.004745,-0.088630,-0.431275,-0.590964,-1.464651,-0.009362,0.004745,-0.088628,3.491612e-04,0.010236
3881,3,174.0000,20.0000,-7.7500,-0.400700,-0.400800,-1.143000,-0.008426,0.004362,0.007566,-0.400682,-0.400760,-1.143075,-0.008426,0.004362,0.007566,7.478102e-05,0.002192
3882,3,186.0000,20.0000,-7.7500,-0.392100,-0.381000,-1.083000,-0.010100,0.004468,-0.003428,-0.392066,-0.381005,-1.083152,-0.010102,0.004468,-0.003428,1.516834e-04,0.004447
3883,3,198.0000,20.0000,-7.7500,-0.404800,-0.378500,-1.042000,-0.011540,0.004671,-0.022340,-0.404796,-0.378512,-1.042012,-0.011544,0.004671,-0.022341,1.247671e-05,0.000366
3884,3,210.0000,20.0000,-7.7500,-0.435800,-0.388400,-1.011000,-0.012700,0.005022,-0.035060,-0.435848,-0.388398,-1.011050,-0.012698,0.005022,-0.035058,4.989252e-05,0.001463
3885,3,222.0000,20.0000,-7.7500,-0.552500,-0.509400,-1.170000,-0.013720,0.005627,-0.098990,-0.552535,-0.509378,-1.170147,-0.013722,0.005627,-0.098995,1.465539e-04,0.004297
3886,3,234.0000,20.0000,-7.7500,-0.426800,-0.583900,-1.453000,-0.015690,0.006140,-0.088210,-0.426811,-0.583906,-1.453074,-0.015690,0.006140,-0.088205,7.395089e-05,0.002168
3887,3,174.0000,28.0000,-7.7500,-0.393200,-0.393400,-1.127000,-0.011800,0.007826,0.007516,-0.393170,-0.393405,-1.127058,-0.011803,0.007826,0.007516,5.809448e-05,0.001703
3888,3,186.0000,28.0000,-7.7500,-0.385700,-0.374600,-1.069000,-0.014010,0.007392,-0.003446,-0.385661,-0.374629,-1.068717,-0.014011,0.007392,-0.003446,2.828615e-04,0.008293
3889,3,198.0000,28.0000,-7.7500,-0.398300,-0.372000,-1.028000,-0.016090,0.007405,-0.022070,-0.398294,-0.372046,-1.028046,-0.016090,0.007405,-0.022071,4.642708e-05,0.001361
3890,3,210.0000,28.0000,-7.7500,-0.429100,-0.381900,-0.997300,-0.017780,0.007918,-0.034770,-0.429090,-0.381859,-0.997258,-0.017778,0.007918,-0.034766,4.157793e-05,0.001219
3891,3,222.0000,28.0000,-7.7500,-0.544500,-0.501700,-1.154000,-0.019270,0.008972,-0.098100,-0.544527,-0.501686,-1.154408,-0.019270,0.008972,-0.098099,4.080511e-04,0.011963
3892,3,234.0000,28.0000,-7.7500,-0.420400,-0.575800,-1.434000,-0.021970,0.009872,-0.087620,-0.420352,-0.575808,-1.434437,-0.021968,0.009872,-0.087616,4.374865e-04,0.012826
3893,3,174.0000,36.0000,-7.7500,-0.388100,-0.394200,-1.109000,-0.014430,0.004917,0.007461,-0.388082,-0.394220,-1.109277,-0.014429,0.004917,0.007461,2.771254e-04,0.008124
3894,3,186.0000,36.0000,-7.7500,-0.379600,-0.370900,-1.051000,-0.017530,0.005892,-0.003054,-0.379608,-0.370937,-1.050591,-0.017529,0.005892,-0.003054,4.090630e-04,0.011992
3895,3,198.0000,36.0000,-7.7500,-0.391900,-0.367600,-1.010000,-0.020490,0.006758,-0.021870,-0.391931,-0.367639,-1.010479,-0.020493,0.006758,-0.021867,4.787183e-04,0.014035
3896,3,210.0000,36.0000,-7.7500,-0.422200,-0.377300,-0.979900,-0.022880,0.007333,-0.034280,-0.422204,-0.377275,-0.979885,-0.022877,0.007333,-0.034284,2.517743e-05,0.000738
3897,3,222.0000,36.0000,-7.7500,-0.536400,-0.496200,-1.135000,-0.024970,0.008261,-0.097050,-0.536392,-0.496245,-1.134723,-0.024974,0.008261,-0.097051,2.774092e-04,0.008133
3898,3,234.0000,36.0000,-7.7500,-0.414700,-0.571300,-1.412000,-0.028360,0.008882,-0.086950,-0.414749,-0.571287,-1.411765,-0.028364,0.008882,-0.086949,2.350030e-04,0.006890
3899,3,174.0000,44.0000,-7.7500,-0.382100,-0.380900,-1.112000,-0.016800,-0.008881,0.012430,-0.382141,-0.380939,-1.112497,-0.016798,-0.008881,0.012434,4.971022e-04,0.014574
3900,3,186.0000,44.0000,-7.7500,-0.377400,-0.360200,-1.041000,-0.020210,0.000000,-0.001400,-0.377397,-0.360227,-1.040971,-0.020209,0.000000,-0.001400,2.887019e-05,0.000846
3901,3,198.0000,44.0000,-7.7500,-0.385100,-0.355500,-0.998200,-0.025050,0.001578,-0.021760,-0.385117,-0.355547,-0.998227,-0.025052,0.001578,-0.021761,4.742214e-05,0.001390
3902,3,210.0000,44.0000,-7.7500,-0.415600,-0.365700,-0.968800,-0.027840,0.002348,-0.033610,-0.415578,-0.365739,-0.968822,-0.027835,0.002348,-0.033613,3.940561e-05,0.001155
3903,3,222.0000,44.0000,-7.7500,-0.529300,-0.482900,-1.123000,-0.030770,0.003013,-0.096350,-0.529269,-0.482852,-1.122571,-0.030765,0.003013,-0.096348,4.288384e-04,0.012572
3904,3,234.0000,44.0000,-7.7500,-0.409400,-0.556700,-1.400000,-0.034590,0.001190,-0.087680,-0.409439,-0.556748,-1.400228,-0.034594,0.001190,-0.087681,2.281917e-04,0.006690
3905,3,174.0000,4.0000,-15.2500,-0.375900,-0.375300,-1.160000,-0.001717,0.002277,0.012450,-0.375947,-0.375349,-1.160075,-0.001717,0.002277,0.012451,7.471818e-05,0.002191
3906,3,186.0000,4.0000,-15.2500,-0.361300,-0.358900,-1.114000,-0.002105,0.002354,-0.002484,-0.361281,-0.358949,-1.113963,-0.002105,0.002354,-0.002484,4.851515e-05,0.001422
3907,3,198.0000,4.0000,-15.2500,-0.344400,-0.342100,-1.065000,-0.002484,0.002403,-0.031680,-0.344358,-0.342113,-1.065293,-0.002484,0.002403,-0.031681,2.930608e-04,0.008592
3908,3,210.0000,4.0000,-15.2500,-0.373900,-0.366800,-1.071000,-0.002805,0.002542,-0.086020,-0.373918,-0.366821,-1.070688,-0.002805,0.002542,-0.086017,3.120016e-04,0.009147
3909,3,222.0000,4.0000,-15.2500,-0.389200,-0.427500,-1.177000,-0.003131,0.002778,-0.114800,-0.389197,-0.427487,-1.177123,-0.003131,0.002778,-0.114767,1.225694e-04,0.003593
3910,3,234.0000,4.0000,-15.2500,-0.360100,-0.490500,-1.330000,-0.003677,0.003000,0.035600,-0.360135,-0.490518,-1.330292,-0.003677,0.003000,0.035604,2.915298e-04,0.008547
3911,3,174.0000,12.0000,-15.2500,-0.373900,-0.373900,-1.155000,-0.005222,0.005759,0.012520,-0.373870,-0.373864,-1.154603,-0.005222,0.005759,0.012522,3.968314e-04,0.011634
3912,3,186.0000,12.0000,-15.2500,-0.359200,-0.357500,-1.108000,-0.006347,0.005878,-0.002418,-0.359218,-0.357506,-1.108361,-0.006347,0.005878,-0.002418,3.609773e-04,0.010583
3913,3,198.0000,12.0000,-15.2500,-0.342300,-0.340700,-1.060000,-0.007424,0.006065,-0.031590,-0.342293,-0.340674,-1.059753,-0.007424,0.006065,-0.031586,2.466212e-04,0.007230
3914,3,210.0000,12.0000,-15.2500,-0.371700,-0.365300,-1.065000,-0.008435,0.006464,-0.085720,-0.371673,-0.365276,-1.065049,-0.008435,0.006464,-0.085719,4.881063e-05,0.001431
3915,3,222.0000,12.0000,-15.2500,-0.386900,-0.425800,-1.171000,-0.009525,0.007092,-0.114300,-0.386897,-0.425758,-1.170889,-0.009525,0.007092,-0.114335,1.109180e-04,0.003252
3916,3,234.0000,12.0000,-15.2500,-0.358100,-0.488800,-1.323000,-0.011060,0.007229,0.035380,-0.358112,-0.488768,-1.323118,-0.011059,0.007229,0.035377,1.177588e-04,0.003452
3917,3,174.0000,20.0000,-15.2500,-0.369600,-0.369700,-1.144000,-0.008750,0.008441,0.012540,-0.369559,-0.369694,-1.144462,-0.008750,0.008441,0.012538,4.620242e-04,0.013545
3918,3,186.0000,20.0000,-15.2500,-0.355100,-0.353500,-1.098000,-0.010550,0.008482,-0.002317,-0.355100,-0.353539,-1.098484,-0.010548,0.008482,-0.002317,4.838616e-04,0.014185
3919,3,198.0000,20.0000,-15.2500,-0.338500,-0.336900,-1.050000,-0.012330,0.008770,-0.031350,-0.338465,-0.336933,-1.050272,-0.012327,0.008770,-0.031348,2.720022e-04,0.007974
3920,3,210.0000,20.0000,-15.2500,-0.367600,-0.361300,-1.055000,-0.014060,0.009432,-0.085180,-0.367557,-0.361280,-1.055353,-0.014061,0.009432,-0.085182,3.534636e-04,0.010362
3921,3,222.0000,20.0000,-15.2500,-0.382700,-0.421300,-1.160000,-0.015910,0.010310,-0.113700,-0.382672,-0.421326,-1.160208,-0.015911,0.010312,-0.113678,2.075169e-04,0.006084
3922,3,234.0000,20.0000,-15.2500,-0.354100,-0.483900,-1.311000,-0.018400,0.010310,0.034750,-0.354122,-0.483861,-1.311239,-0.018395,0.010313,0.034746,2.388542e-04,0.007002
3923,3,174.0000,28.0000,-15.2500,-0.364800,-0.366200,-1.131000,-0.012180,0.009613,0.012550,-0.364822,-0.366171,-1.131355,-0.012175,0.009613,0.012548,3.546132e-04,0.010396
3924,3,186.0000,28.0000,-15.2500,-0.350400,-0.349300,-1.085000,-0.014600,0.009967,-0.002088,-0.350357,-0.349312,-1.085412,-0.014595,0.009967,-0.002088,4.118665e-04,0.012075
3925,3,198.0000,28.0000,-15.2500,-0.333700,-0.332400,-1.038000,-0.017180,0.010610,-0.030940,-0.333729,-0.332426,-1.037505,-0.017180,0.010608,-0.030941,4.949294e-04,0.014510
3926,3,210.0000,28.0000,-15.2500,-0.362600,-0.356600,-1.042000,-0.019620,0.011540,-0.084420,-0.362606,-0.356558,-1.042412,-0.019621,0.011540,-0.084419,4.120275e-04,0.012079
3927,3,222.0000,28.0000,-15.2500,-0.377700,-0.416200,-1.146000,-0.022280,0.012590,-0.112900,-0.377696,-0.416175,-1.146103,-0.022284,0.012591,-0.112868,1.026947e-04,0.003011
3928,3,234.0000,28.0000,-15.2500,-0.349700,-0.478400,-1.296000,-0.025660,0.012440,0.033790,-0.349659,-0.478439,-1.295861,-0.025659,0.012445,0.033791,1.389984e-04,0.004075
3929,3,174.0000,36.0000,-15.2500,-0.360000,-0.361600,-1.119000,-0.015410,0.008013,0.012640,-0.360047,-0.361562,-1.118675,-0.015412,0.008013,0.012638,3.248899e-04,0.009525
3930,3,186.0000,36.0000,-15.2500,-0.345200,-0.343600,-1.071000,-0.018430,0.009510,-0.001261,-0.345160,-0.343582,-1.071126,-0.018428,0.009510,-0.001261,1.258383e-04,0.003689
3931,3,198.0000,36.0000,-15.2500,-0.328700,-0.326700,-1.023000,-0.021860,0.010960,-0.030280,-0.328747,-0.326716,-1.022925,-0.021860,0.010957,-0.030281,7.534352e-05,0.002209
3932,3,210.0000,36.0000,-15.2500,-0.357000,-0.350400,-1.028000,-0.025190,0.012170,-0.083490,-0.357047,-0.350375,-1.027555,-0.025190,0.012166,-0.083492,4.453934e-04,0.013058
3933,3,222.0000,36.0000,-15.2500,-0.372300,-0.409500,-1.130000,-0.028610,0.013240,-0.112000,-0.372304,-0.409544,-1.130278,-0.028608,0.013239,-0.112019,2.778032e-04,0.008144
3934,3,234.0000,36.0000,-15.2500,-0.345200,-0.471800,-1.279000,-0.032820,0.012690,0.032520,-0.345172,-0.471841,-1.279124,-0.032821,0.012685,0.032522,1.239162e-04,0.003633
3935,3,174.0000,44.0000,-15.2500,-0.354100,-0.352600,-1.109000,-0.018640,0.007845,0.013450,-0.354117,-0.352575,-1.108904,-0.018644,0.007845,0.013453,9.559547e-05,0.002803
3936,3,186.0000,44.0000,-15.2500,-0.340700,-0.335600,-1.058000,-0.022230,0.010140,0.000356,-0.340662,-0.335586,-1.057987,-0.022233,0.010143,0.000356,3.821839e-05,0.001120
3937,3,198.0000,44.0000,-15.2500,-0.323500,-0.318300,-1.008000,-0.026610,0.011730,-0.029330,-0.323530,-0.318346,-1.008064,-0.026605,0.011735,-0.029329,6.361520e-05,0.001865
3938,3,210.0000,44.0000,-15.2500,-0.350900,-0.341500,-1.012000,-0.030580,0.013330,-0.082390,-0.350924,-0.341482,-1.012311,-0.030577,0.013330,-0.082387,3.113613e-04,0.009128
3939,3,222.0000,44.0000,-15.2500,-0.366800,-0.400100,-1.114000,-0.034760,0.014840,-0.111100,-0.366779,-0.400117,-1.114447,-0.034756,0.014839,-0.111101,4.465117e-04,0.013090
3940,3,234.0000,44.0000,-15.2500,-0.340300,-0.461700,-1.263000,-0.039820,0.013940,0.030680,-0.340311,-0.461709,-1.263270,-0.039818,0.013936,0.030677,2.703829e-04,0.007927
3941,4,174.0000,4.0000,-36.5000,-0.040600,-0.040790,-0.201700,-0.000405,0.001937,0.025760,-0.040598,-0.040793,-0.201735,-0.000405,0.001937,0.025762,3.521054e-05,0.001032
3942,4,186.0000,4.0000,-36.5000,-0.037040,-0.038310,-0.194500,-0.000491,0.001902,0.028760,-0.037039,-0.038306,-0.194458,-0.000491,0.001902,0.028755,4.214006e-05,0.001235
3943,4,198.0000,4.0000,-36.5000,-0.030330,-0.034100,-0.185200,-0.000583,0.001860,0.031300,-0.030332,-0.034099,-0.185150,-0.000583,0.001860,0.031303,4.954531e-05,0.001453
3944,4,210.0000,4.0000,-36.5000,-0.017390,-0.025980,-0.171400,-0.000680,0.001807,0.036230,-0.017391,-0.025978,-0.171386,-0.000680,0.001807,0.036228,1.360673e-05,0.000399
3945,4,222.0000,4.0000,-36.5000,0.000296,-0.014000,-0.151800,-0.000785,0.001724,0.050420,0.000296,-0.013999,-0.151793,-0.000785,0.001724,0.050416,6.586599e-06,0.000193
3946,4,234.0000,4.0000,-36.5000,0.010830,-0.003956,-0.128900,-0.000893,0.001581,0.081220,0.010832,-0.003956,-0.128939,-0.000893,0.001581,0.081216,3.933111e-05,0.001153
3947,4,174.0000,12.0000,-36.5000,-0.040530,-0.040760,-0.201200,-0.001214,0.005747,0.025720,-0.040527,-0.040756,-0.201185,-0.001214,0.005747,0.025715,1.523395e-05,0.000447
3948,4,186.0000,12.0000,-36.5000,-0.036990,-0.038280,-0.193900,-0.001472,0.005638,0.028700,-0.036990,-0.038282,-0.193925,-0.001472,0.005638,0.028703,2.513504e-05,0.000737
3949,4,198.0000,12.0000,-36.5000,-0.030310,-0.034090,-0.184600,-0.001745,0.005513,0.031240,-0.030310,-0.034086,-0.184637,-0.001745,0.005513,0.031240,3.701636e-05,0.001085
3950,4,210.0000,12.0000,-36.5000,-0.017420,-0.025990,-0.170900,-0.002037,0.005352,0.036140,-0.017417,-0.025991,-0.170910,-0.002037,0.005352,0.036142,9.611793e-06,0.000282
3951,4,222.0000,12.0000,-36.5000,0.000206,-0.014050,-0.151400,-0.002351,0.005107,0.050270,0.000206,-0.014053,-0.151376,-0.002351,0.005107,0.050273,2.367801e-05,0.000694
3952,4,234.0000,12.0000,-36.5000,0.010710,-0.004045,-0.128600,-0.002673,0.004667,0.080950,0.010705,-0.004045,-0.128596,-0.002673,0.004667,0.080954,4.501527e-06,0.000132
3953,4,174.0000,20.0000,-36.5000,-0.040360,-0.040640,-0.200100,-0.002021,0.009381,0.025620,-0.040365,-0.040639,-0.200085,-0.002021,0.009381,0.025621,1.549728e-05,0.000454
3954,4,186.0000,20.0000,-36.5000,-0.036860,-0.038180,-0.192900,-0.002446,0.009205,0.028600,-0.036864,-0.038178,-0.192852,-0.002446,0.009205,0.028602,4.817684e-05,0.001412
3955,4,198.0000,20.0000,-36.5000,-0.030240,-0.034000,-0.183600,-0.002899,0.009007,0.031120,-0.030238,-0.034003,-0.183601,-0.002899,0.009007,0.031116,3.511593e-06,0.000103
3956,4,210.0000,20.0000,-36.5000,-0.017440,-0.025960,-0.169900,-0.003384,0.008743,0.035970,-0.017441,-0.025959,-0.169947,-0.003384,0.008743,0.035969,4.664654e-05,0.001368
3957,4,222.0000,20.0000,-36.5000,0.000059,-0.014100,-0.150500,-0.003906,0.008328,0.049980,0.000059,-0.014099,-0.150530,-0.003906,0.008328,0.049983,2.981842e-05,0.000874
3958,4,234.0000,20.0000,-36.5000,0.010500,-0.004143,-0.127900,-0.004436,0.007596,0.080430,0.010503,-0.004143,-0.127884,-0.004436,0.007596,0.080430,1.617272e-05,0.000474
3959,4,174.0000,28.0000,-36.5000,-0.040020,-0.040290,-0.198400,-0.002823,0.012790,0.025480,-0.040022,-0.040290,-0.198383,-0.002823,0.012788,0.025480,1.695658e-05,0.000497
3960,4,186.0000,28.0000,-36.5000,-0.036590,-0.037870,-0.191200,-0.003409,0.012560,0.028470,-0.036590,-0.037865,-0.191201,-0.003409,0.012560,0.028466,4.906062e-06,0.000144
3961,4,198.0000,28.0000,-36.5000,-0.030060,-0.033740,-0.182000,-0.004042,0.012310,0.030940,-0.030062,-0.033742,-0.182017,-0.004042,0.012311,0.030941,1.653895e-05,0.000485
3962,4,210.0000,28.0000,-36.5000,-0.017410,-0.025780,-0.168500,-0.004716,0.011950,0.035710,-0.017409,-0.025779,-0.168471,-0.004716,0.011953,0.035710,2.874659e-05,0.000843
3963,4,222.0000,28.0000,-36.5000,-0.000072,-0.014020,-0.149200,-0.005440,0.011370,0.049540,-0.000072,-0.014016,-0.149214,-0.005440,0.011370,0.049544,1.442651e-05,0.000423
3964,4,234.0000,28.0000,-36.5000,0.010300,-0.004122,-0.126800,-0.006171,0.010360,0.079660,0.010303,-0.004122,-0.126756,-0.006171,0.010357,0.079659,4.401473e-05,0.001290
3965,4,174.0000,36.0000,-36.5000,-0.039430,-0.039590,-0.196000,-0.003618,0.016010,0.025300,-0.039429,-0.039586,-0.196048,-0.003618,0.016010,0.025296,4.826396e-05,0.001415
3966,4,186.0000,36.0000,-36.5000,-0.036120,-0.037250,-0.189000,-0.004362,0.015740,0.028310,-0.036117,-0.037249,-0.188957,-0.004362,0.015740,0.028309,4.326632e-05,0.001268
3967,4,198.0000,36.0000,-36.5000,-0.029750,-0.033230,-0.179900,-0.005166,0.015450,0.030720,-0.029747,-0.033228,-0.179879,-0.005166,0.015448,0.030722,2.147917e-05,0.000630
3968,4,210.0000,36.0000,-36.5000,-0.017280,-0.025370,-0.166500,-0.006027,0.015010,0.035370,-0.017278,-0.025369,-0.166471,-0.006027,0.015008,0.035372,2.940330e-05,0.000862
3969,4,222.0000,36.0000,-36.5000,-0.000134,-0.013720,-0.147400,-0.006943,0.014270,0.048960,-0.000134,-0.013719,-0.147409,-0.006943,0.014274,0.048963,9.098577e-06,0.000267
3970,4,234.0000,36.0000,-36.5000,0.010170,-0.003893,-0.125200,-0.007869,0.013000,0.078660,0.010165,-0.003893,-0.125184,-0.007869,0.013000,0.078657,1.580084e-05,0.000463
3971,4,174.0000,44.0000,-36.5000,-0.038590,-0.038510,-0.193100,-0.004402,0.019190,0.025080,-0.038589,-0.038514,-0.193100,-0.004402,0.019194,0.025078,4.037185e-06,0.000118
3972,4,186.0000,44.0000,-36.5000,-0.035450,-0.036310,-0.186100,-0.005313,0.018860,0.028110,-0.035446,-0.036314,-0.186137,-0.005313,0.018860,0.028115,3.726345e-05,0.001092
3973,4,198.0000,44.0000,-36.5000,-0.029280,-0.032440,-0.177200,-0.006280,0.018490,0.030460,-0.029279,-0.032435,-0.177198,-0.006280,0.018494,0.030462,4.643175e-06,0.000136
3974,4,210.0000,44.0000,-36.5000,-0.017040,-0.024720,-0.164000,-0.007311,0.017980,0.034970,-0.017038,-0.024716,-0.163959,-0.007311,0.017985,0.034971,4.070846e-05,0.001193
3975,4,222.0000,44.0000,-36.5000,-0.000131,-0.013210,-0.145100,-0.008411,0.017150,0.048270,-0.000131,-0.013212,-0.145133,-0.008411,0.017151,0.048271,3.336323e-05,0.000978
3976,4,234.0000,44.0000,-36.5000,0.010100,-0.003449,-0.123200,-0.009524,0.015660,0.077430,0.010097,-0.003449,-0.123173,-0.009524,0.015656,0.077431,2.743490e-05,0.000804
3977,2,174.0000,54.0000,-2.0000,-0.416500,-0.418100,-1.104000,-0.021860,0.015640,0.015120,-0.416524,-0.418108,-1.104020,-0.021860,0.015643,0.015117,2.376440e-05,0.000697
3978,2,186.0000,54.0000,-2.0000,-0.382200,-0.371200,-0.999000,-0.026180,0.007375,-0.003372,-0.382223,-0.371243,-0.999018,-0.026181,0.007375,-0.003372,4.334512e-05,0.001271
3979,2,198.0000,54.0000,-2.0000,-0.396600,-0.368200,-0.955400,-0.029340,0.007476,-0.004205,-0.396612,-0.368167,-0.955448,-0.029339,0.007476,-0.004205,4.838225e-05,0.001418
3980,2,210.0000,54.0000,-2.0000,-0.440900,-0.399500,-0.967100,-0.032020,0.007755,-0.012700,-0.440908,-0.399548,-0.967109,-0.032022,0.007755,-0.012696,4.759431e-05,0.001395
3981,2,222.0000,54.0000,-2.0000,-0.484500,-0.422500,-0.957700,-0.033800,0.009033,0.002217,-0.484470,-0.422476,-0.957674,-0.033803,0.009033,0.002217,3.034922e-05,0.000890
3982,2,234.0000,54.0000,-2.0000,-0.862200,-0.824900,-1.561000,-0.035820,0.013270,-0.164400,-0.862157,-0.824879,-1.561491,-0.035824,0.013269,-0.164428,4.907363e-04,0.014387
3983,2,174.0000,66.0000,-2.0000,-0.369600,-0.383300,-0.999400,-0.026170,-0.003644,0.006852,-0.369554,-0.383322,-0.999364,-0.026171,-0.003644,0.006852,4.575947e-05,0.001342
3984,2,186.0000,66.0000,-2.0000,-0.355400,-0.356600,-0.933800,-0.031010,-0.001976,-0.001731,-0.355449,-0.356606,-0.933813,-0.031009,-0.001976,-0.001731,4.929136e-05,0.001445
3985,2,198.0000,66.0000,-2.0000,-0.367000,-0.349500,-0.887000,-0.035030,-0.001298,-0.004086,-0.367031,-0.349545,-0.886957,-0.035027,-0.001298,-0.004086,4.521763e-05,0.001326
3986,2,210.0000,66.0000,-2.0000,-0.409600,-0.379300,-0.898800,-0.038170,-0.000800,-0.011990,-0.409630,-0.379338,-0.898809,-0.038167,-0.000800,-0.011993,3.828419e-05,0.001122
3987,2,222.0000,66.0000,-2.0000,-0.450800,-0.400500,-0.889300,-0.040220,0.000048,0.002245,-0.450779,-0.400451,-0.889278,-0.040220,0.000048,0.002245,4.949604e-05,0.001451
3988,2,234.0000,66.0000,-2.0000,-0.808500,-0.781100,-1.462000,-0.042400,0.001312,-0.156000,-0.808548,-0.781108,-1.461914,-0.042403,0.001312,-0.156004,8.561026e-05,0.002510
3989,2,174.0000,78.0000,-2.0000,-0.367900,-0.398500,-0.958700,-0.029310,-0.004255,0.007007,-0.367931,-0.398497,-0.958670,-0.029312,-0.004255,0.007007,3.130445e-05,0.000918
3990,2,186.0000,78.0000,-2.0000,-0.349700,-0.368900,-0.889700,-0.035030,-0.004103,-0.001051,-0.349746,-0.368852,-0.889687,-0.035025,-0.004103,-0.001051,4.823322e-05,0.001414
3991,2,198.0000,78.0000,-2.0000,-0.358900,-0.359400,-0.842100,-0.039790,-0.003465,-0.003450,-0.358912,-0.359368,-0.842084,-0.039790,-0.003465,-0.003450,3.181023e-05,0.000933
3992,2,210.0000,78.0000,-2.0000,-0.397900,-0.385400,-0.852800,-0.042980,-0.002619,-0.011020,-0.397947,-0.385382,-0.852774,-0.042977,-0.002619,-0.011017,4.656441e-05,0.001365
3993,2,222.0000,78.0000,-2.0000,-0.436900,-0.403400,-0.844600,-0.045010,-0.001284,0.002625,-0.436860,-0.403373,-0.844562,-0.045006,-0.001284,0.002625,3.961020e-05,0.001161
3994,2,234.0000,78.0000,-2.0000,-0.782400,-0.768400,-1.401000,-0.046710,0.000855,-0.149700,-0.782394,-0.768439,-1.400639,-0.046713,0.000855,-0.149736,3.611978e-04,0.010589
3995,2,174.0000,90.0000,-2.0000,-0.400200,-0.443200,-0.972000,-0.031940,-0.012790,0.007315,-0.400203,-0.443211,-0.972028,-0.031944,-0.012789,0.007315,2.837532e-05,0.000832
3996,2,186.0000,90.0000,-2.0000,-0.380300,-0.411700,-0.903100,-0.038140,-0.012050,-0.000535,-0.380251,-0.411710,-0.903051,-0.038142,-0.012048,-0.000535,4.917765e-05,0.001442
3997,2,198.0000,90.0000,-2.0000,-0.385600,-0.398600,-0.854200,-0.042970,-0.011040,-0.002602,-0.385567,-0.398583,-0.854182,-0.042973,-0.011043,-0.002602,3.305906e-05,0.000969
3998,2,210.0000,90.0000,-2.0000,-0.419900,-0.419900,-0.862300,-0.046350,-0.009707,-0.009704,-0.419925,-0.419935,-0.862309,-0.046351,-0.009707,-0.009704,3.518619e-05,0.001032
3999,2,222.0000,90.0000,-2.0000,-0.451200,-0.430500,-0.850100,-0.047100,-0.007809,0.004147,-0.451227,-0.430509,-0.850089,-0.047095,-0.007809,0.004147,2.716253e-05,0.000796
4000,2,234.0000,90.0000,-2.0000,-0.783800,-0.778700,-1.386000,-0.047870,-0.004580,-0.145500,-0.783753,-0.778653,-1.385521,-0.047875,-0.004580,-0.145460,4.787721e-04,0.014036
4001,2,174.0000,102.0000,-2.0000,-0.423900,-0.487100,-0.963700,-0.033660,0.002233,0.008620,-0.423858,-0.487072,-0.963747,-0.033655,0.002233,0.008620,4.720819e-05,0.001384
4002,2,186.0000,102.0000,-2.0000,-0.401900,-0.453000,-0.894700,-0.040170,0.002265,0.000390,-0.401923,-0.453039,-0.894658,-0.040171,0.002265,0.000390,4.175645e-05,0.001224
4003,2,198.0000,102.0000,-2.0000,-0.404000,-0.437500,-0.846900,-0.045000,0.002650,-0.001235,-0.403961,-0.437513,-0.846923,-0.045003,0.002650,-0.001235,3.880232e-05,0.001138
4004,2,210.0000,102.0000,-2.0000,-0.430900,-0.451200,-0.851100,-0.047110,0.004177,-0.007794,-0.430873,-0.451239,-0.851078,-0.047106,0.004177,-0.007794,3.853981e-05,0.001130
4005,2,222.0000,102.0000,-2.0000,-0.453300,-0.452900,-0.826100,-0.048910,0.006635,0.006620,-0.453293,-0.452927,-0.826065,-0.048910,0.006635,0.006620,3.534216e-05,0.001036
4006,2,234.0000,102.0000,-2.0000,-0.769700,-0.786100,-1.345000,-0.046650,0.007487,-0.143900,-0.769730,-0.786086,-1.345079,-0.046646,0.007487,-0.143918,7.936117e-05,0.002327
4007,2,174.0000,114.0000,-2.0000,-0.828900,-0.866700,-1.572000,-0.035660,-0.165400,0.012720,-0.828897,-0.866735,-1.571630,-0.035661,-0.165409,0.012724,3.698793e-04,0.010844
4008,2,186.0000,114.0000,-2.0000,-0.784600,-0.812300,-1.471000,-0.042380,-0.156700,0.001838,-0.784574,-0.812292,-1.470655,-0.042376,-0.156715,0.001838,3.453685e-04,0.010125
4009,2,198.0000,114.0000,-2.0000,-0.769900,-0.783500,-1.405000,-0.046760,-0.150000,0.000996,-0.769874,-0.783481,-1.404642,-0.046759,-0.150036,0.000996,3.580690e-04,0.010497
4010,2,210.0000,114.0000,-2.0000,-0.779200,-0.783600,-1.387000,-0.047940,-0.145500,-0.004505,-0.779180,-0.783608,-1.387131,-0.047937,-0.145473,-0.004505,1.314057e-04,0.003852
4011,2,222.0000,114.0000,-2.0000,-0.786200,-0.768900,-1.345000,-0.046690,-0.143800,0.007499,-0.786185,-0.768869,-1.345071,-0.046691,-0.143755,0.007499,7.096317e-05,0.002080
4012,2,234.0000,114.0000,-2.0000,-1.104000,-1.103000,-1.849000,-0.047320,-0.144600,-0.144800,-1.104005,-1.103449,-1.849150,-0.047319,-0.144561,-0.144780,4.488145e-04,0.013158
4013,3,174.0000,54.0000,-7.7500,-0.369900,-0.369800,-1.084000,-0.023030,0.013690,0.013780,-0.369874,-0.369769,-1.084233,-0.023027,0.013689,0.013776,2.330058e-04,0.006831
4014,3,186.0000,54.0000,-7.7500,-0.365900,-0.349300,-1.009000,-0.027460,0.009955,-0.000520,-0.365935,-0.349269,-1.009421,-0.027458,0.009955,-0.000520,4.207142e-04,0.012334
4015,3,198.0000,54.0000,-7.7500,-0.371900,-0.344000,-0.966300,-0.030540,0.010340,-0.021040,-0.371902,-0.343952,-0.966319,-0.030540,0.010344,-0.021035,4.824014e-05,0.001414
4016,3,210.0000,54.0000,-7.7500,-0.401800,-0.353900,-0.937700,-0.033600,0.011670,-0.032560,-0.401824,-0.353884,-0.937660,-0.033597,0.011672,-0.032561,3.992456e-05,0.001170
4017,3,222.0000,54.0000,-7.7500,-0.513200,-0.468000,-1.088000,-0.036180,0.014170,-0.094130,-0.513219,-0.467992,-1.087882,-0.036182,0.014166,-0.094130,1.176145e-04,0.003448
4018,3,234.0000,54.0000,-7.7500,-0.397400,-0.541000,-1.361000,-0.041380,0.017520,-0.086360,-0.397426,-0.540962,-1.361251,-0.041375,0.017524,-0.086357,2.507547e-04,0.007351
4019,3,174.0000,66.0000,-7.7500,-0.350400,-0.366600,-1.011000,-0.027500,-0.000706,0.010060,-0.350351,-0.366629,-1.011222,-0.027498,-0.000706,0.010058,2.218163e-04,0.006503
4020,3,186.0000,66.0000,-7.7500,-0.343600,-0.343300,-0.948600,-0.032450,-0.000874,-0.000720,-0.343597,-0.343322,-0.948645,-0.032453,-0.000874,-0.000720,4.477814e-05,0.001313
4021,3,198.0000,66.0000,-7.7500,-0.352000,-0.337800,-0.908400,-0.036590,0.000170,-0.019290,-0.351996,-0.337830,-0.908386,-0.036592,0.000170,-0.019294,2.961590e-05,0.000868
4022,3,210.0000,66.0000,-7.7500,-0.380100,-0.346100,-0.879600,-0.040090,0.002306,-0.030790,-0.380133,-0.346079,-0.879632,-0.040090,0.002306,-0.030786,3.308151e-05,0.000970
4023,3,222.0000,66.0000,-7.7500,-0.486900,-0.455800,-1.024000,-0.043200,0.005622,-0.089720,-0.486862,-0.455755,-1.023628,-0.043202,0.005622,-0.089719,3.716364e-04,0.010895
4024,3,234.0000,66.0000,-7.7500,-0.377200,-0.527100,-1.287000,-0.048810,0.008966,-0.081940,-0.377233,-0.527144,-1.286857,-0.048808,0.008966,-0.081941,1.431956e-04,0.004198
4025,3,174.0000,78.0000,-7.7500,-0.345900,-0.372700,-0.970200,-0.030640,-0.021400,0.010530,-0.345875,-0.372747,-0.970247,-0.030640,-0.021401,0.010526,4.745167e-05,0.001391
4026,3,186.0000,78.0000,-7.7500,-0.338900,-0.351800,-0.910500,-0.036660,-0.019560,0.000354,-0.338892,-0.351835,-0.910450,-0.036659,-0.019558,0.000354,4.998213e-05,0.001465
4027,3,198.0000,78.0000,-7.7500,-0.346300,-0.345400,-0.870400,-0.041700,-0.017070,-0.016850,-0.346295,-0.345361,-0.870376,-0.041696,-0.017073,-0.016851,3.946721e-05,0.001157
4028,3,210.0000,78.0000,-7.7500,-0.372000,-0.351200,-0.841400,-0.045590,-0.013780,-0.027870,-0.372024,-0.351222,-0.841377,-0.045589,-0.013781,-0.027867,2.369599e-05,0.000695
4029,3,222.0000,78.0000,-7.7500,-0.473800,-0.454300,-0.980100,-0.048770,-0.009161,-0.084400,-0.473819,-0.454293,-0.980060,-0.048773,-0.009161,-0.084398,4.019665e-05,0.001178
4030,3,234.0000,78.0000,-7.7500,-0.367100,-0.519500,-1.234000,-0.053980,-0.003899,-0.077230,-0.367113,-0.519516,-1.234327,-0.053984,-0.003899,-0.077226,3.269391e-04,0.009585
4031,3,174.0000,90.0000,-7.7500,-0.356700,-0.403200,-0.943300,-0.033740,-0.032860,0.011990,-0.356690,-0.403191,-0.943339,-0.033743,-0.032859,0.011991,3.884641e-05,0.001139
4032,3,186.0000,90.0000,-7.7500,-0.347900,-0.380400,-0.883300,-0.040220,-0.030950,0.002578,-0.347873,-0.380370,-0.883348,-0.040223,-0.030948,0.002578,4.845778e-05,0.001421
4033,3,198.0000,90.0000,-7.7500,-0.352800,-0.371400,-0.843000,-0.045660,-0.027940,-0.013540,-0.352832,-0.371445,-0.843005,-0.045664,-0.027945,-0.013536,4.519830e-05,0.001325
4034,3,210.0000,90.0000,-7.7500,-0.375100,-0.373900,-0.812900,-0.049790,-0.023320,-0.023270,-0.375129,-0.373873,-0.812856,-0.049793,-0.023316,-0.023267,4.434899e-05,0.001300
4035,3,222.0000,90.0000,-7.7500,-0.469600,-0.469100,-0.944000,-0.052330,-0.016630,-0.077600,-0.469550,-0.469070,-0.944028,-0.052332,-0.016626,-0.077602,4.958413e-05,0.001454
4036,3,234.0000,90.0000,-7.7500,-0.362000,-0.526100,-1.190000,-0.055250,-0.010060,-0.070650,-0.362000,-0.526070,-1.189860,-0.055255,-0.010062,-0.070649,1.400026e-04,0.004104
4037,3,174.0000,102.0000,-7.7500,-0.472100,-0.515400,-1.096000,-0.036410,-0.094770,0.014700,-0.472059,-0.515388,-1.095741,-0.036409,-0.094766,0.014695,2.589980e-04,0.007593
4038,3,186.0000,102.0000,-7.7500,-0.458400,-0.487600,-1.029000,-0.043430,-0.090090,0.006056,-0.458350,-0.487627,-1.029060,-0.043430,-0.090088,0.006056,5.953840e-05,0.001745
4039,3,198.0000,102.0000,-7.7500,-0.456400,-0.473500,-0.983000,-0.048950,-0.084540,-0.008798,-0.456415,-0.473529,-0.982977,-0.048953,-0.084540,-0.008798,2.915863e-05,0.000855
4040,3,210.0000,102.0000,-7.7500,-0.470600,-0.468400,-0.945000,-0.052440,-0.077580,-0.016530,-0.470645,-0.468428,-0.945017,-0.052436,-0.077582,-0.016533,4.450323e-05,0.001305
4041,3,222.0000,102.0000,-7.7500,-0.559100,-0.557700,-1.068000,-0.055000,-0.070330,-0.070420,-0.559072,-0.557657,-1.068449,-0.055004,-0.070325,-0.070416,4.486297e-04,0.013152
4042,3,234.0000,102.0000,-7.7500,-0.434900,-0.598300,-1.292000,-0.054410,-0.059160,-0.059780,-0.434922,-0.598330,-1.291799,-0.054409,-0.059160,-0.059775,2.008867e-04,0.005889
4043,3,174.0000,114.0000,-7.7500,-0.545600,-0.398600,-1.371000,-0.041940,-0.086680,0.018140,-0.545621,-0.398638,-1.371256,-0.041938,-0.086676,0.018145,2.563304e-04,0.007515
4044,3,186.0000,114.0000,-7.7500,-0.530000,-0.377300,-1.294000,-0.049340,-0.082110,0.009576,-0.529975,-0.377348,-1.293892,-0.049343,-0.082109,0.009576,1.075513e-04,0.003153
4045,3,198.0000,114.0000,-7.7500,-0.521700,-0.366500,-1.238000,-0.054430,-0.077170,-0.003390,-0.521740,-0.366481,-1.238176,-0.054434,-0.077175,-0.003390,1.759626e-04,0.005159
4046,3,210.0000,114.0000,-7.7500,-0.527600,-0.360700,-1.191000,-0.055580,-0.070440,-0.009893,-0.527554,-0.360703,-1.191233,-0.055580,-0.070438,-0.009893,2.327372e-04,0.006823
4047,3,222.0000,114.0000,-7.7500,-0.599600,-0.433500,-1.292000,-0.054580,-0.059470,-0.059240,-0.599598,-0.433514,-1.291964,-0.054577,-0.059466,-0.059244,3.602446e-05,0.001056
4048,3,234.0000,114.0000,-7.7500,-0.463100,-0.461900,-1.465000,-0.060980,-0.047140,-0.047480,-0.463104,-0.461909,-1.464776,-0.060980,-0.047136,-0.047483,2.238615e-04,0.006563
4049,3,174.0000,54.0000,-15.2500,-0.341200,-0.339600,-1.078000,-0.023460,0.013040,0.013620,-0.341228,-0.339601,-1.077575,-0.023455,0.013038,0.013618,4.254568e-04,0.012473
4050,3,186.0000,54.0000,-15.2500,-0.328600,-0.323200,-1.027000,-0.028240,0.012750,0.001279,-0.328587,-0.323214,-1.026688,-0.028238,0.012749,0.001279,3.118640e-04,0.009143
4051,3,198.0000,54.0000,-15.2500,-0.311600,-0.306100,-0.976800,-0.032600,0.013810,-0.028030,-0.311623,-0.306062,-0.976799,-0.032603,0.013806,-0.028033,3.785817e-05,0.001110
4052,3,210.0000,54.0000,-15.2500,-0.338200,-0.328500,-0.980400,-0.036960,0.015950,-0.080180,-0.338186,-0.328468,-0.980431,-0.036964,0.015948,-0.080176,3.153871e-05,0.000925
4053,3,222.0000,54.0000,-15.2500,-0.354200,-0.385900,-1.080000,-0.041670,0.018770,-0.108700,-0.354184,-0.385932,-1.080299,-0.041669,0.018772,-0.108711,2.990662e-04,0.008768
4054,3,234.0000,54.0000,-15.2500,-0.329100,-0.446600,-1.227000,-0.047960,0.019880,0.028910,-0.329106,-0.446647,-1.226889,-0.047962,0.019877,0.028906,1.114785e-04,0.003268
4055,3,174.0000,66.0000,-15.2500,-0.325900,-0.327300,-1.029000,-0.028370,0.000979,0.013370,-0.325850,-0.327270,-1.029259,-0.028371,0.000979,0.013367,2.589597e-04,0.007592
4056,3,186.0000,66.0000,-15.2500,-0.312200,-0.309900,-0.981400,-0.034110,0.001281,0.001542,-0.312190,-0.309933,-0.981357,-0.034107,0.001281,0.001542,4.289464e-05,0.001258
4057,3,198.0000,66.0000,-15.2500,-0.296400,-0.293400,-0.933500,-0.039370,0.002825,-0.026060,-0.296363,-0.293395,-0.933525,-0.039367,0.002825,-0.026061,3.699721e-05,0.001085
4058,3,210.0000,66.0000,-15.2500,-0.322200,-0.314800,-0.936200,-0.044440,0.006161,-0.076270,-0.322157,-0.314764,-0.936153,-0.044443,0.006161,-0.076272,4.675942e-05,0.001371
4059,3,222.0000,66.0000,-15.2500,-0.337700,-0.370300,-1.032000,-0.049960,0.010730,-0.104100,-0.337659,-0.370290,-1.031821,-0.049961,0.010734,-0.104054,1.788200e-04,0.005242
4060,3,234.0000,66.0000,-15.2500,-0.314300,-0.429700,-1.173000,-0.057180,0.013540,0.028260,-0.314347,-0.429662,-1.173151,-0.057178,0.013544,0.028257,1.510152e-04,0.004427
4061,3,174.0000,78.0000,-15.2500,-0.309400,-0.310500,-0.981400,-0.032940,-0.028500,0.014550,-0.309438,-0.310487,-0.981417,-0.032939,-0.028504,0.014546,3.823479e-05,0.001121
4062,3,186.0000,78.0000,-15.2500,-0.296300,-0.294300,-0.935600,-0.039570,-0.026390,0.003135,-0.296315,-0.294343,-0.935574,-0.039568,-0.026390,0.003135,4.265161e-05,0.001250
4063,3,198.0000,78.0000,-15.2500,-0.280700,-0.278100,-0.888800,-0.045710,-0.023040,-0.022760,-0.280705,-0.278074,-0.888796,-0.045709,-0.023041,-0.022761,2.581210e-05,0.000757
4064,3,210.0000,78.0000,-15.2500,-0.305400,-0.298300,-0.890100,-0.051610,-0.017820,-0.070690,-0.305421,-0.298346,-0.890092,-0.051607,-0.017822,-0.070691,4.601050e-05,0.001349
4065,3,222.0000,78.0000,-15.2500,-0.319900,-0.351200,-0.981200,-0.057670,-0.010800,-0.097100,-0.319895,-0.351197,-0.981157,-0.057674,-0.010798,-0.097103,4.253398e-05,0.001247
4066,3,234.0000,78.0000,-15.2500,-0.298200,-0.408800,-1.119000,-0.065260,-0.004739,0.030590,-0.298218,-0.408806,-1.118702,-0.065256,-0.004739,0.030587,2.979012e-04,0.008734
4067,3,174.0000,90.0000,-15.2500,-0.332600,-0.337500,-0.986900,-0.037560,-0.080930,0.016920,-0.332604,-0.337475,-0.986927,-0.037558,-0.080934,0.016924,2.653308e-05,0.000778
4068,3,186.0000,90.0000,-15.2500,-0.318300,-0.320500,-0.940000,-0.044890,-0.076730,0.006626,-0.318272,-0.320498,-0.939965,-0.044895,-0.076733,0.006626,3.506451e-05,0.001028
4069,3,198.0000,90.0000,-15.2500,-0.301400,-0.303100,-0.891800,-0.051850,-0.070960,-0.017480,-0.301429,-0.303109,-0.891753,-0.051853,-0.070955,-0.017484,4.685192e-05,0.001374
4070,3,210.0000,90.0000,-15.2500,-0.323800,-0.321000,-0.890000,-0.058420,-0.063040,-0.062850,-0.323785,-0.321046,-0.890043,-0.058417,-0.063036,-0.062850,4.586802e-05,0.001345
4071,3,222.0000,90.0000,-15.2500,-0.336100,-0.370900,-0.976000,-0.064930,-0.052580,-0.086980,-0.336094,-0.370870,-0.975985,-0.064932,-0.052585,-0.086983,2.989259e-05,0.000876
4072,3,234.0000,90.0000,-15.2500,-0.310900,-0.421600,-1.105000,-0.071650,-0.039670,0.039350,-0.310873,-0.421619,-1.105319,-0.071651,-0.039671,0.039346,3.186743e-04,0.009343
4073,3,174.0000,102.0000,-15.2500,-0.390800,-0.353900,-1.089000,-0.042610,-0.109500,0.020080,-0.390837,-0.353890,-1.088712,-0.042614,-0.109470,0.020081,2.882089e-04,0.008449
4074,3,186.0000,102.0000,-15.2500,-0.374300,-0.336400,-1.037000,-0.050740,-0.104400,0.011430,-0.374294,-0.336388,-1.037196,-0.050744,-0.104450,0.011434,1.964119e-04,0.005758
4075,3,198.0000,102.0000,-15.2500,-0.354600,-0.317900,-0.984100,-0.058240,-0.097230,-0.010310,-0.354553,-0.317920,-0.984075,-0.058236,-0.097226,-0.010310,4.674592e-05,0.001370
4076,3,210.0000,102.0000,-15.2500,-0.373800,-0.333700,-0.977100,-0.065230,-0.086940,-0.052370,-0.373795,-0.333713,-0.977062,-0.065228,-0.086938,-0.052367,3.845141e-05,0.001127
4077,3,222.0000,102.0000,-15.2500,-0.379200,-0.376700,-1.052000,-0.071850,-0.073150,-0.073270,-0.379198,-0.376687,-1.052197,-0.071848,-0.073155,-0.073265,1.974545e-04,0.005789
4078,3,234.0000,102.0000,-15.2500,-0.346100,-0.421300,-1.163000,-0.079100,-0.054860,0.055020,-0.346055,-0.421288,-1.162891,-0.079102,-0.054860,0.055022,1.090298e-04,0.003196
4079,3,174.0000,114.0000,-15.2500,-0.451900,-0.328900,-1.237000,-0.049460,0.029440,0.021330,-0.451928,-0.328872,-1.236686,-0.049465,0.029436,0.021326,3.135836e-04,0.009193
4080,3,186.0000,114.0000,-15.2500,-0.433800,-0.313200,-1.180000,-0.058450,0.028700,0.014360,-0.433753,-0.313196,-1.179517,-0.058450,0.028699,0.014365,4.831207e-04,0.014164
4081,3,198.0000,114.0000,-15.2500,-0.412100,-0.296500,-1.122000,-0.066250,0.030990,-0.004166,-0.412099,-0.296456,-1.122269,-0.066248,0.030995,-0.004166,2.691815e-04,0.007892
4082,3,210.0000,114.0000,-15.2500,-0.424300,-0.308700,-1.107000,-0.072320,0.039720,-0.039430,-0.424339,-0.308729,-1.106759,-0.072321,0.039721,-0.039425,2.406227e-04,0.007054
4083,3,222.0000,114.0000,-15.2500,-0.423500,-0.343800,-1.163000,-0.079430,0.055380,-0.054990,-0.423526,-0.343812,-1.163125,-0.079430,0.055377,-0.054990,1.253058e-04,0.003674
4084,3,234.0000,114.0000,-15.2500,-0.378300,-0.376300,-1.241000,-0.093420,0.064370,0.064010,-0.378253,-0.376293,-1.240515,-0.093418,0.064372,0.064011,4.846623e-04,0.014209
4085,4,174.0000,54.0000,-36.5000,-0.037490,-0.036960,-0.188800,-0.005376,0.022880,0.024740,-0.037489,-0.036963,-0.188787,-0.005376,0.022881,0.024743,1.267308e-05,0.000372
4086,4,186.0000,54.0000,-36.5000,-0.034490,-0.034880,-0.181900,-0.006506,0.022430,0.027770,-0.034485,-0.034885,-0.181945,-0.006506,0.022434,0.027773,4.532869e-05,0.001329
4087,4,198.0000,54.0000,-36.5000,-0.028550,-0.031180,-0.173200,-0.007662,0.021950,0.030060,-0.028554,-0.031179,-0.173178,-0.007662,0.021955,0.030060,2.237029e-05,0.000656
4088,4,210.0000,54.0000,-36.5000,-0.016670,-0.023700,-0.160200,-0.008881,0.021370,0.034410,-0.016669,-0.023698,-0.160202,-0.008881,0.021370,0.034410,1.652911e-06,0.000048
4089,4,222.0000,54.0000,-36.5000,-0.000179,-0.012480,-0.141800,-0.010190,0.020470,0.047310,-0.000178,-0.012482,-0.141755,-0.010186,0.020473,0.047312,4.458046e-05,0.001307
4090,4,234.0000,54.0000,-36.5000,0.009848,-0.002919,-0.120200,-0.011530,0.018870,0.075690,0.009848,-0.002919,-0.120236,-0.011526,0.018867,0.075686,3.616613e-05,0.001060
4091,4,174.0000,66.0000,-36.5000,-0.035530,-0.033860,-0.182400,-0.006549,0.026300,0.024290,-0.035526,-0.033864,-0.182444,-0.006549,0.026302,0.024294,4.377173e-05,0.001283
4092,4,186.0000,66.0000,-36.5000,-0.032650,-0.031940,-0.175700,-0.007919,0.025790,0.027260,-0.032653,-0.031938,-0.175738,-0.007919,0.025793,0.027265,3.776588e-05,0.001107
4093,4,198.0000,66.0000,-36.5000,-0.027000,-0.028470,-0.167200,-0.009293,0.025230,0.029510,-0.027000,-0.028471,-0.167188,-0.009293,0.025231,0.029508,1.175579e-05,0.000345
4094,4,210.0000,66.0000,-36.5000,-0.015630,-0.021380,-0.154600,-0.010730,0.024600,0.033700,-0.015628,-0.021383,-0.154590,-0.010729,0.024600,0.033703,1.003274e-05,0.000294
4095,4,222.0000,66.0000,-36.5000,0.000197,-0.010690,-0.136700,-0.012270,0.023680,0.046120,0.000197,-0.010693,-0.136715,-0.012266,0.023677,0.046118,1.546558e-05,0.000453
4096,4,234.0000,66.0000,-36.5000,0.009811,-0.001598,-0.115900,-0.013850,0.021990,0.073450,0.009811,-0.001598,-0.115875,-0.013845,0.021987,0.073454,2.528731e-05,0.000741
4097,4,174.0000,78.0000,-36.5000,-0.031900,-0.027870,-0.174100,-0.007769,0.028970,0.023800,-0.031896,-0.027866,-0.174052,-0.007769,0.028965,0.023803,4.841107e-05,0.001419
4098,4,186.0000,78.0000,-36.5000,-0.029250,-0.026240,-0.167600,-0.009356,0.028400,0.026700,-0.029247,-0.026245,-0.167570,-0.009356,0.028401,0.026697,2.993963e-05,0.000878
4099,4,198.0000,78.0000,-36.5000,-0.023960,-0.023170,-0.159300,-0.010940,0.027800,0.028910,-0.023961,-0.023166,-0.159320,-0.010938,0.027801,0.028911,1.981366e-05,0.000581
4100,4,210.0000,78.0000,-36.5000,-0.013240,-0.016670,-0.147200,-0.012590,0.027130,0.032970,-0.013245,-0.016670,-0.147212,-0.012589,0.027129,0.032969,1.153679e-05,0.000338
4101,4,222.0000,78.0000,-36.5000,0.001725,-0.006770,-0.130100,-0.014350,0.026180,0.044920,0.001725,-0.006770,-0.130053,-0.014353,0.026184,0.044918,4.653154e-05,0.001364
4102,4,234.0000,78.0000,-36.5000,0.010750,0.001570,-0.110000,-0.016160,0.024560,0.071220,0.010748,0.001570,-0.110032,-0.016163,0.024558,0.071218,3.213445e-05,0.000942
4103,4,174.0000,90.0000,-36.5000,-0.024430,-0.015910,-0.161300,-0.009077,0.033710,0.023190,-0.024427,-0.015914,-0.161311,-0.009077,0.033707,0.023189,1.112107e-05,0.000326
4104,4,186.0000,90.0000,-36.5000,-0.022170,-0.014850,-0.155200,-0.010880,0.032970,0.026050,-0.022175,-0.014853,-0.155233,-0.010877,0.032966,0.026046,3.291880e-05,0.000965
4105,4,198.0000,90.0000,-36.5000,-0.017470,-0.012460,-0.147500,-0.012670,0.032210,0.028230,-0.017471,-0.012458,-0.147484,-0.012670,0.032209,0.028229,1.621404e-05,0.000475
4106,4,210.0000,90.0000,-36.5000,-0.007595,-0.006818,-0.136000,-0.014530,0.031380,0.032140,-0.007595,-0.006818,-0.136038,-0.014532,0.031375,0.032143,3.807545e-05,0.001116
4107,4,222.0000,90.0000,-36.5000,0.006254,0.001960,-0.119800,-0.016550,0.030270,0.043650,0.006254,0.001960,-0.119821,-0.016551,0.030266,0.043650,2.113460e-05,0.000620
4108,4,234.0000,90.0000,-36.5000,0.014210,0.008841,-0.101000,-0.018680,0.028550,0.069060,0.014209,0.008841,-0.101043,-0.018682,0.028554,0.069057,4.306644e-05,0.001263
4109,4,174.0000,102.0000,-36.5000,-0.013160,0.000633,-0.143000,-0.010500,0.047050,0.022220,-0.013156,0.000633,-0.142954,-0.010497,0.047055,0.022222,4.647761e-05,0.001363
4110,4,186.0000,102.0000,-36.5000,-0.011440,0.000974,-0.137500,-0.012520,0.045770,0.025070,-0.011445,0.000974,-0.137491,-0.012518,0.045775,0.025070,8.819808e-06,0.000259
4111,4,198.0000,102.0000,-36.5000,-0.007537,0.002476,-0.130500,-0.014530,0.044510,0.027250,-0.007537,0.002476,-0.130488,-0.014531,0.044509,0.027249,1.231248e-05,0.000361
4112,4,210.0000,102.0000,-36.5000,0.001214,0.006971,-0.120000,-0.016640,0.043200,0.031020,0.001214,0.006971,-0.120001,-0.016644,0.043199,0.031020,3.543442e-06,0.000104
4113,4,222.0000,102.0000,-36.5000,0.013680,0.014350,-0.105000,-0.018970,0.041450,0.041910,0.013676,0.014355,-0.105031,-0.018966,0.041445,0.041910,3.137787e-05,0.000920
4114,4,234.0000,102.0000,-36.5000,0.019950,0.019200,-0.088120,-0.021640,0.038630,0.066230,0.019953,0.019200,-0.088119,-0.021637,0.038631,0.066233,3.389909e-06,0.000099
4115,4,174.0000,114.0000,-36.5000,-0.003519,0.010610,-0.121400,-0.011970,0.075960,0.020460,-0.003519,0.010609,-0.121410,-0.011968,0.075957,0.020459,1.036905e-05,0.000304
4116,4,186.0000,114.0000,-36.5000,-0.002286,0.010510,-0.116700,-0.014210,0.073540,0.023260,-0.002286,0.010510,-0.116683,-0.014215,0.073536,0.023258,1.689502e-05,0.000495
4117,4,198.0000,114.0000,-36.5000,0.000859,0.011400,-0.110500,-0.016450,0.071160,0.025530,0.000859,0.011400,-0.110542,-0.016447,0.071155,0.025534,4.174272e-05,0.001224
4118,4,210.0000,114.0000,-36.5000,0.008145,0.014810,-0.101300,-0.018870,0.068890,0.029250,0.008145,0.014813,-0.101327,-0.018870,0.068893,0.029252,2.704474e-05,0.000793
4119,4,222.0000,114.0000,-36.5000,0.018570,0.020520,-0.088240,-0.021730,0.066010,0.039080,0.018566,0.020516,-0.088238,-0.021728,0.066011,0.039077,4.428419e-06,0.000130
4120,4,234.0000,114.0000,-36.5000,0.023670,0.024200,-0.073330,-0.025070,0.060030,0.060280,0.023669,0.024195,-0.073325,-0.025069,0.060034,0.060276,4.802674e-06,0.000141
4121,2,174.0000,132.0000,-2.0000,-0.260100,-0.268700,-0.706100,-0.037620,0.193800,0.005162,-0.260078,-0.268726,-0.706078,-0.037618,0.193779,0.005162,2.588478e-05,0.000759
4122,2,186.0000,132.0000,-2.0000,-0.248400,-0.250200,-0.661700,-0.044550,0.183200,-0.000828,-0.248389,-0.250245,-0.661693,-0.044552,0.183241,-0.000828,4.496909e-05,0.001318
4123,2,198.0000,132.0000,-2.0000,-0.252200,-0.244500,-0.633600,-0.048910,0.176400,-0.001075,-0.252180,-0.244495,-0.633565,-0.048910,0.176443,-0.001075,4.333209e-05,0.001270
4124,2,210.0000,132.0000,-2.0000,-0.265500,-0.250600,-0.625500,-0.050960,0.171400,-0.003861,-0.265520,-0.250563,-0.625523,-0.050961,0.171380,-0.003861,3.698658e-05,0.001084
4125,2,222.0000,132.0000,-2.0000,-0.267200,-0.241400,-0.592000,-0.049360,0.176800,0.005461,-0.267207,-0.241386,-0.592041,-0.049357,0.176789,0.005461,4.069833e-05,0.001193
4126,2,234.0000,132.0000,-2.0000,-0.396400,-0.379500,-0.796400,-0.052030,0.201200,-0.063770,-0.396383,-0.379466,-0.796382,-0.052032,0.201178,-0.063767,3.437230e-05,0.001008
4127,2,174.0000,156.0000,-2.0000,0.347000,0.336300,0.256900,-0.036900,-0.085300,-0.003107,0.346956,0.336328,0.256921,-0.036904,-0.085299,-0.003107,4.385893e-05,0.001286
4128,2,186.0000,156.0000,-2.0000,0.326300,0.319900,0.241800,-0.043460,-0.080350,-0.002829,0.326342,0.319892,0.241808,-0.043460,-0.080348,-0.002829,4.208103e-05,0.001234
4129,2,198.0000,156.0000,-2.0000,0.306000,0.304800,0.232500,-0.047850,-0.076310,-0.003099,0.305969,0.304783,0.232492,-0.047847,-0.076314,-0.003099,3.119978e-05,0.000915
4130,2,210.0000,156.0000,-2.0000,0.286200,0.289000,0.224600,-0.049600,-0.074190,-0.003531,0.286218,0.289038,0.224641,-0.049595,-0.074186,-0.003531,4.051104e-05,0.001188
4131,2,222.0000,156.0000,-2.0000,0.274700,0.276800,0.228400,-0.049530,-0.076540,-0.000256,0.274731,0.276757,0.228377,-0.049533,-0.076541,-0.000256,4.323450e-05,0.001268
4132,2,234.0000,156.0000,-2.0000,0.291200,0.288800,0.261600,-0.051930,-0.085840,0.008615,0.291220,0.288753,0.261565,-0.051930,-0.085839,0.008615,4.698146e-05,0.001377
4133,2,174.0000,180.0000,-2.0000,0.108300,0.124000,-0.091630,-0.034210,0.035550,-0.000745,0.108314,0.123973,-0.091630,-0.034206,0.035547,-0.000745,2.701990e-05,0.000792
4134,2,186.0000,180.0000,-2.0000,0.103300,0.119700,-0.086950,-0.040310,0.033840,-0.001065,0.103333,0.119746,-0.086945,-0.040314,0.033843,-0.001065,4.628129e-05,0.001357
4135,2,198.0000,180.0000,-2.0000,0.096000,0.113300,-0.083480,-0.045270,0.032610,-0.001289,0.095998,0.113255,-0.083485,-0.045266,0.032613,-0.001289,4.517018e-05,0.001324
4136,2,210.0000,180.0000,-2.0000,0.086940,0.104000,-0.080950,-0.048850,0.032370,-0.001413,0.086942,0.104021,-0.080946,-0.048853,0.032368,-0.001413,2.108014e-05,0.000618
4137,2,222.0000,180.0000,-2.0000,0.074790,0.091880,-0.084320,-0.052060,0.034210,-0.002834,0.074792,0.091882,-0.084317,-0.052059,0.034210,-0.002834,2.512826e-06,0.000074
4138,2,234.0000,180.0000,-2.0000,0.062420,0.080670,-0.084750,-0.052170,0.034860,-0.000671,0.062424,0.080672,-0.084755,-0.052172,0.034860,-0.000671,4.841039e-06,0.000142
4139,2,174.0000,204.0000,-2.0000,0.172600,0.170600,0.038470,-0.027830,-0.022950,-0.000353,0.172630,0.170592,0.038466,-0.027833,-0.022946,-0.000353,3.007496e-05,0.000882
4140,2,186.0000,204.0000,-2.0000,0.164500,0.163900,0.036550,-0.032970,-0.021820,-0.000339,0.164516,0.163880,0.036547,-0.032966,-0.021820,-0.000339,1.959218e-05,0.000574
4141,2,198.0000,204.0000,-2.0000,0.155700,0.156400,0.034990,-0.037420,-0.020750,-0.000419,0.155749,0.156427,0.034991,-0.037416,-0.020749,-0.000419,4.904039e-05,0.001438
4142,2,210.0000,204.0000,-2.0000,0.146800,0.149200,0.034310,-0.041100,-0.020000,-0.000455,0.146757,0.149181,0.034307,-0.041099,-0.019996,-0.000455,4.302283e-05,0.001261
4143,2,222.0000,204.0000,-2.0000,0.136800,0.140700,0.034510,-0.043020,-0.019980,-0.000657,0.136849,0.140685,0.034506,-0.043021,-0.019980,-0.000657,4.897028e-05,0.001436
4144,2,234.0000,204.0000,-2.0000,0.127900,0.130200,0.033300,-0.044730,-0.018460,0.000076,0.127859,0.130191,0.033295,-0.044731,-0.018464,0.000076,4.093409e-05,0.001200
4145,2,174.0000,228.0000,-2.0000,0.105800,0.040740,-0.015120,-0.013060,-0.005575,0.000825,0.105824,0.040744,-0.015118,-0.013058,-0.005575,0.000825,2.367863e-05,0.000694
4146,2,186.0000,228.0000,-2.0000,0.099450,0.039140,-0.014620,-0.015520,-0.005374,0.001036,0.099455,0.039140,-0.014624,-0.015517,-0.005374,0.001036,4.545594e-06,0.000133
4147,2,198.0000,228.0000,-2.0000,0.092080,0.037380,-0.014000,-0.017660,-0.005079,0.001184,0.092085,0.037383,-0.014003,-0.017657,-0.005079,0.001184,4.880186e-06,0.000143
4148,2,210.0000,228.0000,-2.0000,0.083790,0.034940,-0.013590,-0.019370,-0.004609,0.001367,0.083786,0.034944,-0.013587,-0.019367,-0.004609,0.001367,4.047343e-06,0.000119
4149,2,222.0000,228.0000,-2.0000,0.074830,0.032090,-0.013690,-0.020930,-0.003906,0.001345,0.074832,0.032089,-0.013693,-0.020928,-0.003906,0.001345,2.791606e-06,0.000082
4150,2,234.0000,228.0000,-2.0000,0.067620,0.031770,-0.011490,-0.021820,-0.003712,0.002456,0.067623,0.031770,-0.011486,-0.021816,-0.003712,0.002456,4.060829e-06,0.000119
4151,3,174.0000,132.0000,-7.7500,-0.213300,-0.221300,-0.664700,-0.050870,0.296700,0.006185,-0.213286,-0.221348,-0.664664,-0.050868,0.296717,0.006185,4.836965e-05,0.001418
4152,3,186.0000,132.0000,-7.7500,-0.209400,-0.209800,-0.628500,-0.059010,0.283200,0.000921,-0.209426,-0.209766,-0.628460,-0.059009,0.283203,0.000921,3.952725e-05,0.001159
4153,3,198.0000,132.0000,-7.7500,-0.209800,-0.204700,-0.602800,-0.063300,0.273600,-0.006045,-0.209785,-0.204747,-0.602751,-0.063299,0.273642,-0.006045,4.940232e-05,0.001448
4154,3,210.0000,132.0000,-7.7500,-0.215800,-0.203600,-0.577800,-0.063390,0.269900,-0.007751,-0.215752,-0.203644,-0.577793,-0.063390,0.269944,-0.007751,4.752893e-05,0.001393
4155,3,222.0000,132.0000,-7.7500,-0.250500,-0.240900,-0.614300,-0.062300,0.280100,-0.026620,-0.250506,-0.240896,-0.614253,-0.062296,0.280070,-0.026622,4.739290e-05,0.001389
4156,3,234.0000,132.0000,-7.7500,-0.185600,-0.255800,-0.683400,-0.090310,0.293800,-0.017930,-0.185584,-0.255753,-0.683436,-0.090313,0.293828,-0.017934,4.706763e-05,0.001380
4157,3,174.0000,156.0000,-7.7500,0.170700,0.022680,0.116400,-0.043510,-0.024700,-0.005641,0.170670,0.022683,0.116359,-0.043508,-0.024700,-0.005641,4.097736e-05,0.001201
4158,3,186.0000,156.0000,-7.7500,0.161600,0.021420,0.109800,-0.051320,-0.022140,-0.007041,0.161594,0.021417,0.109847,-0.051320,-0.022138,-0.007041,4.718091e-05,0.001383
4159,3,198.0000,156.0000,-7.7500,0.150500,0.018110,0.104400,-0.057690,-0.019510,-0.008536,0.150521,0.018110,0.104368,-0.057695,-0.019508,-0.008536,3.163321e-05,0.000927
4160,3,210.0000,156.0000,-7.7500,0.140700,0.013480,0.103300,-0.062410,-0.017820,-0.007379,0.140718,0.013475,0.103304,-0.062406,-0.017815,-0.007379,1.786823e-05,0.000524
4161,3,222.0000,156.0000,-7.7500,0.134100,0.008247,0.110900,-0.066620,-0.019270,-0.003489,0.134087,0.008247,0.110924,-0.066622,-0.019271,-0.003489,2.375431e-05,0.000696
4162,3,234.0000,156.0000,-7.7500,0.128000,0.011090,0.118000,-0.072830,-0.024610,-0.000493,0.127992,0.011091,0.117953,-0.072829,-0.024611,-0.000493,4.723214e-05,0.001385
4163,3,174.0000,180.0000,-7.7500,0.160200,0.154400,-0.000043,-0.036740,-0.011480,-0.002740,0.160191,0.154394,-0.000043,-0.036737,-0.011477,-0.002740,9.352044e-06,0.000274
4164,3,186.0000,180.0000,-7.7500,0.152900,0.147800,-0.000230,-0.043710,-0.010490,-0.003452,0.152888,0.147826,-0.000230,-0.043705,-0.010490,-0.003452,2.648580e-05,0.000776
4165,3,198.0000,180.0000,-7.7500,0.144800,0.141200,-0.000077,-0.049970,-0.009230,-0.004009,0.144758,0.141179,-0.000077,-0.049968,-0.009230,-0.004009,4.228730e-05,0.001240
4166,3,210.0000,180.0000,-7.7500,0.136000,0.134500,-0.000841,-0.055590,-0.007785,-0.004709,0.135971,0.134528,-0.000841,-0.055586,-0.007785,-0.004709,2.944404e-05,0.000863
4167,3,222.0000,180.0000,-7.7500,0.128900,0.132100,0.000599,-0.060690,-0.006693,-0.004339,0.128872,0.132061,0.000599,-0.060692,-0.006693,-0.004339,3.946671e-05,0.001157
4168,3,234.0000,180.0000,-7.7500,0.114100,0.122900,0.000491,-0.061510,-0.005334,-0.004807,0.114135,0.122894,0.000491,-0.061509,-0.005334,-0.004807,3.490286e-05,0.001023
4169,3,174.0000,204.0000,-7.7500,0.109800,0.064790,-0.017470,-0.028060,-0.017570,-0.000459,0.109755,0.064788,-0.017473,-0.028061,-0.017572,-0.000459,4.499107e-05,0.001319
4170,3,186.0000,204.0000,-7.7500,0.104600,0.062730,-0.016850,-0.033390,-0.016660,-0.000507,0.104557,0.062726,-0.016847,-0.033394,-0.016660,-0.000507,4.293653e-05,0.001259
4171,3,198.0000,204.0000,-7.7500,0.098290,0.059940,-0.016240,-0.038140,-0.015510,-0.000590,0.098294,0.059936,-0.016242,-0.038138,-0.015508,-0.000590,3.939278e-06,0.000115
4172,3,210.0000,204.0000,-7.7500,0.090860,0.056530,-0.015950,-0.042130,-0.014020,-0.000799,0.090864,0.056527,-0.015950,-0.042130,-0.014024,-0.000799,4.198887e-06,0.000123
4173,3,222.0000,204.0000,-7.7500,0.081990,0.051760,-0.016340,-0.044700,-0.011940,-0.000912,0.081991,0.051757,-0.016340,-0.044699,-0.011940,-0.000912,2.695068e-06,0.000079
4174,3,234.0000,204.0000,-7.7500,0.074660,0.049430,-0.014980,-0.047320,-0.010220,-0.000492,0.074662,0.049428,-0.014985,-0.047325,-0.010216,-0.000492,4.936965e-06,0.000145
4175,3,174.0000,228.0000,-7.7500,0.118200,0.043700,0.008366,-0.011820,-0.033110,0.002988,0.118200,0.043697,0.008366,-0.011823,-0.033112,0.002988,3.378153e-06,0.000099
4176,3,186.0000,228.0000,-7.7500,0.111100,0.041960,0.007765,-0.014110,-0.031780,0.003601,0.111082,0.041963,0.007765,-0.014113,-0.031777,0.003601,1.753638e-05,0.000514
4177,3,198.0000,228.0000,-7.7500,0.102900,0.040320,0.007354,-0.016160,-0.030230,0.004182,0.102922,0.040321,0.007354,-0.016160,-0.030227,0.004182,2.248670e-05,0.000659
4178,3,210.0000,228.0000,-7.7500,0.093870,0.038410,0.006789,-0.017850,-0.028520,0.004693,0.093872,0.038414,0.006789,-0.017848,-0.028522,0.004693,4.321725e-06,0.000127
4179,3,222.0000,228.0000,-7.7500,0.084910,0.036850,0.006983,-0.019280,-0.026810,0.005304,0.084908,0.036854,0.006983,-0.019285,-0.026805,0.005304,4.677444e-06,0.000137
4180,3,234.0000,228.0000,-7.7500,0.073820,0.034140,0.006547,-0.019960,-0.024780,0.005630,0.073819,0.034140,0.006547,-0.019960,-0.024784,0.005630,3.758237e-06,0.000110
4181,3,174.0000,132.0000,-15.2500,-0.182400,-0.208900,-0.626600,-0.058560,0.305500,0.007693,-0.182384,-0.208865,-0.626578,-0.058558,0.305550,0.007693,4.969103e-05,0.001457
4182,3,186.0000,132.0000,-15.2500,-0.175100,-0.199700,-0.599300,-0.068750,0.293400,0.003112,-0.175055,-0.199710,-0.599325,-0.068754,0.293371,0.003112,4.501061e-05,0.001320
4183,3,198.0000,132.0000,-15.2500,-0.165600,-0.190200,-0.571000,-0.076880,0.285400,-0.006700,-0.165554,-0.190228,-0.571007,-0.076880,0.285423,-0.006700,4.638371e-05,0.001360
4184,3,210.0000,132.0000,-15.2500,-0.171800,-0.195200,-0.559600,-0.083360,0.286100,-0.022800,-0.171786,-0.195154,-0.559617,-0.083357,0.286132,-0.022800,4.627246e-05,0.001357
4185,3,222.0000,132.0000,-15.2500,-0.170300,-0.210000,-0.576600,-0.093340,0.295700,-0.026070,-0.170339,-0.209957,-0.576648,-0.093339,0.295680,-0.026066,4.829275e-05,0.001416
4186,3,234.0000,132.0000,-15.2500,-0.149700,-0.221900,-0.600600,-0.121500,0.293300,0.037550,-0.149721,-0.221892,-0.600559,-0.121528,0.293316,0.037549,4.092149e-05,0.001200
4187,3,174.0000,156.0000,-15.2500,0.110000,-0.058360,0.025500,-0.051540,0.065500,-0.005206,0.109962,-0.058358,0.025496,-0.051536,0.065503,-0.005206,3.775820e-05,0.001107
4188,3,186.0000,156.0000,-15.2500,0.106000,-0.056460,0.022790,-0.061410,0.064410,-0.007340,0.105954,-0.056461,0.022791,-0.061406,0.064415,-0.007340,4.624104e-05,0.001356
4189,3,198.0000,156.0000,-15.2500,0.102100,-0.054540,0.021780,-0.070710,0.064400,-0.009200,0.102092,-0.054541,0.021784,-0.070708,0.064401,-0.009200,8.306209e-06,0.000244
4190,3,210.0000,156.0000,-15.2500,0.097470,-0.053460,0.023660,-0.079600,0.065630,-0.009804,0.097467,-0.053459,0.023662,-0.079604,0.065625,-0.009804,4.509519e-06,0.000132
4191,3,222.0000,156.0000,-15.2500,0.093500,-0.052100,0.029390,-0.089060,0.065800,-0.006743,0.093501,-0.052104,0.029395,-0.089059,0.065803,-0.006743,4.555621e-06,0.000134
4192,3,234.0000,156.0000,-15.2500,0.086240,-0.045180,0.037960,-0.100400,0.057800,0.000880,0.086240,-0.045185,0.037959,-0.100358,0.057799,0.000880,4.172978e-05,0.001223
4193,3,174.0000,180.0000,-15.2500,0.100200,-0.003781,-0.002257,-0.041300,-0.045080,-0.003126,0.100204,-0.003781,-0.002257,-0.041299,-0.045077,-0.003126,4.159538e-06,0.000122
4194,3,186.0000,180.0000,-15.2500,0.096140,-0.003897,-0.002441,-0.049500,-0.042360,-0.003916,0.096136,-0.003897,-0.002441,-0.049504,-0.042358,-0.003916,4.438654e-06,0.000130
4195,3,198.0000,180.0000,-15.2500,0.091310,-0.003741,-0.002830,-0.057390,-0.039470,-0.004448,0.091307,-0.003741,-0.002830,-0.057389,-0.039472,-0.004448,2.663184e-06,0.000078
4196,3,210.0000,180.0000,-15.2500,0.086560,-0.001955,-0.002298,-0.064990,-0.037190,-0.004313,0.086559,-0.001955,-0.002298,-0.064995,-0.037185,-0.004313,4.982029e-06,0.000146
4197,3,222.0000,180.0000,-15.2500,0.080380,0.002068,-0.000691,-0.071770,-0.035750,-0.004246,0.080377,0.002068,-0.000691,-0.071775,-0.035755,-0.004246,4.912022e-06,0.000144
4198,3,234.0000,180.0000,-15.2500,0.073280,0.008048,0.002109,-0.075850,-0.031950,-0.006094,0.073281,0.008048,0.002109,-0.075854,-0.031955,-0.006094,4.646735e-06,0.000136
4199,3,174.0000,204.0000,-15.2500,0.088440,0.011330,-0.022430,-0.028760,-0.009469,0.000730,0.088441,0.011332,-0.022430,-0.028763,-0.009469,0.000730,3.147515e-06,0.000092
4200,3,186.0000,204.0000,-15.2500,0.084080,0.011380,-0.021800,-0.034490,-0.008579,0.000893,0.084082,0.011377,-0.021802,-0.034486,-0.008579,0.000893,4.167697e-06,0.000122
4201,3,198.0000,204.0000,-15.2500,0.078790,0.011460,-0.021200,-0.039800,-0.007408,0.000999,0.078794,0.011460,-0.021203,-0.039805,-0.007408,0.000999,4.751533e-06,0.000139
4202,3,210.0000,204.0000,-15.2500,0.072700,0.012000,-0.020640,-0.044530,-0.005802,0.001061,0.072704,0.012000,-0.020639,-0.044534,-0.005802,0.001061,4.051639e-06,0.000119
4203,3,222.0000,204.0000,-15.2500,0.065310,0.012570,-0.020500,-0.048280,-0.003606,0.001114,0.065305,0.012573,-0.020503,-0.048282,-0.003606,0.001114,4.532136e-06,0.000133
4204,3,234.0000,204.0000,-15.2500,0.057300,0.013090,-0.019610,-0.051050,-0.001675,0.001598,0.057295,0.013087,-0.019609,-0.051050,-0.001675,0.001598,4.783738e-06,0.000140
4205,3,174.0000,228.0000,-15.2500,0.127200,0.047990,0.022860,-0.011020,-0.054970,0.005583,0.127206,0.047986,0.022864,-0.011024,-0.054968,0.005583,5.819418e-06,0.000171
4206,3,186.0000,228.0000,-15.2500,0.119700,0.046690,0.021700,-0.013250,-0.052940,0.006696,0.119713,0.046693,0.021702,-0.013250,-0.052943,0.006696,1.257826e-05,0.000369
4207,3,198.0000,228.0000,-15.2500,0.110900,0.045340,0.020400,-0.015320,-0.050560,0.007712,0.110889,0.045339,0.020397,-0.015322,-0.050557,0.007712,1.105249e-05,0.000324
4208,3,210.0000,228.0000,-15.2500,0.101000,0.043870,0.019050,-0.017100,-0.047840,0.008705,0.100990,0.043874,0.019052,-0.017104,-0.047845,0.008705,9.911013e-06,0.000291
4209,3,222.0000,228.0000,-15.2500,0.090100,0.042360,0.017440,-0.018480,-0.044970,0.009720,0.090097,0.042365,0.017445,-0.018479,-0.044968,0.009720,4.880608e-06,0.000143
4210,3,234.0000,228.0000,-15.2500,0.079880,0.043590,0.017120,-0.019190,-0.042170,0.010720,0.079881,0.043594,0.017122,-0.019191,-0.042167,0.010721,4.034822e-06,0.000118
4211,4,174.0000,132.0000,-36.5000,-0.012110,-0.020910,-0.098480,-0.013680,0.111100,0.015580,-0.012109,-0.020911,-0.098477,-0.013679,0.111125,0.015578,2.468699e-05,0.000724
4212,4,186.0000,132.0000,-36.5000,-0.010570,-0.019750,-0.094420,-0.016230,0.107200,0.018130,-0.010566,-0.019747,-0.094423,-0.016227,0.107243,0.018130,4.278033e-05,0.001254
4213,4,198.0000,132.0000,-36.5000,-0.007854,-0.017900,-0.089290,-0.018760,0.103400,0.020660,-0.007854,-0.017902,-0.089290,-0.018763,0.103350,0.020659,4.994594e-05,0.001464
4214,4,210.0000,132.0000,-36.5000,-0.003053,-0.014660,-0.082220,-0.021610,0.099560,0.024370,-0.003053,-0.014659,-0.082221,-0.021611,0.099556,0.024372,3.981541e-06,0.000117
4215,4,222.0000,132.0000,-36.5000,0.002872,-0.010230,-0.072840,-0.025210,0.094910,0.031710,0.002872,-0.010227,-0.072845,-0.025208,0.094911,0.031712,4.644349e-06,0.000136
4216,4,234.0000,132.0000,-36.5000,0.005206,-0.006810,-0.062270,-0.029700,0.086640,0.044800,0.005206,-0.006810,-0.062271,-0.029698,0.086636,0.044804,4.172544e-06,0.000122
4217,4,174.0000,156.0000,-36.5000,-0.019590,-0.053750,-0.067550,-0.012550,0.075550,0.009620,-0.019590,-0.053754,-0.067547,-0.012547,0.075546,0.009620,3.919376e-06,0.000115
4218,4,186.0000,156.0000,-36.5000,-0.018050,-0.051360,-0.064610,-0.015030,0.072910,0.011640,-0.018050,-0.051358,-0.064608,-0.015027,0.072912,0.011635,4.633133e-06,0.000136
4219,4,198.0000,156.0000,-36.5000,-0.016140,-0.048530,-0.061030,-0.017510,0.069900,0.013940,-0.016140,-0.048528,-0.061034,-0.017514,0.069896,0.013941,4.079996e-06,0.000120
4220,4,210.0000,156.0000,-36.5000,-0.013990,-0.045180,-0.056670,-0.020110,0.066300,0.016860,-0.013987,-0.045181,-0.056673,-0.020112,0.066297,0.016860,3.350709e-06,0.000098
4221,4,222.0000,156.0000,-36.5000,-0.012220,-0.041350,-0.051510,-0.022860,0.061450,0.020650,-0.012216,-0.041350,-0.051509,-0.022857,0.061454,0.020651,4.236026e-06,0.000124
4222,4,234.0000,156.0000,-36.5000,-0.011770,-0.037120,-0.045680,-0.025600,0.054170,0.024940,-0.011774,-0.037118,-0.045682,-0.025598,0.054170,0.024938,4.473925e-06,0.000131
4223,4,174.0000,180.0000,-36.5000,-0.006517,-0.040770,-0.034990,-0.009978,0.038570,0.006512,-0.006517,-0.040770,-0.034992,-0.009978,0.038572,0.006512,2.328400e-06,0.000068
4224,4,186.0000,180.0000,-36.5000,-0.006048,-0.039050,-0.033520,-0.011990,0.037120,0.007962,-0.006048,-0.039046,-0.033517,-0.011994,0.037124,0.007962,3.900249e-06,0.000114
4225,4,198.0000,180.0000,-36.5000,-0.005494,-0.036960,-0.031690,-0.013960,0.035320,0.009521,-0.005494,-0.036957,-0.031695,-0.013960,0.035323,0.009521,4.924298e-06,0.000144
4226,4,210.0000,180.0000,-36.5000,-0.005000,-0.034480,-0.029520,-0.015860,0.033040,0.011150,-0.005000,-0.034475,-0.029523,-0.015856,0.033042,0.011154,4.994570e-06,0.000146
4227,4,222.0000,180.0000,-36.5000,-0.004660,-0.031470,-0.026970,-0.017600,0.030200,0.012670,-0.004660,-0.031470,-0.026974,-0.017602,0.030201,0.012665,4.631364e-06,0.000136
4228,4,234.0000,180.0000,-36.5000,-0.004277,-0.027420,-0.023850,-0.019050,0.026990,0.013630,-0.004277,-0.027417,-0.023847,-0.019051,0.026985,0.013627,4.703276e-06,0.000138
4229,4,174.0000,204.0000,-36.5000,0.008329,-0.016290,-0.016160,-0.006649,0.017880,0.005694,0.008329,-0.016287,-0.016157,-0.006649,0.017877,0.005694,3.464123e-06,0.000102
4230,4,186.0000,204.0000,-36.5000,0.007752,-0.015600,-0.015660,-0.008001,0.017160,0.006879,0.007752,-0.015603,-0.015659,-0.008001,0.017159,0.006879,3.045649e-06,0.000089
4231,4,198.0000,204.0000,-36.5000,0.007077,-0.014730,-0.015040,-0.009284,0.016270,0.008002,0.007077,-0.014728,-0.015038,-0.009284,0.016272,0.008002,2.386284e-06,0.000070
4232,4,210.0000,204.0000,-36.5000,0.006307,-0.013590,-0.014270,-0.010450,0.015210,0.009021,0.006307,-0.013585,-0.014269,-0.010455,0.015209,0.009021,4.927107e-06,0.000144
4233,4,222.0000,204.0000,-36.5000,0.005453,-0.012080,-0.013330,-0.011430,0.013990,0.009884,0.005453,-0.012082,-0.013333,-0.011430,0.013989,0.009884,2.762064e-06,0.000081
4234,4,234.0000,204.0000,-36.5000,0.004298,-0.010490,-0.012460,-0.012080,0.012640,0.010550,0.004298,-0.010487,-0.012457,-0.012083,0.012641,0.010551,3.218318e-06,0.000094
4235,4,174.0000,228.0000,-36.5000,0.023100,0.009939,-0.008625,-0.002449,0.002482,0.006807,0.023099,0.009939,-0.008625,-0.002449,0.002482,0.006807,5.361731e-07,0.000016
4236,4,186.0000,228.0000,-36.5000,0.021430,0.009596,-0.008694,-0.002955,0.002371,0.008130,0.021425,0.009596,-0.008694,-0.002955,0.002371,0.008130,4.815303e-06,0.000141
4237,4,198.0000,228.0000,-36.5000,0.019450,0.009252,-0.008771,-0.003438,0.002231,0.009319,0.019453,0.009252,-0.008771,-0.003438,0.002231,0.009319,2.677033e-06,0.000078
4238,4,210.0000,228.0000,-36.5000,0.017190,0.008914,-0.008877,-0.003864,0.002065,0.010340,0.017192,0.008914,-0.008877,-0.003864,0.002065,0.010339,1.830399e-06,0.000054
4239,4,222.0000,228.0000,-36.5000,0.014680,0.008585,-0.009023,-0.004186,0.001878,0.011160,0.014685,0.008585,-0.009023,-0.004186,0.001878,0.011160,4.750195e-06,0.000139
4240,4,234.0000,228.0000,-36.5000,0.012060,0.008480,-0.009119,-0.004338,0.001673,0.011710,0.012061,0.008480,-0.009119,-0.004338,0.001673,0.011712,1.879609e-06,0.000055
4241,2,252.0000,4.0000,-2.0000,-0.289200,-0.279000,-0.754300,-0.002991,0.002945,0.207100,-0.289151,-0.278984,-0.754263,-0.002991,0.002945,0.207140,4.904257e-05,0.001438
4242,2,276.0000,4.0000,-2.0000,0.356900,0.371200,0.274600,-0.002872,-0.000724,-0.091410,0.356943,0.371210,0.274587,-0.002872,-0.000724,-0.091410,4.265212e-05,0.001250
4243,2,300.0000,4.0000,-2.0000,0.129900,0.116200,-0.098460,-0.002607,0.000086,0.038040,0.129921,0.116171,-0.098464,-0.002607,0.000086,0.038035,2.944474e-05,0.000863
4244,2,324.0000,4.0000,-2.0000,0.181300,0.186200,0.041250,-0.002151,-0.000031,-0.024610,0.181301,0.186177,0.041250,-0.002151,-0.000031,-0.024605,2.271760e-05,0.000666
4245,2,348.0000,4.0000,-2.0000,0.042930,0.116900,-0.016270,-0.000981,0.000056,-0.005914,0.042925,0.116868,-0.016265,-0.000981,0.000056,-0.005914,3.230035e-05,0.000947
4246,2,252.0000,12.0000,-2.0000,-0.283900,-0.274200,-0.744600,-0.008502,-0.000209,0.205200,-0.283858,-0.274208,-0.744564,-0.008502,-0.000209,0.205188,4.248749e-05,0.001246
4247,2,276.0000,12.0000,-2.0000,0.354700,0.368800,0.271700,-0.008484,-0.000244,-0.090630,0.354706,0.368792,0.271673,-0.008484,-0.000244,-0.090631,2.699162e-05,0.000791
4248,2,300.0000,12.0000,-2.0000,0.129900,0.116200,-0.097540,-0.007920,-0.000147,0.037740,0.129890,0.116242,-0.097541,-0.007920,-0.000147,0.037739,4.195491e-05,0.001230
4249,2,324.0000,12.0000,-2.0000,0.180700,0.185400,0.040970,-0.006387,-0.000043,-0.024460,0.180675,0.185390,0.040969,-0.006387,-0.000043,-0.024458,2.469330e-05,0.000724
4250,2,348.0000,12.0000,-2.0000,0.042840,0.116400,-0.016180,-0.002959,0.000197,-0.005914,0.042844,0.116362,-0.016185,-0.002959,0.000197,-0.005914,3.778512e-05,0.001108
4251,2,252.0000,20.0000,-2.0000,-0.282700,-0.272500,-0.741300,-0.014090,0.000761,0.203800,-0.282693,-0.272471,-0.741293,-0.014085,0.000761,0.203797,2.863077e-05,0.000839
4252,2,276.0000,20.0000,-2.0000,0.352700,0.366700,0.270200,-0.014080,-0.000566,-0.089970,0.352700,0.366663,0.270158,-0.014081,-0.000566,-0.089973,4.229883e-05,0.001240
4253,2,300.0000,20.0000,-2.0000,0.129200,0.115400,-0.096900,-0.013190,-0.000243,0.037440,0.129183,0.115437,-0.096900,-0.013187,-0.000243,0.037444,3.653302e-05,0.001071
4254,2,324.0000,20.0000,-2.0000,0.179500,0.184000,0.040650,-0.010590,-0.000069,-0.024280,0.179507,0.184005,0.040655,-0.010590,-0.000069,-0.024279,7.240555e-06,0.000212
4255,2,348.0000,20.0000,-2.0000,0.042630,0.115200,-0.016100,-0.004918,0.000336,-0.005880,0.042631,0.115213,-0.016105,-0.004918,0.000336,-0.005880,1.297584e-05,0.000380
4256,2,252.0000,28.0000,-2.0000,-0.279400,-0.268700,-0.733800,-0.019840,0.001052,0.201300,-0.279414,-0.268685,-0.733840,-0.019842,0.001052,0.201345,4.457966e-05,0.001307
4257,2,276.0000,28.0000,-2.0000,0.349200,0.362900,0.267000,-0.019620,-0.000945,-0.088920,0.349213,0.362916,0.267031,-0.019618,-0.000945,-0.088920,3.148510e-05,0.000923
4258,2,300.0000,28.0000,-2.0000,0.128200,0.114300,-0.095750,-0.018320,-0.000294,0.037020,0.128154,0.114339,-0.095746,-0.018323,-0.000294,0.037016,4.602507e-05,0.001349
4259,2,324.0000,28.0000,-2.0000,0.177900,0.182000,0.040220,-0.014770,-0.000109,-0.024010,0.177863,0.181955,0.040219,-0.014774,-0.000109,-0.024010,4.464865e-05,0.001309
4260,2,348.0000,28.0000,-2.0000,0.042290,0.113500,-0.015950,-0.006839,0.000469,-0.005834,0.042285,0.113531,-0.015947,-0.006839,0.000469,-0.005834,3.120267e-05,0.000915
4261,2,252.0000,36.0000,-2.0000,-0.270100,-0.260700,-0.715000,-0.025390,0.003438,0.197700,-0.270149,-0.260658,-0.714955,-0.025387,0.003438,0.197701,4.878153e-05,0.001430
4262,2,276.0000,36.0000,-2.0000,0.343600,0.356800,0.261400,-0.025060,-0.001518,-0.087450,0.343556,0.356814,0.261370,-0.025056,-0.001518,-0.087449,4.376111e-05,0.001283
4263,2,300.0000,36.0000,-2.0000,0.126900,0.113000,-0.094110,-0.023440,-0.000394,0.036480,0.126858,0.113033,-0.094110,-0.023444,-0.000394,0.036478,4.187068e-05,0.001228
4264,2,324.0000,36.0000,-2.0000,0.175600,0.179100,0.039530,-0.018800,-0.000181,-0.023660,0.175639,0.179055,0.039535,-0.018804,-0.000181,-0.023665,4.497684e-05,0.001319
4265,2,348.0000,36.0000,-2.0000,0.041730,0.111300,-0.015780,-0.008731,0.000620,-0.005763,0.041732,0.111300,-0.015777,-0.008731,0.000620,-0.005763,3.254669e-06,0.000095
4266,2,252.0000,44.0000,-2.0000,-0.274600,-0.264500,-0.718300,-0.030510,-0.006501,0.197200,-0.274580,-0.264476,-0.718348,-0.030507,-0.006501,0.197250,4.982804e-05,0.001461
4267,2,276.0000,44.0000,-2.0000,0.340600,0.353500,0.261300,-0.030350,0.000255,-0.087030,0.340571,0.353474,0.261343,-0.030347,0.000255,-0.087026,4.302218e-05,0.001261
4268,2,300.0000,44.0000,-2.0000,0.124600,0.110100,-0.093360,-0.028400,-0.000824,0.036260,0.124606,0.110108,-0.093359,-0.028404,-0.000823,0.036256,8.381615e-06,0.000246
4269,2,324.0000,44.0000,-2.0000,0.173100,0.175900,0.039260,-0.022680,-0.000073,-0.023350,0.173061,0.175884,0.039263,-0.022683,-0.000073,-0.023354,3.916312e-05,0.001148
4270,2,348.0000,44.0000,-2.0000,0.041260,0.108600,-0.015370,-0.010570,0.000784,-0.005641,0.041263,0.108574,-0.015375,-0.010572,0.000784,-0.005641,2.557788e-05,0.000750
4271,3,252.0000,4.0000,-7.7500,-0.241200,-0.231000,-0.711500,-0.004235,0.002121,0.318500,-0.241245,-0.231047,-0.711526,-0.004235,0.002121,0.318510,4.712586e-05,0.001382
4272,3,276.0000,4.0000,-7.7500,0.022360,0.182500,0.125700,-0.003342,-0.000526,-0.027100,0.022363,0.182502,0.125692,-0.003342,-0.000526,-0.027096,8.304605e-06,0.000243
4273,3,300.0000,4.0000,-7.7500,0.163900,0.171600,0.000004,-0.002727,-0.000077,-0.012540,0.163920,0.171556,0.000004,-0.002727,-0.000077,-0.012540,4.426632e-05,0.001298
4274,3,324.0000,4.0000,-7.7500,0.067990,0.118600,-0.018740,-0.002138,-0.000013,-0.018830,0.067994,0.118635,-0.018738,-0.002138,-0.000013,-0.018835,3.475602e-05,0.001019
4275,3,348.0000,4.0000,-7.7500,0.046340,0.130500,0.009007,-0.000874,0.000234,-0.035280,0.046335,0.130523,0.009007,-0.000875,0.000234,-0.035277,2.306483e-05,0.000676
4276,3,252.0000,12.0000,-7.7500,-0.239400,-0.230700,-0.705900,-0.011610,0.002035,0.316300,-0.239362,-0.230664,-0.705898,-0.011606,0.002035,0.316318,3.821932e-05,0.001120
4277,3,276.0000,12.0000,-7.7500,0.022520,0.182000,0.124700,-0.009849,-0.000712,-0.026850,0.022519,0.181980,0.124693,-0.009849,-0.000712,-0.026848,2.028760e-05,0.000595
4278,3,300.0000,12.0000,-7.7500,0.163200,0.170900,-0.000017,-0.008327,-0.000432,-0.012490,0.163193,0.170935,-0.000017,-0.008327,-0.000432,-0.012494,3.543759e-05,0.001039
4279,3,324.0000,12.0000,-7.7500,0.067910,0.118200,-0.018630,-0.006324,-0.000009,-0.018780,0.067913,0.118234,-0.018629,-0.006324,-0.000009,-0.018782,3.376199e-05,0.000990
4280,3,348.0000,12.0000,-7.7500,0.046150,0.129900,0.008928,-0.002634,0.000714,-0.035170,0.046152,0.129870,0.008928,-0.002634,0.000714,-0.035169,3.015156e-05,0.000884
4281,3,252.0000,20.0000,-7.7500,-0.236900,-0.227600,-0.700500,-0.018870,0.002437,0.313700,-0.236869,-0.227585,-0.700505,-0.018868,0.002437,0.313732,3.216055e-05,0.000943
4282,3,276.0000,20.0000,-7.7500,0.022510,0.180700,0.123600,-0.016320,-0.001233,-0.026630,0.022515,0.180733,0.123590,-0.016317,-0.001233,-0.026633,3.293934e-05,0.000966
4283,3,300.0000,20.0000,-7.7500,0.162100,0.169800,-0.000074,-0.013870,-0.000725,-0.012370,0.162078,0.169786,-0.000074,-0.013867,-0.000725,-0.012372,2.244864e-05,0.000658
4284,3,324.0000,20.0000,-7.7500,0.067570,0.117400,-0.018490,-0.010500,-0.000017,-0.018660,0.067571,0.117355,-0.018488,-0.010500,-0.000017,-0.018663,4.485287e-05,0.001315
4285,3,348.0000,20.0000,-7.7500,0.045900,0.128600,0.008868,-0.004380,0.001198,-0.034950,0.045900,0.128647,0.008868,-0.004380,0.001198,-0.034952,4.651919e-05,0.001364
4286,3,252.0000,28.0000,-7.7500,-0.233300,-0.224200,-0.691900,-0.026140,0.003925,0.309900,-0.233301,-0.224219,-0.691851,-0.026143,0.003925,0.309936,4.885709e-05,0.001432
4287,3,276.0000,28.0000,-7.7500,0.022410,0.179000,0.122000,-0.022660,-0.001847,-0.026280,0.022414,0.178984,0.121952,-0.022661,-0.001847,-0.026283,4.818237e-05,0.001413
4288,3,300.0000,28.0000,-7.7500,0.160400,0.168100,-0.000108,-0.019340,-0.001043,-0.012200,0.160437,0.168056,-0.000108,-0.019335,-0.001043,-0.012197,4.430791e-05,0.001299
4289,3,324.0000,28.0000,-7.7500,0.067070,0.116000,-0.018280,-0.014650,-0.000038,-0.018470,0.067068,0.116008,-0.018282,-0.014651,-0.000038,-0.018474,8.023730e-06,0.000235
4290,3,348.0000,28.0000,-7.7500,0.045470,0.126800,0.008725,-0.006096,0.001667,-0.034630,0.045475,0.126789,0.008725,-0.006096,0.001667,-0.034625,1.062008e-05,0.000311
4291,3,252.0000,36.0000,-7.7500,-0.230200,-0.223000,-0.681500,-0.032740,0.002996,0.305200,-0.230160,-0.223027,-0.681493,-0.032736,0.002996,0.305246,4.614480e-05,0.001353
4292,3,276.0000,36.0000,-7.7500,0.022230,0.176900,0.120000,-0.028910,-0.002429,-0.025800,0.022229,0.176941,0.119999,-0.028907,-0.002429,-0.025798,4.074149e-05,0.001194
4293,3,300.0000,36.0000,-7.7500,0.158400,0.165800,-0.000065,-0.024770,-0.001348,-0.011990,0.158373,0.165802,-0.000065,-0.024773,-0.001348,-0.011989,2.731208e-05,0.000801
4294,3,324.0000,36.0000,-7.7500,0.066430,0.114200,-0.018040,-0.018680,-0.000101,-0.018190,0.066428,0.114218,-0.018038,-0.018684,-0.000101,-0.018192,1.825260e-05,0.000535
4295,3,348.0000,36.0000,-7.7500,0.044880,0.124300,0.008579,-0.007791,0.002147,-0.034190,0.044885,0.124343,0.008579,-0.007791,0.002147,-0.034186,4.297441e-05,0.001260
4296,3,252.0000,44.0000,-7.7500,-0.227800,-0.217300,-0.677300,-0.039050,-0.001311,0.302300,-0.227801,-0.217262,-0.677324,-0.039049,-0.001311,0.302313,3.761508e-05,0.001103
4297,3,276.0000,44.0000,-7.7500,0.021640,0.173900,0.119000,-0.034920,-0.002371,-0.025550,0.021641,0.173896,0.119043,-0.034921,-0.002371,-0.025551,4.296607e-05,0.001260
4298,3,300.0000,44.0000,-7.7500,0.156200,0.162900,0.000003,-0.030100,-0.001941,-0.011670,0.156200,0.162947,0.000003,-0.030098,-0.001941,-0.011673,4.699792e-05,0.001378
4299,3,324.0000,44.0000,-7.7500,0.065350,0.111800,-0.017810,-0.022600,-0.000079,-0.017800,0.065355,0.111826,-0.017807,-0.022601,-0.000079,-0.017800,2.564053e-05,0.000752
4300,3,348.0000,44.0000,-7.7500,0.044330,0.121300,0.008563,-0.009458,0.002606,-0.033650,0.044331,0.121321,0.008563,-0.009458,0.002606,-0.033647,2.113678e-05,0.000620
4301,3,252.0000,4.0000,-15.2500,-0.227800,-0.198700,-0.670400,-0.004523,0.001421,0.329000,-0.227750,-0.198692,-0.670413,-0.004523,0.001421,0.329024,4.953373e-05,0.001452
4302,3,276.0000,4.0000,-15.2500,-0.063370,0.116100,0.029400,-0.003831,-0.000212,0.069530,-0.063371,0.116113,0.029404,-0.003831,-0.000212,0.069531,1.323712e-05,0.000388
4303,3,300.0000,4.0000,-15.2500,-0.004400,0.106500,-0.001799,-0.003021,-0.000118,-0.048870,-0.004400,0.106542,-0.001799,-0.003021,-0.000118,-0.048865,4.249861e-05,0.001246
4304,3,324.0000,4.0000,-15.2500,0.011550,0.095970,-0.023520,-0.002116,0.000100,-0.010340,0.011549,0.095972,-0.023515,-0.002116,0.000100,-0.010342,4.924971e-06,0.000144
4305,3,348.0000,4.0000,-15.2500,0.050160,0.140100,0.024510,-0.000793,0.000445,-0.058330,0.050164,0.140067,0.024507,-0.000793,0.000445,-0.058327,3.328937e-05,0.000976
4306,3,252.0000,12.0000,-15.2500,-0.226500,-0.197900,-0.666900,-0.013180,0.003397,0.327300,-0.226490,-0.197937,-0.666902,-0.013180,0.003397,0.327276,3.690546e-05,0.001082
4307,3,276.0000,12.0000,-15.2500,-0.063020,0.115900,0.029090,-0.011430,-0.000469,0.069240,-0.063025,0.115872,0.029088,-0.011427,-0.000469,0.069237,2.827039e-05,0.000829
4308,3,300.0000,12.0000,-15.2500,-0.004460,0.106200,-0.001823,-0.009106,-0.000414,-0.048640,-0.004460,0.106197,-0.001823,-0.009106,-0.000414,-0.048641,2.537681e-06,0.000074
4309,3,324.0000,12.0000,-15.2500,0.011530,0.095590,-0.023460,-0.006315,0.000310,-0.010300,0.011533,0.095591,-0.023460,-0.006315,0.000310,-0.010305,4.694759e-06,0.000138
4310,3,348.0000,12.0000,-15.2500,0.050040,0.139400,0.024400,-0.002378,0.001328,-0.058160,0.050042,0.139409,0.024397,-0.002378,0.001328,-0.058162,8.717119e-06,0.000256
4311,3,252.0000,20.0000,-15.2500,-0.224100,-0.195800,-0.661100,-0.021630,0.004691,0.324400,-0.224127,-0.195754,-0.661099,-0.021626,0.004691,0.324438,4.611130e-05,0.001352
4312,3,276.0000,20.0000,-15.2500,-0.062560,0.115200,0.028650,-0.018930,-0.000839,0.068680,-0.062562,0.115201,0.028654,-0.018929,-0.000839,0.068676,3.996807e-06,0.000117
4313,3,300.0000,20.0000,-15.2500,-0.004471,0.105600,-0.001880,-0.015150,-0.000698,-0.048220,-0.004471,0.105568,-0.001880,-0.015154,-0.000698,-0.048223,3.173017e-05,0.000930
4314,3,324.0000,20.0000,-15.2500,0.011480,0.094830,-0.023350,-0.010510,0.000498,-0.010210,0.011480,0.094828,-0.023347,-0.010506,0.000498,-0.010214,4.434802e-06,0.000130
4315,3,348.0000,20.0000,-15.2500,0.049820,0.138100,0.024210,-0.003958,0.002205,-0.057830,0.049823,0.138138,0.024205,-0.003958,0.002205,-0.057826,3.770220e-05,0.001105
4316,3,252.0000,28.0000,-15.2500,-0.221500,-0.193500,-0.653700,-0.029870,0.005376,0.320600,-0.221458,-0.193486,-0.653729,-0.029867,0.005376,0.320589,4.175480e-05,0.001224
4317,3,276.0000,28.0000,-15.2500,-0.061960,0.114300,0.028040,-0.026310,-0.001359,0.067970,-0.061958,0.114263,0.028044,-0.026313,-0.001359,0.067973,3.745809e-05,0.001098
4318,3,300.0000,28.0000,-15.2500,-0.004497,0.104600,-0.001965,-0.021160,-0.000995,-0.047630,-0.004497,0.104599,-0.001965,-0.021159,-0.000995,-0.047634,3.665486e-06,0.000107
4319,3,324.0000,28.0000,-15.2500,0.011410,0.093680,-0.023190,-0.014670,0.000668,-0.010060,0.011413,0.093681,-0.023194,-0.014672,0.000668,-0.010063,4.452587e-06,0.000131
4320,3,348.0000,28.0000,-15.2500,0.049510,0.136300,0.023970,-0.005529,0.003073,-0.057320,0.049508,0.136256,0.023965,-0.005529,0.003073,-0.057323,4.411518e-05,0.001293
4321,3,252.0000,36.0000,-15.2500,-0.218700,-0.190700,-0.645900,-0.037740,0.005024,0.316100,-0.218715,-0.190721,-0.645898,-0.037743,0.005024,0.316080,2.064259e-05,0.000605
4322,3,276.0000,36.0000,-15.2500,-0.061170,0.113300,0.027420,-0.033570,-0.001957,0.067230,-0.061170,0.113259,0.027416,-0.033566,-0.001957,0.067225,4.074106e-05,0.001194
4323,3,300.0000,36.0000,-15.2500,-0.004496,0.103300,-0.001984,-0.027110,-0.001351,-0.046900,-0.004496,0.103302,-0.001984,-0.027110,-0.001351,-0.046898,2.385340e-06,0.000070
4324,3,324.0000,36.0000,-15.2500,0.011400,0.092210,-0.022960,-0.018790,0.000812,-0.009833,0.011399,0.092207,-0.022965,-0.018793,0.000812,-0.009833,4.820695e-06,0.000141
4325,3,348.0000,36.0000,-15.2500,0.049040,0.133700,0.023630,-0.007083,0.003919,-0.056650,0.049044,0.133715,0.023633,-0.007083,0.003919,-0.056649,1.480671e-05,0.000434
4326,3,252.0000,44.0000,-15.2500,-0.215900,-0.186400,-0.638700,-0.045630,0.005193,0.311500,-0.215880,-0.186371,-0.638710,-0.045627,0.005193,0.311451,4.912304e-05,0.001440
4327,3,276.0000,44.0000,-15.2500,-0.060520,0.111700,0.026890,-0.040740,-0.002609,0.066350,-0.060515,0.111701,0.026892,-0.040742,-0.002609,0.066353,4.521565e-06,0.000133
4328,3,300.0000,44.0000,-15.2500,-0.004366,0.101700,-0.002078,-0.032960,-0.001921,-0.045960,-0.004366,0.101747,-0.002078,-0.032960,-0.001921,-0.045955,4.701581e-05,0.001378
4329,3,324.0000,44.0000,-15.2500,0.011210,0.090220,-0.022780,-0.022870,0.000954,-0.009507,0.011208,0.090221,-0.022778,-0.022867,0.000954,-0.009507,2.615390e-06,0.000077
4330,3,348.0000,44.0000,-15.2500,0.048630,0.130600,0.023310,-0.008620,0.004722,-0.055810,0.048629,0.130575,0.023306,-0.008620,0.004722,-0.055811,2.502948e-05,0.000734
4331,4,252.0000,4.0000,-36.5000,-0.022930,-0.013630,-0.104800,-0.001016,0.001175,0.118500,-0.022930,-0.013633,-0.104805,-0.001016,0.001175,0.118464,3.577319e-05,0.001049
4332,4,276.0000,4.0000,-36.5000,-0.057820,-0.021750,-0.072050,-0.000918,0.000694,0.080210,-0.057818,-0.021749,-0.072046,-0.000918,0.000694,0.080208,4.019716e-06,0.000118
4333,4,300.0000,4.0000,-36.5000,-0.043640,-0.007250,-0.037250,-0.000726,0.000470,0.040910,-0.043644,-0.007250,-0.037250,-0.000726,0.000470,0.040915,4.955662e-06,0.000145
4334,4,324.0000,4.0000,-36.5000,-0.017340,0.009352,-0.016930,-0.000481,0.000426,0.019020,-0.017342,0.009352,-0.016933,-0.000481,0.000426,0.019025,4.984365e-06,0.000146
4335,4,348.0000,4.0000,-36.5000,0.010620,0.025980,-0.008624,-0.000173,0.000524,0.002613,0.010620,0.025975,-0.008624,-0.000173,0.000524,0.002613,4.927542e-06,0.000144
4336,4,252.0000,12.0000,-36.5000,-0.022900,-0.013620,-0.104500,-0.003036,0.003481,0.118100,-0.022896,-0.013623,-0.104504,-0.003036,0.003481,0.118052,4.801371e-05,0.001408
4337,4,276.0000,12.0000,-36.5000,-0.057620,-0.021650,-0.071820,-0.002748,0.002077,0.079960,-0.057624,-0.021650,-0.071816,-0.002748,0.002077,0.079958,4.351275e-06,0.000128
4338,4,300.0000,12.0000,-36.5000,-0.043510,-0.007218,-0.037140,-0.002174,0.001405,0.040790,-0.043506,-0.007218,-0.037138,-0.002174,0.001405,0.040794,4.381923e-06,0.000128
4339,4,324.0000,12.0000,-36.5000,-0.017290,0.009299,-0.016900,-0.001440,0.001278,0.018970,-0.017292,0.009299,-0.016897,-0.001440,0.001278,0.018969,3.422686e-06,0.000100
4340,4,348.0000,12.0000,-36.5000,0.010590,0.025830,-0.008625,-0.000518,0.001571,0.002606,0.010586,0.025835,-0.008625,-0.000518,0.001571,0.002606,4.886566e-06,0.000143
4341,4,252.0000,20.0000,-36.5000,-0.022800,-0.013560,-0.103900,-0.005025,0.005696,0.117300,-0.022802,-0.013557,-0.103888,-0.005025,0.005696,0.117261,3.900725e-05,0.001144
4342,4,276.0000,20.0000,-36.5000,-0.057240,-0.021450,-0.071360,-0.004561,0.003443,0.079460,-0.057244,-0.021451,-0.071360,-0.004561,0.003443,0.079462,3.894621e-06,0.000114
4343,4,300.0000,20.0000,-36.5000,-0.043230,-0.007148,-0.036910,-0.003616,0.002339,0.040560,-0.043229,-0.007148,-0.036912,-0.003616,0.002339,0.040555,4.756337e-06,0.000139
4344,4,324.0000,20.0000,-36.5000,-0.017190,0.009194,-0.016820,-0.002398,0.002126,0.018860,-0.017192,0.009194,-0.016822,-0.002398,0.002126,0.018855,4.507520e-06,0.000132
4345,4,348.0000,20.0000,-36.5000,0.010520,0.025550,-0.008626,-0.000864,0.002609,0.002593,0.010518,0.025554,-0.008626,-0.000864,0.002609,0.002593,3.921252e-06,0.000115
4346,4,252.0000,28.0000,-36.5000,-0.022610,-0.013360,-0.102900,-0.006976,0.007812,0.116100,-0.022605,-0.013360,-0.102931,-0.006976,0.007812,0.116129,3.120260e-05,0.000915
4347,4,276.0000,28.0000,-36.5000,-0.056680,-0.021140,-0.070680,-0.006352,0.004787,0.078740,-0.056676,-0.021137,-0.070676,-0.006352,0.004787,0.078737,4.164901e-06,0.000122
4348,4,300.0000,28.0000,-36.5000,-0.042820,-0.007046,-0.036570,-0.005046,0.003272,0.040200,-0.042818,-0.007046,-0.036575,-0.005046,0.003272,0.040197,4.999047e-06,0.000147
4349,4,324.0000,28.0000,-36.5000,-0.017040,0.009036,-0.016710,-0.003352,0.002967,0.018690,-0.017042,0.009036,-0.016711,-0.003352,0.002967,0.018686,4.175483e-06,0.000122
4350,4,348.0000,28.0000,-36.5000,0.010410,0.025130,-0.008632,-0.001209,0.003632,0.002572,0.010413,0.025128,-0.008632,-0.001209,0.003632,0.002572,3.335674e-06,0.000098
4351,4,252.0000,36.0000,-36.5000,-0.022280,-0.012980,-0.101600,-0.008887,0.009862,0.114700,-0.022279,-0.012977,-0.101618,-0.008887,0.009862,0.114690,1.839994e-05,0.000539
4352,4,276.0000,36.0000,-36.5000,-0.055920,-0.020700,-0.069760,-0.008117,0.006118,0.077790,-0.055925,-0.020700,-0.069764,-0.008117,0.006118,0.077791,4.559706e-06,0.000134
4353,4,300.0000,36.0000,-36.5000,-0.042270,-0.006904,-0.036120,-0.006465,0.004199,0.039720,-0.042274,-0.006904,-0.036125,-0.006465,0.004199,0.039721,4.578303e-06,0.000134
4354,4,324.0000,36.0000,-36.5000,-0.016830,0.008834,-0.016560,-0.004301,0.003798,0.018460,-0.016833,0.008834,-0.016555,-0.004301,0.003798,0.018459,4.632973e-06,0.000136
4355,4,348.0000,36.0000,-36.5000,0.010280,0.024570,-0.008636,-0.001552,0.004636,0.002543,0.010284,0.024567,-0.008636,-0.001552,0.004636,0.002543,4.306244e-06,0.000126
4356,4,252.0000,44.0000,-36.5000,-0.021820,-0.012400,-0.099950,-0.010760,0.011920,0.113000,-0.021822,-0.012401,-0.099950,-0.010765,0.011925,0.112959,4.128896e-05,0.001210
4357,4,276.0000,44.0000,-36.5000,-0.054990,-0.020140,-0.068630,-0.009862,0.007446,0.076630,-0.054994,-0.020135,-0.068625,-0.009862,0.007446,0.076628,4.849905e-06,0.000142
4358,4,300.0000,44.0000,-36.5000,-0.041580,-0.006704,-0.035550,-0.007870,0.005122,0.039130,-0.041581,-0.006704,-0.035546,-0.007870,0.005122,0.039134,4.114330e-06,0.000121
4359,4,324.0000,44.0000,-36.5000,-0.016580,0.008572,-0.016370,-0.005249,0.004621,0.018170,-0.016582,0.008572,-0.016369,-0.005249,0.004621,0.018171,1.872378e-06,0.000055
4360,4,348.0000,44.0000,-36.5000,0.010150,0.023870,-0.008633,-0.001891,0.005610,0.002507,0.010150,0.023866,-0.008633,-0.001891,0.005610,0.002507,4.116358e-06,0.000121
4361,2,252.0000,54.0000,-2.0000,-0.268800,-0.260100,-0.701800,-0.037680,0.005516,0.192400,-0.268827,-0.260133,-0.701756,-0.037680,0.005516,0.192446,4.633663e-05,0.001358
4362,2,276.0000,54.0000,-2.0000,0.332100,0.343000,0.255200,-0.036830,-0.003011,-0.084660,0.332098,0.343038,0.255193,-0.036835,-0.003011,-0.084657,3.849812e-05,0.001129
4363,2,300.0000,54.0000,-2.0000,0.121700,0.106400,-0.090990,-0.033870,-0.000617,0.035380,0.121692,0.106413,-0.090993,-0.033873,-0.000617,0.035382,1.293137e-05,0.000379
4364,2,324.0000,54.0000,-2.0000,0.168700,0.170600,0.038230,-0.027370,-0.000282,-0.022700,0.168695,0.170598,0.038226,-0.027366,-0.000282,-0.022699,4.526610e-06,0.000133
4365,2,348.0000,54.0000,-2.0000,0.040330,0.104300,-0.014950,-0.012800,0.000848,-0.005491,0.040327,0.104314,-0.014952,-0.012798,0.000848,-0.005491,1.393042e-05,0.000408
4366,2,252.0000,66.0000,-2.0000,-0.250300,-0.248200,-0.657800,-0.044460,-0.001010,0.182200,-0.250277,-0.248181,-0.657827,-0.044458,-0.001010,0.182237,3.665970e-05,0.001075
4367,2,276.0000,66.0000,-2.0000,0.316400,0.323400,0.240400,-0.043210,-0.002636,-0.079890,0.316402,0.323361,0.240440,-0.043215,-0.002636,-0.079885,4.027358e-05,0.001181
4368,2,300.0000,66.0000,-2.0000,0.117800,0.101800,-0.086500,-0.039860,-0.000975,0.033740,0.117774,0.101832,-0.086499,-0.039860,-0.000975,0.033735,3.222205e-05,0.000945
4369,2,324.0000,66.0000,-2.0000,0.162400,0.162900,0.036370,-0.032440,-0.000278,-0.021640,0.162354,0.162910,0.036375,-0.032444,-0.000278,-0.021638,4.552425e-05,0.001335
4370,2,348.0000,66.0000,-2.0000,0.038750,0.098210,-0.014540,-0.015230,0.001052,-0.005303,0.038746,0.098214,-0.014543,-0.015234,0.001052,-0.005303,4.346517e-06,0.000127
4371,2,252.0000,78.0000,-2.0000,-0.245500,-0.252500,-0.631900,-0.048710,-0.001076,0.175900,-0.245452,-0.252502,-0.631896,-0.048715,-0.001076,0.175929,4.829564e-05,0.001416
4372,2,276.0000,78.0000,-2.0000,0.302200,0.304100,0.231800,-0.047510,-0.002943,-0.076060,0.302189,0.304080,0.231804,-0.047509,-0.002943,-0.076062,2.041221e-05,0.000598
4373,2,300.0000,78.0000,-2.0000,0.111500,0.094830,-0.083260,-0.044760,-0.001197,0.032580,0.111545,0.094828,-0.083257,-0.044760,-0.001197,0.032579,4.541691e-05,0.001331
4374,2,324.0000,78.0000,-2.0000,0.155200,0.154500,0.034870,-0.036870,-0.000372,-0.020640,0.155201,0.154510,0.034874,-0.036874,-0.000372,-0.020637,9.975171e-06,0.000292
4375,2,348.0000,78.0000,-2.0000,0.037040,0.091090,-0.013980,-0.017390,0.001196,-0.005020,0.037035,0.091087,-0.013981,-0.017385,0.001196,-0.005020,4.999678e-06,0.000147
4376,2,252.0000,90.0000,-2.0000,-0.251800,-0.265900,-0.624900,-0.050750,-0.003832,0.171200,-0.251772,-0.265872,-0.624903,-0.050749,-0.003832,0.171200,2.843557e-05,0.000834
4377,2,276.0000,90.0000,-2.0000,0.287100,0.285100,0.224400,-0.049220,-0.003403,-0.074090,0.287115,0.285146,0.224385,-0.049222,-0.003403,-0.074086,4.634196e-05,0.001359
4378,2,300.0000,90.0000,-2.0000,0.102600,0.086070,-0.080890,-0.048340,-0.001346,0.032380,0.102566,0.086067,-0.080891,-0.048341,-0.001346,0.032381,3.372363e-05,0.000989
4379,2,324.0000,90.0000,-2.0000,0.148200,0.145900,0.034260,-0.040580,-0.000416,-0.019930,0.148227,0.145869,0.034257,-0.040581,-0.000416,-0.019929,3.100773e-05,0.000909
4380,2,348.0000,90.0000,-2.0000,0.034670,0.083060,-0.013550,-0.019120,0.001379,-0.004561,0.034669,0.083064,-0.013548,-0.019122,0.001379,-0.004561,4.057264e-06,0.000119
4381,2,252.0000,102.0000,-2.0000,-0.242700,-0.267500,-0.592200,-0.049170,0.005499,0.176800,-0.242673,-0.267470,-0.592155,-0.049167,0.005499,0.176784,4.501702e-05,0.001320
4382,2,276.0000,102.0000,-2.0000,0.275400,0.274300,0.228400,-0.049190,-0.000170,-0.076540,0.275378,0.274292,0.228404,-0.049186,-0.000170,-0.076541,2.217424e-05,0.000650
4383,2,300.0000,102.0000,-2.0000,0.090690,0.074200,-0.084340,-0.051590,-0.002780,0.034240,0.090688,0.074199,-0.084335,-0.051589,-0.002780,0.034238,4.515376e-06,0.000132
4384,2,324.0000,102.0000,-2.0000,0.140000,0.136300,0.034510,-0.042550,-0.000620,-0.019940,0.139967,0.136254,0.034508,-0.042551,-0.000620,-0.019945,4.565640e-05,0.001339
4385,2,348.0000,102.0000,-2.0000,0.031850,0.074330,-0.013660,-0.020710,0.001357,-0.003872,0.031853,0.074331,-0.013657,-0.020707,0.001357,-0.003872,3.205126e-06,0.000094
4386,2,252.0000,114.0000,-2.0000,-0.380500,-0.396300,-0.796600,-0.051900,-0.063650,0.201200,-0.380496,-0.396295,-0.796581,-0.051904,-0.063648,0.201184,1.861001e-05,0.000546
4387,2,276.0000,114.0000,-2.0000,0.287700,0.291100,0.261600,-0.051650,0.008662,-0.085870,0.287696,0.291119,0.261597,-0.051655,0.008662,-0.085866,1.864099e-05,0.000546
4388,2,300.0000,114.0000,-2.0000,0.079750,0.062100,-0.084770,-0.051770,-0.000617,0.034880,0.079752,0.062105,-0.084772,-0.051772,-0.000617,0.034883,4.921248e-06,0.000144
4389,2,324.0000,114.0000,-2.0000,0.129600,0.127500,0.033290,-0.044340,0.000099,-0.018450,0.129630,0.127463,0.033287,-0.044338,0.000099,-0.018449,3.667798e-05,0.001075
4390,2,348.0000,114.0000,-2.0000,0.031570,0.067290,-0.011480,-0.021630,0.002457,-0.003687,0.031569,0.067289,-0.011483,-0.021634,0.002457,-0.003687,3.655475e-06,0.000107
4391,3,252.0000,54.0000,-7.7500,-0.221500,-0.211800,-0.659900,-0.049600,0.006117,0.294400,-0.221453,-0.211825,-0.659872,-0.049601,0.006117,0.294419,4.737976e-05,0.001389
4392,3,276.0000,54.0000,-7.7500,0.020960,0.168600,0.115600,-0.042630,-0.005166,-0.024400,0.020958,0.168630,0.115553,-0.042630,-0.005166,-0.024395,4.741127e-05,0.001390
4393,3,300.0000,54.0000,-7.7500,0.152200,0.158300,-0.000073,-0.036000,-0.002341,-0.011110,0.152194,0.158274,-0.000073,-0.035995,-0.002341,-0.011113,2.616949e-05,0.000767
4394,3,324.0000,54.0000,-7.7500,0.063870,0.108300,-0.017370,-0.027410,-0.000242,-0.017210,0.063869,0.108299,-0.017371,-0.027415,-0.000242,-0.017214,4.549254e-06,0.000133
4395,3,348.0000,54.0000,-7.7500,0.043270,0.116600,0.008276,-0.011530,0.003062,-0.032790,0.043266,0.116570,0.008276,-0.011527,0.003062,-0.032788,3.047017e-05,0.000893
4396,3,252.0000,66.0000,-7.7500,-0.210500,-0.208600,-0.625100,-0.057870,0.000852,0.281600,-0.210469,-0.208610,-0.625083,-0.057874,0.000852,0.281604,3.115204e-05,0.000913
4397,3,276.0000,66.0000,-7.7500,0.019730,0.160200,0.109300,-0.050420,-0.006563,-0.021910,0.019733,0.160201,0.109256,-0.050422,-0.006563,-0.021910,4.359278e-05,0.001278
4398,3,300.0000,66.0000,-7.7500,0.146000,0.151500,-0.000243,-0.042930,-0.003112,-0.010220,0.145998,0.151492,-0.000243,-0.042926,-0.003112,-0.010216,8.448265e-06,0.000248
4399,3,324.0000,66.0000,-7.7500,0.061910,0.103400,-0.016760,-0.032730,-0.000317,-0.016380,0.061911,0.103410,-0.016765,-0.032728,-0.000317,-0.016385,1.012598e-05,0.000297
4400,3,348.0000,66.0000,-7.7500,0.041620,0.109800,0.007710,-0.013810,0.003653,-0.031520,0.041621,0.109811,0.007710,-0.013809,0.003653,-0.031524,1.136795e-05,0.000333
4401,3,252.0000,78.0000,-7.7500,-0.205900,-0.209000,-0.600900,-0.062300,-0.006100,0.272700,-0.205852,-0.209019,-0.600936,-0.062302,-0.006100,0.272714,4.759827e-05,0.001395
4402,3,276.0000,78.0000,-7.7500,0.016540,0.149700,0.104100,-0.056850,-0.008121,-0.019370,0.016543,0.149721,0.104063,-0.056855,-0.008121,-0.019373,3.729230e-05,0.001093
4403,3,300.0000,78.0000,-7.7500,0.139700,0.143800,-0.000056,-0.049210,-0.003711,-0.009033,0.139712,0.143827,-0.000056,-0.049210,-0.003711,-0.009033,2.721613e-05,0.000798
4404,3,324.0000,78.0000,-7.7500,0.059200,0.097400,-0.016190,-0.037490,-0.000433,-0.015300,0.059199,0.097398,-0.016194,-0.037490,-0.000433,-0.015303,3.849829e-06,0.000113
4405,3,348.0000,78.0000,-7.7500,0.040060,0.102000,0.007325,-0.015880,0.004219,-0.030030,0.040061,0.101969,0.007325,-0.015876,0.004219,-0.030025,3.060635e-05,0.000897
4406,3,252.0000,90.0000,-7.7500,-0.205100,-0.215200,-0.577200,-0.062630,-0.007646,0.269500,-0.205062,-0.215168,-0.577196,-0.062626,-0.007646,0.269501,3.843896e-05,0.001127
4407,3,276.0000,90.0000,-7.7500,0.012040,0.140400,0.103200,-0.061670,-0.007022,-0.017760,0.012035,0.140363,0.103190,-0.061675,-0.007022,-0.017761,3.703009e-05,0.001086
4408,3,300.0000,90.0000,-7.7500,0.133400,0.135400,-0.000817,-0.054890,-0.004474,-0.007658,0.133362,0.135406,-0.000817,-0.054887,-0.004474,-0.007658,3.756217e-05,0.001101
4409,3,324.0000,90.0000,-7.7500,0.055880,0.090220,-0.015920,-0.041530,-0.000676,-0.013870,0.055885,0.090216,-0.015918,-0.041535,-0.000676,-0.013875,4.786306e-06,0.000140
4410,3,348.0000,90.0000,-7.7500,0.038210,0.093200,0.006786,-0.017590,0.004722,-0.028370,0.038210,0.093195,0.006786,-0.017594,0.004722,-0.028373,4.852794e-06,0.000142
4411,3,252.0000,102.0000,-7.7500,-0.242300,-0.249900,-0.614200,-0.061800,-0.026440,0.279900,-0.242285,-0.249876,-0.614236,-0.061800,-0.026442,0.279891,3.551205e-05,0.001041
4412,3,276.0000,102.0000,-7.7500,0.006985,0.134100,0.110900,-0.066030,-0.003225,-0.019270,0.006985,0.134075,0.110921,-0.066035,-0.003225,-0.019273,2.470523e-05,0.000724
4413,3,300.0000,102.0000,-7.7500,0.131100,0.128600,0.000604,-0.060090,-0.004150,-0.006619,0.131133,0.128587,0.000604,-0.060087,-0.004150,-0.006619,3.296249e-05,0.000966
4414,3,324.0000,102.0000,-7.7500,0.051200,0.081540,-0.016340,-0.044180,-0.000814,-0.011830,0.051196,0.081535,-0.016341,-0.044181,-0.000814,-0.011833,4.557660e-06,0.000134
4415,3,348.0000,102.0000,-7.7500,0.036680,0.084460,0.006993,-0.019070,0.005314,-0.026700,0.036682,0.084456,0.006993,-0.019068,0.005314,-0.026699,4.129057e-06,0.000121
4416,3,252.0000,114.0000,-7.7500,-0.256900,-0.184900,-0.683500,-0.090070,-0.017660,0.293700,-0.256939,-0.184891,-0.683538,-0.090070,-0.017661,0.293693,3.943055e-05,0.001156
4417,3,276.0000,114.0000,-7.7500,0.010020,0.128200,0.117900,-0.072400,-0.000305,-0.024640,0.010024,0.128188,0.117941,-0.072404,-0.000305,-0.024640,4.148466e-05,0.001216
4418,3,300.0000,114.0000,-7.7500,0.122100,0.114000,0.000482,-0.061020,-0.004659,-0.005300,0.122141,0.114034,0.000482,-0.061019,-0.004659,-0.005300,4.088464e-05,0.001199
4419,3,324.0000,114.0000,-7.7500,0.048950,0.074370,-0.015010,-0.046910,-0.000419,-0.010150,0.048954,0.074365,-0.015014,-0.046907,-0.000419,-0.010149,4.726040e-06,0.000139
4420,3,348.0000,114.0000,-7.7500,0.034000,0.073560,0.006542,-0.019780,0.005625,-0.024700,0.033999,0.073556,0.006542,-0.019785,0.005625,-0.024702,4.892605e-06,0.000143
4421,3,252.0000,54.0000,-15.2500,-0.209400,-0.180000,-0.621600,-0.056220,0.007296,0.303000,-0.209421,-0.179969,-0.621562,-0.056218,0.007296,0.303028,3.814324e-05,0.001118
4422,3,276.0000,54.0000,-15.2500,-0.059240,0.109300,0.025400,-0.049650,-0.004531,0.065220,-0.059239,0.109257,0.025403,-0.049652,-0.004531,0.065225,4.282985e-05,0.001256
4423,3,300.0000,54.0000,-15.2500,-0.004416,0.099220,-0.002286,-0.039940,-0.002525,-0.044290,-0.004416,0.099219,-0.002286,-0.039942,-0.002525,-0.044289,1.648530e-06,0.000048
4424,3,324.0000,54.0000,-15.2500,0.011070,0.087310,-0.022390,-0.027840,0.001045,-0.008994,0.011072,0.087313,-0.022389,-0.027839,0.001045,-0.008994,2.631851e-06,0.000077
4425,3,348.0000,54.0000,-15.2500,0.047780,0.125600,0.022610,-0.010640,0.005674,-0.054480,0.047782,0.125595,0.022606,-0.010645,0.005674,-0.054481,5.188450e-06,0.000152
4426,3,252.0000,66.0000,-15.2500,-0.200800,-0.173000,-0.596000,-0.066760,0.003017,0.291700,-0.200835,-0.172978,-0.596047,-0.066761,0.003017,0.291694,4.740265e-05,0.001390
4427,3,276.0000,66.0000,-15.2500,-0.057510,0.105800,0.022720,-0.059700,-0.006704,0.064270,-0.057506,0.105781,0.022722,-0.059699,-0.006704,0.064268,1.939477e-05,0.000569
4428,3,300.0000,66.0000,-15.2500,-0.004583,0.095520,-0.002489,-0.048220,-0.003392,-0.041790,-0.004583,0.095519,-0.002489,-0.048220,-0.003392,-0.041792,1.726658e-06,0.000051
4429,3,324.0000,66.0000,-15.2500,0.011090,0.083240,-0.021760,-0.033590,0.001165,-0.008228,0.011088,0.083242,-0.021758,-0.033595,0.001165,-0.008228,4.610906e-06,0.000135
4430,3,348.0000,66.0000,-15.2500,0.046480,0.118400,0.021500,-0.012890,0.006762,-0.052550,0.046475,0.118447,0.021495,-0.012888,0.006762,-0.052549,4.680309e-05,0.001372
4431,3,252.0000,78.0000,-15.2500,-0.191700,-0.163700,-0.569200,-0.075250,-0.006701,0.284400,-0.191748,-0.163714,-0.569179,-0.075251,-0.006701,0.284403,4.828493e-05,0.001416
4432,3,276.0000,78.0000,-15.2500,-0.055700,0.102300,0.021740,-0.069240,-0.008637,0.064340,-0.055700,0.102282,0.021738,-0.069238,-0.008637,0.064336,1.760816e-05,0.000516
4433,3,300.0000,78.0000,-15.2500,-0.004444,0.090990,-0.002894,-0.056230,-0.004001,-0.039090,-0.004444,0.090988,-0.002894,-0.056233,-0.004001,-0.039094,3.765953e-06,0.000110
4434,3,324.0000,78.0000,-15.2500,0.011140,0.078190,-0.021180,-0.038990,0.001221,-0.007164,0.011145,0.078189,-0.021179,-0.038988,0.001221,-0.007164,4.554601e-06,0.000134
4435,3,348.0000,78.0000,-15.2500,0.045120,0.109900,0.020240,-0.015000,0.007757,-0.050250,0.045119,0.109938,0.020237,-0.014996,0.007757,-0.050246,3.776453e-05,0.001107
4436,3,252.0000,90.0000,-15.2500,-0.196900,-0.170100,-0.558900,-0.082140,-0.022670,0.285600,-0.196886,-0.170117,-0.558873,-0.082143,-0.022666,0.285582,2.680627e-05,0.000786
4437,3,276.0000,90.0000,-15.2500,-0.054640,0.097930,0.023660,-0.078410,-0.009330,0.065610,-0.054641,0.097925,0.023656,-0.078414,-0.009330,0.065607,4.998757e-06,0.000147
4438,3,300.0000,90.0000,-15.2500,-0.002641,0.086460,-0.002361,-0.064000,-0.003958,-0.036960,-0.002641,0.086464,-0.002361,-0.064003,-0.003958,-0.036955,4.691373e-06,0.000138
4439,3,324.0000,90.0000,-15.2500,0.011680,0.072310,-0.020630,-0.043820,0.001237,-0.005636,0.011682,0.072307,-0.020628,-0.043817,0.001237,-0.005636,3.137330e-06,0.000092
4440,3,348.0000,90.0000,-15.2500,0.043660,0.100300,0.018930,-0.016820,0.008734,-0.047600,0.043659,0.100318,0.018934,-0.016822,0.008734,-0.047602,1.762433e-05,0.000517
4441,3,252.0000,102.0000,-15.2500,-0.211700,-0.168800,-0.576500,-0.092550,-0.025790,0.295400,-0.211701,-0.168844,-0.576511,-0.092550,-0.025795,0.295385,4.381434e-05,0.001285
4442,3,276.0000,102.0000,-15.2500,-0.053230,0.094130,0.029420,-0.088160,-0.006371,0.065790,-0.053228,0.094127,0.029420,-0.088157,-0.006371,0.065790,3.333797e-06,0.000098
4443,3,300.0000,102.0000,-15.2500,0.001432,0.080460,-0.000748,-0.070960,-0.003973,-0.035630,0.001432,0.080459,-0.000748,-0.070963,-0.003973,-0.035630,3.464790e-06,0.000102
4444,3,324.0000,102.0000,-15.2500,0.012260,0.065070,-0.020510,-0.047680,0.001250,-0.003494,0.012258,0.065065,-0.020507,-0.047683,0.001250,-0.003494,4.725569e-06,0.000139
4445,3,348.0000,102.0000,-15.2500,0.042150,0.089640,0.017350,-0.018250,0.009731,-0.044780,0.042148,0.089643,0.017346,-0.018251,0.009731,-0.044781,3.877461e-06,0.000114
4446,3,252.0000,114.0000,-15.2500,-0.223400,-0.148300,-0.600600,-0.121100,0.037890,0.293100,-0.223433,-0.148349,-0.600568,-0.121117,0.037887,0.293081,4.905355e-05,0.001438
4447,3,276.0000,114.0000,-15.2500,-0.046200,0.086920,0.037980,-0.099730,0.001160,0.057760,-0.046198,0.086925,0.037976,-0.099727,0.001160,0.057762,4.950479e-06,0.000145
4448,3,300.0000,114.0000,-15.2500,0.007472,0.073470,0.002070,-0.075230,-0.005888,-0.031900,0.007472,0.073468,0.002070,-0.075227,-0.005888,-0.031900,3.191989e-06,0.000094
4449,3,324.0000,114.0000,-15.2500,0.012800,0.057190,-0.019610,-0.050580,0.001699,-0.001615,0.012803,0.057190,-0.019609,-0.050576,0.001699,-0.001615,3.854789e-06,0.000113
4450,3,348.0000,114.0000,-15.2500,0.043400,0.079620,0.017040,-0.019010,0.010720,-0.042030,0.043396,0.079620,0.017039,-0.019012,0.010720,-0.042026,4.306082e-06,0.000126
4451,4,252.0000,54.0000,-36.5000,-0.021170,-0.011550,-0.097430,-0.013070,0.014450,0.110300,-0.021171,-0.011552,-0.097432,-0.013068,0.014453,0.110303,3.100452e-06,0.000091
4452,4,276.0000,54.0000,-36.5000,-0.053490,-0.019180,-0.066800,-0.012010,0.009085,0.074880,-0.053492,-0.019175,-0.066803,-0.012012,0.009085,0.074880,4.540442e-06,0.000133
4453,4,300.0000,54.0000,-36.5000,-0.040490,-0.006384,-0.034620,-0.009594,0.006310,0.038210,-0.040489,-0.006384,-0.034623,-0.009594,0.006310,0.038214,3.815391e-06,0.000112
4454,4,324.0000,54.0000,-36.5000,-0.016160,0.008194,-0.016050,-0.006404,0.005629,0.017710,-0.016165,0.008194,-0.016053,-0.006404,0.005629,0.017713,4.877302e-06,0.000143
4455,4,348.0000,54.0000,-36.5000,0.009898,0.022740,-0.008667,-0.002352,0.006774,0.002443,0.009898,0.022742,-0.008667,-0.002352,0.006774,0.002443,2.100838e-06,0.000062
4456,4,252.0000,66.0000,-36.5000,-0.020050,-0.009967,-0.093680,-0.015710,0.017220,0.106700,-0.020049,-0.009967,-0.093675,-0.015706,0.017222,0.106732,3.176196e-05,0.000931
4457,4,276.0000,66.0000,-36.5000,-0.051250,-0.017640,-0.064060,-0.014550,0.011190,0.072450,-0.051248,-0.017641,-0.064064,-0.014552,0.011190,0.072452,4.200475e-06,0.000123
4458,4,300.0000,66.0000,-36.5000,-0.038880,-0.005905,-0.033240,-0.011640,0.007783,0.036860,-0.038882,-0.005905,-0.033243,-0.011640,0.007783,0.036860,2.602460e-06,0.000076
4459,4,324.0000,66.0000,-36.5000,-0.015530,0.007659,-0.015580,-0.007770,0.006810,0.017030,-0.015530,0.007659,-0.015579,-0.007770,0.006810,0.017033,3.344356e-06,0.000098
4460,4,348.0000,66.0000,-36.5000,0.009552,0.021150,-0.008718,-0.002865,0.008080,0.002341,0.009552,0.021151,-0.008718,-0.002865,0.008080,0.002341,1.062094e-06,0.000031
4461,4,252.0000,78.0000,-36.5000,-0.018240,-0.007257,-0.088790,-0.018340,0.019950,0.103100,-0.018237,-0.007257,-0.088788,-0.018344,0.019953,0.103077,2.291539e-05,0.000672
4462,4,276.0000,78.0000,-36.5000,-0.048540,-0.015750,-0.060660,-0.017110,0.013590,0.069600,-0.048537,-0.015755,-0.060656,-0.017113,0.013585,0.069599,4.533343e-06,0.000133
4463,4,300.0000,78.0000,-36.5000,-0.036890,-0.005349,-0.031500,-0.013650,0.009370,0.035140,-0.036886,-0.005349,-0.031499,-0.013648,0.009370,0.035136,4.384426e-06,0.000129
4464,4,324.0000,78.0000,-36.5000,-0.014690,0.007022,-0.014980,-0.009076,0.007934,0.016180,-0.014692,0.007022,-0.014976,-0.009076,0.007934,0.016179,4.330611e-06,0.000127
4465,4,348.0000,78.0000,-36.5000,0.009209,0.019250,-0.008781,-0.003357,0.009259,0.002210,0.009209,0.019255,-0.008781,-0.003357,0.009259,0.002210,4.846715e-06,0.000142
4466,4,252.0000,90.0000,-36.5000,-0.015010,-0.002485,-0.081910,-0.021300,0.023860,0.099460,-0.015013,-0.002485,-0.081908,-0.021299,0.023857,0.099456,4.358325e-06,0.000128
4467,4,276.0000,90.0000,-36.5000,-0.045270,-0.013630,-0.056420,-0.019790,0.016590,0.066120,-0.045275,-0.013634,-0.056424,-0.019792,0.016589,0.066122,4.837262e-06,0.000142
4468,4,300.0000,90.0000,-36.5000,-0.034470,-0.004859,-0.029390,-0.015590,0.011030,0.032920,-0.034471,-0.004859,-0.029389,-0.015594,0.011030,0.032915,4.666433e-06,0.000137
4469,4,324.0000,90.0000,-36.5000,-0.013580,0.006282,-0.014220,-0.010280,0.008957,0.015140,-0.013577,0.006282,-0.014222,-0.010277,0.008957,0.015143,3.460532e-06,0.000101
4470,4,348.0000,90.0000,-36.5000,0.008874,0.017060,-0.008873,-0.003796,0.010270,0.002050,0.008874,0.017061,-0.008873,-0.003796,0.010275,0.002050,4.511868e-06,0.000132
4471,4,252.0000,102.0000,-36.5000,-0.010590,0.003381,-0.072670,-0.025000,0.031370,0.094920,-0.010586,0.003381,-0.072672,-0.025001,0.031366,0.094921,3.686763e-06,0.000108
4472,4,276.0000,102.0000,-36.5000,-0.041500,-0.011900,-0.051360,-0.022620,0.020450,0.061360,-0.041497,-0.011904,-0.051356,-0.022616,0.020455,0.061364,4.574614e-06,0.000134
4473,4,300.0000,102.0000,-36.5000,-0.031510,-0.004527,-0.026890,-0.017390,0.012570,0.030120,-0.031511,-0.004527,-0.026885,-0.017393,0.012568,0.030120,4.627198e-06,0.000136
4474,4,324.0000,102.0000,-36.5000,-0.012090,0.005452,-0.013300,-0.011280,0.009827,0.013940,-0.012093,0.005452,-0.013297,-0.011284,0.009827,0.013943,4.094925e-06,0.000120
4475,4,348.0000,102.0000,-36.5000,0.008549,0.014610,-0.009011,-0.004131,0.011090,0.001867,0.008549,0.014607,-0.009011,-0.004131,0.011094,0.001867,4.494987e-06,0.000132
4476,4,252.0000,114.0000,-36.5000,-0.007161,0.005635,-0.062200,-0.029590,0.044600,0.086700,-0.007161,0.005635,-0.062197,-0.029585,0.044597,0.086704,4.880663e-06,0.000143
4477,4,276.0000,114.0000,-36.5000,-0.037290,-0.011510,-0.045600,-0.025430,0.024800,0.054140,-0.037289,-0.011508,-0.045596,-0.025431,0.024803,0.054136,4.151309e-06,0.000122
4478,4,300.0000,114.0000,-36.5000,-0.027480,-0.004157,-0.023790,-0.018890,0.013550,0.026940,-0.027485,-0.004157,-0.023792,-0.018892,0.013552,0.026938,4.815500e-06,0.000141
4479,4,324.0000,114.0000,-36.5000,-0.010510,0.004314,-0.012430,-0.011970,0.010500,0.012610,-0.010510,0.004314,-0.012430,-0.011968,0.010500,0.012611,1.981871e-06,0.000058
4480,4,348.0000,114.0000,-36.5000,0.008449,0.012030,-0.009101,-0.004296,0.011650,0.001667,0.008449,0.012027,-0.009101,-0.004296,0.011649,0.001667,2.635563e-06,0.000077
4481,2,252.0000,132.0000,-2.0000,-0.090230,-0.089690,-0.335900,-0.054190,0.088860,0.088810,-0.090228,-0.089686,-0.335908,-0.054188,0.088855,0.088814,7.734957e-06,0.000227
4482,2,276.0000,132.0000,-2.0000,0.186400,0.184500,0.116400,-0.054140,-0.019880,-0.038440,0.186430,0.184539,0.116364,-0.054138,-0.019877,-0.038437,3.904125e-05,0.001145
4483,2,300.0000,132.0000,-2.0000,0.092110,0.079360,-0.040270,-0.050690,0.000052,0.016270,0.092108,0.079361,-0.040271,-0.050690,0.000052,0.016265,4.724660e-06,0.000139
4484,2,324.0000,132.0000,-2.0000,0.104600,0.103800,0.017640,-0.044260,-0.000770,-0.010460,0.104617,0.103807,0.017639,-0.044258,-0.000770,-0.010462,1.704873e-05,0.000500
4485,2,348.0000,132.0000,-2.0000,0.030840,0.057860,-0.007647,-0.021970,0.001204,-0.004323,0.030839,0.057859,-0.007647,-0.021971,0.001204,-0.004323,1.488582e-06,0.000044
4486,2,252.0000,156.0000,-2.0000,0.184400,0.187100,0.116400,-0.054300,-0.038420,-0.019920,0.184383,0.187144,0.116381,-0.054295,-0.038417,-0.019924,4.359546e-05,0.001278
4487,2,276.0000,156.0000,-2.0000,0.092590,0.092920,-0.019810,-0.050020,0.007357,0.007340,0.092589,0.092917,-0.019815,-0.050017,0.007357,0.007340,4.603464e-06,0.000135
4488,2,300.0000,156.0000,-2.0000,0.100100,0.096150,0.000682,-0.046910,-0.000147,-0.001095,0.100135,0.096149,0.000682,-0.046912,-0.000147,-0.001095,3.520498e-05,0.001032
4489,2,324.0000,156.0000,-2.0000,0.079790,0.082790,0.002106,-0.038710,0.000996,-0.002653,0.079786,0.082792,0.002106,-0.038711,0.000996,-0.002653,3.634475e-06,0.000107
4490,2,348.0000,156.0000,-2.0000,0.028620,0.049730,-0.005762,-0.018810,0.002916,-0.004713,0.028623,0.049730,-0.005762,-0.018813,0.002916,-0.004713,3.233726e-06,0.000095
4491,2,252.0000,180.0000,-2.0000,0.079440,0.092710,-0.040270,-0.050960,0.016260,0.000017,0.079435,0.092713,-0.040272,-0.050957,0.016258,0.000017,4.620216e-06,0.000135
4492,2,276.0000,180.0000,-2.0000,0.096060,0.100400,0.000678,-0.047020,-0.001090,-0.000162,0.096065,0.100443,0.000678,-0.047025,-0.001090,-0.000162,4.295260e-05,0.001259
4493,2,300.0000,180.0000,-2.0000,0.091740,0.091860,0.001651,-0.039880,0.000085,0.000080,0.091745,0.091860,0.001651,-0.039884,0.000085,0.000080,4.635051e-06,0.000136
4494,2,324.0000,180.0000,-2.0000,0.075270,0.084280,0.002736,-0.027450,0.001222,-0.001131,0.075265,0.084281,0.002736,-0.027452,0.001222,-0.001131,4.828744e-06,0.000142
4495,2,348.0000,180.0000,-2.0000,0.031150,0.054260,-0.002830,-0.011770,0.002153,-0.004417,0.031154,0.054255,-0.002830,-0.011773,0.002153,-0.004417,4.688545e-06,0.000137
4496,2,252.0000,204.0000,-2.0000,0.104000,0.105000,0.017650,-0.044530,-0.010470,-0.000795,0.104001,0.104988,0.017647,-0.044534,-0.010473,-0.000795,1.156680e-05,0.000339
4497,2,276.0000,204.0000,-2.0000,0.082810,0.079950,0.002092,-0.038860,-0.002658,0.000987,0.082811,0.079948,0.002092,-0.038855,-0.002658,0.000987,4.616636e-06,0.000135
4498,2,300.0000,204.0000,-2.0000,0.084270,0.075330,0.002737,-0.027500,-0.001129,0.001222,0.084266,0.075330,0.002737,-0.027497,-0.001129,0.001222,3.626624e-06,0.000106
4499,2,324.0000,204.0000,-2.0000,0.070750,0.070760,0.004536,-0.013760,-0.001018,-0.001020,0.070752,0.070761,0.004536,-0.013764,-0.001018,-0.001020,3.812346e-06,0.000112
4500,2,348.0000,204.0000,-2.0000,0.030450,0.046990,-0.001639,-0.002043,-0.000979,-0.004017,0.030447,0.046988,-0.001639,-0.002043,-0.000979,-0.004017,3.032499e-06,0.000089
4501,2,252.0000,228.0000,-2.0000,0.057990,0.030950,-0.007667,-0.022100,-0.004339,0.001194,0.057985,0.030945,-0.007667,-0.022100,-0.004339,0.001194,4.867075e-06,0.000143
4502,2,276.0000,228.0000,-2.0000,0.049700,0.028660,-0.005790,-0.018880,-0.004720,0.002920,0.049702,0.028657,-0.005790,-0.018877,-0.004720,0.002920,3.059692e-06,0.000090
4503,2,300.0000,228.0000,-2.0000,0.054240,0.031170,-0.002823,-0.011800,-0.004419,0.002159,0.054237,0.031175,-0.002823,-0.011803,-0.004419,0.002159,4.854923e-06,0.000142
4504,2,324.0000,228.0000,-2.0000,0.047010,0.030450,-0.001631,-0.002048,-0.004012,-0.000972,0.047012,0.030450,-0.001631,-0.002048,-0.004012,-0.000972,1.712393e-06,0.000050
4505,2,348.0000,228.0000,-2.0000,0.019340,0.019320,-0.004220,0.001925,-0.003715,-0.003718,0.019340,0.019316,-0.004220,0.001925,-0.003715,-0.003718,4.480805e-06,0.000131
4506,3,252.0000,132.0000,-7.7500,-0.083550,-0.082770,-0.312400,-0.140700,0.138600,0.138400,-0.083549,-0.082771,-0.312395,-0.140692,0.138573,0.138419,2.729907e-05,0.000800
4507,3,276.0000,132.0000,-7.7500,0.041030,0.101700,0.057090,-0.086130,-0.013260,-0.010890,0.041033,0.101684,0.057087,-0.086127,-0.013261,-0.010887,1.631222e-05,0.000478
4508,3,300.0000,132.0000,-7.7500,0.091780,0.091840,-0.002100,-0.058530,-0.003433,-0.002040,0.091782,0.091842,-0.002100,-0.058533,-0.003433,-0.002040,2.684643e-06,0.000079
4509,3,324.0000,132.0000,-7.7500,0.054240,0.070700,-0.007531,-0.047460,0.000594,-0.008823,0.054241,0.070703,-0.007531,-0.047455,0.000594,-0.008823,4.595615e-06,0.000135
4510,3,348.0000,132.0000,-7.7500,0.028220,0.057980,0.002703,-0.020410,0.006353,-0.020860,0.028225,0.057977,0.002703,-0.020406,0.006353,-0.020860,4.526689e-06,0.000133
4511,3,252.0000,156.0000,-7.7500,0.101300,0.041780,0.057110,-0.086340,-0.010840,-0.013380,0.101340,0.041783,0.057108,-0.086337,-0.010844,-0.013381,3.983684e-05,0.001168
4512,3,276.0000,156.0000,-7.7500,0.064200,0.064580,-0.008045,-0.068190,0.001959,0.001915,0.064197,0.064585,-0.008045,-0.068194,0.001959,0.001915,4.599873e-06,0.000135
4513,3,300.0000,156.0000,-7.7500,0.064090,0.070010,-0.002600,-0.055980,-0.000982,0.002107,0.064095,0.070008,-0.002600,-0.055977,-0.000982,0.002107,4.885291e-06,0.000143
4514,3,324.0000,156.0000,-7.7500,0.059350,0.066360,-0.000139,-0.040880,0.002219,-0.006543,0.059353,0.066361,-0.000139,-0.040876,0.002219,-0.006543,3.735840e-06,0.000110
4515,3,348.0000,156.0000,-7.7500,0.023070,0.042600,-0.000465,-0.017340,0.007472,-0.016800,0.023065,0.042603,-0.000465,-0.017336,0.007472,-0.016802,4.542323e-06,0.000133
4516,3,252.0000,180.0000,-7.7500,0.091790,0.092320,-0.002096,-0.058840,-0.002043,-0.003514,0.091787,0.092318,-0.002096,-0.058842,-0.002043,-0.003514,2.871409e-06,0.000084
4517,3,276.0000,180.0000,-7.7500,0.069870,0.064390,-0.002600,-0.056100,0.002116,-0.001014,0.069867,0.064389,-0.002600,-0.056097,0.002116,-0.001014,3.389389e-06,0.000099
4518,3,300.0000,180.0000,-7.7500,0.059010,0.059140,-0.004784,-0.044780,0.004742,0.004736,0.059007,0.059136,-0.004784,-0.044780,0.004742,0.004736,4.414319e-06,0.000129
4519,3,324.0000,180.0000,-7.7500,0.059680,0.063000,-0.002201,-0.028510,0.006648,-0.004094,0.059676,0.062999,-0.002201,-0.028510,0.006648,-0.004094,3.795156e-06,0.000111
4520,3,348.0000,180.0000,-7.7500,0.020480,0.036730,-0.004990,-0.010880,0.009717,-0.014960,0.020484,0.036734,-0.004990,-0.010884,0.009717,-0.014963,4.138339e-06,0.000121
4521,3,252.0000,204.0000,-7.7500,0.070830,0.054570,-0.007510,-0.047740,-0.008857,0.000547,0.070831,0.054570,-0.007510,-0.047741,-0.008857,0.000547,1.360282e-06,0.000040
4522,3,276.0000,204.0000,-7.7500,0.066350,0.059520,-0.000143,-0.041020,-0.006558,0.002202,0.066353,0.059518,-0.000143,-0.041016,-0.006558,0.002202,4.214466e-06,0.000124
4523,3,300.0000,204.0000,-7.7500,0.062960,0.059750,-0.002196,-0.028550,-0.004098,0.006648,0.062962,0.059750,-0.002196,-0.028551,-0.004098,0.006648,2.216179e-06,0.000065
4524,3,324.0000,204.0000,-7.7500,0.064430,0.064450,-0.000023,-0.013780,-0.002787,-0.002788,0.064427,0.064450,-0.000023,-0.013778,-0.002787,-0.002788,3.001013e-06,0.000088
4525,3,348.0000,204.0000,-7.7500,0.027040,0.044710,-0.001441,-0.001834,-0.002729,-0.014220,0.027042,0.044709,-0.001441,-0.001834,-0.002729,-0.014222,2.220393e-06,0.000065
4526,3,252.0000,228.0000,-7.7500,0.058070,0.028320,0.002709,-0.020520,-0.020910,0.006355,0.058069,0.028317,0.002709,-0.020524,-0.020910,0.006355,3.919498e-06,0.000115
4527,3,276.0000,228.0000,-7.7500,0.042550,0.023090,-0.000488,-0.017390,-0.016820,0.007478,0.042549,0.023093,-0.000488,-0.017391,-0.016821,0.007478,3.009584e-06,0.000088
4528,3,300.0000,228.0000,-7.7500,0.036670,0.020490,-0.005007,-0.010900,-0.014970,0.009728,0.036669,0.020491,-0.005007,-0.010903,-0.014965,0.009728,4.655006e-06,0.000136
4529,3,324.0000,228.0000,-7.7500,0.044690,0.027040,-0.001453,-0.001837,-0.014210,-0.002719,0.044690,0.027043,-0.001453,-0.001837,-0.014209,-0.002719,2.716591e-06,0.000080
4530,3,348.0000,228.0000,-7.7500,0.013610,0.013610,-0.001801,0.001674,-0.013760,-0.013770,0.013609,0.013605,-0.001801,0.001674,-0.013764,-0.013775,4.800365e-06,0.000141
4531,3,252.0000,132.0000,-15.2500,-0.085040,-0.083900,-0.289600,-0.163400,0.146800,0.146500,-0.085038,-0.083904,-0.289557,-0.163427,0.146763,0.146541,4.267941e-05,0.001251
4532,3,276.0000,132.0000,-15.2500,-0.012460,0.056870,0.014820,-0.115000,0.000049,0.031080,-0.012463,0.056874,0.014820,-0.115048,0.000049,0.031076,4.813431e-05,0.001411
4533,3,300.0000,132.0000,-15.2500,0.008064,0.053630,-0.000765,-0.076460,-0.005223,-0.015840,0.008064,0.053634,-0.000765,-0.076463,-0.005223,-0.015837,4.468164e-06,0.000131
4534,3,324.0000,132.0000,-15.2500,0.016740,0.046720,-0.016960,-0.051450,0.002848,0.000708,0.016740,0.046720,-0.016955,-0.051447,0.002848,0.000708,4.845106e-06,0.000142
4535,3,348.0000,132.0000,-15.2500,0.043550,0.063140,0.013380,-0.020040,0.012100,-0.037630,0.043548,0.063144,0.013381,-0.020043,0.012098,-0.037630,3.565945e-06,0.000105
4536,3,252.0000,156.0000,-15.2500,0.056240,-0.011680,0.014820,-0.115300,0.031140,-0.000123,0.056237,-0.011685,0.014815,-0.115335,0.031140,-0.000123,3.491135e-05,0.001023
4537,3,276.0000,156.0000,-15.2500,0.023750,0.024230,-0.007436,-0.092980,0.005361,0.005294,0.023752,0.024226,-0.007436,-0.092976,0.005361,0.005294,4.495492e-06,0.000132
4538,3,300.0000,156.0000,-15.2500,0.015110,0.035690,-0.000815,-0.068860,0.001445,0.001479,0.015105,0.035690,-0.000815,-0.068858,0.001445,0.001479,4.580959e-06,0.000134
4539,3,324.0000,156.0000,-15.2500,0.024580,0.037070,-0.013870,-0.044400,0.007130,0.004124,0.024584,0.037066,-0.013867,-0.044397,0.007130,0.004124,3.530540e-06,0.000104
4540,3,348.0000,156.0000,-15.2500,0.044510,0.046590,0.009483,-0.016640,0.014530,-0.032760,0.044508,0.046590,0.009483,-0.016638,0.014534,-0.032762,4.433059e-06,0.000130
4541,3,252.0000,180.0000,-15.2500,0.053400,0.008518,-0.000749,-0.076830,-0.015840,-0.005341,0.053395,0.008518,-0.000749,-0.076835,-0.015844,-0.005341,4.890484e-06,0.000143
4542,3,276.0000,180.0000,-15.2500,0.035470,0.015390,-0.000808,-0.068990,0.001494,0.001397,0.035471,0.015391,-0.000808,-0.068989,0.001494,0.001397,1.327092e-06,0.000039
4543,3,300.0000,180.0000,-15.2500,0.026080,0.026220,-0.000476,-0.051290,0.007086,0.007074,0.026075,0.026224,-0.000476,-0.051294,0.007086,0.007074,4.541951e-06,0.000133
4544,3,324.0000,180.0000,-15.2500,0.030570,0.029720,-0.015390,-0.030450,0.009691,0.007018,0.030569,0.029724,-0.015391,-0.030447,0.009691,0.007018,4.308570e-06,0.000126
4545,3,348.0000,180.0000,-15.2500,0.046250,0.037160,0.005764,-0.009984,0.013470,-0.030800,0.046252,0.037158,0.005764,-0.009984,0.013469,-0.030795,4.586707e-06,0.000134
4546,3,252.0000,204.0000,-15.2500,0.046710,0.016960,-0.016960,-0.051750,0.000687,0.002786,0.046714,0.016961,-0.016964,-0.051752,0.000687,0.002786,4.028680e-06,0.000118
4547,3,276.0000,204.0000,-15.2500,0.036990,0.024720,-0.013880,-0.044530,0.004120,0.007110,0.036992,0.024720,-0.013882,-0.044533,0.004120,0.007110,3.035188e-06,0.000089
4548,3,300.0000,204.0000,-15.2500,0.029650,0.030640,-0.015390,-0.030480,0.007019,0.009696,0.029652,0.030644,-0.015394,-0.030482,0.007019,0.009696,4.087797e-06,0.000120
4549,3,324.0000,204.0000,-15.2500,0.033970,0.034010,-0.030090,-0.013890,0.008629,0.008637,0.033972,0.034014,-0.030091,-0.013894,0.008629,0.008637,4.397258e-06,0.000129
4550,3,348.0000,204.0000,-15.2500,0.047510,0.045700,-0.008459,-0.001366,0.009047,-0.030500,0.047513,0.045702,-0.008459,-0.001366,0.009047,-0.030496,4.033723e-06,0.000118
4551,3,252.0000,228.0000,-15.2500,0.063220,0.043690,0.013430,-0.020160,-0.037720,0.012100,0.063224,0.043691,0.013430,-0.020159,-0.037719,0.012104,4.116534e-06,0.000121
4552,3,276.0000,228.0000,-15.2500,0.046530,0.044570,0.009484,-0.016680,-0.032800,0.014550,0.046528,0.044573,0.009484,-0.016684,-0.032802,0.014552,4.124049e-06,0.000121
4553,3,300.0000,228.0000,-15.2500,0.037070,0.046280,0.005757,-0.009993,-0.030810,0.013490,0.037066,0.046275,0.005757,-0.009993,-0.030806,0.013493,4.551054e-06,0.000133
4554,3,324.0000,228.0000,-15.2500,0.045630,0.047510,-0.008483,-0.001364,-0.030480,0.009073,0.045631,0.047508,-0.008483,-0.001364,-0.030485,0.009073,4.919895e-06,0.000144
4555,3,348.0000,228.0000,-15.2500,0.066180,0.066200,0.017620,0.003919,-0.033960,-0.033970,0.066177,0.066196,0.017617,0.003919,-0.033964,-0.033968,4.228394e-06,0.000124
4556,4,252.0000,132.0000,-36.5000,-0.010790,-0.010490,-0.050340,-0.035160,0.058420,0.058500,-0.010793,-0.010494,-0.050337,-0.035159,0.058419,0.058503,3.502789e-06,0.000103
4557,4,276.0000,132.0000,-36.5000,-0.026030,-0.012050,-0.034330,-0.028420,0.026500,0.040090,-0.026034,-0.012048,-0.034326,-0.028417,0.026503,0.040086,4.097508e-06,0.000120
4558,4,300.0000,132.0000,-36.5000,-0.019680,-0.004371,-0.018750,-0.019820,0.014270,0.021700,-0.019677,-0.004371,-0.018751,-0.019823,0.014273,0.021699,3.231654e-06,0.000095
4559,4,324.0000,132.0000,-36.5000,-0.007707,0.002540,-0.011120,-0.012220,0.010850,0.010530,-0.007707,0.002540,-0.011123,-0.012224,0.010847,0.010532,4.355519e-06,0.000128
4560,4,348.0000,132.0000,-36.5000,0.008144,0.008076,-0.009503,-0.004572,0.011860,0.001327,0.008144,0.008076,-0.009503,-0.004572,0.011860,0.001327,4.457632e-07,0.000013
4561,4,252.0000,156.0000,-36.5000,-0.012250,-0.025870,-0.034360,-0.028490,0.040080,0.026570,-0.012246,-0.025872,-0.034359,-0.028491,0.040083,0.026575,4.657121e-06,0.000137
4562,4,276.0000,156.0000,-36.5000,-0.012490,-0.012370,-0.020920,-0.023830,0.023250,0.023270,-0.012486,-0.012368,-0.020918,-0.023827,0.023250,0.023272,4.237681e-06,0.000124
4563,4,300.0000,156.0000,-36.5000,-0.009999,-0.004484,-0.012820,-0.017220,0.013460,0.015150,-0.009999,-0.004484,-0.012819,-0.017216,0.013458,0.015151,4.117895e-06,0.000121
4564,4,324.0000,156.0000,-36.5000,-0.003845,0.000678,-0.009647,-0.010540,0.010380,0.007954,-0.003845,0.000678,-0.009647,-0.010541,0.010376,0.007954,4.401784e-06,0.000129
4565,4,348.0000,156.0000,-36.5000,0.007881,0.003576,-0.010270,-0.003757,0.011060,0.000922,0.007881,0.003576,-0.010269,-0.003757,0.011060,0.000922,6.847918e-07,0.000020
4566,4,252.0000,180.0000,-36.5000,-0.004469,-0.019600,-0.018780,-0.019920,0.021720,0.014320,-0.004469,-0.019604,-0.018777,-0.019915,0.021718,0.014322,4.970356e-06,0.000146
4567,4,276.0000,180.0000,-36.5000,-0.004548,-0.009940,-0.012830,-0.017250,0.015150,0.013480,-0.004548,-0.009940,-0.012826,-0.017247,0.015148,0.013482,4.057216e-06,0.000119
4568,4,300.0000,180.0000,-36.5000,-0.003257,-0.003221,-0.009196,-0.012420,0.010480,0.010490,-0.003257,-0.003221,-0.009196,-0.012415,0.010477,0.010490,4.602998e-06,0.000135
4569,4,324.0000,180.0000,-36.5000,-0.000384,0.000295,-0.009014,-0.007158,0.008404,0.006030,-0.000384,0.000295,-0.009014,-0.007158,0.008404,0.006030,4.478873e-07,0.000013
4570,4,348.0000,180.0000,-36.5000,0.008794,0.001894,-0.010850,-0.002165,0.008759,0.000672,0.008794,0.001894,-0.010852,-0.002165,0.008759,0.000672,2.301602e-06,0.000067
4571,4,252.0000,204.0000,-36.5000,0.002513,-0.007681,-0.011140,-0.012300,0.010550,0.010890,0.002513,-0.007681,-0.011142,-0.012296,0.010546,0.010888,3.952949e-06,0.000116
4572,4,276.0000,204.0000,-36.5000,0.000648,-0.003824,-0.009658,-0.010570,0.007954,0.010410,0.000648,-0.003824,-0.009658,-0.010571,0.007954,0.010405,4.516393e-06,0.000132
4573,4,300.0000,204.0000,-36.5000,0.000272,-0.000370,-0.009019,-0.007166,0.006024,0.008425,0.000272,-0.000370,-0.009019,-0.007166,0.006024,0.008425,4.596090e-07,0.000013
4574,4,324.0000,204.0000,-36.5000,0.002425,0.002437,-0.009781,-0.003183,0.005146,0.005159,0.002425,0.002437,-0.009781,-0.003183,0.005146,0.005159,4.950886e-07,0.000015
4575,4,348.0000,204.0000,-36.5000,0.010660,0.004671,-0.011550,-0.000243,0.005263,0.000579,0.010660,0.004671,-0.011548,-0.000243,0.005263,0.000579,1.778232e-06,0.000052
4576,4,252.0000,228.0000,-36.5000,0.008071,0.008165,-0.009525,-0.004598,0.001330,0.011920,0.008071,0.008165,-0.009525,-0.004598,0.001330,0.011916,3.899073e-06,0.000114
4577,4,276.0000,228.0000,-36.5000,0.003546,0.007889,-0.010290,-0.003767,0.000923,0.011110,0.003546,0.007889,-0.010290,-0.003767,0.000923,0.011106,3.708760e-06,0.000109
4578,4,300.0000,228.0000,-36.5000,0.001863,0.008796,-0.010860,-0.002166,0.000672,0.008795,0.001863,0.008796,-0.010865,-0.002166,0.000672,0.008795,4.889381e-06,0.000143
4579,4,324.0000,228.0000,-36.5000,0.004649,0.010660,-0.011550,-0.000242,0.000577,0.005289,0.004649,0.010659,-0.011553,-0.000242,0.000577,0.005289,2.770600e-06,0.000081
4580,4,348.0000,228.0000,-36.5000,0.016360,0.016370,-0.010410,0.001423,0.000673,0.000680,0.016363,0.016370,-0.010409,0.001423,0.000673,0.000680,3.338872e-06,0.000098
