
 Rigid Airport Pavement
                   FAASR3D (version 1.0 ) compiled 04/15/19
 n o d a l   p r i n t   o u t   f o r   t i m e   s t e p     1  ( at time  1.0000E+00 )
   node     x-disp       y-disp       z-disp
     1  -2.22707E-04  0.00000E+00 -5.28954E-03 
     2   1.90839E-04  0.00000E+00 -5.30734E-03 
     3  -2.22363E-04  7.15428E-06 -5.29351E-03 
     4   1.90840E-04 -6.75061E-06 -5.30073E-03 
     5  -2.22638E-04  1.42853E-05 -5.28080E-03 
     6   1.90838E-04 -1.35497E-05 -5.29768E-03 
     7  -2.22336E-04  2.13807E-05 -5.27403E-03 
     8   1.90782E-04 -2.02107E-05 -5.28284E-03 
     9  -2.22460E-04  2.84187E-05 -5.25366E-03 
    10   1.90761E-04 -2.68752E-05 -5.26959E-03 
    11  -2.22115E-04  3.53995E-05 -5.23733E-03 
    12   1.90676E-04 -3.34882E-05 -5.24600E-03 
    13  -2.22225E-04  4.22966E-05 -5.20783E-03 
    14   1.90647E-04 -4.00192E-05 -5.22367E-03 
    15  -2.21868E-04  4.90813E-05 -5.18251E-03 
    16   1.90573E-04 -4.64443E-05 -5.19108E-03 
    17  -2.21975E-04  5.57216E-05 -5.14425E-03 
    18   1.90571E-04 -5.27469E-05 -5.15978E-03 
    19  -2.21664E-04  6.21741E-05 -5.11003E-03 
    20   1.90542E-04 -5.88705E-05 -5.11855E-03 
    21  -2.21824E-04  6.84047E-05 -5.06271E-03 
    22   1.90607E-04 -6.47253E-05 -5.07922E-03 
    23  -2.21521E-04  7.43858E-05 -5.02159E-03 
    24   1.90758E-04 -7.04767E-05 -5.02898E-03 
    25  -2.22169E-04  8.00315E-05 -4.96481E-03 
    26   1.91232E-04 -7.60108E-05 -4.98198E-03 
    27  -2.22651E-04  0.00000E+00 -5.44421E-03 
    28   1.91779E-04  0.00000E+00 -5.44655E-03 
    29  -2.22634E-04  7.14595E-06 -5.44385E-03 
    30   1.91675E-04 -6.76288E-06 -5.44222E-03 
    31  -2.22600E-04  1.42801E-05 -5.43537E-03 
    32   1.91742E-04 -1.35423E-05 -5.43690E-03 
    33  -2.22540E-04  2.13574E-05 -5.42481E-03 
    34   1.91630E-04 -2.02342E-05 -5.42398E-03 
    35  -2.22436E-04  2.83862E-05 -5.40779E-03 
    36   1.91639E-04 -2.68976E-05 -5.40893E-03 
    37  -2.22313E-04  3.53638E-05 -5.38787E-03 
    38   1.91503E-04 -3.35129E-05 -5.38711E-03 
    39  -2.22179E-04  4.22572E-05 -5.36177E-03 
    40   1.91500E-04 -4.00520E-05 -5.36293E-03 
    41  -2.22036E-04  4.90414E-05 -5.33285E-03 
    42   1.91365E-04 -4.64907E-05 -5.33211E-03 
    43  -2.21896E-04  5.56868E-05 -5.29790E-03 
    44   1.91376E-04 -5.28009E-05 -5.29902E-03 
    45  -2.21770E-04  6.21445E-05 -5.26028E-03 
    46   1.91277E-04 -5.89369E-05 -5.25946E-03 
    47  -2.21647E-04  6.83901E-05 -5.21673E-03 
    48   1.91348E-04 -6.48588E-05 -5.21806E-03 
    49  -2.21595E-04  7.44276E-05 -5.17174E-03 
    50   1.91331E-04 -7.05840E-05 -5.16964E-03 

 Rigid Airport Pavement
                   FAASR3D (version 1.0 ) compiled 04/15/19
 n o d a l   p r i n t   o u t   f o r   t i m e   s t e p     1  ( at time  1.0000E+00 )
   node     x-disp       y-disp       z-disp
    51  -2.21711E-04  8.00792E-05 -5.12182E-03 
    52   1.91611E-04 -7.60357E-05 -5.11895E-03 
    53  -2.21703E-04  0.00000E+00 -5.58885E-03 
    54   1.91123E-04  0.00000E+00 -5.59443E-03 
    55  -2.21698E-04  7.16218E-06 -5.58873E-03 
    56   1.91107E-04 -6.79065E-06 -5.59048E-03 
    57  -2.21646E-04  1.42997E-05 -5.57967E-03 
    58   1.91080E-04 -1.35840E-05 -5.58497E-03 
    59  -2.21581E-04  2.13978E-05 -5.56974E-03 
    60   1.91036E-04 -2.03008E-05 -5.57209E-03 
    61  -2.21469E-04  2.84390E-05 -5.55201E-03 
    62   1.90970E-04 -2.69902E-05 -5.55690E-03 
    63  -2.21346E-04  3.54219E-05 -5.53269E-03 
    64   1.90894E-04 -3.36220E-05 -5.53504E-03 
    65  -2.21190E-04  4.23192E-05 -5.50585E-03 
    66   1.90809E-04 -4.01742E-05 -5.51072E-03 
    67  -2.21038E-04  4.91022E-05 -5.47752E-03 
    68   1.90724E-04 -4.66201E-05 -5.47985E-03 
    69  -2.20866E-04  5.57391E-05 -5.44184E-03 
    70   1.90642E-04 -5.29340E-05 -5.44663E-03 
    71  -2.20709E-04  6.21905E-05 -5.40479E-03 
    72   1.90577E-04 -5.90789E-05 -5.40708E-03 
    73  -2.20545E-04  6.84304E-05 -5.36051E-03 
    74   1.90527E-04 -6.50173E-05 -5.36554E-03 
    75  -2.20436E-04  7.44219E-05 -5.31515E-03 
    76   1.90499E-04 -7.07465E-05 -5.31796E-03 
    77  -2.20348E-04  8.00359E-05 -5.26221E-03 
    78   1.90522E-04 -7.61440E-05 -5.26886E-03 
    79  -2.19308E-04  0.00000E+00 -5.73608E-03 
    80   1.89228E-04  0.00000E+00 -5.73861E-03 
    81  -2.19292E-04  7.18147E-06 -5.73472E-03 
    82   1.89211E-04 -6.81876E-06 -5.73528E-03 
    83  -2.19243E-04  1.43420E-05 -5.72694E-03 
    84   1.89185E-04 -1.36402E-05 -5.72905E-03 
    85  -2.19163E-04  2.14592E-05 -5.71570E-03 
    86   1.89127E-04 -2.03905E-05 -5.71677E-03 
    87  -2.19051E-04  2.85203E-05 -5.69907E-03 
    88   1.89060E-04 -2.71038E-05 -5.70095E-03 
    89  -2.18912E-04  3.55173E-05 -5.67850E-03 
    90   1.88967E-04 -3.37585E-05 -5.67959E-03 
    91  -2.18750E-04  4.24236E-05 -5.65273E-03 
    92   1.88872E-04 -4.03281E-05 -5.65460E-03 
    93  -2.18572E-04  4.92102E-05 -5.62313E-03 
    94   1.88761E-04 -4.67870E-05 -5.62421E-03 
    95  -2.18381E-04  5.58456E-05 -5.58849E-03 
    96   1.88658E-04 -5.31068E-05 -5.59033E-03 
    97  -2.18184E-04  6.22935E-05 -5.55020E-03 
    98   1.88552E-04 -5.92512E-05 -5.55123E-03 
    99  -2.17991E-04  6.85204E-05 -5.50708E-03 
   100   1.88466E-04 -6.51796E-05 -5.50888E-03 

 Rigid Airport Pavement
                   FAASR3D (version 1.0 ) compiled 04/15/19
 n o d a l   p r i n t   o u t   f o r   t i m e   s t e p     1  ( at time  1.0000E+00 )
   node     x-disp       y-disp       z-disp
   101  -2.17812E-04  7.44741E-05 -5.46088E-03 
   102   1.88394E-04 -7.08500E-05 -5.46133E-03 
   103  -2.17652E-04  8.00671E-05 -5.41081E-03 
   104   1.88359E-04 -7.62252E-05 -5.41037E-03 
   105  -2.15531E-04  0.00000E+00 -5.87818E-03 
   106   1.85995E-04  0.00000E+00 -5.88285E-03 
   107  -2.15515E-04  7.20672E-06 -5.87765E-03 
   108   1.85983E-04 -6.85237E-06 -5.87920E-03 
   109  -2.15462E-04  1.43924E-05 -5.86892E-03 
   110   1.85948E-04 -1.37041E-05 -5.87332E-03 
   111  -2.15376E-04  2.15348E-05 -5.85857E-03 
   112   1.85888E-04 -2.04852E-05 -5.86061E-03 
   113  -2.15255E-04  2.86192E-05 -5.84099E-03 
   114   1.85808E-04 -2.72299E-05 -5.84505E-03 
   115  -2.15107E-04  3.56351E-05 -5.82122E-03 
   116   1.85708E-04 -3.39098E-05 -5.82325E-03 
   117  -2.14930E-04  4.25553E-05 -5.79446E-03 
   118   1.85593E-04 -4.05002E-05 -5.79851E-03 
   119  -2.14733E-04  4.93513E-05 -5.76564E-03 
   120   1.85466E-04 -4.69746E-05 -5.76765E-03 
   121  -2.14517E-04  5.59912E-05 -5.73000E-03 
   122   1.85333E-04 -5.33050E-05 -5.73399E-03 
   123  -2.14293E-04  6.24365E-05 -5.69243E-03 
   124   1.85199E-04 -5.94537E-05 -5.69443E-03 
   125  -2.14064E-04  6.86479E-05 -5.64821E-03 
   126   1.85070E-04 -6.53766E-05 -5.65240E-03 
   127  -2.13839E-04  7.45896E-05 -5.60254E-03 
   128   1.84953E-04 -7.10687E-05 -5.60469E-03 
   129  -2.13624E-04  8.01639E-05 -5.54987E-03 
   130   1.84852E-04 -7.64292E-05 -5.55510E-03 
   131  -2.10464E-04  0.00000E+00 -6.01977E-03 
   132   1.81546E-04  0.00000E+00 -6.02237E-03 
   133  -2.10446E-04  7.23604E-06 -6.01832E-03 
   134   1.81531E-04 -6.88449E-06 -6.01912E-03 
   135  -2.10390E-04  1.44519E-05 -6.01057E-03 
   136   1.81493E-04 -1.37733E-05 -6.01273E-03 
   137  -2.10297E-04  2.16220E-05 -5.99915E-03 
   138   1.81426E-04 -2.05903E-05 -6.00043E-03 
   139  -2.10170E-04  2.87318E-05 -5.98243E-03 
   140   1.81338E-04 -2.73645E-05 -5.98438E-03 
   141  -2.10010E-04  3.57706E-05 -5.96161E-03 
   142   1.81225E-04 -3.40722E-05 -5.96291E-03 
   143  -2.09820E-04  4.27095E-05 -5.93569E-03 
   144   1.81097E-04 -4.06862E-05 -5.93763E-03 
   145  -2.09605E-04  4.95208E-05 -5.90579E-03 
   146   1.80950E-04 -4.71808E-05 -5.90707E-03 
   147  -2.09369E-04  5.61711E-05 -5.87094E-03 
   148   1.80794E-04 -5.35254E-05 -5.87285E-03 
   149  -2.09118E-04  6.26205E-05 -5.83231E-03 
   150   1.80630E-04 -5.96811E-05 -5.83355E-03 

 Rigid Airport Pavement
                   FAASR3D (version 1.0 ) compiled 04/15/19
 n o d a l   p r i n t   o u t   f o r   t i m e   s t e p     1  ( at time  1.0000E+00 )
   node     x-disp       y-disp       z-disp
   151  -2.08855E-04  6.88341E-05 -5.78896E-03 
   152   1.80466E-04 -6.56046E-05 -5.79088E-03 
   153  -2.08589E-04  7.47641E-05 -5.74247E-03 
   154   1.80302E-04 -7.12603E-05 -5.74312E-03 
   155  -2.08325E-04  8.03308E-05 -5.69215E-03 
   156   1.80150E-04 -7.66162E-05 -5.69190E-03 
   157  -2.04235E-04  0.00000E+00 -6.15515E-03 
   158   1.75979E-04  0.00000E+00 -6.15957E-03 
   159  -2.04216E-04  7.26886E-06 -6.15448E-03 
   160   1.75964E-04 -6.92468E-06 -6.15598E-03 
   161  -2.04156E-04  1.45157E-05 -6.14576E-03 
   162   1.75922E-04 -1.38461E-05 -6.14997E-03 
   163  -2.04059E-04  2.17173E-05 -6.13522E-03 
   164   1.75851E-04 -2.06968E-05 -6.13720E-03 
   165  -2.03924E-04  2.88573E-05 -6.11755E-03 
   166   1.75754E-04 -2.75061E-05 -6.12143E-03 
   167  -2.03755E-04  3.59223E-05 -6.09751E-03 
   168   1.75632E-04 -3.42440E-05 -6.09948E-03 
   169  -2.03554E-04  4.28841E-05 -6.07058E-03 
   170   1.75489E-04 -4.08846E-05 -6.07446E-03 
   171  -2.03324E-04  4.97143E-05 -6.04143E-03 
   172   1.75326E-04 -4.74015E-05 -6.04337E-03 
   173  -2.03070E-04  5.63796E-05 -6.00556E-03 
   174   1.75149E-04 -5.37654E-05 -6.00937E-03 
   175  -2.02795E-04  6.28401E-05 -5.96761E-03 
   176   1.74960E-04 -5.99361E-05 -5.96955E-03 
   177  -2.02504E-04  6.90552E-05 -5.92314E-03 
   178   1.74763E-04 -6.58698E-05 -5.92716E-03 
   179  -2.02203E-04  7.49908E-05 -5.87706E-03 
   180   1.74562E-04 -7.15615E-05 -5.87917E-03 
   181  -2.01897E-04  8.05515E-05 -5.82412E-03 
   182   1.74363E-04 -7.69119E-05 -5.82922E-03 
   183  -1.96981E-04  0.00000E+00 -6.28802E-03 
   184   1.69440E-04  0.00000E+00 -6.29071E-03 
   185  -1.96960E-04  7.30283E-06 -6.28653E-03 
   186   1.69424E-04 -6.95937E-06 -6.28745E-03 
   187  -1.96898E-04  1.45847E-05 -6.27874E-03 
   188   1.69378E-04 -1.39214E-05 -6.28095E-03 
   189  -1.96796E-04  2.18204E-05 -6.26717E-03 
   190   1.69302E-04 -2.08099E-05 -6.26855E-03 
   191  -1.96656E-04  2.89924E-05 -6.25031E-03 
   192   1.69199E-04 -2.76526E-05 -6.25231E-03 
   193  -1.96479E-04  3.60877E-05 -6.22926E-03 
   194   1.69068E-04 -3.44236E-05 -6.23065E-03 
   195  -1.96269E-04  4.30763E-05 -6.20309E-03 
   196   1.68914E-04 -4.10940E-05 -6.20510E-03 
   197  -1.96027E-04  4.99298E-05 -6.17289E-03 
   198   1.68736E-04 -4.76371E-05 -6.17426E-03 
   199  -1.95757E-04  5.66152E-05 -6.13774E-03 
   200   1.68541E-04 -5.40221E-05 -6.13971E-03 

 Rigid Airport Pavement
                   FAASR3D (version 1.0 ) compiled 04/15/19
 n o d a l   p r i n t   o u t   f o r   t i m e   s t e p     1  ( at time  1.0000E+00 )
   node     x-disp       y-disp       z-disp
   201  -1.95463E-04  6.30915E-05 -6.09875E-03 
   202   1.68329E-04 -6.02095E-05 -6.10008E-03 
   203  -1.95149E-04  6.93234E-05 -6.05505E-03 
   204   1.68106E-04 -6.61558E-05 -6.05703E-03 
   205  -1.94820E-04  7.52615E-05 -6.00815E-03 
   206   1.67873E-04 -7.18230E-05 -6.00892E-03 
   207  -1.94480E-04  8.08280E-05 -5.95746E-03 
   208   1.67638E-04 -7.71800E-05 -5.95731E-03 
   209  -1.88843E-04  0.00000E+00 -6.41357E-03 
   210   1.62053E-04  0.00000E+00 -6.41788E-03 
   211  -1.88822E-04  7.34094E-06 -6.41283E-03 
   212   1.62037E-04 -7.00248E-06 -6.41429E-03 
   213  -1.88759E-04  1.46588E-05 -6.40406E-03 
   214   1.61990E-04 -1.39991E-05 -6.40818E-03 
   215  -1.88654E-04  2.19296E-05 -6.39336E-03 
   216   1.61910E-04 -2.09236E-05 -6.39530E-03 
   217  -1.88510E-04  2.91357E-05 -6.37554E-03 
   218   1.61801E-04 -2.78038E-05 -6.37934E-03 
   219  -1.88327E-04  3.62635E-05 -6.35525E-03 
   220   1.61664E-04 -3.46092E-05 -6.35718E-03 
   221  -1.88110E-04  4.32827E-05 -6.32808E-03 
   222   1.61500E-04 -4.13114E-05 -6.33188E-03 
   223  -1.87859E-04  5.01632E-05 -6.29859E-03 
   224   1.61311E-04 -4.78825E-05 -6.30050E-03 
   225  -1.87578E-04  5.68723E-05 -6.26240E-03 
   226   1.61101E-04 -5.42931E-05 -6.26615E-03 
   227  -1.87269E-04  6.33685E-05 -6.22406E-03 
   228   1.60872E-04 -6.05027E-05 -6.22596E-03 
   229  -1.86936E-04  6.96129E-05 -6.17921E-03 
   230   1.60626E-04 -6.64680E-05 -6.18316E-03 
   231  -1.86584E-04  7.55686E-05 -6.13269E-03 
   232   1.60368E-04 -7.21818E-05 -6.13477E-03 
   233  -1.86217E-04  8.11424E-05 -6.07934E-03 
   234   1.60101E-04 -7.75452E-05 -6.08438E-03 
   235  -1.79968E-04  0.00000E+00 -6.53517E-03 
   236   1.53967E-04  0.00000E+00 -6.53795E-03 
   237  -1.79947E-04  7.37859E-06 -6.53366E-03 
   238   1.53951E-04 -7.03779E-06 -6.53466E-03 
   239  -1.79883E-04  1.47364E-05 -6.52579E-03 
   240   1.53901E-04 -1.40788E-05 -6.52808E-03 
   241  -1.79777E-04  2.20444E-05 -6.51410E-03 
   242   1.53820E-04 -2.10432E-05 -6.51554E-03 
   243  -1.79630E-04  2.92858E-05 -6.49705E-03 
   244   1.53706E-04 -2.79585E-05 -6.49912E-03 
   245  -1.79445E-04  3.64478E-05 -6.47576E-03 
   246   1.53564E-04 -3.47985E-05 -6.47722E-03 
   247  -1.79222E-04  4.34992E-05 -6.44932E-03 
   248   1.53393E-04 -4.15335E-05 -6.45139E-03 
   249  -1.78966E-04  5.04096E-05 -6.41880E-03 
   250   1.53197E-04 -4.81358E-05 -6.42024E-03 

 Rigid Airport Pavement
                   FAASR3D (version 1.0 ) compiled 04/15/19
 n o d a l   p r i n t   o u t   f o r   t i m e   s t e p     1  ( at time  1.0000E+00 )
   node     x-disp       y-disp       z-disp
   251  -1.78677E-04  5.71456E-05 -6.38329E-03 
   252   1.52975E-04 -5.45734E-05 -6.38533E-03 
   253  -1.78357E-04  6.36667E-05 -6.34390E-03 
   254   1.52732E-04 -6.08067E-05 -6.34530E-03 
   255  -1.78011E-04  6.99359E-05 -6.29979E-03 
   256   1.52468E-04 -6.67915E-05 -6.30182E-03 
   257  -1.77642E-04  7.59052E-05 -6.25244E-03 
   258   1.52190E-04 -7.24899E-05 -6.25327E-03 
   259  -1.77253E-04  8.14953E-05 -6.20129E-03 
   260   1.51895E-04 -7.78703E-05 -6.20118E-03 
   261  -1.70497E-04  0.00000E+00 -6.64860E-03 
   262   1.45312E-04  0.00000E+00 -6.65295E-03 
   263  -1.70476E-04  7.42011E-06 -6.64785E-03 
   264   1.45296E-04 -7.08311E-06 -6.64932E-03 
   265  -1.70412E-04  1.48160E-05 -6.63897E-03 
   266   1.45245E-04 -1.41595E-05 -6.64315E-03 
   267  -1.70305E-04  2.21620E-05 -6.62815E-03 
   268   1.45163E-04 -2.11607E-05 -6.63012E-03 
   269  -1.70159E-04  2.94409E-05 -6.61012E-03 
   270   1.45048E-04 -2.81148E-05 -6.61399E-03 
   271  -1.69972E-04  3.66377E-05 -6.58962E-03 
   272   1.44902E-04 -3.49905E-05 -6.59157E-03 
   273  -1.69747E-04  4.37226E-05 -6.56214E-03 
   274   1.44727E-04 -4.17593E-05 -6.56600E-03 
   275  -1.69487E-04  5.06648E-05 -6.53234E-03 
   276   1.44524E-04 -4.83930E-05 -6.53428E-03 
   277  -1.69193E-04  5.74306E-05 -6.49576E-03 
   278   1.44295E-04 -5.48610E-05 -6.49956E-03 
   279  -1.68867E-04  6.39786E-05 -6.45703E-03 
   280   1.44042E-04 -6.11227E-05 -6.45896E-03 
   281  -1.68512E-04  7.02681E-05 -6.41172E-03 
   282   1.43766E-04 -6.71327E-05 -6.41572E-03 
   283  -1.68132E-04  7.62639E-05 -6.36475E-03 
   284   1.43471E-04 -7.28862E-05 -6.36685E-03 
   285  -1.67728E-04  8.18705E-05 -6.31085E-03 
   286   1.43158E-04 -7.82812E-05 -6.31599E-03 
   287  -1.60561E-04  0.00000E+00 -6.75722E-03 
   288   1.36215E-04  0.00000E+00 -6.76010E-03 
   289  -1.60539E-04  7.46019E-06 -6.75572E-03 
   290   1.36199E-04 -7.11874E-06 -6.75675E-03 
   291  -1.60476E-04  1.48969E-05 -6.74775E-03 
   292   1.36147E-04 -1.42397E-05 -6.75011E-03 
   293  -1.60370E-04  2.22816E-05 -6.73593E-03 
   294   1.36065E-04 -2.12809E-05 -6.73742E-03 
   295  -1.60224E-04  2.95976E-05 -6.71868E-03 
   296   1.35949E-04 -2.82714E-05 -6.72082E-03 
   297  -1.60039E-04  3.68309E-05 -6.69716E-03 
   298   1.35803E-04 -3.51833E-05 -6.69867E-03 
   299  -1.59814E-04  4.39508E-05 -6.67043E-03 
   300   1.35625E-04 -4.19868E-05 -6.67256E-03 

 Rigid Airport Pavement
                   FAASR3D (version 1.0 ) compiled 04/15/19
 n o d a l   p r i n t   o u t   f o r   t i m e   s t e p     1  ( at time  1.0000E+00 )
   node     x-disp       y-disp       z-disp
   301  -1.59554E-04  5.09268E-05 -6.63957E-03 
   302   1.35419E-04 -4.86534E-05 -6.64106E-03 
   303  -1.59258E-04  5.77242E-05 -6.60367E-03 
   304   1.35185E-04 -5.51515E-05 -6.60578E-03 
   305  -1.58929E-04  6.43017E-05 -6.56388E-03 
   306   1.34926E-04 -6.14406E-05 -6.56532E-03 
   307  -1.58570E-04  7.06223E-05 -6.51930E-03 
   308   1.34642E-04 -6.74756E-05 -6.52140E-03 
   309  -1.58184E-04  7.66380E-05 -6.47147E-03 
   310   1.34337E-04 -7.32183E-05 -6.47234E-03 
   311  -1.57772E-04  8.22696E-05 -6.41983E-03 
   312   1.34008E-04 -7.86385E-05 -6.41971E-03 
   313  -1.50278E-04  0.00000E+00 -6.85708E-03 
   314   1.26789E-04  0.00000E+00 -6.86154E-03 
   315  -1.50257E-04  7.50085E-06 -6.85636E-03 
   316   1.26773E-04 -7.16316E-06 -6.85784E-03 
   317  -1.50194E-04  1.49758E-05 -6.84734E-03 
   318   1.26722E-04 -1.43186E-05 -6.85163E-03 
   319  -1.50090E-04  2.24003E-05 -6.83643E-03 
   320   1.26639E-04 -2.13965E-05 -6.83843E-03 
   321  -1.49946E-04  2.97550E-05 -6.81817E-03 
   322   1.26524E-04 -2.84257E-05 -6.82214E-03 
   323  -1.49762E-04  3.70255E-05 -6.79747E-03 
   324   1.26378E-04 -3.53739E-05 -6.79946E-03 
   325  -1.49541E-04  4.41815E-05 -6.76966E-03 
   326   1.26201E-04 -4.22123E-05 -6.77362E-03 
   327  -1.49283E-04  5.11912E-05 -6.73957E-03 
   328   1.25994E-04 -4.89120E-05 -6.74153E-03 
   329  -1.48989E-04  5.80208E-05 -6.70257E-03 
   330   1.25759E-04 -5.54424E-05 -6.70647E-03 
   331  -1.48661E-04  6.46287E-05 -6.66345E-03 
   332   1.25496E-04 -6.17628E-05 -6.66541E-03 
   333  -1.48302E-04  7.09745E-05 -6.61763E-03 
   334   1.25209E-04 -6.78267E-05 -6.62174E-03 
   335  -1.47914E-04  7.70223E-05 -6.57020E-03 
   336   1.24897E-04 -7.36303E-05 -6.57235E-03 
   337  -1.47500E-04  8.26759E-05 -6.51571E-03 
   338   1.24563E-04 -7.90712E-05 -6.52098E-03 
   339  -1.39754E-04  0.00000E+00 -6.95171E-03 
   340   1.17133E-04  0.00000E+00 -6.95467E-03 
   341  -1.39733E-04  7.53899E-06 -6.95021E-03 
   342   1.17118E-04 -7.19574E-06 -6.95126E-03 
   343  -1.39672E-04  1.50552E-05 -6.94214E-03 
   344   1.17068E-04 -1.43951E-05 -6.94456E-03 
   345  -1.39571E-04  2.25183E-05 -6.93020E-03 
   346   1.16987E-04 -2.15125E-05 -6.93172E-03 
   347  -1.39430E-04  2.99107E-05 -6.91275E-03 
   348   1.16872E-04 -2.85771E-05 -6.91495E-03 
   349  -1.39250E-04  3.72184E-05 -6.89101E-03 
   350   1.16729E-04 -3.55616E-05 -6.89255E-03 

 Rigid Airport Pavement
                   FAASR3D (version 1.0 ) compiled 04/15/19
 n o d a l   p r i n t   o u t   f o r   t i m e   s t e p     1  ( at time  1.0000E+00 )
   node     x-disp       y-disp       z-disp
   351  -1.39033E-04  4.44100E-05 -6.86398E-03 
   352   1.16552E-04 -4.24348E-05 -6.86617E-03 
   353  -1.38778E-04  5.14550E-05 -6.83280E-03 
   354   1.16348E-04 -4.91684E-05 -6.83432E-03 
   355  -1.38488E-04  5.83184E-05 -6.79651E-03 
   356   1.16113E-04 -5.57303E-05 -6.79868E-03 
   357  -1.38166E-04  6.49584E-05 -6.75631E-03 
   358   1.15852E-04 -6.20794E-05 -6.75778E-03 
   359  -1.37811E-04  7.13388E-05 -6.71125E-03 
   360   1.15563E-04 -6.81710E-05 -6.71341E-03 
   361  -1.37426E-04  7.74101E-05 -6.66294E-03 
   362   1.15251E-04 -7.39666E-05 -6.66381E-03 
   363  -1.37014E-04  8.30925E-05 -6.61077E-03 
   364   1.14912E-04 -7.94372E-05 -6.61064E-03 
   365  -1.29082E-04  0.00000E+00 -7.03723E-03 
   366   1.07339E-04  0.00000E+00 -7.04182E-03 
   367  -1.29061E-04  7.57871E-06 -7.03654E-03 
   368   1.07323E-04 -7.23874E-06 -7.03805E-03 
   369  -1.29002E-04  1.51322E-05 -7.02738E-03 
   370   1.07275E-04 -1.44704E-05 -7.03180E-03 
   371  -1.28904E-04  2.26332E-05 -7.01639E-03 
   372   1.07195E-04 -2.16226E-05 -7.01844E-03 
   373  -1.28767E-04  3.00636E-05 -6.99791E-03 
   374   1.07084E-04 -2.87250E-05 -7.00199E-03 
   375  -1.28592E-04  3.74080E-05 -6.97701E-03 
   376   1.06942E-04 -3.57448E-05 -6.97904E-03 
   377  -1.28380E-04  4.46352E-05 -6.94889E-03 
   378   1.06770E-04 -4.26523E-05 -6.95295E-03 
   379  -1.28132E-04  5.17150E-05 -6.91850E-03 
   380   1.06568E-04 -4.94191E-05 -6.92051E-03 
   381  -1.27849E-04  5.86119E-05 -6.88109E-03 
   382   1.06338E-04 -5.60135E-05 -6.88510E-03 
   383  -1.27534E-04  6.52841E-05 -6.84159E-03 
   384   1.06080E-04 -6.23946E-05 -6.84360E-03 
   385  -1.27187E-04  7.16901E-05 -6.79527E-03 
   386   1.05795E-04 -6.85162E-05 -6.79950E-03 
   387  -1.26809E-04  7.77961E-05 -6.74737E-03 
   388   1.05486E-04 -7.43763E-05 -6.74957E-03 
   389  -1.26404E-04  8.35036E-05 -6.69228E-03 
   390   1.05152E-04 -7.98694E-05 -6.69771E-03 
   391  -1.18340E-04  0.00000E+00 -7.11741E-03 
   392   9.74781E-05  0.00000E+00 -7.12043E-03 
   393  -1.18320E-04  7.61577E-06 -7.11592E-03 
   394   9.74633E-05 -7.27022E-06 -7.11697E-03 
   395  -1.18263E-04  1.52079E-05 -7.10774E-03 
   396   9.74156E-05 -1.45430E-05 -7.11022E-03 
   397  -1.18168E-04  2.27462E-05 -7.09569E-03 
   398   9.73389E-05 -2.17321E-05 -7.09723E-03 
   399  -1.18036E-04  3.02124E-05 -7.07806E-03 
   400   9.72300E-05 -2.88680E-05 -7.08029E-03 

 Rigid Airport Pavement
                   FAASR3D (version 1.0 ) compiled 04/15/19
 n o d a l   p r i n t   o u t   f o r   t i m e   s t e p     1  ( at time  1.0000E+00 )
   node     x-disp       y-disp       z-disp
   401  -1.17867E-04  3.75931E-05 -7.05610E-03 
   402   9.70929E-05 -3.59223E-05 -7.05765E-03 
   403  -1.17662E-04  4.48554E-05 -7.02878E-03 
   404   9.69248E-05 -4.28634E-05 -7.03102E-03 
   405  -1.17423E-04  5.19693E-05 -6.99729E-03 
   406   9.67293E-05 -4.96633E-05 -6.99883E-03 
   407  -1.17149E-04  5.88993E-05 -6.96063E-03 
   408   9.65044E-05 -5.62884E-05 -6.96283E-03 
   409  -1.16844E-04  6.56036E-05 -6.92002E-03 
   410   9.62537E-05 -6.26984E-05 -6.92151E-03 
   411  -1.16507E-04  7.20446E-05 -6.87450E-03 
   412   9.59748E-05 -6.88474E-05 -6.87670E-03 
   413  -1.16142E-04  7.81752E-05 -6.82572E-03 
   414   9.56726E-05 -7.46989E-05 -6.82659E-03 
   415  -1.15747E-04  8.39131E-05 -6.77304E-03 
   416   9.53434E-05 -8.02230E-05 -6.77288E-03 
   417  -1.07593E-04  0.00000E+00 -7.18834E-03 
   418   8.76153E-05  0.00000E+00 -7.19304E-03 
   419  -1.07574E-04  7.65342E-06 -7.18768E-03 
   420   8.76001E-05 -7.31001E-06 -7.18921E-03 
   421  -1.07520E-04  1.52803E-05 -7.17840E-03 
   422   8.75549E-05 -1.46126E-05 -7.18292E-03 
   423  -1.07429E-04  2.28550E-05 -7.16733E-03 
   424   8.74803E-05 -2.18344E-05 -7.16941E-03 
   425  -1.07302E-04  3.03569E-05 -7.14864E-03 
   426   8.73764E-05 -2.90056E-05 -7.15281E-03 
   427  -1.07141E-04  3.77720E-05 -7.12755E-03 
   428   8.72437E-05 -3.60932E-05 -7.12963E-03 
   429  -1.06945E-04  4.50688E-05 -7.09913E-03 
   430   8.70828E-05 -4.30665E-05 -7.10329E-03 
   431  -1.06715E-04  5.22156E-05 -7.06847E-03 
   432   8.68933E-05 -4.98972E-05 -7.07052E-03 
   433  -1.06453E-04  5.91774E-05 -7.03066E-03 
   434   8.66771E-05 -5.65533E-05 -7.03477E-03 
   435  -1.06160E-04  6.59118E-05 -6.99081E-03 
   436   8.64350E-05 -6.29940E-05 -6.99285E-03 
   437  -1.05838E-04  7.23788E-05 -6.94400E-03 
   438   8.61672E-05 -6.91729E-05 -6.94834E-03 
   439  -1.05486E-04  7.85438E-05 -6.89567E-03 
   440   8.58741E-05 -7.50892E-05 -6.89791E-03 
   441  -1.05107E-04  8.43070E-05 -6.84000E-03 
   442   8.55571E-05 -8.06367E-05 -6.84556E-03 
   443  -9.68967E-05  0.00000E+00 -7.25403E-03 
   444   7.77979E-05  0.00000E+00 -7.25708E-03 
   445  -9.68794E-05  7.68704E-06 -7.25254E-03 
   446   7.77843E-05 -7.33770E-06 -7.25358E-03 
   447  -9.68269E-05  1.53502E-05 -7.24427E-03 
   448   7.77403E-05 -1.46787E-05 -7.24677E-03 
   449  -9.67403E-05  2.29595E-05 -7.23211E-03 
   450   7.76698E-05 -2.19352E-05 -7.23365E-03 

 Rigid Airport Pavement
                   FAASR3D (version 1.0 ) compiled 04/15/19
 n o d a l   p r i n t   o u t   f o r   t i m e   s t e p     1  ( at time  1.0000E+00 )
   node     x-disp       y-disp       z-disp
   451  -9.66202E-05  3.04953E-05 -7.21430E-03 
   452   7.75702E-05 -2.91369E-05 -7.21656E-03 
   453  -9.64672E-05  3.79440E-05 -7.19215E-03 
   454   7.74443E-05 -3.62558E-05 -7.19370E-03 
   455  -9.62810E-05  4.52732E-05 -7.16456E-03 
   456   7.72900E-05 -4.32600E-05 -7.16682E-03 
   457  -9.60629E-05  5.24519E-05 -7.13279E-03 
   458   7.71105E-05 -5.01209E-05 -7.13432E-03 
   459  -9.58142E-05  5.94440E-05 -7.09577E-03 
   460   7.69040E-05 -5.68058E-05 -7.09800E-03 
   461  -9.55365E-05  6.62084E-05 -7.05479E-03 
   462   7.66734E-05 -6.32727E-05 -7.05628E-03 
   463  -9.52304E-05  7.27093E-05 -7.00884E-03 
   464   7.64173E-05 -6.94780E-05 -7.01106E-03 
   465  -9.48961E-05  7.88976E-05 -6.95962E-03 
   466   7.61381E-05 -7.53838E-05 -6.96047E-03 
   467  -9.45350E-05  8.46898E-05 -6.90644E-03 
   468   7.58336E-05 -8.09605E-05 -6.90626E-03 
   469  -8.62934E-05  0.00000E+00 -7.31046E-03 
   470   6.80718E-05  0.00000E+00 -7.31528E-03 
   471  -8.62771E-05  7.72107E-06 -7.30983E-03 
   472   6.80588E-05 -7.37434E-06 -7.31139E-03 
   473  -8.62283E-05  1.54159E-05 -7.30044E-03 
   474   6.80180E-05 -1.47414E-05 -7.30506E-03 
   475  -8.61467E-05  2.30579E-05 -7.28929E-03 
   476   6.79509E-05 -2.20266E-05 -7.29141E-03 
   477  -8.60345E-05  3.06269E-05 -7.27041E-03 
   478   6.78577E-05 -2.92606E-05 -7.27467E-03 
   479  -8.58899E-05  3.81071E-05 -7.24916E-03 
   480   6.77381E-05 -3.64091E-05 -7.25127E-03 
   481  -8.57151E-05  4.54669E-05 -7.22046E-03 
   482   6.75934E-05 -4.34424E-05 -7.22472E-03 
   483  -8.55104E-05  5.26750E-05 -7.18955E-03 
   484   6.74241E-05 -5.03318E-05 -7.19163E-03 
   485  -8.52767E-05  5.96963E-05 -7.15139E-03 
   486   6.72297E-05 -5.70447E-05 -7.15559E-03 
   487  -8.50152E-05  6.64885E-05 -7.11120E-03 
   488   6.70115E-05 -6.35397E-05 -7.11328E-03 
   489  -8.47274E-05  7.30128E-05 -7.06396E-03 
   490   6.67707E-05 -6.97724E-05 -7.06840E-03 
   491  -8.44129E-05  7.92328E-05 -7.01523E-03 
   492   6.65073E-05 -7.57411E-05 -7.01750E-03 
   493  -8.40747E-05  8.50483E-05 -6.95904E-03 
   494   6.62218E-05 -8.13387E-05 -6.96471E-03 
   495  -7.58180E-05  0.00000E+00 -7.36190E-03 
   496   5.84663E-05  0.00000E+00 -7.36498E-03 
   497  -7.58035E-05  7.75181E-06 -7.36040E-03 
   498   5.84543E-05 -7.39858E-06 -7.36143E-03 
   499  -7.57581E-05  1.54791E-05 -7.35206E-03 
   500   5.84157E-05 -1.47999E-05 -7.35458E-03 

 Rigid Airport Pavement
                   FAASR3D (version 1.0 ) compiled 04/15/19
 n o d a l   p r i n t   o u t   f o r   t i m e   s t e p     1  ( at time  1.0000E+00 )
   node     x-disp       y-disp       z-disp
   501  -7.56825E-05  2.31512E-05 -7.33980E-03 
   502   5.83539E-05 -2.21152E-05 -7.34134E-03 
   503  -7.55774E-05  3.07494E-05 -7.32184E-03 
   504   5.82667E-05 -2.93761E-05 -7.32411E-03 
   505  -7.54430E-05  3.82590E-05 -7.29950E-03 
   506   5.81557E-05 -3.65523E-05 -7.30105E-03 
   507  -7.52806E-05  4.56476E-05 -7.27168E-03 
   508   5.80208E-05 -4.36130E-05 -7.27396E-03 
   509  -7.50906E-05  5.28848E-05 -7.23965E-03 
   510   5.78633E-05 -5.05291E-05 -7.24118E-03 
   511  -7.48735E-05  5.99340E-05 -7.20232E-03 
   512   5.76820E-05 -5.72670E-05 -7.20456E-03 
   513  -7.46307E-05  6.67536E-05 -7.16101E-03 
   514   5.74797E-05 -6.37862E-05 -7.16249E-03 
   515  -7.43622E-05  7.33072E-05 -7.11467E-03 
   516   5.72547E-05 -7.00412E-05 -7.11691E-03 
   517  -7.40705E-05  7.95467E-05 -7.06505E-03 
   518   5.70100E-05 -7.59953E-05 -7.06589E-03 
   519  -7.37560E-05  8.53896E-05 -7.01144E-03 
   520   5.67432E-05 -8.16208E-05 -7.01123E-03 
   521  -6.54979E-05  0.00000E+00 -7.40418E-03 
   522   4.90095E-05  0.00000E+00 -7.40908E-03 
   523  -6.54838E-05  7.78238E-06 -7.40357E-03 
   524   4.89975E-05 -7.43065E-06 -7.40514E-03 
   525  -6.54420E-05  1.55370E-05 -7.39409E-03 
   526   4.89626E-05 -1.48541E-05 -7.39878E-03 
   527  -6.53726E-05  2.32370E-05 -7.38286E-03 
   528   4.89052E-05 -2.21938E-05 -7.38501E-03 
   529  -6.52756E-05  3.08632E-05 -7.36383E-03 
   530   4.88254E-05 -2.94823E-05 -7.36816E-03 
   531  -6.51525E-05  3.83995E-05 -7.34243E-03 
   532   4.87233E-05 -3.66842E-05 -7.34456E-03 
   533  -6.50036E-05  4.58157E-05 -7.31349E-03 
   534   4.86000E-05 -4.37703E-05 -7.31781E-03 
   535  -6.48293E-05  5.30785E-05 -7.28235E-03 
   536   4.84547E-05 -5.07098E-05 -7.28447E-03 
   537  -6.46307E-05  6.01535E-05 -7.24389E-03 
   538   4.82894E-05 -5.74729E-05 -7.24815E-03 
   539  -6.44075E-05  6.69977E-05 -7.20340E-03 
   540   4.81034E-05 -6.40174E-05 -7.20551E-03 
   541  -6.41607E-05  7.35697E-05 -7.15579E-03 
   542   4.78970E-05 -7.02951E-05 -7.16029E-03 
   543  -6.38929E-05  7.98374E-05 -7.10669E-03 
   544   4.76720E-05 -7.63092E-05 -7.10900E-03 
   545  -6.36053E-05  8.56993E-05 -7.05006E-03 
   546   4.74288E-05 -8.19522E-05 -7.05582E-03 
   547  -5.53506E-05  0.00000E+00 -7.44177E-03 
   548   3.97141E-05  0.00000E+00 -7.44486E-03 
   549  -5.53375E-05  7.80709E-06 -7.44027E-03 
   550   3.97044E-05 -7.45017E-06 -7.44127E-03 

 Rigid Airport Pavement
                   FAASR3D (version 1.0 ) compiled 04/15/19
 n o d a l   p r i n t   o u t   f o r   t i m e   s t e p     1  ( at time  1.0000E+00 )
   node     x-disp       y-disp       z-disp
   551  -5.52996E-05  1.55892E-05 -7.43186E-03 
   552   3.96727E-05 -1.49031E-05 -7.43438E-03 
   553  -5.52370E-05  2.33157E-05 -7.41952E-03 
   554   3.96211E-05 -2.22685E-05 -7.42105E-03 
   555  -5.51491E-05  3.09669E-05 -7.40143E-03 
   556   3.95486E-05 -2.95785E-05 -7.40370E-03 
   557  -5.50381E-05  3.85291E-05 -7.37893E-03 
   558   3.94574E-05 -3.68041E-05 -7.38048E-03 
   559  -5.49035E-05  4.59696E-05 -7.35092E-03 
   560   3.93454E-05 -4.39134E-05 -7.35319E-03 
   561  -5.47457E-05  5.32557E-05 -7.31866E-03 
   562   3.92149E-05 -5.08757E-05 -7.32018E-03 
   563  -5.45655E-05  6.03538E-05 -7.28107E-03 
   564   3.90650E-05 -5.76600E-05 -7.28331E-03 
   565  -5.43635E-05  6.72205E-05 -7.23947E-03 
   566   3.88971E-05 -6.42237E-05 -7.24094E-03 
   567  -5.41405E-05  7.38194E-05 -7.19280E-03 
   568   3.87108E-05 -7.05209E-05 -7.19504E-03 
   569  -5.38988E-05  8.01022E-05 -7.14284E-03 
   570   3.85084E-05 -7.65158E-05 -7.14366E-03 
   571  -5.36381E-05  8.59857E-05 -7.08886E-03 
   572   3.82883E-05 -8.21802E-05 -7.08862E-03 
   573  -4.53893E-05  0.00000E+00 -7.47038E-03 
   574   3.05985E-05  0.00000E+00 -7.47534E-03 
   575  -4.53780E-05  7.83116E-06 -7.46977E-03 
   576   3.05894E-05 -7.47675E-06 -7.47137E-03 
   577  -4.53448E-05  1.56358E-05 -7.46022E-03 
   578   3.05621E-05 -1.49467E-05 -7.46497E-03 
   579  -4.52889E-05  2.33856E-05 -7.44894E-03 
   580   3.05162E-05 -2.23321E-05 -7.45111E-03 
   581  -4.52115E-05  3.10601E-05 -7.42977E-03 
   582   3.04527E-05 -2.96651E-05 -7.43415E-03 
   583  -4.51124E-05  3.86455E-05 -7.40824E-03 
   584   3.03716E-05 -3.69124E-05 -7.41040E-03 
   585  -4.49921E-05  4.61076E-05 -7.37911E-03 
   586   3.02722E-05 -4.40417E-05 -7.38349E-03 
   587  -4.48511E-05  5.34152E-05 -7.34779E-03 
   588   3.01562E-05 -5.10242E-05 -7.34992E-03 
   589  -4.46902E-05  6.05330E-05 -7.30907E-03 
   590   3.00233E-05 -5.78275E-05 -7.31339E-03 
   591  -4.45103E-05  6.74195E-05 -7.26834E-03 
   592   2.98740E-05 -6.44111E-05 -7.27047E-03 
   593  -4.43130E-05  7.40332E-05 -7.22041E-03 
   594   2.97100E-05 -7.07283E-05 -7.22497E-03 
   595  -4.40983E-05  8.03396E-05 -7.17103E-03 
   596   2.95310E-05 -7.67792E-05 -7.17335E-03 
   597  -4.38678E-05  8.62367E-05 -7.11402E-03 
   598   2.93376E-05 -8.24555E-05 -7.11984E-03 
   599  -3.56239E-05  0.00000E+00 -7.49463E-03 
   600   2.16665E-05  0.00000E+00 -7.49771E-03 

 Rigid Airport Pavement
                   FAASR3D (version 1.0 ) compiled 04/15/19
 n o d a l   p r i n t   o u t   f o r   t i m e   s t e p     1  ( at time  1.0000E+00 )
   node     x-disp       y-disp       z-disp
   601  -3.56147E-05  7.85167E-06 -7.49312E-03 
   602   2.16593E-05 -7.49136E-06 -7.49411E-03 
   603  -3.55855E-05  1.56782E-05 -7.48466E-03 
   604   2.16356E-05 -1.49854E-05 -7.48718E-03 
   605  -3.55365E-05  2.34480E-05 -7.47225E-03 
   606   2.15964E-05 -2.23915E-05 -7.47376E-03 
   607  -3.54692E-05  3.11420E-05 -7.45405E-03 
   608   2.15410E-05 -2.97415E-05 -7.45633E-03 
   609  -3.53826E-05  3.87473E-05 -7.43144E-03 
   610   2.14708E-05 -3.70070E-05 -7.43296E-03 
   611  -3.52770E-05  4.62289E-05 -7.40326E-03 
   612   2.13843E-05 -4.41544E-05 -7.40553E-03 
   613  -3.51545E-05  5.35560E-05 -7.37082E-03 
   614   2.12843E-05 -5.11551E-05 -7.37233E-03 
   615  -3.50141E-05  6.06920E-05 -7.33302E-03 
   616   2.11688E-05 -5.79744E-05 -7.33526E-03 
   617  -3.48570E-05  6.75961E-05 -7.29119E-03 
   618   2.10400E-05 -6.45726E-05 -7.29265E-03 
   619  -3.46854E-05  7.42308E-05 -7.24426E-03 
   620   2.08980E-05 -7.09034E-05 -7.24650E-03 
   621  -3.44995E-05  8.05475E-05 -7.19403E-03 
   622   2.07443E-05 -7.69300E-05 -7.19483E-03 
   623  -3.43011E-05  8.64613E-05 -7.13975E-03 
   624   2.05794E-05 -8.26236E-05 -7.13948E-03 
   625  -2.60600E-05  0.00000E+00 -7.51010E-03 
   626   1.29272E-05  0.00000E+00 -7.51511E-03 
   627  -2.60520E-05  7.87110E-06 -7.50951E-03 
   628   1.29207E-05 -7.51278E-06 -7.51112E-03 
   629  -2.60269E-05  1.57139E-05 -7.49990E-03 
   630   1.29009E-05 -1.50187E-05 -7.50469E-03 
   631  -2.59851E-05  2.35012E-05 -7.48857E-03 
   632   1.28674E-05 -2.24389E-05 -7.49075E-03 
   633  -2.59278E-05  3.12131E-05 -7.46930E-03 
   634   1.28208E-05 -2.98067E-05 -7.47372E-03 
   635  -2.58533E-05  3.88345E-05 -7.44768E-03 
   636   1.27613E-05 -3.70874E-05 -7.44984E-03 
   637  -2.57638E-05  4.63336E-05 -7.41840E-03 
   638   1.26891E-05 -4.42505E-05 -7.42281E-03 
   639  -2.56592E-05  5.36768E-05 -7.38693E-03 
   640   1.26048E-05 -5.12654E-05 -7.38907E-03 
   641  -2.55402E-05  6.08287E-05 -7.34801E-03 
   642   1.25084E-05 -5.81008E-05 -7.35236E-03 
   643  -2.54073E-05  6.77466E-05 -7.30709E-03 
   644   1.24005E-05 -6.47142E-05 -7.30924E-03 
   645  -2.52619E-05  7.43900E-05 -7.25893E-03 
   646   1.22817E-05 -7.10589E-05 -7.26353E-03 
   647  -2.51049E-05  8.07243E-05 -7.20931E-03 
   648   1.21537E-05 -7.71358E-05 -7.21166E-03 
   649  -2.49381E-05  8.66466E-05 -7.15204E-03 
   650   1.20175E-05 -8.28362E-05 -7.15790E-03 

 Rigid Airport Pavement
                   FAASR3D (version 1.0 ) compiled 04/15/19
 n o d a l   p r i n t   o u t   f o r   t i m e   s t e p     1  ( at time  1.0000E+00 )
   node     x-disp       y-disp       z-disp
   651  -1.66983E-05  0.00000E+00 -7.52157E-03 
   652   4.37760E-06  0.00000E+00 -7.52463E-03 
   653  -1.66914E-05  7.88508E-06 -7.52005E-03 
   654   4.37271E-06 -7.52169E-06 -7.52101E-03 
   655  -1.66708E-05  1.57446E-05 -7.51155E-03 
   656   4.35654E-06 -1.50458E-05 -7.51406E-03 
   657  -1.66372E-05  2.35461E-05 -7.49910E-03 
   658   4.32976E-06 -2.24808E-05 -7.50059E-03 
   659  -1.65893E-05  3.12724E-05 -7.48082E-03 
   660   4.29205E-06 -2.98608E-05 -7.48308E-03 
   661  -1.65279E-05  3.89082E-05 -7.45811E-03 
   662   4.24375E-06 -3.71547E-05 -7.45962E-03 
   663  -1.64537E-05  4.64211E-05 -7.42981E-03 
   664   4.18537E-06 -4.43305E-05 -7.43207E-03 
   665  -1.63669E-05  5.37779E-05 -7.39725E-03 
   666   4.11712E-06 -5.13582E-05 -7.39874E-03 
   667  -1.62690E-05  6.09426E-05 -7.35928E-03 
   668   4.03942E-06 -5.82043E-05 -7.36151E-03 
   669  -1.61607E-05  6.78729E-05 -7.31729E-03 
   670   3.95341E-06 -6.48272E-05 -7.31873E-03 
   671  -1.60424E-05  7.45319E-05 -7.27017E-03 
   672   3.85875E-06 -7.11803E-05 -7.27240E-03 
   673  -1.59152E-05  8.08699E-05 -7.21974E-03 
   674   3.75699E-06 -7.72272E-05 -7.22052E-03 
   675  -1.57801E-05  8.68031E-05 -7.16524E-03 
   676   3.64871E-06 -8.29389E-05 -7.16495E-03 
   677  -7.53903E-06  0.00000E+00 -7.52447E-03 
   678  -3.97936E-06  0.00000E+00 -7.52951E-03 
   679  -7.53262E-06  7.89781E-06 -7.52388E-03 
   680  -3.98364E-06 -7.53702E-06 -7.52549E-03 
   681  -7.51668E-06  1.57682E-05 -7.51424E-03 
   682  -3.99574E-06 -1.50676E-05 -7.51904E-03 
   683  -7.48996E-06  2.35817E-05 -7.50287E-03 
   684  -4.01621E-06 -2.25115E-05 -7.50506E-03 
   685  -7.45118E-06  3.13202E-05 -7.48354E-03 
   686  -4.04538E-06 -2.99038E-05 -7.48797E-03 
   687  -7.40321E-06  3.89680E-05 -7.46184E-03 
   688  -4.08232E-06 -3.72086E-05 -7.46402E-03 
   689  -7.34441E-06  4.64919E-05 -7.43246E-03 
   690  -4.12664E-06 -4.43947E-05 -7.43689E-03 
   691  -7.27627E-06  5.38587E-05 -7.40089E-03 
   692  -4.17857E-06 -5.14314E-05 -7.40304E-03 
   693  -7.20002E-06  6.10330E-05 -7.36184E-03 
   694  -4.23711E-06 -5.82866E-05 -7.36621E-03 
   695  -7.11548E-06  6.79717E-05 -7.32079E-03 
   696  -4.30185E-06 -6.49182E-05 -7.32294E-03 
   697  -7.02404E-06  7.46335E-05 -7.27246E-03 
   698  -4.37185E-06 -7.12796E-05 -7.27708E-03 
   699  -6.92660E-06  8.09842E-05 -7.22270E-03 
   700  -4.44684E-06 -7.73717E-05 -7.22504E-03 

 Rigid Airport Pavement
                   FAASR3D (version 1.0 ) compiled 04/15/19
 n o d a l   p r i n t   o u t   f o r   t i m e   s t e p     1  ( at time  1.0000E+00 )
   node     x-disp       y-disp       z-disp
   701  -6.82455E-06  8.69206E-05 -7.16524E-03 
   702  -4.52561E-06 -8.30855E-05 -7.17111E-03 
   703   1.42174E-06  0.00000E+00 -7.52370E-03 
   704  -1.21487E-05  0.00000E+00 -7.52673E-03 
   705   1.42566E-06  7.90563E-06 -7.52217E-03 
   706  -1.21514E-05 -7.54067E-06 -7.52311E-03 
   707   1.43721E-06  1.57860E-05 -7.51365E-03 
   708  -1.21596E-05 -1.50836E-05 -7.51614E-03 
   709   1.45752E-06  2.36099E-05 -7.50116E-03 
   710  -1.21738E-05 -2.25384E-05 -7.50263E-03 
   711   1.48597E-06  3.13568E-05 -7.48284E-03 
   712  -1.21941E-05 -2.99361E-05 -7.48508E-03 
   713   1.52179E-06  3.90135E-05 -7.46007E-03 
   714  -1.22196E-05 -3.72487E-05 -7.46156E-03 
   715   1.56521E-06  4.65452E-05 -7.43170E-03 
   716  -1.22505E-05 -4.44420E-05 -7.43394E-03 
   717   1.61445E-06  5.39199E-05 -7.39904E-03 
   718  -1.22859E-05 -5.14859E-05 -7.40052E-03 
   719   1.66959E-06  6.11015E-05 -7.36098E-03 
   720  -1.23255E-05 -5.83467E-05 -7.36319E-03 
   721   1.72995E-06  6.80451E-05 -7.31889E-03 
   722  -1.23684E-05 -6.49815E-05 -7.32030E-03 
   723   1.79443E-06  7.47163E-05 -7.27165E-03 
   724  -1.24141E-05 -7.13459E-05 -7.27386E-03 
   725   1.86243E-06  8.10655E-05 -7.22110E-03 
   726  -1.24623E-05 -7.74026E-05 -7.22186E-03 
   727   1.93220E-06  8.70076E-05 -7.16647E-03 
   728  -1.25127E-05 -8.31231E-05 -7.16617E-03 
   729   1.01827E-05  0.00000E+00 -7.51458E-03 
   730  -2.01283E-05  0.00000E+00 -7.51963E-03 
   731   1.01849E-05  7.91253E-06 -7.51399E-03 
   732  -2.01301E-05 -7.55023E-06 -7.51561E-03 
   733   1.01934E-05  1.57985E-05 -7.50434E-03 
   734  -2.01351E-05 -1.50944E-05 -7.50915E-03 
   735   1.02067E-05  2.36289E-05 -7.49295E-03 
   736  -2.01429E-05 -2.25532E-05 -7.49514E-03 
   737   1.02241E-05  3.13829E-05 -7.47358E-03 
   738  -2.01537E-05 -2.99585E-05 -7.47801E-03 
   739   1.02479E-05  3.90451E-05 -7.45183E-03 
   740  -2.01683E-05 -3.72756E-05 -7.45402E-03 
   741   1.02757E-05  4.65816E-05 -7.42240E-03 
   742  -2.01859E-05 -4.44727E-05 -7.42684E-03 
   743   1.03072E-05  5.39607E-05 -7.39077E-03 
   744  -2.02053E-05 -5.15200E-05 -7.39293E-03 
   745   1.03421E-05  6.11454E-05 -7.35166E-03 
   746  -2.02258E-05 -5.83847E-05 -7.35603E-03 
   747   1.03787E-05  6.80923E-05 -7.31053E-03 
   748  -2.02472E-05 -6.50243E-05 -7.31268E-03 
   749   1.04168E-05  7.47608E-05 -7.26213E-03 
   750  -2.02696E-05 -7.13915E-05 -7.26675E-03 

 Rigid Airport Pavement
                   FAASR3D (version 1.0 ) compiled 04/15/19
 n o d a l   p r i n t   o u t   f o r   t i m e   s t e p     1  ( at time  1.0000E+00 )
   node     x-disp       y-disp       z-disp
   751   1.04560E-05  8.11163E-05 -7.21228E-03 
   752  -2.02921E-05 -7.74881E-05 -7.21463E-03 
   753   1.04954E-05  8.70561E-05 -7.15474E-03 
   754  -2.03133E-05 -8.32052E-05 -7.16061E-03 
   755   1.87440E-05  0.00000E+00 -7.50211E-03 
   756  -2.79206E-05  0.00000E+00 -7.50512E-03 
   757   1.87457E-05  7.91581E-06 -7.50057E-03 
   758  -2.79212E-05 -7.54919E-06 -7.50150E-03 
   759   1.87502E-05  1.58059E-05 -7.49204E-03 
   760  -2.79225E-05 -1.51001E-05 -7.49451E-03 
   761   1.87564E-05  2.36398E-05 -7.47954E-03 
   762  -2.79244E-05 -2.25633E-05 -7.48099E-03 
   763   1.87649E-05  3.13969E-05 -7.46119E-03 
   764  -2.79270E-05 -2.99698E-05 -7.46342E-03 
   765   1.87762E-05  3.90618E-05 -7.43840E-03 
   766  -2.79310E-05 -3.72890E-05 -7.43987E-03 
   767   1.87885E-05  4.66011E-05 -7.40999E-03 
   768  -2.79345E-05 -4.44878E-05 -7.41222E-03 
   769   1.88030E-05  5.39817E-05 -7.37731E-03 
   770  -2.79382E-05 -5.15362E-05 -7.37876E-03 
   771   1.88176E-05  6.11674E-05 -7.33921E-03 
   772  -2.79404E-05 -5.84009E-05 -7.34140E-03 
   773   1.88313E-05  6.81159E-05 -7.29707E-03 
   774  -2.79415E-05 -6.50395E-05 -7.29847E-03 
   775   1.88446E-05  7.47882E-05 -7.24978E-03 
   776  -2.79412E-05 -7.14046E-05 -7.25198E-03 
   777   1.88559E-05  8.11372E-05 -7.19919E-03 
   778  -2.79385E-05 -7.74609E-05 -7.19993E-03 
   779   1.88648E-05  8.70776E-05 -7.14451E-03 
   780  -2.79321E-05 -8.31791E-05 -7.14421E-03 
   781   2.71057E-05  0.00000E+00 -7.48152E-03 
   782  -3.55231E-05  0.00000E+00 -7.48657E-03 
   783   2.71056E-05  7.91731E-06 -7.48093E-03 
   784  -3.55223E-05 -7.55322E-06 -7.48255E-03 
   785   2.71058E-05  1.58072E-05 -7.47128E-03 
   786  -3.55202E-05 -1.51005E-05 -7.47608E-03 
   787   2.71058E-05  2.36420E-05 -7.45987E-03 
   788  -3.55169E-05 -2.25625E-05 -7.46206E-03 
   789   2.71060E-05  3.13997E-05 -7.44050E-03 
   790  -3.55118E-05 -2.99704E-05 -7.44493E-03 
   791   2.71052E-05  3.90645E-05 -7.41875E-03 
   792  -3.55049E-05 -3.72892E-05 -7.42092E-03 
   793   2.71032E-05  4.66033E-05 -7.38930E-03 
   794  -3.54949E-05 -4.44869E-05 -7.39373E-03 
   795   2.71003E-05  5.39829E-05 -7.35766E-03 
   796  -3.54828E-05 -5.15340E-05 -7.35981E-03 
   797   2.70951E-05  6.11680E-05 -7.31853E-03 
   798  -3.54677E-05 -5.83984E-05 -7.32290E-03 
   799   2.70876E-05  6.81133E-05 -7.27740E-03 
   800  -3.54496E-05 -6.50356E-05 -7.27954E-03 

 Rigid Airport Pavement
                   FAASR3D (version 1.0 ) compiled 04/15/19
 n o d a l   p r i n t   o u t   f o r   t i m e   s t e p     1  ( at time  1.0000E+00 )
   node     x-disp       y-disp       z-disp
   801   2.70776E-05  7.47779E-05 -7.22899E-03 
   802  -3.54277E-05 -7.13988E-05 -7.23360E-03 
   803   2.70632E-05  8.11284E-05 -7.17913E-03 
   804  -3.54012E-05 -7.74895E-05 -7.18147E-03 
   805   2.70434E-05  8.70622E-05 -7.12160E-03 
   806  -3.53692E-05 -8.31994E-05 -7.12745E-03 
   807   3.52628E-05  0.00000E+00 -7.45788E-03 
   808  -4.29335E-05  0.00000E+00 -7.46085E-03 
   809   3.52617E-05  7.91434E-06 -7.45633E-03 
   810  -4.29321E-05 -7.54688E-06 -7.45724E-03 
   811   3.52576E-05  1.58039E-05 -7.44781E-03 
   812  -4.29259E-05 -1.50962E-05 -7.45025E-03 
   813   3.52508E-05  2.36364E-05 -7.43530E-03 
   814  -4.29165E-05 -2.25575E-05 -7.43674E-03 
   815   3.52425E-05  3.13914E-05 -7.41697E-03 
   816  -4.29036E-05 -2.99614E-05 -7.41916E-03 
   817   3.52309E-05  3.90542E-05 -7.39417E-03 
   818  -4.28866E-05 -3.72771E-05 -7.39563E-03 
   819   3.52155E-05  4.65895E-05 -7.36578E-03 
   820  -4.28645E-05 -4.44716E-05 -7.36798E-03 
   821   3.51962E-05  5.39666E-05 -7.33310E-03 
   822  -4.28381E-05 -5.15159E-05 -7.33454E-03 
   823   3.51731E-05  6.11480E-05 -7.29502E-03 
   824  -4.28064E-05 -5.83753E-05 -7.29718E-03 
   825   3.51456E-05  6.80888E-05 -7.25290E-03 
   826  -4.27702E-05 -6.50063E-05 -7.25427E-03 
   827   3.51128E-05  7.47537E-05 -7.20564E-03 
   828  -4.27279E-05 -7.13629E-05 -7.20781E-03 
   829   3.50747E-05  8.10929E-05 -7.15508E-03 
   830  -4.26797E-05 -7.74094E-05 -7.15580E-03 
   831   3.50270E-05  8.70221E-05 -7.10042E-03 
   832  -4.26221E-05 -8.31163E-05 -7.10011E-03 
   833   4.32104E-05  0.00000E+00 -7.42637E-03 
   834  -5.01460E-05  0.00000E+00 -7.43139E-03 
   835   4.32076E-05  7.91102E-06 -7.42576E-03 
   836  -5.01430E-05 -7.54678E-06 -7.42738E-03 
   837   4.31995E-05  1.57948E-05 -7.41614E-03 
   838  -5.01332E-05 -1.50871E-05 -7.42091E-03 
   839   4.31865E-05  2.36224E-05 -7.40473E-03 
   840  -5.01179E-05 -2.25415E-05 -7.40692E-03 
   841   4.31693E-05  3.13733E-05 -7.38539E-03 
   842  -5.00971E-05 -2.99423E-05 -7.38979E-03 
   843   4.31467E-05  3.90308E-05 -7.36364E-03 
   844  -5.00699E-05 -3.72529E-05 -7.36581E-03 
   845   4.31183E-05  4.65620E-05 -7.33424E-03 
   846  -5.00366E-05 -4.44430E-05 -7.33863E-03 
   847   4.30847E-05  5.39334E-05 -7.30261E-03 
   848  -4.99970E-05 -5.14812E-05 -7.30476E-03 
   849   4.30453E-05  6.11084E-05 -7.26354E-03 
   850  -4.99511E-05 -5.83349E-05 -7.26788E-03 

 Rigid Airport Pavement
                   FAASR3D (version 1.0 ) compiled 04/15/19
 n o d a l   p r i n t   o u t   f o r   t i m e   s t e p     1  ( at time  1.0000E+00 )
   node     x-disp       y-disp       z-disp
   851   4.29990E-05  6.80427E-05 -7.22243E-03 
   852  -4.98975E-05 -6.49607E-05 -7.22457E-03 
   853   4.29457E-05  7.46960E-05 -7.17409E-03 
   854  -4.98367E-05 -7.13118E-05 -7.17867E-03 
   855   4.28846E-05  8.10326E-05 -7.12429E-03 
   856  -4.97676E-05 -7.73888E-05 -7.12662E-03 
   857   4.28128E-05  8.69490E-05 -7.06684E-03 
   858  -4.96876E-05 -8.30825E-05 -7.07265E-03 
   859   5.09369E-05  0.00000E+00 -7.39210E-03 
   860  -5.71497E-05  0.00000E+00 -7.39503E-03 
   861   5.09327E-05  7.90328E-06 -7.39054E-03 
   862  -5.71458E-05 -7.53594E-06 -7.39143E-03 
   863   5.09219E-05  1.57813E-05 -7.38204E-03 
   864  -5.71337E-05 -1.50732E-05 -7.38445E-03 
   865   5.09040E-05  2.36021E-05 -7.36955E-03 
   866  -5.71139E-05 -2.25224E-05 -7.37096E-03 
   867   5.08775E-05  3.13459E-05 -7.35124E-03 
   868  -5.70845E-05 -2.99144E-05 -7.35341E-03 
   869   5.08444E-05  3.89963E-05 -7.32848E-03 
   870  -5.70483E-05 -3.72178E-05 -7.32991E-03 
   871   5.08046E-05  4.65203E-05 -7.30014E-03 
   872  -5.70042E-05 -4.44005E-05 -7.30231E-03 
   873   5.07568E-05  5.38848E-05 -7.26751E-03 
   874  -5.69520E-05 -5.14323E-05 -7.26892E-03 
   875   5.07005E-05  6.10520E-05 -7.22949E-03 
   876  -5.68909E-05 -5.82777E-05 -7.23162E-03 
   877   5.06373E-05  6.79788E-05 -7.18743E-03 
   878  -5.68223E-05 -6.48941E-05 -7.18879E-03 
   879   5.05657E-05  7.46270E-05 -7.14026E-03 
   880  -5.67443E-05 -7.12351E-05 -7.14240E-03 
   881   5.04835E-05  8.09480E-05 -7.08978E-03 
   882  -5.66563E-05 -7.72641E-05 -7.09049E-03 
   883   5.03892E-05  8.68559E-05 -7.03523E-03 
   884  -5.65550E-05 -8.29495E-05 -7.03491E-03 
   885   5.84293E-05  0.00000E+00 -7.35024E-03 
   886  -6.39331E-05  0.00000E+00 -7.35523E-03 
   887   5.84249E-05  7.89529E-06 -7.34962E-03 
   888  -6.39285E-05 -7.53050E-06 -7.35124E-03 
   889   5.84110E-05  1.57630E-05 -7.34003E-03 
   890  -6.39137E-05 -1.50545E-05 -7.34476E-03 
   891   5.83875E-05  2.35743E-05 -7.32864E-03 
   892  -6.38887E-05 -2.24929E-05 -7.33081E-03 
   893   5.83543E-05  3.13094E-05 -7.30935E-03 
   894  -6.38536E-05 -2.98777E-05 -7.31371E-03 
   895   5.83112E-05  3.89513E-05 -7.28763E-03 
   896  -6.38084E-05 -3.71728E-05 -7.28980E-03 
   897   5.82598E-05  4.64663E-05 -7.25831E-03 
   898  -6.37538E-05 -4.43466E-05 -7.26267E-03 
   899   5.81980E-05  5.38212E-05 -7.22674E-03 
   900  -6.36895E-05 -5.13683E-05 -7.22887E-03 

 Rigid Airport Pavement
                   FAASR3D (version 1.0 ) compiled 04/15/19
 n o d a l   p r i n t   o u t   f o r   t i m e   s t e p     1  ( at time  1.0000E+00 )
   node     x-disp       y-disp       z-disp
   901   5.81276E-05  6.09783E-05 -7.18776E-03 
   902  -6.36153E-05 -5.82047E-05 -7.19206E-03 
   903   5.80478E-05  6.78953E-05 -7.14674E-03 
   904  -6.35314E-05 -6.48138E-05 -7.14887E-03 
   905   5.79582E-05  7.45286E-05 -7.09851E-03 
   906  -6.34371E-05 -7.11461E-05 -7.10306E-03 
   907   5.78570E-05  8.08425E-05 -7.04881E-03 
   908  -6.33310E-05 -7.72012E-05 -7.05114E-03 
   909   5.77436E-05  8.67344E-05 -6.99153E-03 
   910  -6.32131E-05 -8.28701E-05 -6.99730E-03 
   911   6.56701E-05  0.00000E+00 -7.30595E-03 
   912  -7.04789E-05  0.00000E+00 -7.30881E-03 
   913   6.56646E-05  7.88341E-06 -7.30438E-03 
   914  -7.04737E-05 -7.51576E-06 -7.30524E-03 
   915   6.56473E-05  1.57406E-05 -7.29591E-03 
   916  -7.04554E-05 -1.50319E-05 -7.29827E-03 
   917   6.56192E-05  2.35409E-05 -7.28344E-03 
   918  -7.04265E-05 -2.24613E-05 -7.28483E-03 
   919   6.55785E-05  3.12639E-05 -7.26519E-03 
   920  -7.03844E-05 -2.98327E-05 -7.26732E-03 
   921   6.55267E-05  3.88954E-05 -7.24249E-03 
   922  -7.03315E-05 -3.71172E-05 -7.24389E-03 
   923   6.54641E-05  4.63993E-05 -7.21422E-03 
   924  -7.02669E-05 -4.42804E-05 -7.21635E-03 
   925   6.53903E-05  5.37431E-05 -7.18168E-03 
   926  -7.01918E-05 -5.12915E-05 -7.18306E-03 
   927   6.53055E-05  6.08899E-05 -7.14377E-03 
   928  -7.01039E-05 -5.81170E-05 -7.14586E-03 
   929   6.52101E-05  6.77963E-05 -7.10182E-03 
   930  -7.00062E-05 -6.47146E-05 -7.10315E-03 
   931   6.51046E-05  7.44226E-05 -7.05478E-03 
   932  -6.98974E-05 -7.10338E-05 -7.05688E-03 
   933   6.49882E-05  8.07181E-05 -7.00445E-03 
   934  -6.97782E-05 -7.70385E-05 -7.00512E-03 
   935   6.48585E-05  8.65978E-05 -6.95006E-03 
   936  -6.96439E-05 -8.26977E-05 -6.94971E-03 
   937   7.26330E-05  0.00000E+00 -7.25439E-03 
   938  -7.67641E-05  0.00000E+00 -7.25930E-03 
   939   7.26262E-05  7.87074E-06 -7.25375E-03 
   940  -7.67574E-05 -7.50604E-06 -7.25534E-03 
   941   7.26052E-05  1.57134E-05 -7.24421E-03 
   942  -7.67363E-05 -1.50053E-05 -7.24887E-03 
   943   7.25711E-05  2.35003E-05 -7.23284E-03 
   944  -7.67014E-05 -2.24197E-05 -7.23498E-03 
   945   7.25245E-05  3.12115E-05 -7.21362E-03 
   946  -7.66541E-05 -2.97807E-05 -7.21792E-03 
   947   7.24648E-05  3.88298E-05 -7.19197E-03 
   948  -7.65935E-05 -3.70528E-05 -7.19409E-03 
   949   7.23918E-05  4.63206E-05 -7.16275E-03 
   950  -7.65204E-05 -4.42026E-05 -7.16704E-03 

 Rigid Airport Pavement
                   FAASR3D (version 1.0 ) compiled 04/15/19
 n o d a l   p r i n t   o u t   f o r   t i m e   s t e p     1  ( at time  1.0000E+00 )
   node     x-disp       y-disp       z-disp
   951   7.23069E-05  5.36504E-05 -7.13127E-03 
   952  -7.64338E-05 -5.12005E-05 -7.13337E-03 
   953   7.22081E-05  6.07845E-05 -7.09243E-03 
   954  -7.63338E-05 -5.80148E-05 -7.09667E-03 
   955   7.20969E-05  6.76801E-05 -7.05152E-03 
   956  -7.62207E-05 -6.46028E-05 -7.05362E-03 
   957   7.19752E-05  7.42917E-05 -7.00347E-03 
   958  -7.60985E-05 -7.09149E-05 -7.00795E-03 
   959   7.18452E-05  8.05799E-05 -6.95395E-03 
   960  -7.59727E-05 -7.69449E-05 -6.95616E-03 
   961   7.17037E-05  8.64395E-05 -6.89692E-03 
   962  -7.58340E-05 -8.25822E-05 -6.90247E-03 
   963   7.92822E-05  0.00000E+00 -7.20072E-03 
   964  -8.27542E-05  0.00000E+00 -7.20356E-03 
   965   7.92744E-05  7.85353E-06 -7.19917E-03 
   966  -8.27445E-05 -7.48660E-06 -7.19998E-03 
   967   7.92501E-05  1.56820E-05 -7.19072E-03 
   968  -8.27216E-05 -1.49740E-05 -7.19306E-03 
   969   7.92110E-05  2.34548E-05 -7.17832E-03 
   970  -8.26806E-05 -2.23759E-05 -7.17965E-03 
   971   7.91574E-05  3.11510E-05 -7.16012E-03 
   972  -8.26285E-05 -2.97213E-05 -7.16222E-03 
   973   7.90905E-05  3.87545E-05 -7.13752E-03 
   974  -8.25600E-05 -3.69794E-05 -7.13886E-03 
   975   7.90086E-05  4.62313E-05 -7.10934E-03 
   976  -8.24802E-05 -4.41161E-05 -7.11145E-03 
   977   7.89136E-05  5.35473E-05 -7.07693E-03 
   978  -8.23830E-05 -5.11001E-05 -7.07826E-03 
   979   7.88039E-05  6.06655E-05 -7.03914E-03 
   980  -8.22743E-05 -5.78968E-05 -7.04123E-03 
   981   7.86777E-05  6.75453E-05 -6.99739E-03 
   982  -8.21459E-05 -6.44683E-05 -6.99865E-03 
   983   7.85301E-05  7.41530E-05 -6.95055E-03 
   984  -8.20005E-05 -7.07769E-05 -6.95253E-03 
   985   7.83773E-05  8.04286E-05 -6.90026E-03 
   986  -8.18538E-05 -7.67665E-05 -6.90098E-03 
   987   7.82183E-05  8.62728E-05 -6.84598E-03 
   988  -8.17037E-05 -8.23831E-05 -6.84579E-03 
   989   8.55828E-05  0.00000E+00 -7.14010E-03 
   990  -8.84028E-05  0.00000E+00 -7.14524E-03 
   991   8.55773E-05  7.83574E-06 -7.13958E-03 
   992  -8.83950E-05 -7.47209E-06 -7.14120E-03 
   993   8.55458E-05  1.56462E-05 -7.12998E-03 
   994  -8.83683E-05 -1.49384E-05 -7.13485E-03 
   995   8.55064E-05  2.34018E-05 -7.11878E-03 
   996  -8.83236E-05 -2.23226E-05 -7.12092E-03 
   997   8.54418E-05  3.10829E-05 -7.09954E-03 
   998  -8.82660E-05 -2.96549E-05 -7.10403E-03 
   999   8.53708E-05  3.86711E-05 -7.07808E-03 
  1000  -8.81911E-05 -3.68978E-05 -7.08020E-03 

 Rigid Airport Pavement
                   FAASR3D (version 1.0 ) compiled 04/15/19
 n o d a l   p r i n t   o u t   f o r   t i m e   s t e p     1  ( at time  1.0000E+00 )
   node     x-disp       y-disp       z-disp
  1001   8.52766E-05  4.61330E-05 -7.04887E-03 
  1002  -8.81028E-05 -4.40198E-05 -7.05336E-03 
  1003   8.51770E-05  5.34347E-05 -7.01763E-03 
  1004  -8.79973E-05 -5.09897E-05 -7.01973E-03 
  1005   8.50554E-05  6.05355E-05 -6.97885E-03 
  1006  -8.78832E-05 -5.77705E-05 -6.98327E-03 
  1007   8.49251E-05  6.73888E-05 -6.93828E-03 
  1008  -8.77530E-05 -6.43183E-05 -6.94027E-03 
  1009   8.47549E-05  7.39721E-05 -6.89031E-03 
  1010  -8.75851E-05 -7.06052E-05 -6.89501E-03 
  1011   8.45777E-05  8.02541E-05 -6.84069E-03 
  1012  -8.73525E-05 -7.66398E-05 -6.84365E-03 
  1013   8.43912E-05  8.60944E-05 -6.78343E-03 
  1014  -8.71657E-05 -8.22597E-05 -6.79047E-03 
  1015   9.15044E-05  0.00000E+00 -7.07815E-03 
  1016  -9.37212E-05  0.00000E+00 -7.08099E-03 
  1017   9.14964E-05  7.81477E-06 -7.07685E-03 
  1018  -9.36841E-05 -7.44935E-06 -7.07712E-03 
  1019   9.14631E-05  1.56056E-05 -7.06814E-03 
  1020  -9.36805E-05 -1.48976E-05 -7.07059E-03 
  1021   9.14154E-05  2.33441E-05 -7.05613E-03 
  1022  -9.36006E-05 -2.22697E-05 -7.05687E-03 
  1023   9.13479E-05  3.10079E-05 -7.03763E-03 
  1024  -9.35687E-05 -2.95828E-05 -7.03994E-03 
  1025   9.12665E-05  3.85790E-05 -7.01550E-03 
  1026  -9.34555E-05 -3.68077E-05 -7.01627E-03 
  1027   9.11646E-05  4.60242E-05 -6.98709E-03 
  1028  -9.33881E-05 -4.39134E-05 -6.98939E-03 
  1029   9.10526E-05  5.33126E-05 -6.95520E-03 
  1030  -9.32443E-05 -5.08713E-05 -6.95594E-03 
  1031   9.09248E-05  6.04011E-05 -6.91724E-03 
  1032  -9.31526E-05 -5.76451E-05 -6.91943E-03 
  1033   9.07889E-05  6.72296E-05 -6.87590E-03 
  1034  -9.29945E-05 -6.41669E-05 -6.87669E-03 
  1035   9.06269E-05  7.37871E-05 -6.82864E-03 
  1036  -9.28700E-05 -7.03619E-05 -6.83158E-03 
  1037   9.04524E-05  8.00623E-05 -6.78075E-03 
  1038  -9.26071E-05 -7.63531E-05 -6.77881E-03 
  1039   9.03144E-05  8.59281E-05 -6.72666E-03 
  1040  -9.25432E-05 -8.20921E-05 -6.72414E-03 
  1041   9.69468E-05  0.00000E+00 -7.00896E-03 
  1042  -9.86065E-05  0.00000E+00 -7.01497E-03 
  1043   9.69377E-05  7.79311E-06 -7.01011E-03 
  1044  -9.85649E-05 -7.43070E-06 -7.00964E-03 
  1045   9.69023E-05  1.55605E-05 -6.99886E-03 
  1046  -9.85643E-05 -1.48499E-05 -7.00468E-03 
  1047   9.68500E-05  2.32790E-05 -6.98958E-03 
  1048  -9.84764E-05 -2.22047E-05 -6.98937E-03 
  1049   9.67743E-05  3.09257E-05 -6.96849E-03 
  1050  -9.84362E-05 -2.95029E-05 -6.97408E-03 

 Rigid Airport Pavement
                   FAASR3D (version 1.0 ) compiled 04/15/19
 n o d a l   p r i n t   o u t   f o r   t i m e   s t e p     1  ( at time  1.0000E+00 )
   node     x-disp       y-disp       z-disp
  1051   9.66849E-05  3.84776E-05 -6.94905E-03 
  1052  -9.83143E-05 -3.67089E-05 -6.94889E-03 
  1053   9.65739E-05  4.59053E-05 -6.91810E-03 
  1054  -9.82399E-05 -4.37977E-05 -6.92366E-03 
  1055   9.64524E-05  5.31795E-05 -6.88891E-03 
  1056  -9.80863E-05 -5.07415E-05 -6.88871E-03 
  1057   9.63103E-05  6.02570E-05 -6.84848E-03 
  1058  -9.79822E-05 -5.75105E-05 -6.85384E-03 
  1059   9.61612E-05  6.70683E-05 -6.80971E-03 
  1060  -9.78052E-05 -6.40217E-05 -6.80967E-03 
  1061   9.60031E-05  7.36024E-05 -6.75961E-03 
  1062  -9.76958E-05 -7.01861E-05 -6.76651E-03 
  1063   9.58552E-05  7.99234E-05 -6.71471E-03 
  1064  -9.75508E-05 -7.63021E-05 -6.71228E-03 
  1065   9.56864E-05  8.57451E-05 -6.65463E-03 
  1066  -9.75007E-05 -8.20339E-05 -6.66094E-03 
  1067  -2.22140E-04  9.41071E-05 -4.79574E-03 
  1068   1.91695E-04 -8.91722E-05 -4.80871E-03 
  1069  -2.23257E-04  1.02228E-04 -4.60059E-03 
  1070   1.93304E-04 -9.71628E-05 -4.61301E-03 
  1071  -2.25749E-04  1.01176E-04 -4.39579E-03 
  1072   1.96120E-04 -9.64801E-05 -4.40725E-03 
  1073  -2.29747E-04  8.67591E-05 -4.20172E-03 
  1074   2.00399E-04 -8.28863E-05 -4.21359E-03 
  1075  -2.35544E-04  5.39838E-05 -4.05176E-03 
  1076   2.05948E-04 -5.30830E-05 -4.06104E-03 
  1077  -2.42722E-04  4.89264E-09 -3.96886E-03 
  1078   2.10633E-04 -4.11101E-09 -4.00301E-03 
  1079  -2.21709E-04  9.40802E-05 -4.94969E-03 
  1080   1.91971E-04 -8.94238E-05 -4.94748E-03 
  1081  -2.22453E-04  1.02343E-04 -4.75490E-03 
  1082   1.93186E-04 -9.74298E-05 -4.75324E-03 
  1083  -2.24374E-04  1.01439E-04 -4.55124E-03 
  1084   1.95428E-04 -9.68076E-05 -4.54941E-03 
  1085  -2.27565E-04  8.70829E-05 -4.35975E-03 
  1086   1.98919E-04 -8.34989E-05 -4.35860E-03 
  1087  -2.32310E-04  5.48625E-05 -4.21332E-03 
  1088   2.03244E-04 -5.31675E-05 -4.20855E-03 
  1089  -2.37231E-04  4.76923E-09 -4.14663E-03 
  1090   2.07115E-04 -4.37338E-09 -4.14757E-03 
  1091  -2.20224E-04  9.39875E-05 -5.09182E-03 
  1092   1.90792E-04 -8.94265E-05 -5.09679E-03 
  1093  -2.20630E-04  1.02063E-04 -4.89780E-03 
  1094   1.91645E-04 -9.72934E-05 -4.90257E-03 
  1095  -2.21977E-04  1.00920E-04 -4.69553E-03 
  1096   1.93353E-04 -9.64512E-05 -4.69987E-03 
  1097  -2.24413E-04  8.64518E-05 -4.50606E-03 
  1098   1.96029E-04 -8.28357E-05 -4.51092E-03 
  1099  -2.28033E-04  5.39505E-05 -4.36144E-03 
  1100   1.99236E-04 -5.21838E-05 -4.36502E-03 

 Rigid Airport Pavement
                   FAASR3D (version 1.0 ) compiled 04/15/19
 n o d a l   p r i n t   o u t   f o r   t i m e   s t e p     1  ( at time  1.0000E+00 )
   node     x-disp       y-disp       z-disp
  1101  -2.31053E-04  4.63716E-09 -4.29455E-03 
  1102   2.01648E-04 -4.06223E-09 -4.30850E-03 
  1103  -2.17312E-04  9.39153E-05 -5.23913E-03 
  1104   1.88390E-04 -8.94927E-05 -5.23885E-03 
  1105  -2.17405E-04  1.01783E-04 -5.04522E-03 
  1106   1.88903E-04 -9.71233E-05 -5.04518E-03 
  1107  -2.18230E-04  1.00392E-04 -4.84361E-03 
  1108   1.90084E-04 -9.60045E-05 -4.84339E-03 
  1109  -2.19953E-04  8.56778E-05 -4.65569E-03 
  1110   1.91990E-04 -8.20887E-05 -4.65583E-03 
  1111  -2.22478E-04  5.30021E-05 -4.51347E-03 
  1112   1.94214E-04 -5.11880E-05 -4.51138E-03 
  1113  -2.24214E-04  4.36025E-09 -4.45191E-03 
  1114   1.95572E-04 -3.97616E-09 -4.45416E-03 
  1115  -2.13076E-04  9.39264E-05 -5.37887E-03 
  1116   1.84671E-04 -8.95592E-05 -5.38295E-03 
  1117  -2.12863E-04  1.01615E-04 -5.18515E-03 
  1118   1.84860E-04 -9.70447E-05 -5.18907E-03 
  1119  -2.13219E-04  1.00009E-04 -4.98411E-03 
  1120   1.85554E-04 -9.56771E-05 -4.98770E-03 
  1121  -2.14282E-04  8.50525E-05 -4.79707E-03 
  1122   1.86771E-04 -8.14753E-05 -4.80109E-03 
  1123  -2.15866E-04  5.23406E-05 -4.65584E-03 
  1124   1.88158E-04 -5.06146E-05 -4.65868E-03 
  1125  -2.16808E-04  4.37689E-09 -4.59108E-03 
  1126   1.88867E-04 -3.81565E-09 -4.60430E-03 
  1127  -2.07591E-04  9.40212E-05 -5.51982E-03 
  1128   1.79776E-04 -8.97430E-05 -5.51981E-03 
  1129  -2.07097E-04  1.01581E-04 -5.32581E-03 
  1130   1.79663E-04 -9.70573E-05 -5.32598E-03 
  1131  -2.07034E-04  9.97945E-05 -5.12479E-03 
  1132   1.79916E-04 -9.54973E-05 -5.12479E-03 
  1133  -2.07507E-04  8.46601E-05 -4.93836E-03 
  1134   1.80533E-04 -8.11287E-05 -4.93871E-03 
  1135  -2.08329E-04  5.19486E-05 -4.79822E-03 
  1136   1.81241E-04 -5.02082E-05 -4.79631E-03 
  1137  -2.08774E-04  4.20242E-09 -4.73765E-03 
  1138   1.81535E-04 -3.83161E-09 -4.74012E-03 
  1139  -2.01000E-04  9.42037E-05 -5.65225E-03 
  1140   1.73815E-04 -8.99392E-05 -5.65621E-03 
  1141  -2.00257E-04  1.01666E-04 -5.45799E-03 
  1142   1.73432E-04 -9.71851E-05 -5.46180E-03 
  1143  -1.99825E-04  9.97469E-05 -5.25694E-03 
  1144   1.73299E-04 -9.54785E-05 -5.26043E-03 
  1145  -1.99788E-04  8.44784E-05 -5.07052E-03 
  1146   1.73407E-04 -8.09586E-05 -5.07448E-03 
  1147  -2.00015E-04  5.17796E-05 -4.93026E-03 
  1148   1.73585E-04 -5.01264E-05 -4.93304E-03 
  1149  -2.00136E-04  4.28669E-09 -4.86568E-03 
  1150   1.73613E-04 -3.73437E-09 -4.87914E-03 

 Rigid Airport Pavement
                   FAASR3D (version 1.0 ) compiled 04/15/19
 n o d a l   p r i n t   o u t   f o r   t i m e   s t e p     1  ( at time  1.0000E+00 )
   node     x-disp       y-disp       z-disp
  1151  -1.93442E-04  9.44564E-05 -5.78404E-03 
  1152   1.66933E-04 -9.02467E-05 -5.78412E-03 
  1153  -1.92483E-04  1.01862E-04 -5.58914E-03 
  1154   1.66315E-04 -9.73939E-05 -5.58938E-03 
  1155  -1.91735E-04  9.98454E-05 -5.38760E-03 
  1156   1.65849E-04 -9.55904E-05 -5.38766E-03 
  1157  -1.91272E-04  8.44890E-05 -5.20108E-03 
  1158   1.65537E-04 -8.10058E-05 -5.20150E-03 
  1159  -1.91045E-04  5.17651E-05 -5.06110E-03 
  1160   1.65307E-04 -5.00835E-05 -5.05919E-03 
  1161  -1.90943E-04  4.15362E-09 -5.00041E-03 
  1162   1.65145E-04 -3.79350E-09 -5.00301E-03 
  1163  -1.85063E-04  9.47795E-05 -5.90615E-03 
  1164   1.59266E-04 -9.05553E-05 -5.91009E-03 
  1165  -1.83923E-04  1.02147E-04 -5.71068E-03 
  1166   1.58448E-04 -9.76959E-05 -5.71446E-03 
  1167  -1.82911E-04  1.00069E-04 -5.50865E-03 
  1168   1.57705E-04 -9.58276E-05 -5.51212E-03 
  1169  -1.82105E-04  8.46427E-05 -5.32153E-03 
  1170   1.57056E-04 -8.11580E-05 -5.32551E-03 
  1171  -1.81533E-04  5.18764E-05 -5.18077E-03 
  1172   1.56517E-04 -5.02691E-05 -5.18355E-03 
  1173  -1.81277E-04  4.27638E-09 -5.11565E-03 
  1174   1.56227E-04 -3.72410E-09 -5.12944E-03 
  1175  -1.76009E-04  9.51503E-05 -6.02640E-03 
  1176   1.50954E-04 -9.09582E-05 -6.02652E-03 
  1177  -1.74724E-04  1.02511E-04 -5.83003E-03 
  1178   1.49973E-04 -9.80543E-05 -5.83031E-03 
  1179  -1.73500E-04  1.00394E-04 -5.62714E-03 
  1180   1.49007E-04 -9.61509E-05 -5.62724E-03 
  1181  -1.72425E-04  8.49205E-05 -5.43945E-03 
  1182   1.48093E-04 -8.14577E-05 -5.43991E-03 
  1183  -1.71599E-04  5.20675E-05 -5.29853E-03 
  1184   1.47326E-04 -5.04167E-05 -5.29658E-03 
  1185  -1.71230E-04  4.16522E-09 -5.23721E-03 
  1186   1.46934E-04 -3.80522E-09 -5.23991E-03 
  1187  -1.66415E-04  9.55679E-05 -6.13607E-03 
  1188   1.42133E-04 -9.13434E-05 -6.14009E-03 
  1189  -1.65020E-04  1.02934E-04 -5.93892E-03 
  1190   1.41026E-04 -9.84777E-05 -5.94278E-03 
  1191  -1.63634E-04  1.00801E-04 -5.73524E-03 
  1192   1.39886E-04 -9.65582E-05 -5.73879E-03 
  1193  -1.62357E-04  8.52788E-05 -5.54656E-03 
  1194   1.38774E-04 -8.18003E-05 -5.55064E-03 
  1195  -1.61348E-04  5.23280E-05 -5.40449E-03 
  1196   1.37840E-04 -5.07436E-05 -5.40734E-03 
  1197  -1.60904E-04  4.31115E-09 -5.33845E-03 
  1198   1.37387E-04 -3.75314E-09 -5.35268E-03 
  1199  -1.56415E-04  9.60112E-05 -6.24323E-03 
  1200   1.32923E-04 -9.18060E-05 -6.24335E-03 

 Rigid Airport Pavement
                   FAASR3D (version 1.0 ) compiled 04/15/19
 n o d a l   p r i n t   o u t   f o r   t i m e   s t e p     1  ( at time  1.0000E+00 )
   node     x-disp       y-disp       z-disp
  1201  -1.54941E-04  1.03406E-04 -6.04501E-03 
  1202   1.31723E-04 -9.89315E-05 -6.04530E-03 
  1203  -1.53436E-04  1.01268E-04 -5.84025E-03 
  1204   1.30454E-04 -9.70117E-05 -5.84034E-03 
  1205  -1.52017E-04  8.57077E-05 -5.65073E-03 
  1206   1.29200E-04 -8.22406E-05 -5.65120E-03 
  1207  -1.50885E-04  5.26252E-05 -5.50827E-03 
  1208   1.28153E-04 -5.09873E-05 -5.50625E-03 
  1209  -1.50389E-04  4.21036E-09 -5.44606E-03 
  1210   1.27652E-04 -3.85106E-09 -5.44885E-03 
  1211  -1.46119E-04  9.64812E-05 -6.33918E-03 
  1212   1.23439E-04 -9.22334E-05 -6.34330E-03 
  1213  -1.44598E-04  1.03909E-04 -6.14006E-03 
  1214   1.22176E-04 -9.94261E-05 -6.14404E-03 
  1215  -1.43016E-04  1.01780E-04 -5.93434E-03 
  1216   1.20820E-04 -9.75134E-05 -5.93799E-03 
  1217  -1.41505E-04  8.61736E-05 -5.74363E-03 
  1218   1.19474E-04 -8.26795E-05 -5.74782E-03 
  1219  -1.40295E-04  5.29561E-05 -5.59984E-03 
  1220   1.18356E-04 -5.13804E-05 -5.60278E-03 
  1221  -1.39772E-04  4.37049E-09 -5.53271E-03 
  1222   1.17836E-04 -3.80563E-09 -5.54739E-03 
  1223  -1.35632E-04  9.69583E-05 -6.43235E-03 
  1224   1.13772E-04 -9.27227E-05 -6.43247E-03 
  1225  -1.34090E-04  1.04434E-04 -6.23210E-03 
  1226   1.12473E-04 -9.99255E-05 -6.23239E-03 
  1227  -1.32469E-04  1.02316E-04 -6.02518E-03 
  1228   1.11069E-04 -9.80290E-05 -6.02527E-03 
  1229  -1.30911E-04  8.66720E-05 -5.83351E-03 
  1230   1.09672E-04 -8.31826E-05 -5.83398E-03 
  1231  -1.29664E-04  5.32949E-05 -5.68926E-03 
  1232   1.08519E-04 -5.16576E-05 -5.68716E-03 
  1233  -1.29126E-04  4.27456E-09 -5.62608E-03 
  1234   1.07986E-04 -3.91412E-09 -5.62892E-03 
  1235  -1.25039E-04  9.74444E-05 -6.51395E-03 
  1236   1.04013E-04 -9.31589E-05 -6.51819E-03 
  1237  -1.23503E-04  1.04965E-04 -6.31278E-03 
  1238   1.02705E-04 -1.00444E-04 -6.31687E-03 
  1239  -1.21877E-04  1.02866E-04 -6.10484E-03 
  1240   1.01284E-04 -9.85646E-05 -6.10860E-03 
  1241  -1.20308E-04  8.71757E-05 -5.91191E-03 
  1242   9.98727E-05 -8.36535E-05 -5.91623E-03 
  1243  -1.19055E-04  5.36456E-05 -5.76627E-03 
  1244   9.87151E-05 -5.20660E-05 -5.76929E-03 
  1245  -1.18521E-04  4.44278E-09 -5.69803E-03 
  1246   9.81905E-05 -3.86959E-09 -5.71314E-03 
  1247  -1.14417E-04  9.79220E-05 -6.59281E-03 
  1248   9.42253E-05 -9.36447E-05 -6.59291E-03 
  1249  -1.12908E-04  1.05498E-04 -6.39050E-03 
  1250   9.29301E-05 -1.00947E-04 -6.39078E-03 

 Rigid Airport Pavement
                   FAASR3D (version 1.0 ) compiled 04/15/19
 n o d a l   p r i n t   o u t   f o r   t i m e   s t e p     1  ( at time  1.0000E+00 )
   node     x-disp       y-disp       z-disp
  1251  -1.11307E-04  1.03416E-04 -6.18135E-03 
  1252   9.15230E-05 -9.90885E-05 -6.18142E-03 
  1253  -1.09760E-04  8.76853E-05 -5.98746E-03 
  1254   9.01270E-05 -8.41638E-05 -5.98792E-03 
  1255  -1.08530E-04  5.39855E-05 -5.84137E-03 
  1256   8.89901E-05 -5.23388E-05 -5.83919E-03 
  1257  -1.08008E-04  4.34778E-09 -5.77723E-03 
  1258   8.84771E-05 -3.98233E-09 -5.78012E-03 
  1259  -1.03825E-04  9.83936E-05 -6.65994E-03 
  1260   8.44730E-05 -9.40630E-05 -6.66428E-03 
  1261  -1.02365E-04  1.06018E-04 -6.45674E-03 
  1262   8.32122E-05 -1.01450E-04 -6.46092E-03 
  1263  -1.00815E-04  1.03956E-04 -6.24661E-03 
  1264   8.18444E-05 -9.96110E-05 -6.25045E-03 
  1265  -9.93179E-05  8.81762E-05 -6.05148E-03 
  1266   8.04914E-05 -8.46187E-05 -6.05591E-03 
  1267  -9.81310E-05  5.43227E-05 -5.90403E-03 
  1268   7.93958E-05 -5.27335E-05 -5.90713E-03 
  1269  -9.76324E-05  4.52080E-09 -5.83476E-03 
  1270   7.89103E-05 -3.93505E-09 -5.85024E-03 
  1271  -9.33149E-05  9.88416E-05 -6.72452E-03 
  1272   7.47978E-05 -9.45193E-05 -6.72459E-03 
  1273  -9.19233E-05  1.06523E-04 -6.52024E-03 
  1274   7.35913E-05 -1.01923E-04 -6.52050E-03 
  1275  -9.04453E-05  1.04476E-04 -6.30897E-03 
  1276   7.22839E-05 -1.00103E-04 -6.30902E-03 
  1277  -8.90218E-05  8.86536E-05 -6.11296E-03 
  1278   7.09964E-05 -8.50961E-05 -6.11341E-03 
  1279  -8.78984E-05  5.46363E-05 -5.96515E-03 
  1280   6.99590E-05 -5.29760E-05 -5.96289E-03 
  1281  -8.74278E-05  4.41841E-09 -5.90014E-03 
  1282   6.95008E-05 -4.05031E-09 -5.90306E-03 
  1283  -8.29267E-05  9.92721E-05 -6.77737E-03 
  1284   6.52437E-05 -9.48953E-05 -6.78180E-03 
  1285  -8.16195E-05  1.06998E-04 -6.57231E-03 
  1286   6.41088E-05 -1.02383E-04 -6.57657E-03 
  1287  -8.02321E-05  1.04968E-04 -6.36015E-03 
  1288   6.28802E-05 -1.00578E-04 -6.36407E-03 
  1289  -7.89014E-05  8.90961E-05 -6.16302E-03 
  1290   6.16773E-05 -8.55027E-05 -6.16753E-03 
  1291  -7.78552E-05  5.49366E-05 -6.01392E-03 
  1292   6.07130E-05 -5.33351E-05 -6.01709E-03 
  1293  -7.74208E-05  4.59234E-09 -5.94375E-03 
  1294   6.02936E-05 -4.00120E-09 -5.95953E-03 
  1295  -7.26911E-05  9.96694E-05 -6.82799E-03 
  1296   5.58354E-05 -9.53017E-05 -6.82804E-03 
  1297  -7.14812E-05  1.07444E-04 -6.62196E-03 
  1298   5.47849E-05 -1.02797E-04 -6.62219E-03 
  1299  -7.02009E-05  1.05425E-04 -6.40879E-03 
  1300   5.36512E-05 -1.01009E-04 -6.40881E-03 

 Rigid Airport Pavement
                   FAASR3D (version 1.0 ) compiled 04/15/19
 n o d a l   p r i n t   o u t   f o r   t i m e   s t e p     1  ( at time  1.0000E+00 )
   node     x-disp       y-disp       z-disp
  1301  -6.89788E-05  8.95129E-05 -6.21091E-03 
  1302   5.25466E-05 -8.59207E-05 -6.21133E-03 
  1303  -6.80243E-05  5.52062E-05 -6.06158E-03 
  1304   5.16675E-05 -5.35329E-05 -6.05926E-03 
  1305  -6.76281E-05  4.48377E-09 -5.99584E-03 
  1306   5.12850E-05 -4.11205E-09 -5.99876E-03 
  1307  -6.26318E-05  1.00041E-04 -6.86700E-03 
  1308   4.65988E-05 -9.56199E-05 -6.87149E-03 
  1309  -6.15313E-05  1.07850E-04 -6.66031E-03 
  1310   4.56445E-05 -1.03190E-04 -6.66463E-03 
  1311  -6.03706E-05  1.05844E-04 -6.44641E-03 
  1312   4.46188E-05 -1.01413E-04 -6.45039E-03 
  1313  -5.92687E-05  8.98836E-05 -6.24755E-03 
  1314   4.36253E-05 -8.62560E-05 -6.25213E-03 
  1315  -5.84128E-05  5.54558E-05 -6.09707E-03 
  1316   4.28407E-05 -5.38409E-05 -6.10028E-03 
  1317  -5.80627E-05  4.65616E-09 -6.02615E-03 
  1318   4.25048E-05 -4.05798E-09 -6.04217E-03 
  1319  -5.27634E-05  1.00372E-04 -6.90411E-03 
  1320   3.75445E-05 -9.59629E-05 -6.90414E-03 
  1321  -5.17817E-05  1.08219E-04 -6.69661E-03 
  1322   3.66957E-05 -1.03530E-04 -6.69682E-03 
  1323  -5.07519E-05  1.06218E-04 -6.48186E-03 
  1324   3.57883E-05 -1.01763E-04 -6.48185E-03 
  1325  -4.97794E-05  9.02215E-05 -6.28243E-03 
  1326   3.49148E-05 -8.65963E-05 -6.28284E-03 
  1327  -4.90309E-05  5.56679E-05 -6.13187E-03 
  1328   3.42314E-05 -5.39805E-05 -6.12950E-03 
  1329  -4.87276E-05  4.53931E-09 -6.06555E-03 
  1330   3.39398E-05 -4.16613E-09 -6.06848E-03 
  1331  -4.30976E-05  1.00671E-04 -6.92982E-03 
  1332   2.86855E-05 -9.62102E-05 -6.93435E-03 
  1333  -4.22403E-05  1.08542E-04 -6.72182E-03 
  1334   2.79491E-05 -1.03840E-04 -6.72619E-03 
  1335  -4.13488E-05  1.06545E-04 -6.50652E-03 
  1336   2.71682E-05 -1.02077E-04 -6.51053E-03 
  1337  -4.05142E-05  9.05060E-05 -6.30630E-03 
  1338   2.64230E-05 -8.68484E-05 -6.31093E-03 
  1339  -3.98787E-05  5.58558E-05 -6.15475E-03 
  1340   2.58465E-05 -5.42292E-05 -6.15799E-03 
  1341  -3.96232E-05  4.70908E-09 -6.08328E-03 
  1342   2.56037E-05 -4.10334E-09 -6.09946E-03 
  1343  -3.36397E-05  1.00924E-04 -6.95399E-03 
  1344   2.00243E-05 -9.64786E-05 -6.95399E-03 
  1345  -3.29113E-05  1.08821E-04 -6.74534E-03 
  1346   1.94050E-05 -1.04094E-04 -6.74554E-03 
  1347  -3.21634E-05  1.06822E-04 -6.52938E-03 
  1348   1.87558E-05 -1.02332E-04 -6.52936E-03 
  1349  -3.14732E-05  9.07511E-05 -6.32880E-03 
  1350   1.81451E-05 -8.70999E-05 -6.32919E-03 

 Rigid Airport Pavement
                   FAASR3D (version 1.0 ) compiled 04/15/19
 n o d a l   p r i n t   o u t   f o r   t i m e   s t e p     1  ( at time  1.0000E+00 )
   node     x-disp       y-disp       z-disp
  1351  -3.09534E-05  5.60049E-05 -6.17734E-03 
  1352   1.76777E-05 -5.43053E-05 -6.17493E-03 
  1353  -3.07460E-05  4.58501E-09 -6.11060E-03 
  1354   1.74821E-05 -4.20826E-09 -6.11353E-03 
  1355  -2.43883E-05  1.01143E-04 -6.96697E-03 
  1356   1.15631E-05 -9.66484E-05 -6.97153E-03 
  1357  -2.37924E-05  1.09049E-04 -6.75801E-03 
  1358   1.10636E-05 -1.04314E-04 -6.76240E-03 
  1359  -2.31913E-05  1.07047E-04 -6.54170E-03 
  1360   1.05503E-05 -1.02548E-04 -6.54575E-03 
  1361  -2.26479E-05  9.09404E-05 -6.34054E-03 
  1362   1.00771E-05 -8.72600E-05 -6.34519E-03 
  1363  -2.22462E-05  5.61296E-05 -6.18825E-03 
  1364   9.72084E-06 -5.44926E-05 -6.19151E-03 
  1365  -2.20883E-05  4.74586E-09 -6.11641E-03 
  1366   9.57609E-06 -4.13836E-09 -6.13269E-03 
  1367  -1.53435E-05  1.01312E-04 -6.97876E-03 
  1368   3.29682E-06 -9.68365E-05 -6.97875E-03 
  1369  -1.48808E-05  1.09231E-04 -6.76933E-03 
  1370   2.91868E-06 -1.04474E-04 -6.76952E-03 
  1371  -1.44284E-05  1.07219E-04 -6.55258E-03 
  1372   2.54369E-06 -1.02704E-04 -6.55254E-03 
  1373  -1.40327E-05  9.10885E-05 -6.35125E-03 
  1374   2.20848E-06 -8.74178E-05 -6.35163E-03 
  1375  -1.37498E-05  5.62130E-05 -6.19923E-03 
  1376   1.96497E-06 -5.45048E-05 -6.19680E-03 
  1377  -1.36419E-05  4.61512E-09 -6.13225E-03 
  1378   1.86977E-06 -4.23843E-09 -6.13517E-03 
  1379  -6.49958E-06  1.01445E-04 -6.97962E-03 
  1380  -4.77518E-06 -9.69250E-05 -6.98419E-03 
  1381  -6.16996E-06  1.09360E-04 -6.77005E-03 
  1382  -5.03140E-06 -1.04601E-04 -6.77446E-03 
  1383  -5.86600E-06  1.07339E-04 -6.55316E-03 
  1384  -5.26914E-06 -1.02819E-04 -6.55721E-03 
  1385  -5.61740E-06  9.11790E-05 -6.35147E-03 
  1386  -5.46687E-06 -8.74819E-05 -6.35613E-03 
  1387  -5.45287E-06  5.62718E-05 -6.19879E-03 
  1388  -5.59811E-06 -5.46268E-05 -6.20206E-03 
  1389  -5.39653E-06  4.77040E-09 -6.12678E-03 
  1390  -5.64250E-06 -4.16197E-09 -6.14310E-03 
  1391   2.14606E-06  1.01530E-04 -6.97958E-03 
  1392  -1.26613E-05 -9.70336E-05 -6.97956E-03 
  1393   2.34436E-06  1.09443E-04 -6.76974E-03 
  1394  -1.27964E-05 -1.04667E-04 -6.76991E-03 
  1395   2.50211E-06  1.07406E-04 -6.55260E-03 
  1396  -1.28987E-05 -1.02873E-04 -6.55254E-03 
  1397   2.60603E-06  9.12286E-05 -6.35096E-03 
  1398  -1.29593E-05 -8.75452E-05 -6.35132E-03 
  1399   2.65313E-06  5.62903E-05 -6.19872E-03 
  1400  -1.29790E-05 -5.45740E-05 -6.19628E-03 

 Rigid Airport Pavement
                   FAASR3D (version 1.0 ) compiled 04/15/19
 n o d a l   p r i n t   o u t   f o r   t i m e   s t e p     1  ( at time  1.0000E+00 )
   node     x-disp       y-disp       z-disp
  1401   2.65981E-06  4.63218E-09 -6.13168E-03 
  1402  -1.29748E-05 -4.25427E-09 -6.13457E-03 
  1403   1.06006E-05  1.01579E-04 -6.96887E-03 
  1404  -2.03636E-05 -9.70430E-05 -6.97343E-03 
  1405   1.06708E-05  1.09475E-04 -6.75907E-03 
  1406  -2.03796E-05 -1.04700E-04 -6.76347E-03 
  1407   1.06850E-05  1.07422E-04 -6.54199E-03 
  1408  -2.03489E-05 -1.02889E-04 -6.54604E-03 
  1409   1.06461E-05  9.12222E-05 -6.34019E-03 
  1410  -2.02751E-05 -8.75156E-05 -6.34485E-03 
  1411   1.05788E-05  5.62827E-05 -6.18748E-03 
  1412  -2.01864E-05 -5.46317E-05 -6.19075E-03 
  1413   1.05381E-05  4.78285E-09 -6.11549E-03 
  1414  -2.01355E-05 -4.17313E-09 -6.13178E-03 
  1415   1.88649E-05  1.01582E-04 -6.95753E-03 
  1416  -2.78868E-05 -9.70731E-05 -6.95749E-03 
  1417   1.88103E-05  1.09462E-04 -6.74762E-03 
  1418  -2.77880E-05 -1.04675E-04 -6.74778E-03 
  1419   1.86872E-05  1.07387E-04 -6.53050E-03 
  1420  -2.76287E-05 -1.02846E-04 -6.53044E-03 
  1421   1.85099E-05  9.11768E-05 -6.32896E-03 
  1422  -2.74244E-05 -8.74880E-05 -6.32931E-03 
  1423   1.83323E-05  5.62361E-05 -6.17686E-03 
  1424  -2.72306E-05 -5.45163E-05 -6.17441E-03 
  1425   1.82448E-05  4.63535E-09 -6.10991E-03 
  1426  -2.71320E-05 -4.25770E-09 -6.11278E-03 
  1427   2.69448E-05  1.01552E-04 -6.93576E-03 
  1428  -3.52323E-05 -9.70070E-05 -6.94030E-03 
  1429   2.67708E-05  1.09403E-04 -6.72607E-03 
  1430  -3.50232E-05 -1.04620E-04 -6.73046E-03 
  1431   2.65156E-05  1.07304E-04 -6.50921E-03 
  1432  -3.47410E-05 -1.02767E-04 -6.51324E-03 
  1433   2.62068E-05  9.10783E-05 -6.30771E-03 
  1434  -3.44128E-05 -8.73714E-05 -6.31234E-03 
  1435   2.59223E-05  5.61672E-05 -6.15529E-03 
  1436  -3.41179E-05 -5.45137E-05 -6.15855E-03 
  1437   2.57903E-05  4.78117E-09 -6.08351E-03 
  1438  -3.39756E-05 -4.17137E-09 -6.09972E-03 
  1439   3.48350E-05  1.01480E-04 -6.91361E-03 
  1440  -4.23998E-05 -9.69650E-05 -6.91356E-03 
  1441   3.45493E-05  1.09302E-04 -6.70398E-03 
  1442  -4.20872E-05 -1.04512E-04 -6.70414E-03 
  1443   3.41697E-05  1.07174E-04 -6.48726E-03 
  1444  -4.16888E-05 -1.02633E-04 -6.48719E-03 
  1445   3.37374E-05  9.09455E-05 -6.28620E-03 
  1446  -4.12440E-05 -8.72593E-05 -6.28655E-03 
  1447   3.33519E-05  5.60616E-05 -6.13455E-03 
  1448  -4.08530E-05 -5.43414E-05 -6.13212E-03 
  1449   3.31779E-05  4.62766E-09 -6.06786E-03 
  1450  -4.06679E-05 -4.25018E-09 -6.07070E-03 

 Rigid Airport Pavement
                   FAASR3D (version 1.0 ) compiled 04/15/19
 n o d a l   p r i n t   o u t   f o r   t i m e   s t e p     1  ( at time  1.0000E+00 )
   node     x-disp       y-disp       z-disp
  1451   4.25338E-05  1.01378E-04 -6.88130E-03 
  1452  -4.93855E-05 -9.68310E-05 -6.88581E-03 
  1453   4.21437E-05  1.09160E-04 -6.67205E-03 
  1454  -4.89766E-05 -1.04380E-04 -6.67640E-03 
  1455   4.16502E-05  1.07002E-04 -6.45576E-03 
  1456  -4.84713E-05 -1.02469E-04 -6.45976E-03 
  1457   4.11029E-05  9.07646E-05 -6.25492E-03 
  1458  -4.79188E-05 -8.70625E-05 -6.25952E-03 
  1459   4.06244E-05  5.59366E-05 -6.10311E-03 
  1460  -4.74387E-05 -5.42829E-05 -6.10634E-03 
  1461   4.04114E-05  4.76275E-09 -6.03170E-03 
  1462  -4.72158E-05 -4.15939E-09 -6.04777E-03 
  1463   5.00323E-05  1.01240E-04 -6.84883E-03 
  1464  -5.61808E-05 -9.67264E-05 -6.84878E-03 
  1465   4.95465E-05  1.08983E-04 -6.63979E-03 
  1466  -5.56846E-05 -1.04198E-04 -6.63994E-03 
  1467   4.89493E-05  1.06791E-04 -6.42380E-03 
  1468  -5.50827E-05 -1.02257E-04 -6.42373E-03 
  1469   4.82984E-05  9.05548E-05 -6.22357E-03 
  1470  -5.44327E-05 -8.68769E-05 -6.22390E-03 
  1471   4.77354E-05  5.57779E-05 -6.07265E-03 
  1472  -5.38713E-05 -5.40589E-05 -6.07024E-03 
  1473   4.74851E-05  4.60899E-09 -6.00636E-03 
  1474  -5.36099E-05 -4.23720E-09 -6.00917E-03 
  1475   5.73161E-05  1.01078E-04 -6.80651E-03 
  1476  -6.27747E-05 -9.65362E-05 -6.81098E-03 
  1477   5.67462E-05  1.08770E-04 -6.59797E-03 
  1478  -6.22014E-05 -1.03998E-04 -6.60228E-03 
  1479   5.60575E-05  1.06546E-04 -6.38256E-03 
  1480  -6.15144E-05 -1.02023E-04 -6.38652E-03 
  1481   5.53155E-05  9.03052E-05 -6.18270E-03 
  1482  -6.07783E-05 -8.66149E-05 -6.18724E-03 
  1483   5.46765E-05  5.56043E-05 -6.03175E-03 
  1484  -6.01448E-05 -5.39530E-05 -6.03495E-03 
  1485   5.43948E-05  4.73928E-09 -5.96087E-03 
  1486  -5.98517E-05 -4.13916E-09 -5.97675E-03 
  1487   6.43688E-05  1.00886E-04 -6.76426E-03 
  1488  -6.91472E-05 -9.63807E-05 -6.76421E-03 
  1489   6.37256E-05  1.08530E-04 -6.55605E-03 
  1490  -6.85075E-05 -1.03757E-04 -6.55619E-03 
  1491   6.29580E-05  1.06269E-04 -6.34106E-03 
  1492  -6.77479E-05 -1.01750E-04 -6.34099E-03 
  1493   6.21392E-05  9.00333E-05 -6.14194E-03 
  1494  -6.69397E-05 -8.63690E-05 -6.14227E-03 
  1495   6.14359E-05  5.54034E-05 -5.99199E-03 
  1496  -6.62445E-05 -5.36884E-05 -5.98962E-03 
  1497   6.11258E-05  4.58478E-09 -5.92625E-03 
  1498  -6.59210E-05 -4.21230E-09 -5.92899E-03 
  1499   7.11610E-05  1.00677E-04 -6.71252E-03 
  1500  -7.52767E-05 -9.61454E-05 -6.71691E-03 

 Rigid Airport Pavement
                   FAASR3D (version 1.0 ) compiled 04/15/19
 n o d a l   p r i n t   o u t   f o r   t i m e   s t e p     1  ( at time  1.0000E+00 )
   node     x-disp       y-disp       z-disp
  1501   7.04580E-05  1.08265E-04 -6.50491E-03 
  1502  -7.45842E-05 -1.03506E-04 -6.50915E-03 
  1503   6.96233E-05  1.05969E-04 -6.29062E-03 
  1504  -7.37625E-05 -1.01462E-04 -6.29450E-03 
  1505   6.87439E-05  8.97309E-05 -6.09198E-03 
  1506  -7.28970E-05 -8.60571E-05 -6.09645E-03 
  1507   6.79883E-05  5.51931E-05 -5.94211E-03 
  1508  -7.21516E-05 -5.35447E-05 -5.94524E-03 
  1509   6.76567E-05  4.70698E-09 -5.87192E-03 
  1510  -7.18108E-05 -4.11832E-09 -5.88747E-03 
  1511   7.76574E-05  1.00445E-04 -6.66121E-03 
  1512  -8.11294E-05 -9.59466E-05 -6.66099E-03 
  1513   7.69033E-05  1.07980E-04 -6.45392E-03 
  1514  -8.03890E-05 -1.03225E-04 -6.45403E-03 
  1515   7.60168E-05  1.05648E-04 -6.24016E-03 
  1516  -7.95191E-05 -1.01145E-04 -6.24004E-03 
  1517   7.50935E-05  8.94198E-05 -6.04233E-03 
  1518  -7.86134E-05 -8.57723E-05 -6.04262E-03 
  1519   7.43012E-05  5.49594E-05 -5.89359E-03 
  1520  -7.78370E-05 -5.32519E-05 -5.89114E-03 
  1521   7.39326E-05  4.55879E-09 -5.82835E-03 
  1522  -7.74536E-05 -4.18174E-09 -5.83106E-03 
  1523   8.38445E-05  1.00213E-04 -6.60051E-03 
  1524  -8.66639E-05 -9.56873E-05 -6.60523E-03 
  1525   8.30269E-05  1.07675E-04 -6.39397E-03 
  1526  -8.58719E-05 -1.02936E-04 -6.39849E-03 
  1527   8.21104E-05  1.05315E-04 -6.18099E-03 
  1528  -8.49742E-05 -1.00826E-04 -6.18513E-03 
  1529   8.11567E-05  8.90911E-05 -5.98371E-03 
  1530  -8.40409E-05 -8.54370E-05 -5.98840E-03 
  1531   8.03632E-05  5.47178E-05 -5.83503E-03 
  1532  -8.32609E-05 -5.30760E-05 -5.83854E-03 
  1533   7.99459E-05  4.68606E-09 -5.76514E-03 
  1534  -8.27740E-05 -4.07310E-09 -5.78164E-03 
  1535   8.96606E-05  9.99504E-05 -6.54121E-03 
  1536  -9.18731E-05 -9.54863E-05 -6.54064E-03 
  1537   8.88169E-05  1.07363E-04 -6.33518E-03 
  1538  -9.10583E-05 -1.02612E-04 -6.33495E-03 
  1539   8.78837E-05  1.04972E-04 -6.12272E-03 
  1540  -9.01435E-05 -1.00492E-04 -6.12227E-03 
  1541   8.69195E-05  8.87662E-05 -5.92631E-03 
  1542  -8.92035E-05 -8.51513E-05 -5.92627E-03 
  1543   8.61352E-05  5.44725E-05 -5.77859E-03 
  1544  -8.84248E-05 -5.27402E-05 -5.77611E-03 
  1545   8.57983E-05  4.46205E-09 -5.71557E-03 
  1546  -8.80529E-05 -4.17937E-09 -5.71615E-03 
  1547   9.49532E-05  9.96579E-05 -6.47348E-03 
  1548  -9.66950E-05 -9.50907E-05 -6.47615E-03 
  1549   9.41179E-05  1.07054E-04 -6.26790E-03 
  1550  -9.58708E-05 -1.02343E-04 -6.27092E-03 

 Rigid Airport Pavement
                   FAASR3D (version 1.0 ) compiled 04/15/19
 n o d a l   p r i n t   o u t   f o r   t i m e   s t e p     1  ( at time  1.0000E+00 )
   node     x-disp       y-disp       z-disp
  1551   9.31870E-05  1.04635E-04 -6.05625E-03 
  1552  -9.49553E-05 -1.00164E-04 -6.05889E-03 
  1553   9.22338E-05  8.84233E-05 -5.86044E-03 
  1554  -9.40316E-05 -8.47935E-05 -5.86359E-03 
  1555   9.14250E-05  5.42780E-05 -5.71322E-03 
  1556  -9.32640E-05 -5.26421E-05 -5.71457E-03 
  1557   9.11697E-05  4.63142E-09 -5.64525E-03 
  1558  -9.31386E-05 -4.11004E-09 -5.65719E-03 
  1559   1.09101E-04  0.00000E+00 -6.80049E-03 
  1560  -1.09171E-04  0.00000E+00 -6.80539E-03 
  1561   1.09085E-04  7.71524E-06 -6.80084E-03 
  1562  -1.09179E-04 -7.35473E-06 -6.80044E-03 
  1563   1.09047E-04  1.54119E-05 -6.79054E-03 
  1564  -1.09116E-04 -1.47072E-05 -6.79518E-03 
  1565   1.08977E-04  2.30601E-05 -6.78046E-03 
  1566  -1.09076E-04 -2.19941E-05 -6.78040E-03 
  1567   1.08887E-04  3.06409E-05 -6.76046E-03 
  1568  -1.08962E-04 -2.92280E-05 -6.76489E-03 
  1569   1.08769E-04  3.81338E-05 -6.74033E-03 
  1570  -1.08873E-04 -3.63764E-05 -6.74029E-03 
  1571   1.08633E-04  4.55065E-05 -6.71052E-03 
  1572  -1.08714E-04 -4.34116E-05 -6.71493E-03 
  1573   1.08471E-04  5.27269E-05 -6.68069E-03 
  1574  -1.08584E-04 -5.03014E-05 -6.68066E-03 
  1575   1.08295E-04  5.97576E-05 -6.64144E-03 
  1576  -1.08386E-04 -5.70128E-05 -6.64577E-03 
  1577   1.08099E-04  6.65512E-05 -6.60240E-03 
  1578  -1.08217E-04 -6.35057E-05 -6.60221E-03 
  1579   1.07899E-04  7.30874E-05 -6.55392E-03 
  1580  -1.07994E-04 -6.97255E-05 -6.55864E-03 
  1581   1.07667E-04  7.92972E-05 -6.50668E-03 
  1582  -1.07813E-04 -7.56674E-05 -6.50601E-03 
  1583   1.07407E-04  8.50354E-05 -6.45072E-03 
  1584  -1.07453E-04 -8.12637E-05 -6.45338E-03 
  1585   1.14684E-04  0.00000E+00 -6.57393E-03 
  1586  -1.13604E-04  0.00000E+00 -6.57866E-03 
  1587   1.14669E-04  7.62555E-06 -6.57416E-03 
  1588  -1.13586E-04 -7.26841E-06 -6.57397E-03 
  1589   1.14619E-04  1.52336E-05 -6.56409E-03 
  1590  -1.13544E-04 -1.45352E-05 -6.56857E-03 
  1591   1.14540E-04  2.27977E-05 -6.55403E-03 
  1592  -1.13460E-04 -2.17411E-05 -6.55416E-03 
  1593   1.14428E-04  3.02972E-05 -6.53436E-03 
  1594  -1.13359E-04 -2.88969E-05 -6.53863E-03 
  1595   1.14291E-04  3.77117E-05 -6.51436E-03 
  1596  -1.13220E-04 -3.59707E-05 -6.51452E-03 
  1597   1.14125E-04  4.50126E-05 -6.48499E-03 
  1598  -1.13065E-04 -4.29378E-05 -6.48923E-03 
  1599   1.13935E-04  5.21675E-05 -6.45540E-03 
  1600  -1.12875E-04 -4.97668E-05 -6.45555E-03 

 Rigid Airport Pavement
                   FAASR3D (version 1.0 ) compiled 04/15/19
 n o d a l   p r i n t   o u t   f o r   t i m e   s t e p     1  ( at time  1.0000E+00 )
   node     x-disp       y-disp       z-disp
  1601   1.13723E-04  5.91400E-05 -6.41666E-03 
  1602  -1.12676E-04 -5.64246E-05 -6.42084E-03 
  1603   1.13493E-04  6.58807E-05 -6.37786E-03 
  1604  -1.12449E-04 -6.28645E-05 -6.37797E-03 
  1605   1.13241E-04  7.23522E-05 -6.33004E-03 
  1606  -1.12211E-04 -6.90280E-05 -6.33455E-03 
  1607   1.12984E-04  7.85309E-05 -6.28318E-03 
  1608  -1.11942E-04 -7.49388E-05 -6.28290E-03 
  1609   1.12724E-04  8.42670E-05 -6.22762E-03 
  1610  -1.11719E-04 -8.05136E-05 -6.23063E-03 
  1611   1.10560E-04  0.00000E+00 -6.34544E-03 
  1612  -1.08820E-04  0.00000E+00 -6.34980E-03 
  1613   1.10541E-04  7.52363E-06 -6.34559E-03 
  1614  -1.08795E-04 -7.17038E-06 -6.34519E-03 
  1615   1.10488E-04  1.50301E-05 -6.33574E-03 
  1616  -1.08750E-04 -1.43401E-05 -6.33986E-03 
  1617   1.10400E-04  2.24965E-05 -6.32575E-03 
  1618  -1.08660E-04 -2.14525E-05 -6.32566E-03 
  1619   1.10279E-04  2.99032E-05 -6.30642E-03 
  1620  -1.08546E-04 -2.85176E-05 -6.31033E-03 
  1621   1.10124E-04  3.72308E-05 -6.28661E-03 
  1622  -1.08393E-04 -3.55074E-05 -6.28655E-03 
  1623   1.09942E-04  4.44516E-05 -6.25771E-03 
  1624  -1.08222E-04 -4.23973E-05 -6.26159E-03 
  1625   1.09733E-04  5.15337E-05 -6.22841E-03 
  1626  -1.08015E-04 -4.91563E-05 -6.22835E-03 
  1627   1.09502E-04  5.84426E-05 -6.19024E-03 
  1628  -1.07795E-04 -5.57532E-05 -6.19406E-03 
  1629   1.09253E-04  6.51320E-05 -6.15183E-03 
  1630  -1.07549E-04 -6.21435E-05 -6.15173E-03 
  1631   1.08990E-04  7.15682E-05 -6.10467E-03 
  1632  -1.07298E-04 -6.82730E-05 -6.10880E-03 
  1633   1.08717E-04  7.77216E-05 -6.05821E-03 
  1634  -1.07031E-04 -7.41569E-05 -6.05770E-03 
  1635   1.08444E-04  8.34485E-05 -6.00335E-03 
  1636  -1.06764E-04 -7.97191E-05 -6.00596E-03 
  1637   9.27074E-05  0.00000E+00 -6.13692E-03 
  1638  -9.08768E-05  0.00000E+00 -6.14189E-03 
  1639   9.26942E-05  7.41741E-06 -6.13729E-03 
  1640  -9.08853E-05 -7.06775E-06 -6.13727E-03 
  1641   9.26382E-05  1.48200E-05 -6.12738E-03 
  1642  -9.08129E-05 -1.41365E-05 -6.13210E-03 
  1643   9.25550E-05  2.21836E-05 -6.11773E-03 
  1644  -9.07487E-05 -2.11494E-05 -6.11803E-03 
  1645   9.24332E-05  2.94933E-05 -6.09850E-03 
  1646  -9.06145E-05 -2.81219E-05 -6.10301E-03 
  1647   9.22864E-05  3.67306E-05 -6.07917E-03 
  1648  -9.04889E-05 -3.50248E-05 -6.07950E-03 
  1649   9.21058E-05  4.38693E-05 -6.05049E-03 
  1650  -9.02978E-05 -4.18356E-05 -6.05496E-03 

 Rigid Airport Pavement
                   FAASR3D (version 1.0 ) compiled 04/15/19
 n o d a l   p r i n t   o u t   f o r   t i m e   s t e p     1  ( at time  1.0000E+00 )
   node     x-disp       y-disp       z-disp
  1651   9.19051E-05  5.08805E-05 -6.02178E-03 
  1652  -9.01195E-05 -4.85255E-05 -6.02210E-03 
  1653   9.16773E-05  5.77304E-05 -5.98393E-03 
  1654  -8.98834E-05 -5.50649E-05 -5.98834E-03 
  1655   9.14406E-05  6.43744E-05 -5.94619E-03 
  1656  -8.96683E-05 -6.14108E-05 -5.94647E-03 
  1657   9.11864E-05  7.07739E-05 -5.89942E-03 
  1658  -8.94085E-05 -6.75052E-05 -5.90410E-03 
  1659   9.09311E-05  7.69072E-05 -5.85368E-03 
  1660  -8.91887E-05 -7.33713E-05 -5.85358E-03 
  1661   9.06571E-05  8.26324E-05 -5.79928E-03 
  1662  -8.88985E-05 -7.89360E-05 -5.80240E-03 
  1663   5.66956E-05  0.00000E+00 -5.98112E-03 
  1664  -5.59795E-05  0.00000E+00 -5.98488E-03 
  1665   5.66805E-05  7.32892E-06 -5.98211E-03 
  1666  -5.58935E-05 -6.98061E-06 -5.97925E-03 
  1667   5.66454E-05  1.46390E-05 -5.97171E-03 
  1668  -5.59251E-05 -1.39625E-05 -5.97517E-03 
  1669   5.65827E-05  2.19203E-05 -5.96279E-03 
  1670  -5.58048E-05 -2.08916E-05 -5.96033E-03 
  1671   5.64996E-05  2.91464E-05 -5.94324E-03 
  1672  -5.57780E-05 -2.77840E-05 -5.94643E-03 
  1673   5.63911E-05  3.63070E-05 -5.92470E-03 
  1674  -5.56123E-05 -3.46120E-05 -5.92233E-03 
  1675   5.62653E-05  4.33761E-05 -5.89584E-03 
  1676  -5.55460E-05 -4.13549E-05 -5.89901E-03 
  1677   5.61183E-05  5.03269E-05 -5.86802E-03 
  1678  -5.53441E-05 -4.79859E-05 -5.86567E-03 
  1679   5.59596E-05  5.71265E-05 -5.83009E-03 
  1680  -5.52432E-05 -5.44760E-05 -5.83320E-03 
  1681   5.57802E-05  6.37327E-05 -5.79336E-03 
  1682  -5.50147E-05 -6.07889E-05 -5.79091E-03 
  1683   5.55909E-05  7.01259E-05 -5.74646E-03 
  1684  -5.48823E-05 -6.68721E-05 -5.75003E-03 
  1685   5.54010E-05  7.62577E-05 -5.70161E-03 
  1686  -5.46103E-05 -7.27285E-05 -5.69905E-03 
  1687   5.52517E-05  8.19476E-05 -5.64755E-03 
  1688  -5.45513E-05 -7.82940E-05 -5.64890E-03 
  1689   4.74387E-09  0.00000E+00 -5.90836E-03 
  1690  -4.28882E-09  0.00000E+00 -5.92539E-03 
  1691   4.57287E-09  7.28430E-06 -5.91490E-03 
  1692  -4.39010E-09 -6.92606E-06 -5.91671E-03 
  1693   4.72739E-09  1.45697E-05 -5.89941E-03 
  1694  -4.29277E-09 -1.39032E-05 -5.91555E-03 
  1695   4.58179E-09  2.18016E-05 -5.89524E-03 
  1696  -4.37353E-09 -2.07668E-05 -5.89814E-03 
  1697   4.70904E-09  2.89891E-05 -5.87134E-03 
  1698  -4.28637E-09 -2.76203E-05 -5.88686E-03 
  1699   4.56444E-09  3.61183E-05 -5.85748E-03 
  1700  -4.36096E-09 -3.44162E-05 -5.86037E-03 

 Rigid Airport Pavement
                   FAASR3D (version 1.0 ) compiled 04/15/19
 n o d a l   p r i n t   o u t   f o r   t i m e   s t e p     1  ( at time  1.0000E+00 )
   node     x-disp       y-disp       z-disp
  1701   4.69146E-09  4.31591E-05 -5.82431E-03 
  1702  -4.26951E-09 -4.11311E-05 -5.83972E-03 
  1703   4.54384E-09  5.00844E-05 -5.80119E-03 
  1704  -4.34466E-09 -4.77344E-05 -5.80404E-03 
  1705   4.66596E-09  5.68618E-05 -5.75908E-03 
  1706  -4.25569E-09 -5.42053E-05 -5.77422E-03 
  1707   4.53080E-09  6.34311E-05 -5.72687E-03 
  1708  -4.32029E-09 -6.04747E-05 -5.72971E-03 
  1709   4.65560E-09  6.97772E-05 -5.67558E-03 
  1710  -4.21712E-09 -6.64582E-05 -5.69182E-03 
  1711   4.43798E-09  7.59834E-05 -5.63727E-03 
  1712  -4.33180E-09 -7.24299E-05 -5.63774E-03 
  1713   4.61437E-09  8.17388E-05 -5.57831E-03 
  1714  -4.26391E-09 -7.82173E-05 -5.59013E-03 
  1715   1.06668E-04  9.88898E-05 -6.26936E-03 
  1716  -1.06796E-04 -9.44096E-05 -6.27084E-03 
  1717   1.05886E-04  1.06194E-04 -6.06549E-03 
  1718  -1.06035E-04 -1.01501E-04 -6.06733E-03 
  1719   1.05080E-04  1.03736E-04 -5.85561E-03 
  1720  -1.05254E-04 -9.92932E-05 -5.85710E-03 
  1721   1.04273E-04  8.75619E-05 -5.66170E-03 
  1722  -1.04468E-04 -8.39612E-05 -5.66368E-03 
  1723   1.03561E-04  5.36335E-05 -5.51618E-03 
  1724  -1.03764E-04 -5.19553E-05 -5.51617E-03 
  1725   1.03160E-04  4.57325E-09 -5.45102E-03 
  1726  -1.03268E-04 -4.11170E-09 -5.45876E-03 
  1727   1.11939E-04  9.81307E-05 -6.04787E-03 
  1728  -1.10947E-04 -9.36789E-05 -6.04970E-03 
  1729   1.11265E-04  1.05491E-04 -5.84553E-03 
  1730  -1.10293E-04 -1.00823E-04 -5.84752E-03 
  1731   1.10734E-04  1.03095E-04 -5.63700E-03 
  1732  -1.09774E-04 -9.86742E-05 -5.63869E-03 
  1733   1.10310E-04  8.69566E-05 -5.44443E-03 
  1734  -1.09363E-04 -8.33745E-05 -5.44656E-03 
  1735   1.09935E-04  5.31162E-05 -5.30010E-03 
  1736  -1.08991E-04 -5.14447E-05 -5.30052E-03 
  1737   1.09735E-04  4.58040E-09 -5.23576E-03 
  1738  -1.08775E-04 -4.13739E-09 -5.24400E-03 
  1739   1.07659E-04  9.73932E-05 -5.82515E-03 
  1740  -1.06004E-04 -9.29717E-05 -5.82664E-03 
  1741   1.07088E-04  1.04980E-04 -5.62407E-03 
  1742  -1.05451E-04 -1.00329E-04 -5.62576E-03 
  1743   1.06907E-04  1.02889E-04 -5.41623E-03 
  1744  -1.05268E-04 -9.84719E-05 -5.41763E-03 
  1745   1.07131E-04  8.69368E-05 -5.22388E-03 
  1746  -1.05486E-04 -8.33585E-05 -5.22570E-03 
  1747   1.07448E-04  5.30684E-05 -5.07974E-03 
  1748  -1.05796E-04 -5.13709E-05 -5.07981E-03 
  1749   1.07547E-04  4.68015E-09 -5.01591E-03 
  1750  -1.05887E-04 -4.24137E-09 -5.02332E-03 

 Rigid Airport Pavement
                   FAASR3D (version 1.0 ) compiled 04/15/19
 n o d a l   p r i n t   o u t   f o r   t i m e   s t e p     1  ( at time  1.0000E+00 )
   node     x-disp       y-disp       z-disp
  1751   8.99227E-05  9.66849E-05 -5.62273E-03 
  1752  -8.81878E-05 -9.22844E-05 -5.62470E-03 
  1753   8.94061E-05  1.04612E-04 -5.42281E-03 
  1754  -8.76860E-05 -9.99741E-05 -5.42494E-03 
  1755   8.94365E-05  1.03128E-04 -5.21512E-03 
  1756  -8.77154E-05 -9.87047E-05 -5.21694E-03 
  1757   9.03097E-05  8.77951E-05 -5.02145E-03 
  1758  -8.85533E-05 -8.41824E-05 -5.02363E-03 
  1759   9.17695E-05  5.38597E-05 -4.87530E-03 
  1760  -9.00064E-05 -5.21627E-05 -4.87596E-03 
  1761   9.23899E-05  4.91467E-09 -4.81059E-03 
  1762  -9.05272E-05 -4.49474E-09 -4.81899E-03 
  1763   5.47009E-05  9.60657E-05 -5.47247E-03 
  1764  -5.39570E-05 -9.16767E-05 -5.47246E-03 
  1765   5.42528E-05  1.04297E-04 -5.27358E-03 
  1766  -5.35146E-05 -9.96647E-05 -5.27399E-03 
  1767   5.42490E-05  1.03474E-04 -5.06597E-03 
  1768  -5.34839E-05 -9.90445E-05 -5.06604E-03 
  1769   5.50621E-05  8.92606E-05 -4.87024E-03 
  1770  -5.42965E-05 -8.56401E-05 -4.87090E-03 
  1771   5.71375E-05  5.59295E-05 -4.71916E-03 
  1772  -5.62917E-05 -5.41524E-05 -4.71785E-03 
  1773   5.95176E-05  5.44647E-09 -4.65326E-03 
  1774  -5.93282E-05 -5.00900E-09 -4.65644E-03 
  1775   4.56539E-09  9.57089E-05 -5.40587E-03 
  1776  -4.27282E-09 -9.12278E-05 -5.41357E-03 
  1777   4.58229E-09  1.04125E-04 -5.20770E-03 
  1778  -4.30801E-09 -9.94800E-05 -5.21590E-03 
  1779   4.68909E-09  1.03589E-04 -5.00053E-03 
  1780  -4.41712E-09 -9.91532E-05 -5.00792E-03 
  1781   4.92931E-09  8.98865E-05 -4.80389E-03 
  1782  -4.67572E-09 -8.61676E-05 -4.81229E-03 
  1783   5.46364E-09  5.83096E-05 -4.65160E-03 
  1784  -5.19104E-09 -5.71888E-05 -4.65478E-03 
  1785   6.32858E-09  6.31015E-09 -4.56222E-03 
  1786  -5.59683E-09 -5.41195E-09 -4.59214E-03 
  1787   3.18127E-04  0.00000E+00 -5.30556E-03 
  1788   3.17711E-04 -1.14608E-05 -5.30307E-03 
  1789   3.18031E-04 -2.26466E-05 -5.29622E-03 
  1790   3.17677E-04 -3.41211E-05 -5.28473E-03 
  1791   3.17906E-04 -4.52826E-05 -5.26850E-03 
  1792   3.17624E-04 -5.63917E-05 -5.24782E-03 
  1793   3.17805E-04 -6.73716E-05 -5.22266E-03 
  1794   3.17557E-04 -7.81858E-05 -5.19296E-03 
  1795   3.17804E-04 -8.87333E-05 -5.15891E-03 
  1796   3.17575E-04 -9.89476E-05 -5.12067E-03 
  1797   3.17996E-04 -1.09032E-04 -5.07818E-03 
  1798   3.17866E-04 -1.18534E-04 -5.03109E-03 
  1799   3.18008E-04 -1.27007E-04 -4.98159E-03 
  1800   3.24191E-04  0.00000E+00 -5.44444E-03 

 Rigid Airport Pavement
                   FAASR3D (version 1.0 ) compiled 04/15/19
 n o d a l   p r i n t   o u t   f o r   t i m e   s t e p     1  ( at time  1.0000E+00 )
   node     x-disp       y-disp       z-disp
  1801   3.24469E-04 -1.14511E-05 -5.44198E-03 
  1802   3.24162E-04 -2.26968E-05 -5.43507E-03 
  1803   3.24317E-04 -3.41009E-05 -5.42355E-03 
  1804   3.24031E-04 -4.52933E-05 -5.40732E-03 
  1805   3.24134E-04 -5.64186E-05 -5.38663E-03 
  1806   3.23822E-04 -6.74091E-05 -5.36141E-03 
  1807   3.23921E-04 -7.82288E-05 -5.33172E-03 
  1808   3.23635E-04 -8.88113E-05 -5.29763E-03 
  1809   3.23773E-04 -9.90978E-05 -5.25935E-03 
  1810   3.23553E-04 -1.09182E-04 -5.21687E-03 
  1811   3.23925E-04 -1.18867E-04 -5.16989E-03 
  1812   3.23763E-04 -1.27496E-04 -5.11981E-03 
  1813   3.25909E-04  0.00000E+00 -5.58951E-03 
  1814   3.25996E-04 -1.14569E-05 -5.58709E-03 
  1815   3.25862E-04 -2.27753E-05 -5.58015E-03 
  1816   3.25853E-04 -3.41927E-05 -5.56856E-03 
  1817   3.25677E-04 -4.54143E-05 -5.55231E-03 
  1818   3.25602E-04 -5.65606E-05 -5.53154E-03 
  1819   3.25393E-04 -6.75684E-05 -5.50625E-03 
  1820   3.25299E-04 -7.83957E-05 -5.47647E-03 
  1821   3.25092E-04 -8.89862E-05 -5.44233E-03 
  1822   3.25027E-04 -9.92747E-05 -5.40391E-03 
  1823   3.24867E-04 -1.09230E-04 -5.36139E-03 
  1824   3.24953E-04 -1.18731E-04 -5.31465E-03 
  1825   3.24959E-04 -1.27558E-04 -5.26461E-03 
  1826   3.23332E-04  0.00000E+00 -5.73398E-03 
  1827   3.23345E-04 -1.15027E-05 -5.73157E-03 
  1828   3.23257E-04 -2.28712E-05 -5.72459E-03 
  1829   3.23189E-04 -3.43116E-05 -5.71296E-03 
  1830   3.23038E-04 -4.55806E-05 -5.69664E-03 
  1831   3.22902E-04 -5.67614E-05 -5.67580E-03 
  1832   3.22704E-04 -6.77932E-05 -5.65041E-03 
  1833   3.22535E-04 -7.86355E-05 -5.62055E-03 
  1834   3.22317E-04 -8.92384E-05 -5.58630E-03 
  1835   3.22152E-04 -9.95395E-05 -5.54779E-03 
  1836   3.21953E-04 -1.09521E-04 -5.50515E-03 
  1837   3.21814E-04 -1.19111E-04 -5.45836E-03 
  1838   3.21676E-04 -1.27869E-04 -5.40816E-03 
  1839   3.18220E-04  0.00000E+00 -5.87638E-03 
  1840   3.18209E-04 -1.15459E-05 -5.87395E-03 
  1841   3.18135E-04 -2.29717E-05 -5.86695E-03 
  1842   3.18038E-04 -3.44616E-05 -5.85526E-03 
  1843   3.17887E-04 -4.57736E-05 -5.83889E-03 
  1844   3.17716E-04 -5.69931E-05 -5.81794E-03 
  1845   3.17506E-04 -6.80558E-05 -5.79247E-03 
  1846   3.17286E-04 -7.89237E-05 -5.76248E-03 
  1847   3.17040E-04 -8.95366E-05 -5.72813E-03 
  1848   3.16806E-04 -9.98293E-05 -5.68950E-03 
  1849   3.16562E-04 -1.09765E-04 -5.64674E-03 
  1850   3.16348E-04 -1.19223E-04 -5.59981E-03 

 Rigid Airport Pavement
                   FAASR3D (version 1.0 ) compiled 04/15/19
 n o d a l   p r i n t   o u t   f o r   t i m e   s t e p     1  ( at time  1.0000E+00 )
   node     x-disp       y-disp       z-disp
  1851   3.16153E-04 -1.28013E-04 -5.54957E-03 
  1852   3.10796E-04  0.00000E+00 -6.01587E-03 
  1853   3.10782E-04 -1.16094E-05 -6.01344E-03 
  1854   3.10706E-04 -2.30874E-05 -6.00639E-03 
  1855   3.10597E-04 -3.46206E-05 -5.99466E-03 
  1856   3.10435E-04 -4.59855E-05 -5.97820E-03 
  1857   3.10246E-04 -5.72474E-05 -5.95717E-03 
  1858   3.10011E-04 -6.83477E-05 -5.93158E-03 
  1859   3.09758E-04 -7.92421E-05 -5.90148E-03 
  1860   3.09476E-04 -8.98802E-05 -5.86698E-03 
  1861   3.09191E-04 -1.00192E-04 -5.82822E-03 
  1862   3.08888E-04 -1.10168E-04 -5.78531E-03 
  1863   3.08602E-04 -1.19725E-04 -5.73825E-03 
  1864   3.08318E-04 -1.28460E-04 -5.68777E-03 
  1865   3.01511E-04  0.00000E+00 -6.15162E-03 
  1866   3.01486E-04 -1.16575E-05 -6.14917E-03 
  1867   3.01407E-04 -2.32000E-05 -6.14210E-03 
  1868   3.01285E-04 -3.47971E-05 -6.13029E-03 
  1869   3.01113E-04 -4.62099E-05 -6.11377E-03 
  1870   3.00903E-04 -5.75194E-05 -6.09263E-03 
  1871   3.00648E-04 -6.86649E-05 -6.06692E-03 
  1872   3.00365E-04 -7.95970E-05 -6.03668E-03 
  1873   3.00054E-04 -9.02578E-05 -6.00205E-03 
  1874   2.99722E-04 -1.00583E-04 -5.96311E-03 
  1875   2.99371E-04 -1.10534E-04 -5.92006E-03 
  1876   2.99018E-04 -1.19983E-04 -5.87283E-03 
  1877   2.98666E-04 -1.28762E-04 -5.82230E-03 
  1878   2.90522E-04  0.00000E+00 -6.28276E-03 
  1879   2.90500E-04 -1.17284E-05 -6.28031E-03 
  1880   2.90418E-04 -2.33202E-05 -6.27319E-03 
  1881   2.90289E-04 -3.49687E-05 -6.26133E-03 
  1882   2.90106E-04 -4.64445E-05 -6.24471E-03 
  1883   2.89880E-04 -5.78074E-05 -6.22348E-03 
  1884   2.89609E-04 -6.89990E-05 -6.19763E-03 
  1885   2.89303E-04 -7.99716E-05 -6.16726E-03 
  1886   2.88961E-04 -9.06713E-05 -6.13245E-03 
  1887   2.88593E-04 -1.01033E-04 -6.09336E-03 
  1888   2.88199E-04 -1.11038E-04 -6.05010E-03 
  1889   2.87795E-04 -1.20613E-04 -6.00268E-03 
  1890   2.87376E-04 -1.29350E-04 -5.95184E-03 
  1891   2.78145E-04  0.00000E+00 -6.40876E-03 
  1892   2.78116E-04 -1.17805E-05 -6.40628E-03 
  1893   2.78032E-04 -2.34483E-05 -6.39914E-03 
  1894   2.77894E-04 -3.51624E-05 -6.38721E-03 
  1895   2.77704E-04 -4.66928E-05 -6.37051E-03 
  1896   2.77465E-04 -5.81072E-05 -6.34915E-03 
  1897   2.77182E-04 -6.93475E-05 -6.32319E-03 
  1898   2.76855E-04 -8.03673E-05 -6.29265E-03 
  1899   2.76488E-04 -9.11049E-05 -6.25768E-03 
  1900   2.76089E-04 -1.01493E-04 -6.21839E-03 

 Rigid Airport Pavement
                   FAASR3D (version 1.0 ) compiled 04/15/19
 n o d a l   p r i n t   o u t   f o r   t i m e   s t e p     1  ( at time  1.0000E+00 )
   node     x-disp       y-disp       z-disp
  1901   2.75660E-04 -1.11493E-04 -6.17495E-03 
  1902   2.75208E-04 -1.20977E-04 -6.12732E-03 
  1903   2.74740E-04 -1.29778E-04 -6.07637E-03 
  1904   2.64559E-04  0.00000E+00 -6.52895E-03 
  1905   2.64528E-04 -1.18609E-05 -6.52647E-03 
  1906   2.64446E-04 -2.35811E-05 -6.51927E-03 
  1907   2.64303E-04 -3.53525E-05 -6.50729E-03 
  1908   2.64109E-04 -4.69412E-05 -6.49048E-03 
  1909   2.63862E-04 -5.84145E-05 -6.46903E-03 
  1910   2.63567E-04 -6.97096E-05 -6.44291E-03 
  1911   2.63222E-04 -8.07783E-05 -6.41223E-03 
  1912   2.62840E-04 -9.15662E-05 -6.37707E-03 
  1913   2.62413E-04 -1.02002E-04 -6.33759E-03 
  1914   2.61959E-04 -1.12070E-04 -6.29392E-03 
  1915   2.61471E-04 -1.21696E-04 -6.24606E-03 
  1916   2.60970E-04 -1.30468E-04 -6.19477E-03 
  1917   2.50013E-04  0.00000E+00 -6.64299E-03 
  1918   2.49982E-04 -1.19119E-05 -6.64049E-03 
  1919   2.49898E-04 -2.37091E-05 -6.63327E-03 
  1920   2.49754E-04 -3.55505E-05 -6.62120E-03 
  1921   2.49557E-04 -4.71982E-05 -6.60432E-03 
  1922   2.49301E-04 -5.87288E-05 -6.58273E-03 
  1923   2.48999E-04 -7.00817E-05 -6.55649E-03 
  1924   2.48646E-04 -8.12016E-05 -6.52562E-03 
  1925   2.48249E-04 -9.20326E-05 -6.49030E-03 
  1926   2.47810E-04 -1.02505E-04 -6.45060E-03 
  1927   2.47332E-04 -1.12577E-04 -6.40673E-03 
  1928   2.46818E-04 -1.22125E-04 -6.35864E-03 
  1929   2.46277E-04 -1.30975E-04 -6.30721E-03 
  1930   2.34708E-04  0.00000E+00 -6.75041E-03 
  1931   2.34674E-04 -1.19934E-05 -6.74790E-03 
  1932   2.34592E-04 -2.38430E-05 -6.74062E-03 
  1933   2.34445E-04 -3.57398E-05 -6.72851E-03 
  1934   2.34248E-04 -4.74543E-05 -6.71152E-03 
  1935   2.33990E-04 -5.90458E-05 -6.68982E-03 
  1936   2.33685E-04 -7.04541E-05 -6.66342E-03 
  1937   2.33327E-04 -8.16299E-05 -6.63241E-03 
  1938   2.32924E-04 -9.25139E-05 -6.59688E-03 
  1939   2.32473E-04 -1.03041E-04 -6.55699E-03 
  1940   2.31986E-04 -1.13194E-04 -6.51288E-03 
  1941   2.31454E-04 -1.22896E-04 -6.46454E-03 
  1942   2.30900E-04 -1.31731E-04 -6.41274E-03 
  1943   2.18830E-04  0.00000E+00 -6.85105E-03 
  1944   2.18799E-04 -1.20430E-05 -6.84852E-03 
  1945   2.18715E-04 -2.39667E-05 -6.84122E-03 
  1946   2.18568E-04 -3.59376E-05 -6.82902E-03 
  1947   2.18371E-04 -4.77105E-05 -6.81195E-03 
  1948   2.18116E-04 -5.93617E-05 -6.79012E-03 
  1949   2.17811E-04 -7.08285E-05 -6.76360E-03 
  1950   2.17452E-04 -8.20611E-05 -6.73240E-03 

 Rigid Airport Pavement
                   FAASR3D (version 1.0 ) compiled 04/15/19
 n o d a l   p r i n t   o u t   f o r   t i m e   s t e p     1  ( at time  1.0000E+00 )
   node     x-disp       y-disp       z-disp
  1951   2.17047E-04 -9.29932E-05 -6.69670E-03 
  1952   2.16592E-04 -1.03558E-04 -6.65659E-03 
  1953   2.16098E-04 -1.13721E-04 -6.61226E-03 
  1954   2.15558E-04 -1.23350E-04 -6.56367E-03 
  1955   2.14981E-04 -1.32269E-04 -6.51173E-03 
  1956   2.02557E-04  0.00000E+00 -6.94459E-03 
  1957   2.02525E-04 -1.21231E-05 -6.94206E-03 
  1958   2.02445E-04 -2.40967E-05 -6.93470E-03 
  1959   2.02299E-04 -3.61238E-05 -6.92245E-03 
  1960   2.02105E-04 -4.79605E-05 -6.90528E-03 
  1961   2.01851E-04 -5.96719E-05 -6.88335E-03 
  1962   2.01550E-04 -7.11973E-05 -6.85667E-03 
  1963   2.01193E-04 -8.24846E-05 -6.82533E-03 
  1964   2.00793E-04 -9.34730E-05 -6.78943E-03 
  1965   2.00340E-04 -1.04100E-04 -6.74912E-03 
  1966   1.99846E-04 -1.14345E-04 -6.70455E-03 
  1967   1.99305E-04 -1.24139E-04 -6.65570E-03 
  1968   1.98734E-04 -1.33044E-04 -6.60338E-03 
  1969   1.86026E-04  0.00000E+00 -7.03105E-03 
  1970   1.85994E-04 -1.21711E-05 -7.02849E-03 
  1971   1.85913E-04 -2.42180E-05 -7.02111E-03 
  1972   1.85774E-04 -3.63159E-05 -7.00878E-03 
  1973   1.85583E-04 -4.82071E-05 -6.99153E-03 
  1974   1.85337E-04 -5.99770E-05 -6.96947E-03 
  1975   1.85040E-04 -7.15600E-05 -6.94267E-03 
  1976   1.84691E-04 -8.28995E-05 -6.91115E-03 
  1977   1.84295E-04 -9.39400E-05 -6.87508E-03 
  1978   1.83850E-04 -1.04607E-04 -6.83456E-03 
  1979   1.83360E-04 -1.14867E-04 -6.78978E-03 
  1980   1.82825E-04 -1.24584E-04 -6.74069E-03 
  1981   1.82252E-04 -1.33584E-04 -6.68823E-03 
  1982   1.69376E-04  0.00000E+00 -7.11020E-03 
  1983   1.69345E-04 -1.22495E-05 -7.10764E-03 
  1984   1.69266E-04 -2.43434E-05 -7.10021E-03 
  1985   1.69131E-04 -3.64915E-05 -7.08784E-03 
  1986   1.68946E-04 -4.84453E-05 -7.07048E-03 
  1987   1.68707E-04 -6.02716E-05 -7.04834E-03 
  1988   1.68422E-04 -7.19097E-05 -7.02138E-03 
  1989   1.68079E-04 -8.33037E-05 -6.98972E-03 
  1990   1.67696E-04 -9.43998E-05 -6.95346E-03 
  1991   1.67262E-04 -1.05128E-04 -6.91275E-03 
  1992   1.66787E-04 -1.15475E-04 -6.86773E-03 
  1993   1.66263E-04 -1.25361E-04 -6.81839E-03 
  1994   1.65706E-04 -1.34348E-04 -6.76555E-03 
  1995   1.52698E-04  0.00000E+00 -7.18219E-03 
  1996   1.52670E-04 -1.22910E-05 -7.17960E-03 
  1997   1.52595E-04 -2.44560E-05 -7.17215E-03 
  1998   1.52464E-04 -3.66695E-05 -7.15970E-03 
  1999   1.52286E-04 -4.86765E-05 -7.14228E-03 
  2000   1.52056E-04 -6.05561E-05 -7.12001E-03 

 Rigid Airport Pavement
                   FAASR3D (version 1.0 ) compiled 04/15/19
 n o d a l   p r i n t   o u t   f o r   t i m e   s t e p     1  ( at time  1.0000E+00 )
   node     x-disp       y-disp       z-disp
  2001   1.51780E-04 -7.22473E-05 -7.09294E-03 
  2002   1.51454E-04 -8.36960E-05 -7.06112E-03 
  2003   1.51084E-04 -9.48392E-05 -7.02470E-03 
  2004   1.50665E-04 -1.05608E-04 -6.98378E-03 
  2005   1.50208E-04 -1.15963E-04 -6.93857E-03 
  2006   1.49700E-04 -1.25773E-04 -6.88900E-03 
  2007   1.49156E-04 -1.34853E-04 -6.83604E-03 
  2008   1.36100E-04  0.00000E+00 -7.24687E-03 
  2009   1.36072E-04 -1.23598E-05 -7.24429E-03 
  2010   1.36001E-04 -2.45675E-05 -7.23678E-03 
  2011   1.35875E-04 -3.68299E-05 -7.22429E-03 
  2012   1.35707E-04 -4.88936E-05 -7.20678E-03 
  2013   1.35488E-04 -6.08280E-05 -7.18442E-03 
  2014   1.35225E-04 -7.25696E-05 -7.15722E-03 
  2015   1.34914E-04 -8.40696E-05 -7.12526E-03 
  2016   1.34563E-04 -9.52664E-05 -7.08866E-03 
  2017   1.34163E-04 -1.06089E-04 -7.04757E-03 
  2018   1.33727E-04 -1.16529E-04 -7.00214E-03 
  2019   1.33244E-04 -1.26508E-04 -6.95234E-03 
  2020   1.32731E-04 -1.35578E-04 -6.89901E-03 
  2021   1.19634E-04  0.00000E+00 -7.30446E-03 
  2022   1.19607E-04 -1.23969E-05 -7.30185E-03 
  2023   1.19539E-04 -2.46667E-05 -7.29434E-03 
  2024   1.19422E-04 -3.69903E-05 -7.28178E-03 
  2025   1.19263E-04 -4.91018E-05 -7.26420E-03 
  2026   1.19057E-04 -6.10863E-05 -7.24173E-03 
  2027   1.18808E-04 -7.28772E-05 -7.21443E-03 
  2028   1.18516E-04 -8.44241E-05 -7.18232E-03 
  2029   1.18183E-04 -9.56606E-05 -7.14558E-03 
  2030   1.17808E-04 -1.06519E-04 -7.10430E-03 
  2031   1.17393E-04 -1.16963E-04 -7.05869E-03 
  2032   1.16939E-04 -1.26860E-04 -7.00869E-03 
  2033   1.16451E-04 -1.36024E-04 -6.95526E-03 
  2034   1.03372E-04  0.00000E+00 -7.35489E-03 
  2035   1.03347E-04 -1.24629E-05 -7.35228E-03 
  2036   1.03285E-04 -2.47679E-05 -7.34471E-03 
  2037   1.03175E-04 -3.71321E-05 -7.33212E-03 
  2038   1.03027E-04 -4.92937E-05 -7.31446E-03 
  2039   1.02833E-04 -6.13272E-05 -7.29192E-03 
  2040   1.02603E-04 -7.31628E-05 -7.26449E-03 
  2041   1.02332E-04 -8.47518E-05 -7.23227E-03 
  2042   1.02021E-04 -9.60354E-05 -7.19536E-03 
  2043   1.01671E-04 -1.06945E-04 -7.15394E-03 
  2044   1.01286E-04 -1.17470E-04 -7.10813E-03 
  2045   1.00863E-04 -1.27535E-04 -7.05793E-03 
  2046   1.00413E-04 -1.36677E-04 -7.00416E-03 
  2047   8.73381E-05  0.00000E+00 -7.39840E-03 
  2048   8.73173E-05 -1.24939E-05 -7.39577E-03 
  2049   8.72592E-05 -2.48574E-05 -7.38820E-03 
  2050   8.71608E-05 -3.72730E-05 -7.37554E-03 

 Rigid Airport Pavement
                   FAASR3D (version 1.0 ) compiled 04/15/19
 n o d a l   p r i n t   o u t   f o r   t i m e   s t e p     1  ( at time  1.0000E+00 )
   node     x-disp       y-disp       z-disp
  2051   8.70223E-05 -4.94735E-05 -7.35783E-03 
  2052   8.68463E-05 -6.15475E-05 -7.33518E-03 
  2053   8.66350E-05 -7.34267E-05 -7.30767E-03 
  2054   8.63863E-05 -8.50565E-05 -7.27532E-03 
  2055   8.61000E-05 -9.63767E-05 -7.23830E-03 
  2056   8.57792E-05 -1.07315E-04 -7.19671E-03 
  2057   8.54260E-05 -1.17840E-04 -7.15075E-03 
  2058   8.50402E-05 -1.27810E-04 -7.10037E-03 
  2059   8.46232E-05 -1.37040E-04 -7.04654E-03 
  2060   7.15883E-05  0.00000E+00 -7.43496E-03 
  2061   7.15674E-05 -1.25510E-05 -7.43233E-03 
  2062   7.15149E-05 -2.49429E-05 -7.42471E-03 
  2063   7.14258E-05 -3.73904E-05 -7.41203E-03 
  2064   7.13025E-05 -4.96325E-05 -7.39424E-03 
  2065   7.11428E-05 -6.17476E-05 -7.37155E-03 
  2066   7.09516E-05 -7.36641E-05 -7.34392E-03 
  2067   7.07243E-05 -8.53351E-05 -7.31148E-03 
  2068   7.04666E-05 -9.66950E-05 -7.27432E-03 
  2069   7.01751E-05 -1.07679E-04 -7.23261E-03 
  2070   6.98587E-05 -1.18277E-04 -7.18648E-03 
  2071   6.95095E-05 -1.28408E-04 -7.13592E-03 
  2072   6.91383E-05 -1.37617E-04 -7.08179E-03 
  2073   5.61190E-05  0.00000E+00 -7.46485E-03 
  2074   5.61033E-05 -1.25733E-05 -7.46220E-03 
  2075   5.60570E-05 -2.50126E-05 -7.45458E-03 
  2076   5.59788E-05 -3.75037E-05 -7.44184E-03 
  2077   5.58697E-05 -4.97808E-05 -7.42402E-03 
  2078   5.57279E-05 -6.19280E-05 -7.40123E-03 
  2079   5.55579E-05 -7.38797E-05 -7.37355E-03 
  2080   5.53540E-05 -8.55842E-05 -7.34099E-03 
  2081   5.51272E-05 -9.69739E-05 -7.30374E-03 
  2082   5.48698E-05 -1.07981E-04 -7.26188E-03 
  2083   5.45878E-05 -1.18568E-04 -7.21564E-03 
  2084   5.42803E-05 -1.28598E-04 -7.16494E-03 
  2085   5.39502E-05 -1.37886E-04 -7.11078E-03 
  2086   4.09704E-05  0.00000E+00 -7.48805E-03 
  2087   4.09554E-05 -1.26193E-05 -7.48540E-03 
  2088   4.09167E-05 -2.50776E-05 -7.47774E-03 
  2089   4.08451E-05 -3.75958E-05 -7.46499E-03 
  2090   4.07514E-05 -4.99083E-05 -7.44710E-03 
  2091   4.06294E-05 -6.20871E-05 -7.42427E-03 
  2092   4.04801E-05 -7.40708E-05 -7.39650E-03 
  2093   4.03046E-05 -8.58001E-05 -7.36387E-03 
  2094   4.01088E-05 -9.72246E-05 -7.32650E-03 
  2095   3.98875E-05 -1.08269E-04 -7.28456E-03 
  2096   3.96430E-05 -1.18921E-04 -7.23818E-03 
  2097   3.93785E-05 -1.29106E-04 -7.18734E-03 
  2098   3.90934E-05 -1.38355E-04 -7.13291E-03 
  2099   2.61297E-05  0.00000E+00 -7.50485E-03 
  2100   2.61192E-05 -1.26317E-05 -7.50218E-03 

 Rigid Airport Pavement
                   FAASR3D (version 1.0 ) compiled 04/15/19
 n o d a l   p r i n t   o u t   f o r   t i m e   s t e p     1  ( at time  1.0000E+00 )
   node     x-disp       y-disp       z-disp
  2101   2.60857E-05 -2.51294E-05 -7.49452E-03 
  2102   2.60256E-05 -3.76851E-05 -7.48172E-03 
  2103   2.59454E-05 -5.00199E-05 -7.46381E-03 
  2104   2.58400E-05 -6.22270E-05 -7.44091E-03 
  2105   2.57159E-05 -7.42349E-05 -7.41310E-03 
  2106   2.55698E-05 -8.59898E-05 -7.38038E-03 
  2107   2.54019E-05 -9.74320E-05 -7.34295E-03 
  2108   2.52173E-05 -1.08487E-04 -7.30089E-03 
  2109   2.50126E-05 -1.19121E-04 -7.25443E-03 
  2110   2.47891E-05 -1.29199E-04 -7.20349E-03 
  2111   2.45522E-05 -1.38524E-04 -7.14907E-03 
  2112   1.16182E-05  0.00000E+00 -7.51522E-03 
  2113   1.16066E-05 -1.26688E-05 -7.51256E-03 
  2114   1.15772E-05 -2.51792E-05 -7.50487E-03 
  2115   1.15302E-05 -3.77474E-05 -7.49206E-03 
  2116   1.14646E-05 -5.01122E-05 -7.47410E-03 
  2117   1.13810E-05 -6.23402E-05 -7.45118E-03 
  2118   1.12799E-05 -7.43690E-05 -7.42329E-03 
  2119   1.11592E-05 -8.61468E-05 -7.39053E-03 
  2120   1.10247E-05 -9.76103E-05 -7.35301E-03 
  2121   1.08730E-05 -1.08690E-04 -7.31090E-03 
  2122   1.07109E-05 -1.19384E-04 -7.26433E-03 
  2123   1.05345E-05 -1.29606E-04 -7.21329E-03 
  2124   1.03471E-05 -1.38887E-04 -7.15865E-03 
  2125  -2.58032E-06  0.00000E+00 -7.51947E-03 
  2126  -2.58973E-06 -1.26761E-05 -7.51680E-03 
  2127  -2.61431E-06 -2.52137E-05 -7.50912E-03 
  2128  -2.64970E-06 -3.78082E-05 -7.49627E-03 
  2129  -2.69913E-06 -5.01845E-05 -7.47830E-03 
  2130  -2.76205E-06 -6.24301E-05 -7.45533E-03 
  2131  -2.84337E-06 -7.44776E-05 -7.42741E-03 
  2132  -2.93491E-06 -8.62697E-05 -7.39459E-03 
  2133  -3.03610E-06 -9.77450E-05 -7.35703E-03 
  2134  -3.15095E-06 -1.08829E-04 -7.31484E-03 
  2135  -3.27275E-06 -1.19494E-04 -7.26823E-03 
  2136  -3.40193E-06 -1.29595E-04 -7.21713E-03 
  2137  -3.53919E-06 -1.38936E-04 -7.16254E-03 
  2138  -1.64579E-05  0.00000E+00 -7.51758E-03 
  2139  -1.64629E-05 -1.27030E-05 -7.51491E-03 
  2140  -1.64786E-05 -2.52451E-05 -7.50720E-03 
  2141  -1.65032E-05 -3.78447E-05 -7.49436E-03 
  2142  -1.65395E-05 -5.02375E-05 -7.47635E-03 
  2143  -1.65881E-05 -6.24973E-05 -7.45337E-03 
  2144  -1.66413E-05 -7.45563E-05 -7.42541E-03 
  2145  -1.67034E-05 -8.63590E-05 -7.39257E-03 
  2146  -1.67736E-05 -9.78492E-05 -7.35495E-03 
  2147  -1.68516E-05 -1.08955E-04 -7.31273E-03 
  2148  -1.69338E-05 -1.19666E-04 -7.26605E-03 
  2149  -1.70230E-05 -1.29903E-04 -7.21490E-03 
  2150  -1.71093E-05 -1.39200E-04 -7.16012E-03 

 Rigid Airport Pavement
                   FAASR3D (version 1.0 ) compiled 04/15/19
 n o d a l   p r i n t   o u t   f o r   t i m e   s t e p     1  ( at time  1.0000E+00 )
   node     x-disp       y-disp       z-disp
  2151  -3.00181E-05  0.00000E+00 -7.50984E-03 
  2152  -3.00207E-05 -1.26984E-05 -7.50716E-03 
  2153  -3.00275E-05 -2.52631E-05 -7.49947E-03 
  2154  -3.00430E-05 -3.78796E-05 -7.48659E-03 
  2155  -3.00669E-05 -5.02777E-05 -7.46859E-03 
  2156  -3.00933E-05 -6.25425E-05 -7.44557E-03 
  2157  -3.01225E-05 -7.46087E-05 -7.41761E-03 
  2158  -3.01589E-05 -8.64214E-05 -7.38472E-03 
  2159  -3.02003E-05 -9.79104E-05 -7.34710E-03 
  2160  -3.02401E-05 -1.09011E-04 -7.30483E-03 
  2161  -3.02817E-05 -1.19686E-04 -7.25815E-03 
  2162  -3.03267E-05 -1.29794E-04 -7.20696E-03 
  2163  -3.03663E-05 -1.39149E-04 -7.15228E-03 
  2164  -4.32573E-05  0.00000E+00 -7.49622E-03 
  2165  -4.32564E-05 -1.27166E-05 -7.49356E-03 
  2166  -4.32576E-05 -2.52746E-05 -7.48583E-03 
  2167  -4.32637E-05 -3.78897E-05 -7.47298E-03 
  2168  -4.32703E-05 -5.02946E-05 -7.45495E-03 
  2169  -4.32766E-05 -6.25657E-05 -7.43194E-03 
  2170  -4.32885E-05 -7.46340E-05 -7.40395E-03 
  2171  -4.32981E-05 -8.64479E-05 -7.37107E-03 
  2172  -4.33063E-05 -9.79465E-05 -7.33341E-03 
  2173  -4.33112E-05 -1.09055E-04 -7.29115E-03 
  2174  -4.33163E-05 -1.19767E-04 -7.24443E-03 
  2175  -4.33164E-05 -1.30003E-04 -7.19323E-03 
  2176  -4.33143E-05 -1.39293E-04 -7.13841E-03 
  2177  -5.61759E-05  0.00000E+00 -7.47703E-03 
  2178  -5.61725E-05 -1.27038E-05 -7.47435E-03 
  2179  -5.61691E-05 -2.52725E-05 -7.46665E-03 
  2180  -5.61628E-05 -3.78947E-05 -7.45377E-03 
  2181  -5.61550E-05 -5.02966E-05 -7.43576E-03 
  2182  -5.61449E-05 -6.25674E-05 -7.41273E-03 
  2183  -5.61342E-05 -7.46358E-05 -7.38476E-03 
  2184  -5.61184E-05 -8.64476E-05 -7.35186E-03 
  2185  -5.60977E-05 -9.79394E-05 -7.31422E-03 
  2186  -5.60708E-05 -1.09036E-04 -7.27195E-03 
  2187  -5.60393E-05 -1.19701E-04 -7.22525E-03 
  2188  -5.59985E-05 -1.29803E-04 -7.17406E-03 
  2189  -5.59514E-05 -1.39144E-04 -7.11938E-03 
  2190  -6.87593E-05  0.00000E+00 -7.45223E-03 
  2191  -6.87572E-05 -1.27117E-05 -7.44957E-03 
  2192  -6.87499E-05 -2.52650E-05 -7.44184E-03 
  2193  -6.87321E-05 -3.78769E-05 -7.42899E-03 
  2194  -6.87142E-05 -5.02812E-05 -7.41097E-03 
  2195  -6.86888E-05 -6.25474E-05 -7.38797E-03 
  2196  -6.86534E-05 -7.46125E-05 -7.35998E-03 
  2197  -6.86116E-05 -8.64204E-05 -7.32711E-03 
  2198  -6.85663E-05 -9.79045E-05 -7.28947E-03 
  2199  -6.85089E-05 -1.09002E-04 -7.24723E-03 
  2200  -6.84426E-05 -1.19703E-04 -7.20053E-03 

 Rigid Airport Pavement
                   FAASR3D (version 1.0 ) compiled 04/15/19
 n o d a l   p r i n t   o u t   f o r   t i m e   s t e p     1  ( at time  1.0000E+00 )
   node     x-disp       y-disp       z-disp
  2201  -6.83645E-05 -1.29920E-04 -7.14935E-03 
  2202  -6.82769E-05 -1.39198E-04 -7.09458E-03 
  2203  -8.10136E-05  0.00000E+00 -7.42214E-03 
  2204  -8.10067E-05 -1.26942E-05 -7.41946E-03 
  2205  -8.09930E-05 -2.52489E-05 -7.41176E-03 
  2206  -8.09696E-05 -3.78589E-05 -7.39890E-03 
  2207  -8.09356E-05 -5.02515E-05 -7.38090E-03 
  2208  -8.08929E-05 -6.25122E-05 -7.35790E-03 
  2209  -8.08419E-05 -7.45662E-05 -7.32994E-03 
  2210  -8.07755E-05 -8.63610E-05 -7.29708E-03 
  2211  -8.06984E-05 -9.78331E-05 -7.25948E-03 
  2212  -8.06143E-05 -1.08914E-04 -7.21725E-03 
  2213  -8.05179E-05 -1.19561E-04 -7.17061E-03 
  2214  -8.04035E-05 -1.29637E-04 -7.11947E-03 
  2215  -8.02731E-05 -1.38953E-04 -7.06487E-03 
  2216  -9.29080E-05  0.00000E+00 -7.38671E-03 
  2217  -9.28997E-05 -1.26914E-05 -7.38405E-03 
  2218  -9.28824E-05 -2.52301E-05 -7.37634E-03 
  2219  -9.28494E-05 -3.78201E-05 -7.36351E-03 
  2220  -9.28050E-05 -5.02036E-05 -7.34551E-03 
  2221  -9.27447E-05 -6.24551E-05 -7.32254E-03 
  2222  -9.26736E-05 -7.44965E-05 -7.29460E-03 
  2223  -9.25885E-05 -8.62787E-05 -7.26178E-03 
  2224  -9.24919E-05 -9.77453E-05 -7.22420E-03 
  2225  -9.23749E-05 -1.08820E-04 -7.18203E-03 
  2226  -9.22489E-05 -1.19488E-04 -7.13541E-03 
  2227  -9.21039E-05 -1.29678E-04 -7.08433E-03 
  2228  -9.19414E-05 -1.38918E-04 -7.02966E-03 
  2229  -1.04429E-04  0.00000E+00 -7.34629E-03 
  2230  -1.04420E-04 -1.26664E-05 -7.34362E-03 
  2231  -1.04396E-04 -2.51971E-05 -7.33594E-03 
  2232  -1.04353E-04 -3.77823E-05 -7.32310E-03 
  2233  -1.04297E-04 -5.01482E-05 -7.30514E-03 
  2234  -1.04225E-04 -6.23775E-05 -7.28219E-03 
  2235  -1.04136E-04 -7.44064E-05 -7.25429E-03 
  2236  -1.04030E-04 -8.61779E-05 -7.22150E-03 
  2237  -1.03908E-04 -9.76199E-05 -7.18398E-03 
  2238  -1.03770E-04 -1.08664E-04 -7.14185E-03 
  2239  -1.03615E-04 -1.19284E-04 -7.09530E-03 
  2240  -1.03441E-04 -1.29327E-04 -7.04430E-03 
  2241  -1.03246E-04 -1.38603E-04 -6.98983E-03 
  2242  -1.15543E-04  0.00000E+00 -7.30085E-03 
  2243  -1.15528E-04 -1.26599E-05 -7.29820E-03 
  2244  -1.15500E-04 -2.51607E-05 -7.29051E-03 
  2245  -1.15451E-04 -3.77193E-05 -7.27771E-03 
  2246  -1.15383E-04 -5.00722E-05 -7.25977E-03 
  2247  -1.15295E-04 -6.22840E-05 -7.23686E-03 
  2248  -1.15194E-04 -7.42947E-05 -7.20899E-03 
  2249  -1.15068E-04 -8.60470E-05 -7.17626E-03 
  2250  -1.14922E-04 -9.74776E-05 -7.13878E-03 

 Rigid Airport Pavement
                   FAASR3D (version 1.0 ) compiled 04/15/19
 n o d a l   p r i n t   o u t   f o r   t i m e   s t e p     1  ( at time  1.0000E+00 )
   node     x-disp       y-disp       z-disp
  2251  -1.14759E-04 -1.08516E-04 -7.09673E-03 
  2252  -1.14582E-04 -1.19156E-04 -7.05024E-03 
  2253  -1.14385E-04 -1.29301E-04 -6.99929E-03 
  2254  -1.14171E-04 -1.38499E-04 -6.94478E-03 
  2255  -1.26195E-04  0.00000E+00 -7.25075E-03 
  2256  -1.26186E-04 -1.26227E-05 -7.24809E-03 
  2257  -1.26150E-04 -2.51165E-05 -7.24044E-03 
  2258  -1.26096E-04 -3.76595E-05 -7.22764E-03 
  2259  -1.26016E-04 -4.99851E-05 -7.20974E-03 
  2260  -1.25919E-04 -6.21780E-05 -7.18686E-03 
  2261  -1.25797E-04 -7.41681E-05 -7.15906E-03 
  2262  -1.25656E-04 -8.58989E-05 -7.12636E-03 
  2263  -1.25489E-04 -9.73059E-05 -7.08897E-03 
  2264  -1.25308E-04 -1.08317E-04 -7.04697E-03 
  2265  -1.25103E-04 -1.18895E-04 -7.00057E-03 
  2266  -1.24868E-04 -1.28901E-04 -6.94970E-03 
  2267  -1.24614E-04 -1.38126E-04 -6.89540E-03 
  2268  -1.36339E-04  0.00000E+00 -7.19604E-03 
  2269  -1.36338E-04 -1.26104E-05 -7.19339E-03 
  2270  -1.36291E-04 -2.50689E-05 -7.18573E-03 
  2271  -1.36234E-04 -3.75783E-05 -7.17298E-03 
  2272  -1.36140E-04 -4.98870E-05 -7.15510E-03 
  2273  -1.36037E-04 -6.20556E-05 -7.13228E-03 
  2274  -1.35890E-04 -7.40229E-05 -7.10451E-03 
  2275  -1.35743E-04 -8.57289E-05 -7.07191E-03 
  2276  -1.35555E-04 -9.71149E-05 -7.03457E-03 
  2277  -1.35363E-04 -1.08121E-04 -6.99265E-03 
  2278  -1.35107E-04 -1.18707E-04 -6.94635E-03 
  2279  -1.34817E-04 -1.28806E-04 -6.89568E-03 
  2280  -1.34505E-04 -1.37970E-04 -6.84143E-03 
  2281  -1.45968E-04  0.00000E+00 -7.13709E-03 
  2282  -1.45977E-04 -1.25695E-05 -7.13445E-03 
  2283  -1.45896E-04 -2.50114E-05 -7.12683E-03 
  2284  -1.45866E-04 -3.75011E-05 -7.11408E-03 
  2285  -1.45726E-04 -4.97799E-05 -7.09626E-03 
  2286  -1.45638E-04 -6.19192E-05 -7.07347E-03 
  2287  -1.45451E-04 -7.38605E-05 -7.04578E-03 
  2288  -1.45319E-04 -8.55479E-05 -7.01322E-03 
  2289  -1.45086E-04 -9.69044E-05 -6.97597E-03 
  2290  -1.44896E-04 -1.07851E-04 -6.93416E-03 
  2291  -1.44590E-04 -1.18374E-04 -6.88801E-03 
  2292  -1.44528E-04 -1.28331E-04 -6.83741E-03 
  2293  -1.44232E-04 -1.37527E-04 -6.78345E-03 
  2294  -1.54915E-04  0.00000E+00 -7.07376E-03 
  2295  -1.55034E-04 -1.25377E-05 -7.07115E-03 
  2296  -1.54847E-04 -2.49528E-05 -7.06352E-03 
  2297  -1.54916E-04 -3.73949E-05 -7.05084E-03 
  2298  -1.54651E-04 -4.96522E-05 -7.03305E-03 
  2299  -1.54671E-04 -6.17716E-05 -7.01033E-03 
  2300  -1.54355E-04 -7.36869E-05 -6.98269E-03 

 Rigid Airport Pavement
                   FAASR3D (version 1.0 ) compiled 04/15/19
 n o d a l   p r i n t   o u t   f o r   t i m e   s t e p     1  ( at time  1.0000E+00 )
   node     x-disp       y-disp       z-disp
  2301  -1.54319E-04 -8.53485E-05 -6.95022E-03 
  2302  -1.53957E-04 -9.66717E-05 -6.91302E-03 
  2303  -1.53860E-04 -1.07567E-04 -6.87144E-03 
  2304  -1.53434E-04 -1.18323E-04 -6.82530E-03 
  2305  -1.53544E-04 -1.28453E-04 -6.77429E-03 
  2306  -1.53060E-04 -1.37241E-04 -6.72020E-03 
  2307  -1.62979E-04  0.00000E+00 -7.00722E-03 
  2308  -1.63068E-04 -1.24968E-05 -7.00458E-03 
  2309  -1.62902E-04 -2.48957E-05 -6.99703E-03 
  2310  -1.62932E-04 -3.72919E-05 -6.98429E-03 
  2311  -1.62704E-04 -4.95167E-05 -6.96662E-03 
  2312  -1.62668E-04 -6.16075E-05 -6.94390E-03 
  2313  -1.62377E-04 -7.34948E-05 -6.91640E-03 
  2314  -1.62289E-04 -8.51376E-05 -6.88394E-03 
  2315  -1.61949E-04 -9.64169E-05 -6.84688E-03 
  2316  -1.61807E-04 -1.07251E-04 -6.80540E-03 
  2317  -1.61405E-04 -1.18015E-04 -6.75949E-03 
  2318  -1.61128E-04 -1.27939E-04 -6.70845E-03 
  2319  -1.60520E-04 -1.36607E-04 -6.65544E-03 
  2320   3.19914E-04 -1.49937E-04 -4.80974E-03 
  2321   3.24128E-04 -1.62389E-04 -4.61485E-03 
  2322   3.30551E-04 -1.60280E-04 -4.41066E-03 
  2323   3.40558E-04 -1.37761E-04 -4.21852E-03 
  2324   3.52727E-04 -8.29177E-05 -4.06901E-03 
  2325   3.58227E-04 -2.77064E-10 -4.01238E-03 
  2326   3.24819E-04 -1.50107E-04 -4.94897E-03 
  2327   3.27306E-04 -1.63056E-04 -4.75578E-03 
  2328   3.31634E-04 -1.61207E-04 -4.55410E-03 
  2329   3.38321E-04 -1.38992E-04 -4.36599E-03 
  2330   3.46605E-04 -8.45834E-05 -4.22128E-03 
  2331   3.50744E-04 -2.73952E-10 -4.16471E-03 
  2332   3.25373E-04 -1.50109E-04 -5.09375E-03 
  2333   3.26847E-04 -1.62736E-04 -4.90109E-03 
  2334   3.29880E-04 -1.60596E-04 -4.70062E-03 
  2335   3.34596E-04 -1.37715E-04 -4.51447E-03 
  2336   3.40493E-04 -8.32324E-05 -4.37263E-03 
  2337   3.43912E-04 -2.73829E-10 -4.31777E-03 
  2338   3.21726E-04 -1.49981E-04 -5.23732E-03 
  2339   3.22555E-04 -1.62391E-04 -5.04496E-03 
  2340   3.24578E-04 -1.59793E-04 -4.84538E-03 
  2341   3.27835E-04 -1.36302E-04 -4.66078E-03 
  2342   3.31761E-04 -8.20534E-05 -4.52121E-03 
  2343   3.34006E-04 -2.57064E-10 -4.46745E-03 
  2344   3.15807E-04 -1.50137E-04 -5.37853E-03 
  2345   3.16058E-04 -1.62194E-04 -5.18625E-03 
  2346   3.17211E-04 -1.59187E-04 -4.98719E-03 
  2347   3.19280E-04 -1.35250E-04 -4.80358E-03 
  2348   3.21725E-04 -8.08910E-05 -4.66530E-03 
  2349   3.23019E-04 -2.51325E-10 -4.61270E-03 
  2350   3.07631E-04 -1.50283E-04 -5.51645E-03 

 Rigid Airport Pavement
                   FAASR3D (version 1.0 ) compiled 04/15/19
 n o d a l   p r i n t   o u t   f o r   t i m e   s t e p     1  ( at time  1.0000E+00 )
   node     x-disp       y-disp       z-disp
  2351   3.07387E-04 -1.62185E-04 -5.32404E-03 
  2352   3.07789E-04 -1.58842E-04 -5.12516E-03 
  2353   3.08854E-04 -1.34596E-04 -4.94213E-03 
  2354   3.10154E-04 -8.04596E-05 -4.80464E-03 
  2355   3.10793E-04 -2.41044E-10 -4.75203E-03 
  2356   2.97681E-04 -1.50685E-04 -5.65044E-03 
  2357   2.96987E-04 -1.62345E-04 -5.45769E-03 
  2358   2.96736E-04 -1.58764E-04 -5.25873E-03 
  2359   2.96954E-04 -1.34318E-04 -5.07586E-03 
  2360   2.97352E-04 -8.00045E-05 -4.93863E-03 
  2361   2.97527E-04 -2.39961E-10 -4.88657E-03 
  2362   2.86135E-04 -1.51055E-04 -5.77946E-03 
  2363   2.85054E-04 -1.62678E-04 -5.58623E-03 
  2364   2.84253E-04 -1.58920E-04 -5.38692E-03 
  2365   2.83776E-04 -1.34332E-04 -5.20391E-03 
  2366   2.83492E-04 -8.01491E-05 -5.06664E-03 
  2367   2.83357E-04 -2.33513E-10 -5.01414E-03 
  2368   2.73282E-04 -1.51655E-04 -5.90327E-03 
  2369   2.71871E-04 -1.63144E-04 -5.70938E-03 
  2370   2.70609E-04 -1.59278E-04 -5.50953E-03 
  2371   2.69565E-04 -1.34591E-04 -5.32607E-03 
  2372   2.68752E-04 -8.01187E-05 -5.18845E-03 
  2373   2.68379E-04 -2.35497E-10 -5.13623E-03 
  2374   2.59338E-04 -1.52194E-04 -6.02097E-03 
  2375   2.57657E-04 -1.63734E-04 -5.82634E-03 
  2376   2.56025E-04 -1.59793E-04 -5.62576E-03 
  2377   2.54538E-04 -1.35028E-04 -5.44167E-03 
  2378   2.53341E-04 -8.05808E-05 -5.30354E-03 
  2379   2.52819E-04 -2.31069E-10 -5.25068E-03 
  2380   2.44508E-04 -1.52937E-04 -6.13255E-03 
  2381   2.42621E-04 -1.64409E-04 -5.93704E-03 
  2382   2.40702E-04 -1.60439E-04 -5.73561E-03 
  2383   2.38879E-04 -1.35608E-04 -5.55071E-03 
  2384   2.37390E-04 -8.07693E-05 -5.41187E-03 
  2385   2.36746E-04 -2.35017E-10 -5.35916E-03 
  2386   2.29030E-04 -1.53585E-04 -6.23728E-03 
  2387   2.26988E-04 -1.65164E-04 -6.04086E-03 
  2388   2.24854E-04 -1.61175E-04 -5.83846E-03 
  2389   2.22795E-04 -1.36286E-04 -5.65265E-03 
  2390   2.21116E-04 -8.14062E-05 -5.51306E-03 
  2391   2.20412E-04 -2.32524E-10 -5.45959E-03 
  2392   2.13052E-04 -1.54404E-04 -6.33533E-03 
  2393   2.10906E-04 -1.65961E-04 -6.13793E-03 
  2394   2.08624E-04 -1.61985E-04 -5.93451E-03 
  2395   2.06409E-04 -1.37036E-04 -5.74769E-03 
  2396   2.04603E-04 -8.16987E-05 -5.60722E-03 
  2397   2.03838E-04 -2.37990E-10 -5.55384E-03 
  2398   1.96777E-04 -1.55098E-04 -6.42614E-03 
  2399   1.94572E-04 -1.66801E-04 -6.22774E-03 
  2400   1.92212E-04 -1.62836E-04 -6.02325E-03 

 Rigid Airport Pavement
                   FAASR3D (version 1.0 ) compiled 04/15/19
 n o d a l   p r i n t   o u t   f o r   t i m e   s t e p     1  ( at time  1.0000E+00 )
   node     x-disp       y-disp       z-disp
  2401   1.89909E-04 -1.37821E-04 -5.83539E-03 
  2402   1.88046E-04 -8.24072E-05 -5.69407E-03 
  2403   1.87267E-04 -2.36097E-10 -5.63988E-03 
  2404   1.80304E-04 -1.55940E-04 -6.51003E-03 
  2405   1.78083E-04 -1.67640E-04 -6.31061E-03 
  2406   1.75700E-04 -1.63706E-04 -6.10504E-03 
  2407   1.73367E-04 -1.38623E-04 -5.91609E-03 
  2408   1.71489E-04 -8.27259E-05 -5.77385E-03 
  2409   1.70698E-04 -2.42395E-10 -5.71976E-03 
  2410   1.63794E-04 -1.56625E-04 -6.58655E-03 
  2411   1.61596E-04 -1.68488E-04 -6.38613E-03 
  2412   1.59235E-04 -1.64566E-04 -6.17947E-03 
  2413   1.56926E-04 -1.39418E-04 -5.98947E-03 
  2414   1.55080E-04 -8.34444E-05 -5.84637E-03 
  2415   1.54317E-04 -2.40844E-10 -5.79146E-03 
  2416   1.47303E-04 -1.57442E-04 -6.65611E-03 
  2417   1.45170E-04 -1.69305E-04 -6.45470E-03 
  2418   1.42869E-04 -1.65420E-04 -6.24699E-03 
  2419   1.40629E-04 -1.40200E-04 -6.05593E-03 
  2420   1.38842E-04 -8.37365E-05 -5.91195E-03 
  2421   1.38104E-04 -2.47867E-10 -5.85716E-03 
  2422   1.30958E-04 -1.58082E-04 -6.71833E-03 
  2423   1.28918E-04 -1.70104E-04 -6.51599E-03 
  2424   1.26714E-04 -1.66239E-04 -6.30725E-03 
  2425   1.24581E-04 -1.40948E-04 -6.11521E-03 
  2426   1.22893E-04 -8.44272E-05 -5.97044E-03 
  2427   1.22207E-04 -2.46771E-10 -5.91485E-03 
  2428   1.14783E-04 -1.58838E-04 -6.77374E-03 
  2429   1.12859E-04 -1.70850E-04 -6.57050E-03 
  2430   1.10789E-04 -1.67015E-04 -6.36080E-03 
  2431   1.08793E-04 -1.41655E-04 -6.16780E-03 
  2432   1.07219E-04 -8.46641E-05 -6.02224E-03 
  2433   1.06570E-04 -2.53475E-10 -5.96682E-03 
  2434   9.88615E-05 -1.59390E-04 -6.82197E-03 
  2435   9.70777E-05 -1.71557E-04 -6.61791E-03 
  2436   9.51701E-05 -1.67732E-04 -6.40731E-03 
  2437   9.33340E-05 -1.42304E-04 -6.21345E-03 
  2438   9.18975E-05 -8.52847E-05 -6.06722E-03 
  2439   9.13115E-05 -2.52047E-10 -6.01103E-03 
  2440   8.32042E-05 -1.60049E-04 -6.86361E-03 
  2441   8.15852E-05 -1.72194E-04 -6.65877E-03 
  2442   7.98575E-05 -1.68391E-04 -6.44736E-03 
  2443   7.82050E-05 -1.42895E-04 -6.25270E-03 
  2444   7.69144E-05 -8.54413E-05 -6.10580E-03 
  2445   7.63897E-05 -2.59078E-10 -6.04985E-03 
  2446   6.78637E-05 -1.60495E-04 -6.89832E-03 
  2447   6.64189E-05 -1.72779E-04 -6.69280E-03 
  2448   6.48883E-05 -1.68975E-04 -6.48065E-03 
  2449   6.34350E-05 -1.43421E-04 -6.28530E-03 
  2450   6.23097E-05 -8.59813E-05 -6.13787E-03 

 Rigid Airport Pavement
                   FAASR3D (version 1.0 ) compiled 04/15/19
 n o d a l   p r i n t   o u t   f o r   t i m e   s t e p     1  ( at time  1.0000E+00 )
   node     x-disp       y-disp       z-disp
  2451   6.18618E-05 -2.57327E-10 -6.08121E-03 
  2452   5.28328E-05 -1.61039E-04 -6.92671E-03 
  2453   5.15752E-05 -1.73280E-04 -6.72057E-03 
  2454   5.02547E-05 -1.69489E-04 -6.50779E-03 
  2455   4.90123E-05 -1.43875E-04 -6.31181E-03 
  2456   4.80572E-05 -8.60449E-05 -6.16387E-03 
  2457   4.76801E-05 -2.63956E-10 -6.10751E-03 
  2458   3.81389E-05 -1.61359E-04 -6.94845E-03 
  2459   3.70789E-05 -1.73721E-04 -6.74180E-03 
  2460   3.59759E-05 -1.69920E-04 -6.52846E-03 
  2461   3.49519E-05 -1.44250E-04 -6.33198E-03 
  2462   3.41761E-05 -8.65009E-05 -6.18367E-03 
  2463   3.38773E-05 -2.61620E-10 -6.12667E-03 
  2464   2.37694E-05 -1.61772E-04 -6.96414E-03 
  2465   2.29137E-05 -1.74072E-04 -6.75705E-03 
  2466   2.20378E-05 -1.70275E-04 -6.54328E-03 
  2467   2.12382E-05 -1.44552E-04 -6.34637E-03 
  2468   2.06426E-05 -8.64632E-05 -6.19772E-03 
  2469   2.04125E-05 -2.67900E-10 -6.14108E-03 
  2470   9.73493E-06 -1.61960E-04 -6.97348E-03 
  2471   9.08372E-06 -1.74357E-04 -6.76606E-03 
  2472   8.43505E-06 -1.70545E-04 -6.55193E-03 
  2473   7.86575E-06 -1.44775E-04 -6.35473E-03 
  2474   7.45412E-06 -8.68125E-05 -6.20587E-03 
  2475   7.29746E-06 -2.64804E-10 -6.14865E-03 
  2476  -3.98227E-06 -1.62241E-04 -6.97705E-03 
  2477  -4.42754E-06 -1.74552E-04 -6.76937E-03 
  2478  -4.84633E-06 -1.70729E-04 -6.55501E-03 
  2479  -5.19191E-06 -1.44927E-04 -6.35759E-03 
  2480  -5.41989E-06 -8.66800E-05 -6.20855E-03 
  2481  -5.49810E-06 -2.70834E-10 -6.15178E-03 
  2482  -1.73812E-05 -1.62294E-04 -6.97454E-03 
  2483  -1.76261E-05 -1.74686E-04 -6.76671E-03 
  2484  -1.78152E-05 -1.70822E-04 -6.55220E-03 
  2485  -1.79359E-05 -1.44993E-04 -6.35468E-03 
  2486  -1.79823E-05 -8.69309E-05 -6.20562E-03 
  2487  -1.79884E-05 -2.67715E-10 -6.14833E-03 
  2488  -3.04653E-05 -1.62444E-04 -6.96655E-03 
  2489  -3.05168E-05 -1.74727E-04 -6.75863E-03 
  2490  -3.04824E-05 -1.70848E-04 -6.54409E-03 
  2491  -3.03813E-05 -1.44989E-04 -6.34656E-03 
  2492  -3.02509E-05 -8.66918E-05 -6.19748E-03 
  2493  -3.01862E-05 -2.72216E-10 -6.14070E-03 
  2494  -4.32535E-05 -1.62367E-04 -6.95273E-03 
  2495  -4.31079E-05 -1.74706E-04 -6.74484E-03 
  2496  -4.28606E-05 -1.70790E-04 -6.53034E-03 
  2497  -4.25469E-05 -1.44906E-04 -6.33291E-03 
  2498  -4.22437E-05 -8.68529E-05 -6.18397E-03 
  2499  -4.21091E-05 -2.69031E-10 -6.12674E-03 
  2500  -5.57399E-05 -1.62388E-04 -6.93368E-03 

 Rigid Airport Pavement
                   FAASR3D (version 1.0 ) compiled 04/15/19
 n o d a l   p r i n t   o u t   f o r   t i m e   s t e p     1  ( at time  1.0000E+00 )
   node     x-disp       y-disp       z-disp
  2501  -5.54088E-05 -1.74601E-04 -6.72587E-03 
  2502  -5.49579E-05 -1.70655E-04 -6.51154E-03 
  2503  -5.44390E-05 -1.44756E-04 -6.31428E-03 
  2504  -5.39715E-05 -8.65255E-05 -6.16548E-03 
  2505  -5.37670E-05 -2.73814E-10 -6.10882E-03 
  2506  -6.79179E-05 -1.62192E-04 -6.90906E-03 
  2507  -6.74176E-05 -1.74439E-04 -6.70144E-03 
  2508  -6.67735E-05 -1.70446E-04 -6.48733E-03 
  2509  -6.60627E-05 -1.44534E-04 -6.29036E-03 
  2510  -6.54456E-05 -8.65911E-05 -6.14185E-03 
  2511  -6.51768E-05 -2.69134E-10 -6.08480E-03 
  2512  -7.97837E-05 -1.62097E-04 -6.87946E-03 
  2513  -7.91195E-05 -1.74202E-04 -6.67208E-03 
  2514  -7.83006E-05 -1.70172E-04 -6.45830E-03 
  2515  -7.74093E-05 -1.44250E-04 -6.26167E-03 
  2516  -7.66472E-05 -8.61848E-05 -6.11345E-03 
  2517  -7.63143E-05 -2.74203E-10 -6.05703E-03 
  2518  -9.13315E-05 -1.61797E-04 -6.84455E-03 
  2519  -9.05193E-05 -1.73924E-04 -6.63750E-03 
  2520  -8.95395E-05 -1.69838E-04 -6.42410E-03 
  2521  -8.84911E-05 -1.43910E-04 -6.22792E-03 
  2522  -8.75965E-05 -8.61652E-05 -6.08012E-03 
  2523  -8.72153E-05 -2.69733E-10 -6.02338E-03 
  2524  -1.02524E-04 -1.61613E-04 -6.80494E-03 
  2525  -1.01584E-04 -1.73578E-04 -6.59825E-03 
  2526  -1.00460E-04 -1.69452E-04 -6.38533E-03 
  2527  -9.92728E-05 -1.43522E-04 -6.18963E-03 
  2528  -9.82567E-05 -8.56845E-05 -6.04224E-03 
  2529  -9.78279E-05 -2.73174E-10 -5.98617E-03 
  2530  -1.13350E-04 -1.61226E-04 -6.76030E-03 
  2531  -1.12297E-04 -1.73199E-04 -6.55405E-03 
  2532  -1.11053E-04 -1.69006E-04 -6.34164E-03 
  2533  -1.09742E-04 -1.43082E-04 -6.14652E-03 
  2534  -1.08635E-04 -8.56082E-05 -5.99965E-03 
  2535  -1.08166E-04 -2.68950E-10 -5.94330E-03 
  2536  -1.23751E-04 -1.60962E-04 -6.71123E-03 
  2537  -1.22596E-04 -1.72765E-04 -6.50547E-03 
  2538  -1.21249E-04 -1.68527E-04 -6.29363E-03 
  2539  -1.19843E-04 -1.42611E-04 -6.09910E-03 
  2540  -1.18661E-04 -8.50773E-05 -5.95274E-03 
  2541  -1.18127E-04 -2.73383E-10 -5.89707E-03 
  2542  -1.33642E-04 -1.60532E-04 -6.65756E-03 
  2543  -1.32424E-04 -1.72303E-04 -6.45231E-03 
  2544  -1.31001E-04 -1.68020E-04 -6.24108E-03 
  2545  -1.29533E-04 -1.42113E-04 -6.04721E-03 
  2546  -1.28277E-04 -8.49476E-05 -5.90146E-03 
  2547  -1.27691E-04 -2.68486E-10 -5.84566E-03 
  2548  -1.43144E-04 -1.60264E-04 -6.59992E-03 
  2549  -1.41806E-04 -1.71807E-04 -6.39521E-03 
  2550  -1.40346E-04 -1.67498E-04 -6.18462E-03 

 Rigid Airport Pavement
                   FAASR3D (version 1.0 ) compiled 04/15/19
 n o d a l   p r i n t   o u t   f o r   t i m e   s t e p     1  ( at time  1.0000E+00 )
   node     x-disp       y-disp       z-disp
  2551  -1.38825E-04 -1.41591E-04 -5.99141E-03 
  2552  -1.37569E-04 -8.43750E-05 -5.84627E-03 
  2553  -1.37139E-04 -2.73131E-10 -5.79124E-03 
  2554  -1.52050E-04 -1.59750E-04 -6.53754E-03 
  2555  -1.50658E-04 -1.71302E-04 -6.33349E-03 
  2556  -1.49171E-04 -1.66964E-04 -6.12355E-03 
  2557  -1.47640E-04 -1.41036E-04 -5.93104E-03 
  2558  -1.46460E-04 -8.43169E-05 -5.78638E-03 
  2559  -1.46115E-04 -2.70053E-10 -5.73055E-03 
  2560  -1.59569E-04 -1.59599E-04 -6.47259E-03 
  2561  -1.58274E-04 -1.70724E-04 -6.26904E-03 
  2562  -1.56789E-04 -1.66445E-04 -6.05978E-03 
  2563  -1.55274E-04 -1.40540E-04 -5.86792E-03 
  2564  -1.53903E-04 -8.37444E-05 -5.72393E-03 
  2565  -1.53100E-04 -2.74790E-10 -5.66928E-03 
  2566  -1.81127E-04  0.00000E+00 -6.79903E-03 
  2567  -1.81039E-04 -1.23744E-05 -6.79644E-03 
  2568  -1.81043E-04 -2.46518E-05 -6.78892E-03 
  2569  -1.80863E-04 -3.69388E-05 -6.77636E-03 
  2570  -1.80779E-04 -4.90606E-05 -6.75882E-03 
  2571  -1.80528E-04 -6.10552E-05 -6.73634E-03 
  2572  -1.80372E-04 -7.28510E-05 -6.70904E-03 
  2573  -1.80047E-04 -8.44081E-05 -6.67693E-03 
  2574  -1.79829E-04 -9.56472E-05 -6.64015E-03 
  2575  -1.79462E-04 -1.06473E-04 -6.59890E-03 
  2576  -1.79240E-04 -1.17005E-04 -6.55331E-03 
  2577  -1.78792E-04 -1.27000E-04 -6.50302E-03 
  2578  -1.78686E-04 -1.35699E-04 -6.44981E-03 
  2579  -1.88382E-04  0.00000E+00 -6.57428E-03 
  2580  -1.88358E-04 -1.22341E-05 -6.57173E-03 
  2581  -1.88277E-04 -2.43711E-05 -6.56430E-03 
  2582  -1.88158E-04 -3.65206E-05 -6.55188E-03 
  2583  -1.87976E-04 -4.85132E-05 -6.53454E-03 
  2584  -1.87761E-04 -6.03863E-05 -6.51232E-03 
  2585  -1.87489E-04 -7.20648E-05 -6.48532E-03 
  2586  -1.87190E-04 -8.35093E-05 -6.45356E-03 
  2587  -1.86844E-04 -9.46539E-05 -6.41719E-03 
  2588  -1.86470E-04 -1.05412E-04 -6.37634E-03 
  2589  -1.86059E-04 -1.15814E-04 -6.33123E-03 
  2590  -1.85630E-04 -1.25750E-04 -6.28150E-03 
  2591  -1.85138E-04 -1.34530E-04 -6.22872E-03 
  2592  -1.79874E-04  0.00000E+00 -6.34823E-03 
  2593  -1.79846E-04 -1.20682E-05 -6.34570E-03 
  2594  -1.79766E-04 -2.40445E-05 -6.33838E-03 
  2595  -1.79624E-04 -3.60398E-05 -6.32612E-03 
  2596  -1.79431E-04 -4.78870E-05 -6.30902E-03 
  2597  -1.79184E-04 -5.96214E-05 -6.28709E-03 
  2598  -1.78899E-04 -7.11756E-05 -6.26044E-03 
  2599  -1.78566E-04 -8.25079E-05 -6.22907E-03 
  2600  -1.78196E-04 -9.35500E-05 -6.19315E-03 

 Rigid Airport Pavement
                   FAASR3D (version 1.0 ) compiled 04/15/19
 n o d a l   p r i n t   o u t   f o r   t i m e   s t e p     1  ( at time  1.0000E+00 )
   node     x-disp       y-disp       z-disp
  2601  -1.77806E-04 -1.04229E-04 -6.15279E-03 
  2602  -1.77395E-04 -1.14580E-04 -6.10819E-03 
  2603  -1.76968E-04 -1.24473E-04 -6.05898E-03 
  2604  -1.76548E-04 -1.33235E-04 -6.00677E-03 
  2605  -1.50037E-04  0.00000E+00 -6.14384E-03 
  2606  -1.50009E-04 -1.19060E-05 -6.14136E-03 
  2607  -1.49934E-04 -2.37171E-05 -6.13413E-03 
  2608  -1.49796E-04 -3.55516E-05 -6.12207E-03 
  2609  -1.49604E-04 -4.72426E-05 -6.10519E-03 
  2610  -1.49369E-04 -5.88326E-05 -6.08358E-03 
  2611  -1.49089E-04 -7.02578E-05 -6.05729E-03 
  2612  -1.48765E-04 -8.14791E-05 -6.02635E-03 
  2613  -1.48409E-04 -9.24284E-05 -5.99088E-03 
  2614  -1.48028E-04 -1.03037E-04 -5.95102E-03 
  2615  -1.47623E-04 -1.13324E-04 -5.90692E-03 
  2616  -1.47184E-04 -1.23194E-04 -5.85829E-03 
  2617  -1.46794E-04 -1.31948E-04 -5.80659E-03 
  2618  -8.87624E-05  0.00000E+00 -5.99157E-03 
  2619  -8.89861E-05 -1.17735E-05 -5.98920E-03 
  2620  -8.87109E-05 -2.34219E-05 -5.98199E-03 
  2621  -8.88156E-05 -3.51447E-05 -5.97016E-03 
  2622  -8.85011E-05 -4.67011E-05 -5.95342E-03 
  2623  -8.85360E-05 -5.81722E-05 -5.93215E-03 
  2624  -8.81505E-05 -6.94878E-05 -5.90611E-03 
  2625  -8.81258E-05 -8.06203E-05 -5.87560E-03 
  2626  -8.76993E-05 -9.14938E-05 -5.84045E-03 
  2627  -8.76306E-05 -1.02023E-04 -5.80112E-03 
  2628  -8.71570E-05 -1.12306E-04 -5.75746E-03 
  2629  -8.71655E-05 -1.22229E-04 -5.70921E-03 
  2630  -8.66719E-05 -1.30772E-04 -5.65804E-03 
  2631  -2.77659E-10  0.00000E+00 -5.93399E-03 
  2632  -2.72842E-10 -1.17439E-05 -5.93113E-03 
  2633  -2.78155E-10 -2.32686E-05 -5.92437E-03 
  2634  -2.72623E-10 -3.49833E-05 -5.91227E-03 
  2635  -2.77581E-10 -4.64661E-05 -5.89594E-03 
  2636  -2.72717E-10 -5.78876E-05 -5.87444E-03 
  2637  -2.76259E-10 -6.91545E-05 -5.84888E-03 
  2638  -2.71890E-10 -8.02506E-05 -5.81817E-03 
  2639  -2.77127E-10 -9.10658E-05 -5.78352E-03 
  2640  -2.71783E-10 -1.01545E-04 -5.74413E-03 
  2641  -2.77232E-10 -1.11997E-04 -5.70102E-03 
  2642  -2.73357E-10 -1.21970E-04 -5.65205E-03 
  2643  -2.79031E-10 -1.30057E-04 -5.60195E-03 
  2644  -1.77336E-04 -1.58211E-04 -6.26868E-03 
  2645  -1.76018E-04 -1.69383E-04 -6.06682E-03 
  2646  -1.74721E-04 -1.65003E-04 -5.85931E-03 
  2647  -1.73461E-04 -1.39166E-04 -5.66927E-03 
  2648  -1.72453E-04 -8.28835E-05 -5.52683E-03 
  2649  -1.72103E-04 -2.78145E-10 -5.47254E-03 
  2650  -1.83918E-04 -1.56947E-04 -6.04917E-03 

 Rigid Airport Pavement
                   FAASR3D (version 1.0 ) compiled 04/15/19
 n o d a l   p r i n t   o u t   f o r   t i m e   s t e p     1  ( at time  1.0000E+00 )
   node     x-disp       y-disp       z-disp
  2651  -1.82863E-04 -1.68291E-04 -5.84871E-03 
  2652  -1.81997E-04 -1.63990E-04 -5.64255E-03 
  2653  -1.81343E-04 -1.38180E-04 -5.45376E-03 
  2654  -1.80738E-04 -8.21512E-05 -5.31256E-03 
  2655  -1.80407E-04 -2.88949E-10 -5.25886E-03 
  2656  -1.75292E-04 -1.55767E-04 -5.82878E-03 
  2657  -1.74384E-04 -1.67461E-04 -5.62957E-03 
  2658  -1.74074E-04 -1.63645E-04 -5.42411E-03 
  2659  -1.74435E-04 -1.38157E-04 -5.23553E-03 
  2660  -1.74915E-04 -8.21843E-05 -5.09444E-03 
  2661  -1.74962E-04 -3.08734E-10 -5.04083E-03 
  2662  -1.45621E-04 -1.54666E-04 -5.63017E-03 
  2663  -1.44775E-04 -1.66898E-04 -5.43206E-03 
  2664  -1.44825E-04 -1.64026E-04 -5.22672E-03 
  2665  -1.46061E-04 -1.39368E-04 -5.03694E-03 
  2666  -1.48451E-04 -8.33851E-05 -4.89412E-03 
  2667  -1.50039E-04 -3.45752E-10 -4.83974E-03 
  2668  -8.59497E-05 -1.53809E-04 -5.48295E-03 
  2669  -8.53211E-05 -1.66387E-04 -5.28590E-03 
  2670  -8.54174E-05 -1.64558E-04 -5.08058E-03 
  2671  -8.66492E-05 -1.41769E-04 -4.88904E-03 
  2672  -8.93322E-05 -8.60627E-05 -4.74179E-03 
  2673  -9.14070E-05 -3.98318E-10 -4.68409E-03 
  2674  -2.82941E-10 -1.53525E-04 -5.42714E-03 
  2675  -2.94366E-10 -1.66107E-04 -5.23061E-03 
  2676  -3.14706E-10 -1.64630E-04 -5.02534E-03 
  2677  -3.52160E-10 -1.43369E-04 -4.83300E-03 
  2678  -4.05265E-10 -8.81361E-05 -4.68242E-03 
  2679  -4.31795E-10 -4.24984E-10 -4.62455E-03 
  2680   0.00000E+00  0.00000E+00  0.00000E+00 
  2681   0.00000E+00  0.00000E+00  0.00000E+00 
  2682   0.00000E+00  0.00000E+00  0.00000E+00 
  2683   0.00000E+00  0.00000E+00  0.00000E+00 
  2684   0.00000E+00  0.00000E+00  0.00000E+00 
  2685   0.00000E+00  0.00000E+00  0.00000E+00 
  2686   0.00000E+00  0.00000E+00  0.00000E+00 
  2687   0.00000E+00  0.00000E+00  0.00000E+00 
  2688   0.00000E+00  0.00000E+00  0.00000E+00 
  2689   0.00000E+00  0.00000E+00  0.00000E+00 
  2690   0.00000E+00  0.00000E+00  0.00000E+00 
  2691   0.00000E+00  0.00000E+00  0.00000E+00 
  2692   0.00000E+00  0.00000E+00  0.00000E+00 
  2693   0.00000E+00  0.00000E+00  0.00000E+00 
  2694   0.00000E+00  0.00000E+00  0.00000E+00 
  2695   0.00000E+00  0.00000E+00  0.00000E+00 
  2696   0.00000E+00  0.00000E+00  0.00000E+00 
  2697   0.00000E+00  0.00000E+00  0.00000E+00 
  2698   0.00000E+00  0.00000E+00  0.00000E+00 
  2699   0.00000E+00  0.00000E+00  0.00000E+00 
  2700   0.00000E+00  0.00000E+00  0.00000E+00 

 Rigid Airport Pavement
                   FAASR3D (version 1.0 ) compiled 04/15/19
 n o d a l   p r i n t   o u t   f o r   t i m e   s t e p     1  ( at time  1.0000E+00 )
   node     x-disp       y-disp       z-disp
  2701   0.00000E+00  0.00000E+00  0.00000E+00 
  2702   0.00000E+00  0.00000E+00  0.00000E+00 
  2703   0.00000E+00  0.00000E+00  0.00000E+00 
  2704   0.00000E+00  0.00000E+00  0.00000E+00 
  2705   0.00000E+00  0.00000E+00  0.00000E+00 
  2706   0.00000E+00  0.00000E+00  0.00000E+00 
  2707   0.00000E+00  0.00000E+00  0.00000E+00 
  2708   0.00000E+00  0.00000E+00  0.00000E+00 
  2709   0.00000E+00  0.00000E+00  0.00000E+00 
  2710   0.00000E+00  0.00000E+00  0.00000E+00 
  2711   0.00000E+00  0.00000E+00  0.00000E+00 
  2712   0.00000E+00  0.00000E+00  0.00000E+00 
  2713   0.00000E+00  0.00000E+00  0.00000E+00 
  2714   0.00000E+00  0.00000E+00  0.00000E+00 
  2715   0.00000E+00  0.00000E+00  0.00000E+00 
  2716   0.00000E+00  0.00000E+00  0.00000E+00 
  2717   0.00000E+00  0.00000E+00  0.00000E+00 
  2718   0.00000E+00  0.00000E+00  0.00000E+00 
  2719   0.00000E+00  0.00000E+00  0.00000E+00 
  2720   0.00000E+00  0.00000E+00  0.00000E+00 
  2721   0.00000E+00  0.00000E+00  0.00000E+00 
  2722   0.00000E+00  0.00000E+00  0.00000E+00 
  2723   0.00000E+00  0.00000E+00  0.00000E+00 
  2724   0.00000E+00  0.00000E+00  0.00000E+00 
  2725   0.00000E+00  0.00000E+00  0.00000E+00 
  2726   0.00000E+00  0.00000E+00  0.00000E+00 
  2727   0.00000E+00  0.00000E+00  0.00000E+00 
  2728   0.00000E+00  0.00000E+00  0.00000E+00 
  2729   0.00000E+00  0.00000E+00  0.00000E+00 
  2730   0.00000E+00  0.00000E+00  0.00000E+00 
  2731   0.00000E+00  0.00000E+00  0.00000E+00 
  2732   0.00000E+00  0.00000E+00  0.00000E+00 
  2733   0.00000E+00  0.00000E+00  0.00000E+00 
  2734   0.00000E+00  0.00000E+00  0.00000E+00 
  2735   0.00000E+00  0.00000E+00  0.00000E+00 
  2736   0.00000E+00  0.00000E+00  0.00000E+00 
  2737   0.00000E+00  0.00000E+00  0.00000E+00 
  2738   0.00000E+00  0.00000E+00  0.00000E+00 
  2739   0.00000E+00  0.00000E+00  0.00000E+00 
  2740   0.00000E+00  0.00000E+00  0.00000E+00 
  2741   0.00000E+00  0.00000E+00  0.00000E+00 
  2742   0.00000E+00  0.00000E+00  0.00000E+00 
  2743   0.00000E+00  0.00000E+00  0.00000E+00 
  2744   0.00000E+00  0.00000E+00  0.00000E+00 
  2745   0.00000E+00  0.00000E+00  0.00000E+00 
  2746   0.00000E+00  0.00000E+00  0.00000E+00 
  2747   0.00000E+00  0.00000E+00  0.00000E+00 
  2748   0.00000E+00  0.00000E+00  0.00000E+00 
  2749   0.00000E+00  0.00000E+00  0.00000E+00 
  2750   0.00000E+00  0.00000E+00  0.00000E+00 

 Rigid Airport Pavement
                   FAASR3D (version 1.0 ) compiled 04/15/19
 n o d a l   p r i n t   o u t   f o r   t i m e   s t e p     1  ( at time  1.0000E+00 )
   node     x-disp       y-disp       z-disp
  2751   0.00000E+00  0.00000E+00  0.00000E+00 
  2752   0.00000E+00  0.00000E+00  0.00000E+00 
  2753   0.00000E+00  0.00000E+00  0.00000E+00 
  2754   0.00000E+00  0.00000E+00  0.00000E+00 
  2755   0.00000E+00  0.00000E+00  0.00000E+00 
  2756   0.00000E+00  0.00000E+00  0.00000E+00 
  2757   0.00000E+00  0.00000E+00  0.00000E+00 
  2758   0.00000E+00  0.00000E+00  0.00000E+00 
  2759   0.00000E+00  0.00000E+00  0.00000E+00 
  2760   0.00000E+00  0.00000E+00  0.00000E+00 
  2761   0.00000E+00  0.00000E+00  0.00000E+00 
  2762   0.00000E+00  0.00000E+00  0.00000E+00 
  2763   0.00000E+00  0.00000E+00  0.00000E+00 
  2764   0.00000E+00  0.00000E+00  0.00000E+00 
  2765   0.00000E+00  0.00000E+00  0.00000E+00 
  2766   0.00000E+00  0.00000E+00  0.00000E+00 
  2767   0.00000E+00  0.00000E+00  0.00000E+00 
  2768   0.00000E+00  0.00000E+00  0.00000E+00 
  2769   0.00000E+00  0.00000E+00  0.00000E+00 
  2770   0.00000E+00  0.00000E+00  0.00000E+00 
  2771   0.00000E+00  0.00000E+00  0.00000E+00 
  2772   0.00000E+00  0.00000E+00  0.00000E+00 
  2773   0.00000E+00  0.00000E+00  0.00000E+00 
  2774   0.00000E+00  0.00000E+00  0.00000E+00 
  2775   0.00000E+00  0.00000E+00  0.00000E+00 
  2776   0.00000E+00  0.00000E+00  0.00000E+00 
  2777   0.00000E+00  0.00000E+00  0.00000E+00 
  2778   0.00000E+00  0.00000E+00  0.00000E+00 
  2779   0.00000E+00  0.00000E+00  0.00000E+00 
  2780   0.00000E+00  0.00000E+00  0.00000E+00 
  2781   0.00000E+00  0.00000E+00  0.00000E+00 
  2782   0.00000E+00  0.00000E+00  0.00000E+00 
  2783   0.00000E+00  0.00000E+00  0.00000E+00 
  2784   0.00000E+00  0.00000E+00  0.00000E+00 
  2785   0.00000E+00  0.00000E+00  0.00000E+00 
  2786   0.00000E+00  0.00000E+00  0.00000E+00 
  2787   0.00000E+00  0.00000E+00  0.00000E+00 
  2788   0.00000E+00  0.00000E+00  0.00000E+00 
  2789   0.00000E+00  0.00000E+00  0.00000E+00 
  2790   0.00000E+00  0.00000E+00  0.00000E+00 
  2791   0.00000E+00  0.00000E+00  0.00000E+00 
  2792   0.00000E+00  0.00000E+00  0.00000E+00 
  2793   0.00000E+00  0.00000E+00  0.00000E+00 
  2794   0.00000E+00  0.00000E+00  0.00000E+00 
  2795   0.00000E+00  0.00000E+00  0.00000E+00 
  2796   0.00000E+00  0.00000E+00  0.00000E+00 
  2797   0.00000E+00  0.00000E+00  0.00000E+00 
  2798   0.00000E+00  0.00000E+00  0.00000E+00 
  2799   0.00000E+00  0.00000E+00  0.00000E+00 
  2800   0.00000E+00  0.00000E+00  0.00000E+00 

 Rigid Airport Pavement
                   FAASR3D (version 1.0 ) compiled 04/15/19
 n o d a l   p r i n t   o u t   f o r   t i m e   s t e p     1  ( at time  1.0000E+00 )
   node     x-disp       y-disp       z-disp
  2801   0.00000E+00  0.00000E+00  0.00000E+00 
  2802   0.00000E+00  0.00000E+00  0.00000E+00 
  2803   0.00000E+00  0.00000E+00  0.00000E+00 
  2804   0.00000E+00  0.00000E+00  0.00000E+00 
  2805   0.00000E+00  0.00000E+00  0.00000E+00 
  2806   0.00000E+00  0.00000E+00  0.00000E+00 
  2807   0.00000E+00  0.00000E+00  0.00000E+00 
  2808   0.00000E+00  0.00000E+00  0.00000E+00 
  2809   0.00000E+00  0.00000E+00  0.00000E+00 
  2810   0.00000E+00  0.00000E+00  0.00000E+00 
  2811   0.00000E+00  0.00000E+00  0.00000E+00 
  2812   0.00000E+00  0.00000E+00  0.00000E+00 
  2813   0.00000E+00  0.00000E+00  0.00000E+00 
  2814   0.00000E+00  0.00000E+00  0.00000E+00 
  2815   0.00000E+00  0.00000E+00  0.00000E+00 
  2816   0.00000E+00  0.00000E+00  0.00000E+00 
  2817   0.00000E+00  0.00000E+00  0.00000E+00 
  2818   0.00000E+00  0.00000E+00  0.00000E+00 
  2819   0.00000E+00  0.00000E+00  0.00000E+00 
  2820   0.00000E+00  0.00000E+00  0.00000E+00 
  2821   0.00000E+00  0.00000E+00  0.00000E+00 
  2822   0.00000E+00  0.00000E+00  0.00000E+00 
  2823   0.00000E+00  0.00000E+00  0.00000E+00 
  2824   0.00000E+00  0.00000E+00  0.00000E+00 
  2825   0.00000E+00  0.00000E+00  0.00000E+00 
  2826   0.00000E+00  0.00000E+00  0.00000E+00 
  2827   0.00000E+00  0.00000E+00  0.00000E+00 
  2828   0.00000E+00  0.00000E+00  0.00000E+00 
  2829   0.00000E+00  0.00000E+00  0.00000E+00 
  2830   0.00000E+00  0.00000E+00  0.00000E+00 
  2831   0.00000E+00  0.00000E+00  0.00000E+00 
  2832   0.00000E+00  0.00000E+00  0.00000E+00 
  2833   0.00000E+00  0.00000E+00  0.00000E+00 
  2834   0.00000E+00  0.00000E+00  0.00000E+00 
  2835   0.00000E+00  0.00000E+00  0.00000E+00 
  2836   0.00000E+00  0.00000E+00  0.00000E+00 
  2837   0.00000E+00  0.00000E+00  0.00000E+00 
  2838   0.00000E+00  0.00000E+00  0.00000E+00 
  2839   0.00000E+00  0.00000E+00  0.00000E+00 
  2840   0.00000E+00  0.00000E+00  0.00000E+00 
  2841   0.00000E+00  0.00000E+00  0.00000E+00 
  2842   0.00000E+00  0.00000E+00  0.00000E+00 
  2843   0.00000E+00  0.00000E+00  0.00000E+00 
  2844   0.00000E+00  0.00000E+00  0.00000E+00 
  2845   0.00000E+00  0.00000E+00  0.00000E+00 
  2846   0.00000E+00  0.00000E+00  0.00000E+00 
  2847   0.00000E+00  0.00000E+00  0.00000E+00 
  2848   0.00000E+00  0.00000E+00  0.00000E+00 
  2849   0.00000E+00  0.00000E+00  0.00000E+00 
  2850   0.00000E+00  0.00000E+00  0.00000E+00 

 Rigid Airport Pavement
                   FAASR3D (version 1.0 ) compiled 04/15/19
 n o d a l   p r i n t   o u t   f o r   t i m e   s t e p     1  ( at time  1.0000E+00 )
   node     x-disp       y-disp       z-disp
  2851   0.00000E+00  0.00000E+00  0.00000E+00 
  2852   0.00000E+00  0.00000E+00  0.00000E+00 
  2853   0.00000E+00  0.00000E+00  0.00000E+00 
  2854   0.00000E+00  0.00000E+00  0.00000E+00 
  2855   0.00000E+00  0.00000E+00  0.00000E+00 
  2856   0.00000E+00  0.00000E+00  0.00000E+00 
  2857   0.00000E+00  0.00000E+00  0.00000E+00 
  2858   0.00000E+00  0.00000E+00  0.00000E+00 
  2859   0.00000E+00  0.00000E+00  0.00000E+00 
  2860   0.00000E+00  0.00000E+00  0.00000E+00 
  2861   0.00000E+00  0.00000E+00  0.00000E+00 
  2862   0.00000E+00  0.00000E+00  0.00000E+00 
  2863   0.00000E+00  0.00000E+00  0.00000E+00 
  2864   0.00000E+00  0.00000E+00  0.00000E+00 
  2865   0.00000E+00  0.00000E+00  0.00000E+00 
  2866   0.00000E+00  0.00000E+00  0.00000E+00 
  2867   0.00000E+00  0.00000E+00  0.00000E+00 
  2868   0.00000E+00  0.00000E+00  0.00000E+00 
  2869   0.00000E+00  0.00000E+00  0.00000E+00 
  2870   0.00000E+00  0.00000E+00  0.00000E+00 
  2871   0.00000E+00  0.00000E+00  0.00000E+00 
  2872   0.00000E+00  0.00000E+00  0.00000E+00 
  2873   0.00000E+00  0.00000E+00  0.00000E+00 
  2874   0.00000E+00  0.00000E+00  0.00000E+00 
  2875   0.00000E+00  0.00000E+00  0.00000E+00 
  2876   0.00000E+00  0.00000E+00  0.00000E+00 
  2877   0.00000E+00  0.00000E+00  0.00000E+00 
  2878  -2.37425E-03  0.00000E+00 -9.86288E-04 
  2879  -2.30593E-03  0.00000E+00 -9.71320E-04 
  2880  -2.37051E-03  6.75337E-05 -9.84680E-04 
  2881  -2.30231E-03  6.88194E-05 -9.69755E-04 
  2882  -2.35931E-03  1.34694E-04 -9.79885E-04 
  2883  -2.29147E-03  1.37255E-04 -9.65079E-04 
  2884  -2.34073E-03  2.01101E-04 -9.71925E-04 
  2885  -2.27350E-03  2.04915E-04 -9.57316E-04 
  2886  -2.31491E-03  2.66364E-04 -9.60847E-04 
  2887  -2.24853E-03  2.71410E-04 -9.46521E-04 
  2888  -2.28205E-03  3.30117E-04 -9.46744E-04 
  2889  -2.21672E-03  3.36379E-04 -9.32746E-04 
  2890  -2.24253E-03  3.91970E-04 -9.29554E-04 
  2891  -2.17848E-03  3.99368E-04 -9.16070E-04 
  2892  -2.39972E-03  0.00000E+00 -7.54702E-04 
  2893  -2.32387E-03  0.00000E+00 -7.36053E-04 
  2894  -2.39590E-03  5.96713E-05 -7.53504E-04 
  2895  -2.32017E-03  6.07429E-05 -7.34894E-04 
  2896  -2.38446E-03  1.19042E-04 -7.49918E-04 
  2897  -2.30911E-03  1.21175E-04 -7.31430E-04 
  2898  -2.36548E-03  1.77794E-04 -7.43966E-04 
  2899  -2.29077E-03  1.80977E-04 -7.25681E-04 
  2900  -2.33908E-03  2.35609E-04 -7.35671E-04 

 Rigid Airport Pavement
                   FAASR3D (version 1.0 ) compiled 04/15/19
 n o d a l   p r i n t   o u t   f o r   t i m e   s t e p     1  ( at time  1.0000E+00 )
   node     x-disp       y-disp       z-disp
  2901  -2.26525E-03  2.39824E-04 -7.17677E-04 
  2902  -2.30550E-03  2.92161E-04 -7.25079E-04 
  2903  -2.23279E-03  2.97406E-04 -7.07435E-04 
  2904  -2.26491E-03  3.47130E-04 -7.12099E-04 
  2905  -2.19356E-03  3.53311E-04 -6.94980E-04 
  2906  -2.37526E-03  0.00000E+00 -5.28039E-04 
  2907  -2.31624E-03  0.00000E+00 -5.00367E-04 
  2908  -2.37144E-03  5.63507E-05 -5.27221E-04 
  2909  -2.31252E-03  5.70975E-05 -4.99595E-04 
  2910  -2.36001E-03  1.12432E-04 -5.24757E-04 
  2911  -2.30139E-03  1.13921E-04 -4.97287E-04 
  2912  -2.34104E-03  1.67981E-04 -5.20684E-04 
  2913  -2.28292E-03  1.70198E-04 -4.93472E-04 
  2914  -2.31465E-03  2.22708E-04 -5.15020E-04 
  2915  -2.25722E-03  2.25652E-04 -4.88173E-04 
  2916  -2.28102E-03  2.76343E-04 -5.07803E-04 
  2917  -2.22448E-03  2.80015E-04 -4.81394E-04 
  2918  -2.24043E-03  3.28641E-04 -4.98891E-04 
  2919  -2.18493E-03  3.32970E-04 -4.73126E-04 
  2920  -2.31366E-03  0.00000E+00 -3.69171E-04 
  2921  -2.27548E-03  0.00000E+00 -3.36712E-04 
  2922  -2.30990E-03  5.61420E-05 -3.68632E-04 
  2923  -2.27179E-03  5.66558E-05 -3.36221E-04 
  2924  -2.29866E-03  1.12039E-04 -3.67011E-04 
  2925  -2.26074E-03  1.13064E-04 -3.34757E-04 
  2926  -2.27999E-03  1.67442E-04 -3.64308E-04 
  2927  -2.24241E-03  1.68980E-04 -3.32329E-04 
  2928  -2.25405E-03  2.22113E-04 -3.60536E-04 
  2929  -2.21692E-03  2.24163E-04 -3.28951E-04 
  2930  -2.22101E-03  2.75805E-04 -3.55706E-04 
  2931  -2.18444E-03  2.78387E-04 -3.24600E-04 
  2932  -2.18112E-03  3.28275E-04 -3.49662E-04 
  2933  -2.14525E-03  3.31336E-04 -3.19254E-04 
  2934  -2.23107E-03  0.00000E+00 -3.06012E-04 
  2935  -2.23107E-03  0.00000E+00 -2.71669E-04 
  2936  -2.22741E-03  5.82545E-05 -3.05589E-04 
  2937  -2.22743E-03  5.86768E-05 -2.71302E-04 
  2938  -2.21648E-03  1.16288E-04 -3.04333E-04 
  2939  -2.21652E-03  1.17133E-04 -2.70212E-04 
  2940  -2.19833E-03  1.73882E-04 -3.02252E-04 
  2941  -2.19841E-03  1.75146E-04 -2.68409E-04 
  2942  -2.17309E-03  2.30777E-04 -2.99330E-04 
  2943  -2.17323E-03  2.32473E-04 -2.65901E-04 
  2944  -2.14096E-03  2.86745E-04 -2.95604E-04 
  2945  -2.14116E-03  2.88887E-04 -2.62666E-04 
  2946  -2.10219E-03  3.41486E-04 -2.90876E-04 
  2947  -2.10245E-03  3.44076E-04 -2.58660E-04 
  2948  -2.13636E-03  0.00000E+00 -3.55774E-04 
  2949  -2.17776E-03  0.00000E+00 -3.16805E-04 
  2950  -2.13284E-03  6.20860E-05 -3.55311E-04 

 Rigid Airport Pavement
                   FAASR3D (version 1.0 ) compiled 04/15/19
 n o d a l   p r i n t   o u t   f o r   t i m e   s t e p     1  ( at time  1.0000E+00 )
   node     x-disp       y-disp       z-disp
  2951  -2.17419E-03  6.25948E-05 -3.16402E-04 
  2952  -2.12232E-03  1.23974E-04 -3.53924E-04 
  2953  -2.16349E-03  1.24980E-04 -3.15195E-04 
  2954  -2.10484E-03  1.85437E-04 -3.51621E-04 
  2955  -2.14573E-03  1.86941E-04 -3.13201E-04 
  2956  -2.08050E-03  2.46242E-04 -3.48410E-04 
  2957  -2.12101E-03  2.48243E-04 -3.10436E-04 
  2958  -2.04950E-03  3.06090E-04 -3.44286E-04 
  2959  -2.08951E-03  3.08648E-04 -3.06855E-04 
  2960  -2.01210E-03  3.64690E-04 -3.39005E-04 
  2961  -2.05150E-03  3.67811E-04 -3.02394E-04 
  2962  -2.01875E-03  0.00000E+00 -5.48163E-04 
  2963  -2.11462E-03  0.00000E+00 -5.03447E-04 
  2964  -2.01541E-03  6.71215E-05 -5.47420E-04 
  2965  -2.11114E-03  6.79269E-05 -5.02767E-04 
  2966  -2.00541E-03  1.34041E-04 -5.45195E-04 
  2967  -2.10071E-03  1.35656E-04 -5.00739E-04 
  2968  -1.98880E-03  2.00560E-04 -5.41507E-04 
  2969  -2.08339E-03  2.02967E-04 -4.97396E-04 
  2970  -1.96567E-03  2.66431E-04 -5.36400E-04 
  2971  -2.05928E-03  2.69623E-04 -4.92782E-04 
  2972  -1.93616E-03  3.31361E-04 -5.29906E-04 
  2973  -2.02854E-03  3.35387E-04 -4.86906E-04 
  2974  -1.90053E-03  3.94981E-04 -5.21783E-04 
  2975  -1.99142E-03  3.99851E-04 -4.79708E-04 
  2976  -1.88330E-03  0.00000E+00 -9.24085E-04 
  2977  -2.04504E-03  0.00000E+00 -8.76556E-04 
  2978  -1.88017E-03  7.28359E-05 -9.22763E-04 
  2979  -2.04166E-03  7.42434E-05 -8.75297E-04 
  2980  -1.87079E-03  1.45508E-04 -9.18813E-04 
  2981  -2.03154E-03  1.48308E-04 -8.71538E-04 
  2982  -1.85520E-03  2.17834E-04 -9.12299E-04 
  2983  -2.01472E-03  2.21992E-04 -8.65345E-04 
  2984  -1.83346E-03  2.89543E-04 -9.03297E-04 
  2985  -1.99130E-03  2.95047E-04 -8.56829E-04 
  2986  -1.80569E-03  3.60347E-04 -8.91926E-04 
  2987  -1.96140E-03  3.67192E-04 -8.46080E-04 
  2988  -1.77205E-03  4.29794E-04 -8.78021E-04 
  2989  -1.92525E-03  4.37977E-04 -8.33135E-04 
  2990  -1.73506E-03  0.00000E+00 -1.54524E-03 
  2991  -1.98806E-03  0.00000E+00 -1.49500E-03 
  2992  -1.73218E-03  7.88784E-05 -1.54289E-03 
  2993  -1.98475E-03  8.12972E-05 -1.49272E-03 
  2994  -1.72352E-03  1.57647E-04 -1.53591E-03 
  2995  -1.97485E-03  1.62429E-04 -1.48592E-03 
  2996  -1.70910E-03  2.36153E-04 -1.52445E-03 
  2997  -1.95840E-03  2.43217E-04 -1.47478E-03 
  2998  -1.68891E-03  3.14164E-04 -1.50875E-03 
  2999  -1.93547E-03  3.23413E-04 -1.45955E-03 
  3000  -1.66301E-03  3.91331E-04 -1.48905E-03 

 Rigid Airport Pavement
                   FAASR3D (version 1.0 ) compiled 04/15/19
 n o d a l   p r i n t   o u t   f o r   t i m e   s t e p     1  ( at time  1.0000E+00 )
   node     x-disp       y-disp       z-disp
  3001  -1.90617E-03  4.02732E-04 -1.44044E-03 
  3002  -1.63158E-03  4.67116E-04 -1.46526E-03 
  3003  -1.87065E-03  4.80622E-04 -1.41765E-03 
  3004  -2.17625E-03  0.00000E+00 -9.60880E-04 
  3005  -2.14546E-03  0.00000E+00 -9.73405E-04 
  3006  -2.17286E-03  6.99724E-05 -9.59369E-04 
  3007  -2.14215E-03  7.02003E-05 -9.71905E-04 
  3008  -2.16268E-03  1.39559E-04 -9.54841E-04 
  3009  -2.13224E-03  1.40004E-04 -9.67413E-04 
  3010  -2.14582E-03  2.08359E-04 -9.47333E-04 
  3011  -2.11583E-03  2.09015E-04 -9.59959E-04 
  3012  -2.12239E-03  2.75983E-04 -9.36887E-04 
  3013  -2.09302E-03  2.76842E-04 -9.49594E-04 
  3014  -2.09253E-03  3.42017E-04 -9.23573E-04 
  3015  -2.06398E-03  3.43090E-04 -9.36398E-04 
  3016  -2.05672E-03  4.05998E-04 -9.07488E-04 
  3017  -2.02917E-03  4.07314E-04 -9.20488E-04 
  3018  -2.22975E-03  0.00000E+00 -6.99930E-04 
  3019  -2.10037E-03  0.00000E+00 -6.35216E-04 
  3020  -2.22623E-03  6.20100E-05 -6.98848E-04 
  3021  -2.09706E-03  6.23030E-05 -6.34246E-04 
  3022  -2.21567E-03  1.23698E-04 -6.95612E-04 
  3023  -2.08713E-03  1.24280E-04 -6.31350E-04 
  3024  -2.19816E-03  1.84741E-04 -6.90249E-04 
  3025  -2.07066E-03  1.85597E-04 -6.26545E-04 
  3026  -2.17379E-03  2.44804E-04 -6.82783E-04 
  3027  -2.04777E-03  2.45916E-04 -6.19862E-04 
  3028  -2.14279E-03  3.03541E-04 -6.73257E-04 
  3029  -2.01862E-03  3.04890E-04 -6.11354E-04 
  3030  -2.10524E-03  3.60548E-04 -6.61733E-04 
  3031  -1.98331E-03  3.62118E-04 -6.01108E-04 
  3032  -2.21150E-03  0.00000E+00 -4.50393E-04 
  3033  -2.10870E-03  0.00000E+00 -4.16056E-04 
  3034  -2.20795E-03  5.80304E-05 -4.49713E-04 
  3035  -2.10531E-03  5.82412E-05 -4.15438E-04 
  3036  -2.19734E-03  1.15782E-04 -4.47682E-04 
  3037  -2.09518E-03  1.16207E-04 -4.13590E-04 
  3038  -2.17971E-03  1.72979E-04 -4.44313E-04 
  3039  -2.07836E-03  1.73618E-04 -4.10526E-04 
  3040  -2.15519E-03  2.29346E-04 -4.39626E-04 
  3041  -2.05495E-03  2.30195E-04 -4.06268E-04 
  3042  -2.12392E-03  2.84585E-04 -4.33647E-04 
  3043  -2.02508E-03  2.85647E-04 -4.00849E-04 
  3044  -2.08615E-03  3.38423E-04 -4.26438E-04 
  3045  -1.98892E-03  3.39716E-04 -3.94312E-04 
  3046  -2.21824E-03  0.00000E+00 -2.95811E-04 
  3047  -2.15988E-03  0.00000E+00 -2.76464E-04 
  3048  -2.21465E-03  5.73548E-05 -2.95394E-04 
  3049  -2.15638E-03  5.74920E-05 -2.76078E-04 
  3050  -2.20389E-03  1.14463E-04 -2.94138E-04 

 Rigid Airport Pavement
                   FAASR3D (version 1.0 ) compiled 04/15/19
 n o d a l   p r i n t   o u t   f o r   t i m e   s t e p     1  ( at time  1.0000E+00 )
   node     x-disp       y-disp       z-disp
  3051  -2.14589E-03  1.14749E-04 -2.74922E-04 
  3052  -2.18603E-03  1.71095E-04 -2.92058E-04 
  3053  -2.12847E-03  1.71539E-04 -2.73007E-04 
  3054  -2.16117E-03  2.27005E-04 -2.89164E-04 
  3055  -2.10421E-03  2.27621E-04 -2.70343E-04 
  3056  -2.12949E-03  2.81948E-04 -2.85459E-04 
  3057  -2.07326E-03  2.82771E-04 -2.66946E-04 
  3058  -2.09121E-03  3.35660E-04 -2.80976E-04 
  3059  -2.03578E-03  3.36763E-04 -2.62829E-04 
  3060  -2.23941E-03  0.00000E+00 -2.30539E-04 
  3061  -2.24745E-03  0.00000E+00 -2.22150E-04 
  3062  -2.23575E-03  5.93575E-05 -2.30242E-04 
  3063  -2.24379E-03  5.95898E-05 -2.21867E-04 
  3064  -2.22483E-03  1.18500E-04 -2.29359E-04 
  3065  -2.23283E-03  1.18981E-04 -2.21021E-04 
  3066  -2.20669E-03  1.77211E-04 -2.27897E-04 
  3067  -2.21462E-03  1.77970E-04 -2.19617E-04 
  3068  -2.18145E-03  2.35275E-04 -2.25862E-04 
  3069  -2.18925E-03  2.36356E-04 -2.17666E-04 
  3070  -2.14926E-03  2.92448E-04 -2.23249E-04 
  3071  -2.15686E-03  2.93946E-04 -2.15164E-04 
  3072  -2.11036E-03  3.48507E-04 -2.20070E-04 
  3073  -2.11764E-03  3.50548E-04 -2.12101E-04 
  3074  -2.27126E-03  0.00000E+00 -2.72910E-04 
  3075  -2.36571E-03  0.00000E+00 -2.68673E-04 
  3076  -2.26755E-03  6.35710E-05 -2.72575E-04 
  3077  -2.36186E-03  6.42035E-05 -2.68335E-04 
  3078  -2.25643E-03  1.26938E-04 -2.71570E-04 
  3079  -2.35031E-03  1.28221E-04 -2.67324E-04 
  3080  -2.23799E-03  1.89900E-04 -2.69908E-04 
  3081  -2.33114E-03  1.91864E-04 -2.65660E-04 
  3082  -2.21230E-03  2.52246E-04 -2.67607E-04 
  3083  -2.30443E-03  2.54966E-04 -2.63354E-04 
  3084  -2.17955E-03  3.13759E-04 -2.64648E-04 
  3085  -2.27033E-03  3.17362E-04 -2.60404E-04 
  3086  -2.13996E-03  3.74203E-04 -2.61046E-04 
  3087  -2.22901E-03  3.78896E-04 -2.56782E-04 
  3088  -2.30925E-03  0.00000E+00 -4.53288E-04 
  3089  -2.50670E-03  0.00000E+00 -4.46506E-04 
  3090  -2.30547E-03  6.95943E-05 -4.52678E-04 
  3091  -2.50262E-03  7.10061E-05 -4.45897E-04 
  3092  -2.29417E-03  1.38987E-04 -4.50862E-04 
  3093  -2.49042E-03  1.41826E-04 -4.44087E-04 
  3094  -2.27540E-03  2.07975E-04 -4.47883E-04 
  3095  -2.47015E-03  2.12280E-04 -4.41110E-04 
  3096  -2.24927E-03  2.76369E-04 -4.43788E-04 
  3097  -2.44194E-03  2.82209E-04 -4.37008E-04 
  3098  -2.21595E-03  3.43939E-04 -4.38600E-04 
  3099  -2.40593E-03  3.51476E-04 -4.31827E-04 
  3100  -2.17565E-03  4.10446E-04 -4.32371E-04 

 Rigid Airport Pavement
                   FAASR3D (version 1.0 ) compiled 04/15/19
 n o d a l   p r i n t   o u t   f o r   t i m e   s t e p     1  ( at time  1.0000E+00 )
   node     x-disp       y-disp       z-disp
  3101  -2.36228E-03  4.19967E-04 -4.25553E-04 
  3102  -2.35262E-03  0.00000E+00 -8.22482E-04 
  3103  -2.65619E-03  0.00000E+00 -8.06139E-04 
  3104  -2.34877E-03  7.70999E-05 -8.21286E-04 
  3105  -2.65189E-03  7.97174E-05 -8.04953E-04 
  3106  -2.33727E-03  1.54007E-04 -8.17723E-04 
  3107  -2.63901E-03  1.59236E-04 -8.01421E-04 
  3108  -2.31815E-03  2.30508E-04 -8.11875E-04 
  3109  -2.61763E-03  2.38374E-04 -7.95623E-04 
  3110  -2.29155E-03  3.06409E-04 -8.03865E-04 
  3111  -2.58790E-03  3.16970E-04 -7.87680E-04 
  3112  -2.25762E-03  3.81459E-04 -7.93808E-04 
  3113  -2.54996E-03  3.94903E-04 -7.77720E-04 
  3114  -2.21658E-03  4.55410E-04 -7.81859E-04 
  3115  -2.50400E-03  4.72085E-04 -7.65812E-04 
  3116  -2.42499E-03  0.00000E+00 -1.45063E-03 
  3117  -2.78618E-03  0.00000E+00 -1.42027E-03 
  3118  -2.42100E-03  8.59227E-05 -1.44837E-03 
  3119  -2.78169E-03  9.01030E-05 -1.41804E-03 
  3120  -2.40908E-03  1.71614E-04 -1.44166E-03 
  3121  -2.76825E-03  1.79968E-04 -1.41141E-03 
  3122  -2.38931E-03  2.56875E-04 -1.43070E-03 
  3123  -2.74597E-03  2.69386E-04 -1.40059E-03 
  3124  -2.36184E-03  3.41487E-04 -1.41575E-03 
  3125  -2.71499E-03  3.58189E-04 -1.38581E-03 
  3126  -2.32682E-03  4.25227E-04 -1.39706E-03 
  3127  -2.67551E-03  4.46253E-04 -1.36733E-03 
  3128  -2.28443E-03  5.07822E-04 -1.37496E-03 
  3129  -2.62771E-03  5.33524E-04 -1.34538E-03 
  3130   0.00000E+00  0.00000E+00  0.00000E+00 
  3131   0.00000E+00  0.00000E+00  0.00000E+00 
  3132   0.00000E+00  0.00000E+00  0.00000E+00 
  3133   0.00000E+00  0.00000E+00  0.00000E+00 
  3134   0.00000E+00  0.00000E+00  0.00000E+00 
  3135   0.00000E+00  0.00000E+00  0.00000E+00 
  3136   0.00000E+00  0.00000E+00  0.00000E+00 
  3137   0.00000E+00  0.00000E+00  0.00000E+00 
  3138   0.00000E+00  0.00000E+00  0.00000E+00 
  3139   0.00000E+00  0.00000E+00  0.00000E+00 
  3140   0.00000E+00  0.00000E+00  0.00000E+00 
  3141   0.00000E+00  0.00000E+00  0.00000E+00 
  3142   0.00000E+00  0.00000E+00  0.00000E+00 
  3143   0.00000E+00  0.00000E+00  0.00000E+00 
  3144   0.00000E+00  0.00000E+00  0.00000E+00 
  3145   0.00000E+00  0.00000E+00  0.00000E+00 
  3146   0.00000E+00  0.00000E+00  0.00000E+00 
  3147   0.00000E+00  0.00000E+00  0.00000E+00 
  3148   0.00000E+00  0.00000E+00  0.00000E+00 
  3149   0.00000E+00  0.00000E+00  0.00000E+00 
  3150   0.00000E+00  0.00000E+00  0.00000E+00 

 Rigid Airport Pavement
                   FAASR3D (version 1.0 ) compiled 04/15/19
 n o d a l   p r i n t   o u t   f o r   t i m e   s t e p     1  ( at time  1.0000E+00 )
   node     x-disp       y-disp       z-disp
  3151   0.00000E+00  0.00000E+00  0.00000E+00 
  3152   0.00000E+00  0.00000E+00  0.00000E+00 
  3153   0.00000E+00  0.00000E+00  0.00000E+00 
  3154   0.00000E+00  0.00000E+00  0.00000E+00 
  3155   0.00000E+00  0.00000E+00  0.00000E+00 
  3156   0.00000E+00  0.00000E+00  0.00000E+00 
  3157   0.00000E+00  0.00000E+00  0.00000E+00 
  3158   0.00000E+00  0.00000E+00  0.00000E+00 
  3159   0.00000E+00  0.00000E+00  0.00000E+00 
  3160   0.00000E+00  0.00000E+00  0.00000E+00 
  3161   0.00000E+00  0.00000E+00  0.00000E+00 
  3162   0.00000E+00  0.00000E+00  0.00000E+00 
  3163   0.00000E+00  0.00000E+00  0.00000E+00 
  3164   0.00000E+00  0.00000E+00  0.00000E+00 
  3165   0.00000E+00  0.00000E+00  0.00000E+00 
  3166   0.00000E+00  0.00000E+00  0.00000E+00 
  3167   0.00000E+00  0.00000E+00  0.00000E+00 
  3168   0.00000E+00  0.00000E+00  0.00000E+00 
  3169   0.00000E+00  0.00000E+00  0.00000E+00 
  3170   0.00000E+00  0.00000E+00  0.00000E+00 
  3171   0.00000E+00  0.00000E+00  0.00000E+00 
  3172   0.00000E+00  0.00000E+00  0.00000E+00 
  3173   0.00000E+00  0.00000E+00  0.00000E+00 
  3174   0.00000E+00  0.00000E+00  0.00000E+00 
  3175   0.00000E+00  0.00000E+00  0.00000E+00 
  3176   0.00000E+00  0.00000E+00  0.00000E+00 
  3177   0.00000E+00  0.00000E+00  0.00000E+00 
  3178   0.00000E+00  0.00000E+00  0.00000E+00 
  3179   0.00000E+00  0.00000E+00  0.00000E+00 
  3180   0.00000E+00  0.00000E+00  0.00000E+00 
  3181   0.00000E+00  0.00000E+00  0.00000E+00 
  3182   0.00000E+00  0.00000E+00  0.00000E+00 
  3183   0.00000E+00  0.00000E+00  0.00000E+00 
  3184   0.00000E+00  0.00000E+00  0.00000E+00 
  3185   0.00000E+00  0.00000E+00  0.00000E+00 
  3186   0.00000E+00  0.00000E+00  0.00000E+00 
  3187   0.00000E+00  0.00000E+00  0.00000E+00 
  3188   0.00000E+00  0.00000E+00  0.00000E+00 
  3189   0.00000E+00  0.00000E+00  0.00000E+00 
  3190   0.00000E+00  0.00000E+00  0.00000E+00 
  3191   0.00000E+00  0.00000E+00  0.00000E+00 
  3192   0.00000E+00  0.00000E+00  0.00000E+00 
  3193  -2.17092E-03  4.80343E-04 -8.99036E-04 
  3194  -2.10916E-03  4.89278E-04 -8.86293E-04 
  3195  -2.08639E-03  5.62365E-04 -8.62757E-04 
  3196  -2.02732E-03  5.72734E-04 -8.51006E-04 
  3197  -1.99060E-03  6.37041E-04 -8.21685E-04 
  3198  -1.93459E-03  6.48495E-04 -8.11018E-04 
  3199  -1.88597E-03  7.03484E-04 -7.77002E-04 
  3200  -1.83325E-03  7.15583E-04 -7.67590E-04 

 Rigid Airport Pavement
                   FAASR3D (version 1.0 ) compiled 04/15/19
 n o d a l   p r i n t   o u t   f o r   t i m e   s t e p     1  ( at time  1.0000E+00 )
   node     x-disp       y-disp       z-disp
  3201  -1.77460E-03  7.60651E-04 -7.29693E-04 
  3202  -1.72561E-03  7.73742E-04 -7.21496E-04 
  3203  -1.66084E-03  8.10468E-04 -6.81178E-04 
  3204  -1.61567E-03  8.21209E-04 -6.74502E-04 
  3205  -2.19174E-03  4.25985E-04 -6.89176E-04 
  3206  -2.12280E-03  4.33459E-04 -6.72816E-04 
  3207  -2.10518E-03  4.99803E-04 -6.61789E-04 
  3208  -2.03905E-03  5.08498E-04 -6.46439E-04 
  3209  -2.00720E-03  5.67832E-04 -6.30791E-04 
  3210  -1.94421E-03  5.77439E-04 -6.16535E-04 
  3211  -1.90004E-03  6.29487E-04 -5.97145E-04 
  3212  -1.84046E-03  6.39595E-04 -5.84145E-04 
  3213  -1.78661E-03  6.83921E-04 -5.61654E-04 
  3214  -1.73062E-03  6.94918E-04 -5.49868E-04 
  3215  -1.66957E-03  7.32984E-04 -5.25567E-04 
  3216  -1.61739E-03  7.41622E-04 -5.15185E-04 
  3217  -2.16733E-03  4.03974E-04 -4.83245E-04 
  3218  -2.11371E-03  4.09242E-04 -4.58419E-04 
  3219  -2.08092E-03  4.74929E-04 -4.64371E-04 
  3220  -2.02945E-03  4.81128E-04 -4.40792E-04 
  3221  -1.98314E-03  5.40930E-04 -4.42835E-04 
  3222  -1.93401E-03  5.47854E-04 -4.20633E-04 
  3223  -1.87641E-03  6.01545E-04 -4.19292E-04 
  3224  -1.82971E-03  6.08855E-04 -3.98664E-04 
  3225  -1.76342E-03  6.55953E-04 -3.94343E-04 
  3226  -1.71916E-03  6.64068E-04 -3.75233E-04 
  3227  -1.64706E-03  7.06439E-04 -3.68984E-04 
  3228  -1.60519E-03  7.12239E-04 -3.51658E-04 
  3229  -2.10936E-03  4.04085E-04 -3.39077E-04 
  3230  -2.07464E-03  4.07874E-04 -3.09717E-04 
  3231  -2.02464E-03  4.75765E-04 -3.25964E-04 
  3232  -1.99118E-03  4.80378E-04 -2.97990E-04 
  3233  -1.92897E-03  5.42740E-04 -3.10576E-04 
  3234  -1.89672E-03  5.48082E-04 -2.84148E-04 
  3235  -1.82473E-03  6.04617E-04 -2.93227E-04 
  3236  -1.79353E-03  6.10437E-04 -2.68579E-04 
  3237  -1.71458E-03  6.60757E-04 -2.74252E-04 
  3238  -1.68423E-03  6.67528E-04 -2.51347E-04 
  3239  -1.60143E-03  7.13431E-04 -2.54574E-04 
  3240  -1.57173E-03  7.18018E-04 -2.33716E-04 
  3241  -2.03245E-03  4.20679E-04 -2.82437E-04 
  3242  -2.03272E-03  4.24014E-04 -2.51328E-04 
  3243  -1.95027E-03  4.95629E-04 -2.71448E-04 
  3244  -1.95037E-03  4.99927E-04 -2.41826E-04 
  3245  -1.85774E-03  5.65614E-04 -2.57709E-04 
  3246  -1.85728E-03  5.70939E-04 -2.29785E-04 
  3247  -1.75733E-03  6.30215E-04 -2.41091E-04 
  3248  -1.75576E-03  6.36471E-04 -2.15144E-04 
  3249  -1.65173E-03  6.88898E-04 -2.21650E-04 
  3250  -1.64836E-03  6.96595E-04 -1.97669E-04 

 Rigid Airport Pavement
                   FAASR3D (version 1.0 ) compiled 04/15/19
 n o d a l   p r i n t   o u t   f o r   t i m e   s t e p     1  ( at time  1.0000E+00 )
   node     x-disp       y-disp       z-disp
  3251  -1.54355E-03  7.44027E-04 -2.00261E-04 
  3252  -1.53781E-03  7.49862E-04 -1.78624E-04 
  3253  -1.94482E-03  4.49466E-04 -3.29372E-04 
  3254  -1.98300E-03  4.53592E-04 -2.94033E-04 
  3255  -1.86564E-03  5.29466E-04 -3.16373E-04 
  3256  -1.90213E-03  5.35004E-04 -2.82771E-04 
  3257  -1.77690E-03  6.03663E-04 -2.99106E-04 
  3258  -1.81091E-03  6.10961E-04 -2.67514E-04 
  3259  -1.68134E-03  6.71567E-04 -2.76588E-04 
  3260  -1.71175E-03  6.80770E-04 -2.47385E-04 
  3261  -1.58175E-03  7.32759E-04 -2.48306E-04 
  3262  -1.60717E-03  7.44540E-04 -2.21492E-04 
  3263  -1.48033E-03  7.90098E-04 -2.15121E-04 
  3264  -1.49945E-03  8.00774E-04 -1.91193E-04 
  3265  -1.83633E-03  4.86913E-04 -5.06903E-04 
  3266  -1.92447E-03  4.93321E-04 -4.66306E-04 
  3267  -1.76084E-03  5.73190E-04 -4.86957E-04 
  3268  -1.84544E-03  5.81806E-04 -4.48439E-04 
  3269  -1.67665E-03  6.52201E-04 -4.60017E-04 
  3270  -1.75649E-03  6.63828E-04 -4.23953E-04 
  3271  -1.58719E-03  7.23046E-04 -4.23414E-04 
  3272  -1.66030E-03  7.38435E-04 -3.90272E-04 
  3273  -1.49571E-03  7.85713E-04 -3.74954E-04 
  3274  -1.55942E-03  8.05959E-04 -3.44749E-04 
  3275  -1.40382E-03  8.44316E-04 -3.15158E-04 
  3276  -1.45555E-03  8.65033E-04 -2.88393E-04 
  3277  -1.71131E-03  5.30027E-04 -8.52822E-04 
  3278  -1.85999E-03  5.40522E-04 -8.09543E-04 
  3279  -1.63982E-03  6.23474E-04 -8.20216E-04 
  3280  -1.78299E-03  6.37235E-04 -7.79299E-04 
  3281  -1.56046E-03  7.07459E-04 -7.76738E-04 
  3282  -1.69653E-03  7.26014E-04 -7.38758E-04 
  3283  -1.47751E-03  7.80172E-04 -7.16501E-04 
  3284  -1.60361E-03  8.05525E-04 -6.82024E-04 
  3285  -1.39565E-03  8.41710E-04 -6.33003E-04 
  3286  -1.50712E-03  8.76270E-04 -6.01951E-04 
  3287  -1.31490E-03  8.99406E-04 -5.25916E-04 
  3288  -1.40727E-03  9.37901E-04 -4.97864E-04 
  3289  -1.57459E-03  5.76490E-04 -1.42280E-03 
  3290  -1.80646E-03  5.93339E-04 -1.37696E-03 
  3291  -1.50742E-03  6.77644E-04 -1.37023E-03 
  3292  -1.73088E-03  6.98939E-04 -1.32719E-03 
  3293  -1.43292E-03  7.66703E-04 -1.30291E-03 
  3294  -1.64662E-03  7.94670E-04 -1.26344E-03 
  3295  -1.35551E-03  8.40309E-04 -1.21070E-03 
  3296  -1.55698E-03  8.78943E-04 -1.17527E-03 
  3297  -1.28141E-03  8.97396E-04 -1.07721E-03 
  3298  -1.46430E-03  9.52830E-04 -1.04548E-03 
  3299  -1.21378E-03  9.48164E-04 -8.91418E-04 
  3300  -1.36608E-03  1.01705E-03 -8.62410E-04 

 Rigid Airport Pavement
                   FAASR3D (version 1.0 ) compiled 04/15/19
 n o d a l   p r i n t   o u t   f o r   t i m e   s t e p     1  ( at time  1.0000E+00 )
   node     x-disp       y-disp       z-disp
  3301  -1.99148E-03  4.97290E-04 -8.78613E-04 
  3302  -1.96554E-03  4.98614E-04 -8.91820E-04 
  3303  -1.91453E-03  5.81859E-04 -8.44502E-04 
  3304  -1.89045E-03  5.83103E-04 -8.57993E-04 
  3305  -1.82726E-03  6.58388E-04 -8.05947E-04 
  3306  -1.80530E-03  6.59322E-04 -8.19751E-04 
  3307  -1.73187E-03  7.25828E-04 -7.63872E-04 
  3308  -1.71217E-03  7.25908E-04 -7.78121E-04 
  3309  -1.63049E-03  7.83219E-04 -7.19686E-04 
  3310  -1.61360E-03  7.81775E-04 -7.34394E-04 
  3311  -1.52798E-03  8.29711E-04 -6.74773E-04 
  3312  -1.51478E-03  8.25685E-04 -6.90635E-04 
  3313  -2.03757E-03  4.42228E-04 -6.41063E-04 
  3314  -1.91946E-03  4.44086E-04 -5.82616E-04 
  3315  -1.95732E-03  5.18540E-04 -6.16546E-04 
  3316  -1.84369E-03  5.20499E-04 -5.60785E-04 
  3317  -1.86632E-03  5.88389E-04 -5.88841E-04 
  3318  -1.75756E-03  5.90236E-04 -5.36079E-04 
  3319  -1.76662E-03  6.51061E-04 -5.58618E-04 
  3320  -1.66304E-03  6.52301E-04 -5.09192E-04 
  3321  -1.66116E-03  7.05823E-04 -5.27048E-04 
  3322  -1.56286E-03  7.05860E-04 -4.81053E-04 
  3323  -1.55224E-03  7.51633E-04 -4.95178E-04 
  3324  -1.45986E-03  7.49594E-04 -4.53267E-04 
  3325  -2.01801E-03  4.15977E-04 -4.13418E-04 
  3326  -1.92358E-03  4.17604E-04 -3.82472E-04 
  3327  -1.93720E-03  4.88976E-04 -3.97891E-04 
  3328  -1.84584E-03  4.90883E-04 -3.68373E-04 
  3329  -1.84541E-03  5.56588E-04 -3.80193E-04 
  3330  -1.75722E-03  5.58622E-04 -3.52250E-04 
  3331  -1.74480E-03  6.18194E-04 -3.60711E-04 
  3332  -1.65969E-03  6.19869E-04 -3.34534E-04 
  3333  -1.63789E-03  6.72852E-04 -3.40243E-04 
  3334  -1.55569E-03  6.73671E-04 -3.15899E-04 
  3335  -1.52752E-03  7.20370E-04 -3.19792E-04 
  3336  -1.44814E-03  7.19372E-04 -2.97589E-04 
  3337  -2.02211E-03  4.13413E-04 -2.72797E-04 
  3338  -1.96799E-03  4.15047E-04 -2.55268E-04 
  3339  -1.94011E-03  4.87143E-04 -2.62788E-04 
  3340  -1.88714E-03  4.89406E-04 -2.46011E-04 
  3341  -1.84685E-03  5.56035E-04 -2.50978E-04 
  3342  -1.79463E-03  5.58939E-04 -2.35023E-04 
  3343  -1.74436E-03  6.19424E-04 -2.37434E-04 
  3344  -1.69232E-03  6.22600E-04 -2.22438E-04 
  3345  -1.63518E-03  6.76435E-04 -2.22720E-04 
  3346  -1.58260E-03  6.79322E-04 -2.08708E-04 
  3347  -1.52227E-03  7.26619E-04 -2.07677E-04 
  3348  -1.46874E-03  7.28225E-04 -1.94946E-04 
  3349  -2.04009E-03  4.29998E-04 -2.14062E-04 
  3350  -2.04658E-03  4.33120E-04 -2.06290E-04 

 Rigid Airport Pavement
                   FAASR3D (version 1.0 ) compiled 04/15/19
 n o d a l   p r i n t   o u t   f o r   t i m e   s t e p     1  ( at time  1.0000E+00 )
   node     x-disp       y-disp       z-disp
  3351  -1.95660E-03  5.07709E-04 -2.06266E-04 
  3352  -1.96158E-03  5.12259E-04 -1.98753E-04 
  3353  -1.86145E-03  5.80763E-04 -1.96293E-04 
  3354  -1.86387E-03  5.87027E-04 -1.89065E-04 
  3355  -1.75660E-03  6.48403E-04 -1.83770E-04 
  3356  -1.75507E-03  6.56186E-04 -1.76941E-04 
  3357  -1.64450E-03  7.09530E-04 -1.68941E-04 
  3358  -1.63750E-03  7.18254E-04 -1.62559E-04 
  3359  -1.52803E-03  7.63319E-04 -1.52706E-04 
  3360  -1.51462E-03  7.71745E-04 -1.47080E-04 
  3361  -2.06838E-03  4.62351E-04 -2.54087E-04 
  3362  -2.15401E-03  4.69161E-04 -2.49809E-04 
  3363  -1.98319E-03  5.46756E-04 -2.44666E-04 
  3364  -2.06405E-03  5.56420E-04 -2.40396E-04 
  3365  -1.88589E-03  6.26441E-04 -2.31699E-04 
  3366  -1.96006E-03  6.39697E-04 -2.27477E-04 
  3367  -1.77827E-03  7.00474E-04 -2.13980E-04 
  3368  -1.84327E-03  7.17481E-04 -2.09982E-04 
  3369  -1.66258E-03  7.67417E-04 -1.91141E-04 
  3370  -1.71564E-03  7.87632E-04 -1.87514E-04 
  3371  -1.54134E-03  8.25840E-04 -1.64176E-04 
  3372  -1.58066E-03  8.47618E-04 -1.61408E-04 
  3373  -2.10273E-03  5.07663E-04 -4.20575E-04 
  3374  -2.28298E-03  5.20931E-04 -4.13736E-04 
  3375  -2.01586E-03  6.01052E-04 -4.04897E-04 
  3376  -2.18761E-03  6.19355E-04 -3.98045E-04 
  3377  -1.91636E-03  6.89535E-04 -3.83159E-04 
  3378  -2.07679E-03  7.14356E-04 -3.76397E-04 
  3379  -1.80582E-03  7.72017E-04 -3.52400E-04 
  3380  -1.95116E-03  8.04187E-04 -3.46060E-04 
  3381  -1.68599E-03  8.46634E-04 -3.10606E-04 
  3382  -1.81185E-03  8.85854E-04 -3.05099E-04 
  3383  -1.55892E-03  9.11005E-04 -2.58456E-04 
  3384  -1.66186E-03  9.55154E-04 -2.54824E-04 
  3385  -2.14230E-03  5.63670E-04 -7.59993E-04 
  3386  -2.42047E-03  5.86301E-04 -7.44067E-04 
  3387  -2.05382E-03  6.67889E-04 -7.32228E-04 
  3388  -2.31995E-03  6.98557E-04 -7.16461E-04 
  3389  -1.95240E-03  7.67010E-04 -6.94982E-04 
  3390  -2.20275E-03  8.08383E-04 -6.79601E-04 
  3391  -1.83927E-03  8.59952E-04 -6.41875E-04 
  3392  -2.06876E-03  9.14078E-04 -6.27600E-04 
  3393  -1.71524E-03  9.44635E-04 -5.66352E-04 
  3394  -1.91777E-03  1.01171E-03 -5.54153E-04 
  3395  -1.58114E-03  1.01752E-03 -4.66832E-04 
  3396  -1.75099E-03  1.09453E-03 -4.58553E-04 
  3397  -2.20758E-03  6.28708E-04 -1.33555E-03 
  3398  -2.54090E-03  6.62940E-04 -1.30627E-03 
  3399  -2.11647E-03  7.44957E-04 -1.28805E-03 
  3400  -2.43665E-03  7.91024E-04 -1.25914E-03 

 Rigid Airport Pavement
                   FAASR3D (version 1.0 ) compiled 04/15/19
 n o d a l   p r i n t   o u t   f o r   t i m e   s t e p     1  ( at time  1.0000E+00 )
   node     x-disp       y-disp       z-disp
  3401  -2.01314E-03  8.55621E-04 -1.22794E-03 
  3402  -2.31511E-03  9.18278E-04 -1.19994E-03 
  3403  -1.89883E-03  9.60587E-04 -1.14414E-03 
  3404  -2.17545E-03  1.04391E-03 -1.11814E-03 
  3405  -1.77245E-03  1.05943E-03 -1.01922E-03 
  3406  -2.01578E-03  1.16341E-03 -9.96851E-04 
  3407  -1.62829E-03  1.14733E-03 -8.39334E-04 
  3408  -1.83378E-03  1.26595E-03 -8.24334E-04 
  3409   0.00000E+00  0.00000E+00  0.00000E+00 
  3410   0.00000E+00  0.00000E+00  0.00000E+00 
  3411   0.00000E+00  0.00000E+00  0.00000E+00 
  3412   0.00000E+00  0.00000E+00  0.00000E+00 
  3413   0.00000E+00  0.00000E+00  0.00000E+00 
  3414   0.00000E+00  0.00000E+00  0.00000E+00 
  3415   0.00000E+00  0.00000E+00  0.00000E+00 
  3416   0.00000E+00  0.00000E+00  0.00000E+00 
  3417   0.00000E+00  0.00000E+00  0.00000E+00 
  3418   0.00000E+00  0.00000E+00  0.00000E+00 
  3419   0.00000E+00  0.00000E+00  0.00000E+00 
  3420   0.00000E+00  0.00000E+00  0.00000E+00 
  3421   0.00000E+00  0.00000E+00  0.00000E+00 
  3422   0.00000E+00  0.00000E+00  0.00000E+00 
  3423   0.00000E+00  0.00000E+00  0.00000E+00 
  3424   0.00000E+00  0.00000E+00  0.00000E+00 
  3425   0.00000E+00  0.00000E+00  0.00000E+00 
  3426   0.00000E+00  0.00000E+00  0.00000E+00 
  3427   0.00000E+00  0.00000E+00  0.00000E+00 
  3428   0.00000E+00  0.00000E+00  0.00000E+00 
  3429   0.00000E+00  0.00000E+00  0.00000E+00 
  3430   0.00000E+00  0.00000E+00  0.00000E+00 
  3431   0.00000E+00  0.00000E+00  0.00000E+00 
  3432   0.00000E+00  0.00000E+00  0.00000E+00 
  3433   0.00000E+00  0.00000E+00  0.00000E+00 
  3434   0.00000E+00  0.00000E+00  0.00000E+00 
  3435   0.00000E+00  0.00000E+00  0.00000E+00 
  3436   0.00000E+00  0.00000E+00  0.00000E+00 
  3437   0.00000E+00  0.00000E+00  0.00000E+00 
  3438   0.00000E+00  0.00000E+00  0.00000E+00 
  3439   0.00000E+00  0.00000E+00  0.00000E+00 
  3440   0.00000E+00  0.00000E+00  0.00000E+00 
  3441   0.00000E+00  0.00000E+00  0.00000E+00 
  3442   0.00000E+00  0.00000E+00  0.00000E+00 
  3443   0.00000E+00  0.00000E+00  0.00000E+00 
  3444   0.00000E+00  0.00000E+00  0.00000E+00 
  3445   0.00000E+00  0.00000E+00  0.00000E+00 
  3446   0.00000E+00  0.00000E+00  0.00000E+00 
  3447   0.00000E+00  0.00000E+00  0.00000E+00 
  3448   0.00000E+00  0.00000E+00  0.00000E+00 
  3449   0.00000E+00  0.00000E+00  0.00000E+00 
  3450   0.00000E+00  0.00000E+00  0.00000E+00 

 Rigid Airport Pavement
                   FAASR3D (version 1.0 ) compiled 04/15/19
 n o d a l   p r i n t   o u t   f o r   t i m e   s t e p     1  ( at time  1.0000E+00 )
   node     x-disp       y-disp       z-disp
  3451   0.00000E+00  0.00000E+00  0.00000E+00 
  3452   0.00000E+00  0.00000E+00  0.00000E+00 
  3453   0.00000E+00  0.00000E+00  0.00000E+00 
  3454   0.00000E+00  0.00000E+00  0.00000E+00 
  3455   0.00000E+00  0.00000E+00  0.00000E+00 
  3456   0.00000E+00  0.00000E+00  0.00000E+00 
  3457   0.00000E+00  0.00000E+00  0.00000E+00 
  3458   0.00000E+00  0.00000E+00  0.00000E+00 
  3459   0.00000E+00  0.00000E+00  0.00000E+00 
  3460   0.00000E+00  0.00000E+00  0.00000E+00 
  3461   0.00000E+00  0.00000E+00  0.00000E+00 
  3462   0.00000E+00  0.00000E+00  0.00000E+00 
  3463  -1.43521E-03  8.80040E-04 -5.97552E-04 
  3464  -1.39783E-03  8.90590E-04 -5.93190E-04 
  3465  -1.24551E-03  9.31245E-04 -5.45798E-04 
  3466  -1.21642E-03  9.28947E-04 -5.42090E-04 
  3467  -1.12674E-03  9.80839E-04 -5.70486E-04 
  3468  -1.10296E-03  9.68558E-04 -5.66161E-04 
  3469  -1.10008E-03  1.02994E-03 -6.99426E-04 
  3470  -1.07705E-03  9.99445E-04 -6.96390E-04 
  3471  -1.11650E-03  1.05035E-03 -8.96783E-04 
  3472  -1.09267E-03  1.01945E-03 -8.95566E-04 
  3473  -1.44100E-03  8.10364E-04 -4.66926E-04 
  3474  -1.39605E-03  8.18720E-04 -4.58569E-04 
  3475  -1.25109E-03  8.81564E-04 -4.38949E-04 
  3476  -1.21276E-03  8.77648E-04 -4.30726E-04 
  3477  -1.13381E-03  9.59437E-04 -4.79089E-04 
  3478  -1.09999E-03  9.46281E-04 -4.70041E-04 
  3479  -1.10350E-03  1.03092E-03 -6.10491E-04 
  3480  -1.07058E-03  1.00052E-03 -6.04144E-04 
  3481  -1.11833E-03  1.05606E-03 -8.05426E-04 
  3482  -1.08478E-03  1.02633E-03 -8.02705E-04 
  3483  -1.42080E-03  7.90452E-04 -3.31789E-04 
  3484  -1.38369E-03  7.95962E-04 -3.16900E-04 
  3485  -1.23415E-03  8.71270E-04 -3.21891E-04 
  3486  -1.20109E-03  8.65340E-04 -3.07408E-04 
  3487  -1.11816E-03  9.58466E-04 -3.73721E-04 
  3488  -1.08801E-03  9.43954E-04 -3.58303E-04 
  3489  -1.08379E-03  1.03522E-03 -5.09204E-04 
  3490  -1.05522E-03  1.00473E-03 -4.97536E-04 
  3491  -1.10089E-03  1.05661E-03 -7.00822E-04 
  3492  -1.07244E-03  1.02865E-03 -6.94643E-04 
  3493  -1.38124E-03  8.02401E-04 -2.28271E-04 
  3494  -1.35233E-03  8.06757E-04 -2.10214E-04 
  3495  -1.19936E-03  8.87041E-04 -2.27144E-04 
  3496  -1.17113E-03  8.80316E-04 -2.09782E-04 
  3497  -1.08394E-03  9.76158E-04 -2.85061E-04 
  3498  -1.05658E-03  9.60818E-04 -2.66811E-04 
  3499  -1.04576E-03  1.05151E-03 -4.24390E-04 
  3500  -1.01952E-03  1.02041E-03 -4.10257E-04 

 Rigid Airport Pavement
                   FAASR3D (version 1.0 ) compiled 04/15/19
 n o d a l   p r i n t   o u t   f o r   t i m e   s t e p     1  ( at time  1.0000E+00 )
   node     x-disp       y-disp       z-disp
  3501  -1.07092E-03  1.06885E-03 -6.15658E-04 
  3502  -1.04543E-03  1.04158E-03 -6.08113E-04 
  3503  -1.33209E-03  8.36980E-04 -1.69938E-04 
  3504  -1.32098E-03  8.42596E-04 -1.51639E-04 
  3505  -1.15629E-03  9.23649E-04 -1.65356E-04 
  3506  -1.14091E-03  9.17689E-04 -1.48238E-04 
  3507  -1.04110E-03  1.01232E-03 -2.23032E-04 
  3508  -1.02405E-03  9.96695E-04 -2.05316E-04 
  3509  -9.99394E-04  1.08556E-03 -3.65852E-04 
  3510  -9.83440E-04  1.05362E-03 -3.52552E-04 
  3511  -1.03730E-03  1.10303E-03 -5.63328E-04 
  3512  -1.02363E-03  1.07431E-03 -5.57178E-04 
  3513  -1.28164E-03  8.87041E-04 -1.59786E-04 
  3514  -1.28672E-03  8.97444E-04 -1.40144E-04 
  3515  -1.11476E-03  9.76919E-04 -1.35027E-04 
  3516  -1.10883E-03  9.73856E-04 -1.17474E-04 
  3517  -1.00071E-03  1.06684E-03 -1.84680E-04 
  3518  -9.89956E-04  1.05159E-03 -1.67080E-04 
  3519  -9.57352E-04  1.14013E-03 -3.30980E-04 
  3520  -9.47411E-04  1.10688E-03 -3.18076E-04 
  3521  -1.01104E-03  1.15974E-03 -5.40891E-04 
  3522  -1.00452E-03  1.12816E-03 -5.35225E-04 
  3523  -1.22411E-03  9.45773E-04 -2.02738E-04 
  3524  -1.24915E-03  9.66206E-04 -1.81155E-04 
  3525  -1.07146E-03  1.04295E-03 -1.33100E-04 
  3526  -1.07576E-03  1.04568E-03 -1.14655E-04 
  3527  -9.60498E-04  1.13865E-03 -1.64579E-04 
  3528  -9.55955E-04  1.12452E-03 -1.46821E-04 
  3529  -9.17387E-04  1.21487E-03 -3.14030E-04 
  3530  -9.13207E-04  1.17985E-03 -3.01393E-04 
  3531  -9.87385E-04  1.23636E-03 -5.40954E-04 
  3532  -9.87486E-04  1.20121E-03 -5.35506E-04 
  3533  -1.15985E-03  1.00624E-03 -3.08301E-04 
  3534  -1.20677E-03  1.04465E-03 -2.84672E-04 
  3535  -1.02669E-03  1.11809E-03 -1.58180E-04 
  3536  -1.03987E-03  1.13007E-03 -1.37852E-04 
  3537  -9.20227E-04  1.22568E-03 -1.59526E-04 
  3538  -9.20430E-04  1.21337E-03 -1.40750E-04 
  3539  -8.78967E-04  1.30728E-03 -3.11537E-04 
  3540  -8.78967E-04  1.27020E-03 -2.98581E-04 
  3541  -9.64062E-04  1.33024E-03 -5.58974E-04 
  3542  -9.69045E-04  1.29088E-03 -5.53115E-04 
  3543  -1.09172E-03  1.06240E-03 -4.83950E-04 
  3544  -1.16154E-03  1.13102E-03 -4.58173E-04 
  3545  -9.80240E-04  1.20044E-03 -2.04118E-04 
  3546  -1.00037E-03  1.22459E-03 -1.81601E-04 
  3547  -8.77393E-04  1.32409E-03 -1.65968E-04 
  3548  -8.81671E-04  1.31462E-03 -1.45682E-04 
  3549  -8.40005E-04  1.41367E-03 -3.19201E-04 
  3550  -8.43255E-04  1.37414E-03 -3.05526E-04 

 Rigid Airport Pavement
                   FAASR3D (version 1.0 ) compiled 04/15/19
 n o d a l   p r i n t   o u t   f o r   t i m e   s t e p     1  ( at time  1.0000E+00 )
   node     x-disp       y-disp       z-disp
  3551  -9.37803E-04  1.43835E-03 -5.89910E-04 
  3552  -9.46417E-04  1.39464E-03 -5.83310E-04 
  3553  -1.32249E-03  8.89751E-04 -5.95617E-04 
  3554  -1.31526E-03  8.76955E-04 -6.11624E-04 
  3555  -1.15562E-03  9.16601E-04 -5.47732E-04 
  3556  -1.15744E-03  8.86535E-04 -5.64843E-04 
  3557  -1.05178E-03  9.21366E-04 -5.66560E-04 
  3558  -1.06680E-03  8.77445E-04 -5.81777E-04 
  3559  -1.02643E-03  9.66335E-04 -6.96916E-04 
  3560  -1.04389E-03  8.91716E-04 -6.93341E-04 
  3561  -1.03894E-03  9.56417E-04 -9.09309E-04 
  3562  -1.08273E-03  9.92299E-04 -9.33997E-04 
  3563  -1.33965E-03  8.19613E-04 -4.41839E-04 
  3564  -1.25708E-03  8.09622E-04 -4.05483E-04 
  3565  -1.16567E-03  8.66921E-04 -4.17188E-04 
  3566  -1.09380E-03  8.39754E-04 -3.84686E-04 
  3567  -1.06082E-03  8.99933E-04 -4.51897E-04 
  3568  -9.98250E-04  8.56343E-04 -4.18287E-04 
  3569  -1.03454E-03  9.65292E-04 -5.87332E-04 
  3570  -9.76025E-04  8.92482E-04 -5.34945E-04 
  3571  -1.05302E-03  9.72382E-04 -8.02284E-04 
  3572  -1.00451E-03  9.98967E-04 -7.75662E-04 
  3573  -1.31215E-03  7.95228E-04 -2.88371E-04 
  3574  -1.23695E-03  7.86299E-04 -2.68356E-04 
  3575  -1.13550E-03  8.52774E-04 -2.81834E-04 
  3576  -1.06519E-03  8.25478E-04 -2.62809E-04 
  3577  -1.02754E-03  8.96536E-04 -3.27744E-04 
  3578  -9.62317E-04  8.51951E-04 -3.06487E-04 
  3579  -9.97714E-04  9.67515E-04 -4.68592E-04 
  3580  -9.36035E-04  8.92595E-04 -4.28323E-04 
  3581  -1.01745E-03  9.78690E-04 -6.83208E-04 
  3582  -9.61742E-04  1.00319E-03 -6.70415E-04 
  3583  -1.30066E-03  8.06519E-04 -1.86579E-04 
  3584  -1.24268E-03  8.00058E-04 -1.74182E-04 
  3585  -1.11819E-03  8.67570E-04 -1.88327E-04 
  3586  -1.05771E-03  8.41164E-04 -1.75457E-04 
  3587  -1.00433E-03  9.12412E-04 -2.40167E-04 
  3588  -9.44201E-04  8.66814E-04 -2.24487E-04 
  3589  -9.69605E-04  9.80877E-04 -3.85586E-04 
  3590  -9.12024E-04  9.03863E-04 -3.50789E-04 
  3591  -9.97256E-04  9.92899E-04 -6.03095E-04 
  3592  -9.43237E-04  1.01291E-03 -5.96940E-04 
  3593  -1.29682E-03  8.47176E-04 -1.28326E-04 
  3594  -1.26613E-03  8.47331E-04 -1.21899E-04 
  3595  -1.10564E-03  9.07666E-04 -1.27367E-04 
  3596  -1.06228E-03  8.84940E-04 -1.19626E-04 
  3597  -9.83973E-04  9.48418E-04 -1.79549E-04 
  3598  -9.35007E-04  9.03098E-04 -1.68583E-04 
  3599  -9.44642E-04  1.01169E-03 -3.28916E-04 
  3600  -8.96403E-04  9.31930E-04 -2.98603E-04 

 Rigid Airport Pavement
                   FAASR3D (version 1.0 ) compiled 04/15/19
 n o d a l   p r i n t   o u t   f o r   t i m e   s t e p     1  ( at time  1.0000E+00 )
   node     x-disp       y-disp       z-disp
  3601  -9.86199E-04  1.02246E-03 -5.54044E-04 
  3602  -9.39294E-04  1.03697E-03 -5.52697E-04 
  3603  -1.29695E-03  9.13383E-04 -1.16573E-04 
  3604  -1.30089E-03  9.26571E-04 -1.12940E-04 
  3605  -1.09459E-03  9.70855E-04 -9.72042E-05 
  3606  -1.07232E-03  9.56010E-04 -9.23102E-05 
  3607  -9.64066E-04  1.00490E-03 -1.42399E-04 
  3608  -9.28841E-04  9.61597E-04 -1.34132E-04 
  3609  -9.21182E-04  1.06227E-03 -2.95519E-04 
  3610  -8.84031E-04  9.79443E-04 -2.67209E-04 
  3611  -9.79521E-04  1.07102E-03 -5.33218E-04 
  3612  -9.42032E-04  1.07910E-03 -5.33642E-04 
  3613  -1.29749E-03  1.00260E-03 -1.55910E-04 
  3614  -1.34070E-03  1.03772E-03 -1.52765E-04 
  3615  -1.08222E-03  1.05538E-03 -9.41537E-05 
  3616  -1.08241E-03  1.05387E-03 -9.11040E-05 
  3617  -9.42693E-04  1.08109E-03 -1.22633E-04 
  3618  -9.21500E-04  1.04193E-03 -1.16427E-04 
  3619  -8.97509E-04  1.13246E-03 -2.79327E-04 
  3620  -8.71120E-04  1.04641E-03 -2.51885E-04 
  3621  -9.72930E-04  1.13776E-03 -5.33884E-04 
  3622  -9.45077E-04  1.13967E-03 -5.34895E-04 
  3623  -1.29506E-03  1.11396E-03 -2.56618E-04 
  3624  -1.37783E-03  1.18149E-03 -2.50924E-04 
  3625  -1.06600E-03  1.15925E-03 -1.15878E-04 
  3626  -1.08731E-03  1.17767E-03 -1.13593E-04 
  3627  -9.18358E-04  1.17497E-03 -1.15957E-04 
  3628  -9.09713E-04  1.14237E-03 -1.11191E-04 
  3629  -8.72106E-04  1.22024E-03 -2.76064E-04 
  3630  -8.54814E-04  1.13095E-03 -2.48386E-04 
  3631  -9.63185E-04  1.22040E-03 -5.50951E-04 
  3632  -9.43620E-04  1.21691E-03 -5.51614E-04 
  3633  -1.28534E-03  1.24984E-03 -4.28032E-04 
  3634  -1.40117E-03  1.35874E-03 -4.17126E-04 
  3635  -1.04223E-03  1.27957E-03 -1.57613E-04 
  3636  -1.08153E-03  1.32550E-03 -1.55362E-04 
  3637  -8.88641E-04  1.28290E-03 -1.19164E-04 
  3638  -8.90521E-04  1.25961E-03 -1.15032E-04 
  3639  -8.43190E-04  1.32211E-03 -2.82031E-04 
  3640  -8.32962E-04  1.22956E-03 -2.53414E-04 
  3641  -9.47318E-04  1.31640E-03 -5.79893E-04 
  3642  -9.34293E-04  1.30839E-03 -5.79728E-04 
  3643   0.00000E+00  0.00000E+00  0.00000E+00 
  3644   0.00000E+00  0.00000E+00  0.00000E+00 
  3645   0.00000E+00  0.00000E+00  0.00000E+00 
  3646   0.00000E+00  0.00000E+00  0.00000E+00 
  3647   0.00000E+00  0.00000E+00  0.00000E+00 
  3648   0.00000E+00  0.00000E+00  0.00000E+00 
  3649   0.00000E+00  0.00000E+00  0.00000E+00 
  3650   0.00000E+00  0.00000E+00  0.00000E+00 

 Rigid Airport Pavement
                   FAASR3D (version 1.0 ) compiled 04/15/19
 n o d a l   p r i n t   o u t   f o r   t i m e   s t e p     1  ( at time  1.0000E+00 )
   node     x-disp       y-disp       z-disp
  3651   0.00000E+00  0.00000E+00  0.00000E+00 
  3652   0.00000E+00  0.00000E+00  0.00000E+00 
  3653   0.00000E+00  0.00000E+00  0.00000E+00 
  3654   0.00000E+00  0.00000E+00  0.00000E+00 
  3655   0.00000E+00  0.00000E+00  0.00000E+00 
  3656   0.00000E+00  0.00000E+00  0.00000E+00 
  3657   0.00000E+00  0.00000E+00  0.00000E+00 
  3658   0.00000E+00  0.00000E+00  0.00000E+00 
  3659   0.00000E+00  0.00000E+00  0.00000E+00 
  3660   0.00000E+00  0.00000E+00  0.00000E+00 
  3661   0.00000E+00  0.00000E+00  0.00000E+00 
  3662   0.00000E+00  0.00000E+00  0.00000E+00 
  3663   0.00000E+00  0.00000E+00  0.00000E+00 
  3664   0.00000E+00  0.00000E+00  0.00000E+00 
  3665   0.00000E+00  0.00000E+00  0.00000E+00 
  3666   0.00000E+00  0.00000E+00  0.00000E+00 
  3667   0.00000E+00  0.00000E+00  0.00000E+00 
  3668   0.00000E+00  0.00000E+00  0.00000E+00 
  3669   0.00000E+00  0.00000E+00  0.00000E+00 
  3670   0.00000E+00  0.00000E+00  0.00000E+00 
  3671   0.00000E+00  0.00000E+00  0.00000E+00 
  3672   0.00000E+00  0.00000E+00  0.00000E+00 
  3673   0.00000E+00  0.00000E+00  0.00000E+00 
  3674   0.00000E+00  0.00000E+00  0.00000E+00 
  3675   0.00000E+00  0.00000E+00  0.00000E+00 
  3676   0.00000E+00  0.00000E+00  0.00000E+00 
  3677   0.00000E+00  0.00000E+00  0.00000E+00 
  3678   0.00000E+00  0.00000E+00  0.00000E+00 
  3679   0.00000E+00  0.00000E+00  0.00000E+00 
  3680   0.00000E+00  0.00000E+00  0.00000E+00 
  3681   0.00000E+00  0.00000E+00  0.00000E+00 
  3682   0.00000E+00  0.00000E+00  0.00000E+00 
  3683   0.00000E+00  0.00000E+00  0.00000E+00 
  3684   0.00000E+00  0.00000E+00  0.00000E+00 
  3685   0.00000E+00  0.00000E+00  0.00000E+00 
  3686   0.00000E+00  0.00000E+00  0.00000E+00 
  3687   0.00000E+00  0.00000E+00  0.00000E+00 
  3688  -1.66439E-03  0.00000E+00 -1.95901E-03 
  3689  -1.97446E-03  0.00000E+00 -1.92194E-03 
  3690  -1.66157E-03  8.19687E-05 -1.95598E-03 
  3691  -1.97115E-03  8.51102E-05 -1.91892E-03 
  3692  -1.65325E-03  1.63834E-04 -1.94694E-03 
  3693  -1.96126E-03  1.70047E-04 -1.90993E-03 
  3694  -1.63941E-03  2.45505E-04 -1.93211E-03 
  3695  -1.94485E-03  2.54629E-04 -1.89526E-03 
  3696  -1.61991E-03  3.26804E-04 -1.91187E-03 
  3697  -1.92197E-03  3.38654E-04 -1.87526E-03 
  3698  -1.59488E-03  4.07261E-04 -1.88651E-03 
  3699  -1.89270E-03  4.21851E-04 -1.85027E-03 
  3700  -1.56443E-03  4.86358E-04 -1.85600E-03 

 Rigid Airport Pavement
                   FAASR3D (version 1.0 ) compiled 04/15/19
 n o d a l   p r i n t   o u t   f o r   t i m e   s t e p     1  ( at time  1.0000E+00 )
   node     x-disp       y-disp       z-disp
  3701  -1.85717E-03  5.03620E-04 -1.82048E-03 
  3702  -1.55190E-03  0.00000E+00 -2.53648E-03 
  3703  -1.99239E-03  0.00000E+00 -2.46043E-03 
  3704  -1.54944E-03  8.49336E-05 -2.53233E-03 
  3705  -1.98892E-03  8.92245E-05 -2.45654E-03 
  3706  -1.54184E-03  1.69972E-04 -2.52002E-03 
  3707  -1.97881E-03  1.78165E-04 -2.44462E-03 
  3708  -1.52894E-03  2.54777E-04 -2.50022E-03 
  3709  -1.96207E-03  2.66771E-04 -2.42527E-03 
  3710  -1.51091E-03  3.39237E-04 -2.47321E-03 
  3711  -1.93883E-03  3.54784E-04 -2.39917E-03 
  3712  -1.48727E-03  4.23304E-04 -2.44004E-03 
  3713  -1.90908E-03  4.42021E-04 -2.36678E-03 
  3714  -1.45827E-03  5.05508E-04 -2.39980E-03 
  3715  -1.87315E-03  5.28082E-04 -2.32787E-03 
  3716  -1.44873E-03  0.00000E+00 -3.25702E-03 
  3717  -2.13318E-03  0.00000E+00 -3.34798E-03 
  3718  -1.44687E-03  8.77136E-05 -3.25202E-03 
  3719  -2.12809E-03  9.38483E-05 -3.34136E-03 
  3720  -1.43971E-03  1.75892E-04 -3.23517E-03 
  3721  -2.11712E-03  1.86819E-04 -3.32380E-03 
  3722  -1.42778E-03  2.63694E-04 -3.20896E-03 
  3723  -2.09884E-03  2.79785E-04 -3.29659E-03 
  3724  -1.41083E-03  3.51434E-04 -3.17330E-03 
  3725  -2.07336E-03  3.72183E-04 -3.25887E-03 
  3726  -1.38910E-03  4.38898E-04 -3.13054E-03 
  3727  -2.04080E-03  4.63080E-04 -3.21422E-03 
  3728  -1.36092E-03  5.24147E-04 -3.07798E-03 
  3729  -2.00386E-03  5.54168E-04 -3.16191E-03 
  3730  -1.45308E-03  0.00000E+00 -5.26913E-03 
  3731  -2.02372E-03  0.00000E+00 -4.74620E-03 
  3732  -1.45088E-03  9.02873E-05 -5.24185E-03 
  3733  -2.01929E-03  9.99586E-05 -4.72978E-03 
  3734  -1.44356E-03  1.81675E-04 -5.21664E-03 
  3735  -2.00906E-03  1.96274E-04 -4.70456E-03 
  3736  -1.43133E-03  2.72405E-04 -5.17093E-03 
  3737  -1.99194E-03  2.94498E-04 -4.66473E-03 
  3738  -1.41415E-03  3.63201E-04 -5.10827E-03 
  3739  -1.96793E-03  3.92503E-04 -4.60805E-03 
  3740  -1.39210E-03  4.54490E-04 -5.02415E-03 
  3741  -1.93696E-03  4.85357E-04 -4.53917E-03 
  3742  -1.36498E-03  5.42215E-04 -4.97058E-03 
  3743  -1.89972E-03  5.83417E-04 -4.47477E-03 
  3744  -2.49144E-03  0.00000E+00 -1.88950E-03 
  3745  -2.83097E-03  0.00000E+00 -1.85425E-03 
  3746  -2.48727E-03  9.09060E-05 -1.88648E-03 
  3747  -2.82642E-03  9.57646E-05 -1.85124E-03 
  3748  -2.47489E-03  1.81501E-04 -1.87750E-03 
  3749  -2.81281E-03  1.91253E-04 -1.84235E-03 
  3750  -2.45447E-03  2.71604E-04 -1.86285E-03 

 Rigid Airport Pavement
                   FAASR3D (version 1.0 ) compiled 04/15/19
 n o d a l   p r i n t   o u t   f o r   t i m e   s t e p     1  ( at time  1.0000E+00 )
   node     x-disp       y-disp       z-disp
  3751  -2.79025E-03  2.86244E-04 -1.82786E-03 
  3752  -2.42614E-03  3.61013E-04 -1.84294E-03 
  3753  -2.75891E-03  3.80558E-04 -1.80810E-03 
  3754  -2.39009E-03  4.49577E-04 -1.81804E-03 
  3755  -2.71898E-03  4.74074E-04 -1.78344E-03 
  3756  -2.34638E-03  5.37068E-04 -1.78865E-03 
  3757  -2.67067E-03  5.66745E-04 -1.75416E-03 
  3758  -2.59534E-03  0.00000E+00 -2.46907E-03 
  3759  -2.84688E-03  0.00000E+00 -2.37313E-03 
  3760  -2.59075E-03  9.63434E-05 -2.46484E-03 
  3761  -2.84232E-03  1.01663E-04 -2.36917E-03 
  3762  -2.57762E-03  1.92187E-04 -2.45266E-03 
  3763  -2.82869E-03  2.03004E-04 -2.35752E-03 
  3764  -2.55619E-03  2.87451E-04 -2.43294E-03 
  3765  -2.80613E-03  3.03779E-04 -2.33857E-03 
  3766  -2.52638E-03  3.81983E-04 -2.40621E-03 
  3767  -2.77479E-03  4.03807E-04 -2.31280E-03 
  3768  -2.48872E-03  4.75619E-04 -2.37308E-03 
  3769  -2.73487E-03  5.02974E-04 -2.28066E-03 
  3770  -2.44307E-03  5.68553E-04 -2.33397E-03 
  3771  -2.68659E-03  6.01224E-04 -2.24248E-03 
  3772  -2.63726E-03  0.00000E+00 -3.22978E-03 
  3773  -2.82261E-03  0.00000E+00 -2.94246E-03 
  3774  -2.63237E-03  1.02309E-04 -3.22376E-03 
  3775  -2.81813E-03  1.07676E-04 -2.93748E-03 
  3776  -2.61902E-03  2.03824E-04 -3.20706E-03 
  3777  -2.80472E-03  2.14987E-04 -2.92279E-03 
  3778  -2.59717E-03  3.04640E-04 -3.18051E-03 
  3779  -2.78252E-03  3.21658E-04 -2.89897E-03 
  3780  -2.56685E-03  4.04454E-04 -3.14446E-03 
  3781  -2.75169E-03  4.27503E-04 -2.86663E-03 
  3782  -2.52827E-03  5.03595E-04 -3.10052E-03 
  3783  -2.71241E-03  5.32421E-04 -2.82629E-03 
  3784  -2.48199E-03  6.02666E-04 -3.04841E-03 
  3785  -2.66493E-03  6.36331E-04 -2.77831E-03 
  3786  -2.51999E-03  0.00000E+00 -3.99485E-03 
  3787  -2.75368E-03  0.00000E+00 -3.50277E-03 
  3788  -2.51550E-03  1.08492E-04 -3.98707E-03 
  3789  -2.74936E-03  1.13640E-04 -3.49681E-03 
  3790  -2.50302E-03  2.15666E-04 -3.96604E-03 
  3791  -2.73642E-03  2.26885E-04 -3.47923E-03 
  3792  -2.48246E-03  3.22194E-04 -3.93269E-03 
  3793  -2.71500E-03  3.39416E-04 -3.45074E-03 
  3794  -2.45378E-03  4.27612E-04 -3.88760E-03 
  3795  -2.68523E-03  4.51049E-04 -3.41207E-03 
  3796  -2.41710E-03  5.32070E-04 -3.83230E-03 
  3797  -2.64729E-03  5.61671E-04 -3.36380E-03 
  3798  -2.37262E-03  6.37520E-04 -3.76763E-03 
  3799  -2.60144E-03  6.71175E-04 -3.30639E-03 
  3800   0.00000E+00  0.00000E+00  0.00000E+00 

 Rigid Airport Pavement
                   FAASR3D (version 1.0 ) compiled 04/15/19
 n o d a l   p r i n t   o u t   f o r   t i m e   s t e p     1  ( at time  1.0000E+00 )
   node     x-disp       y-disp       z-disp
  3801   0.00000E+00  0.00000E+00  0.00000E+00 
  3802   0.00000E+00  0.00000E+00  0.00000E+00 
  3803   0.00000E+00  0.00000E+00  0.00000E+00 
  3804   0.00000E+00  0.00000E+00  0.00000E+00 
  3805   0.00000E+00  0.00000E+00  0.00000E+00 
  3806   0.00000E+00  0.00000E+00  0.00000E+00 
  3807   0.00000E+00  0.00000E+00  0.00000E+00 
  3808   0.00000E+00  0.00000E+00  0.00000E+00 
  3809   0.00000E+00  0.00000E+00  0.00000E+00 
  3810   0.00000E+00  0.00000E+00  0.00000E+00 
  3811   0.00000E+00  0.00000E+00  0.00000E+00 
  3812   0.00000E+00  0.00000E+00  0.00000E+00 
  3813   0.00000E+00  0.00000E+00  0.00000E+00 
  3814   0.00000E+00  0.00000E+00  0.00000E+00 
  3815   0.00000E+00  0.00000E+00  0.00000E+00 
  3816   0.00000E+00  0.00000E+00  0.00000E+00 
  3817   0.00000E+00  0.00000E+00  0.00000E+00 
  3818   0.00000E+00  0.00000E+00  0.00000E+00 
  3819   0.00000E+00  0.00000E+00  0.00000E+00 
  3820   0.00000E+00  0.00000E+00  0.00000E+00 
  3821   0.00000E+00  0.00000E+00  0.00000E+00 
  3822   0.00000E+00  0.00000E+00  0.00000E+00 
  3823   0.00000E+00  0.00000E+00  0.00000E+00 
  3824   0.00000E+00  0.00000E+00  0.00000E+00 
  3825   0.00000E+00  0.00000E+00  0.00000E+00 
  3826   0.00000E+00  0.00000E+00  0.00000E+00 
  3827   0.00000E+00  0.00000E+00  0.00000E+00 
  3828  -1.50928E-03  6.00520E-04 -1.80190E-03 
  3829  -1.79282E-03  6.21867E-04 -1.76764E-03 
  3830  -1.44402E-03  7.05670E-04 -1.73620E-03 
  3831  -1.71727E-03  7.31957E-04 -1.70435E-03 
  3832  -1.37189E-03  7.96830E-04 -1.65416E-03 
  3833  -1.63372E-03  8.30524E-04 -1.62574E-03 
  3834  -1.29651E-03  8.71774E-04 -1.54389E-03 
  3835  -1.54595E-03  9.17010E-04 -1.51960E-03 
  3836  -1.22441E-03  9.26420E-04 -1.38305E-03 
  3837  -1.45501E-03  9.93241E-04 -1.36314E-03 
  3838  -1.15724E-03  9.68743E-04 -1.14611E-03 
  3839  -1.35680E-03  1.06134E-03 -1.12491E-03 
  3840  -1.40737E-03  6.24174E-04 -2.32746E-03 
  3841  -1.80699E-03  6.52386E-04 -2.25876E-03 
  3842  -1.34628E-03  7.33942E-04 -2.24164E-03 
  3843  -1.73003E-03  7.66968E-04 -2.17780E-03 
  3844  -1.27786E-03  8.27239E-04 -2.13980E-03 
  3845  -1.64569E-03  8.67698E-04 -2.08148E-03 
  3846  -1.20584E-03  9.01822E-04 -2.00920E-03 
  3847  -1.56058E-03  9.54292E-04 -1.95606E-03 
  3848  -1.13053E-03  9.61847E-04 -1.83161E-03 
  3849  -1.47265E-03  1.03296E-03 -1.77886E-03 
  3850  -1.06049E-03  9.80937E-04 -1.52809E-03 

 Rigid Airport Pavement
                   FAASR3D (version 1.0 ) compiled 04/15/19
 n o d a l   p r i n t   o u t   f o r   t i m e   s t e p     1  ( at time  1.0000E+00 )
   node     x-disp       y-disp       z-disp
  3851  -1.37639E-03  1.11415E-03 -1.48358E-03 
  3852  -1.31454E-03  6.47291E-04 -2.98084E-03 
  3853  -1.92868E-03  6.85932E-04 -3.05874E-03 
  3854  -1.25649E-03  7.62079E-04 -2.86977E-03 
  3855  -1.84441E-03  8.04018E-04 -2.94366E-03 
  3856  -1.19182E-03  8.57296E-04 -2.74337E-03 
  3857  -1.75411E-03  9.06623E-04 -2.81803E-03 
  3858  -1.12014E-03  9.33151E-04 -2.59335E-03 
  3859  -1.66937E-03  9.92713E-04 -2.66572E-03 
  3860  -1.04855E-03  9.99506E-04 -2.40381E-03 
  3861  -1.59568E-03  1.05890E-03 -2.49755E-03 
  3862  -9.52748E-04  9.81303E-04 -2.08233E-03 
  3863  -1.50003E-03  1.18329E-03 -2.15655E-03 
  3864  -1.31585E-03  6.69822E-04 -4.75700E-03 
  3865  -1.83100E-03  7.25674E-04 -4.30412E-03 
  3866  -1.25654E-03  7.90087E-04 -4.56398E-03 
  3867  -1.75176E-03  8.44974E-04 -4.13351E-03 
  3868  -1.19050E-03  8.87068E-04 -4.36094E-03 
  3869  -1.66630E-03  9.48393E-04 -3.95988E-03 
  3870  -1.11828E-03  9.66194E-04 -4.16764E-03 
  3871  -1.58574E-03  1.03504E-03 -3.77188E-03 
  3872  -1.04666E-03  1.04215E-03 -4.01575E-03 
  3873  -1.51671E-03  1.05582E-03 -3.64381E-03 
  3874  -9.54529E-04  9.70080E-04 -3.92051E-03 
  3875  -1.43318E-03  1.29086E-03 -3.38006E-03 
  3876  -2.26682E-03  6.64965E-04 -1.73657E-03 
  3877  -2.58296E-03  7.04180E-04 -1.70233E-03 
  3878  -2.17297E-03  7.87289E-04 -1.67540E-03 
  3879  -2.47785E-03  8.40443E-04 -1.64147E-03 
  3880  -2.06815E-03  9.03028E-04 -1.60078E-03 
  3881  -2.35547E-03  9.76798E-04 -1.56817E-03 
  3882  -1.95435E-03  1.01276E-03 -1.49979E-03 
  3883  -2.21478E-03  1.11352E-03 -1.46972E-03 
  3884  -1.82938E-03  1.12180E-03 -1.34645E-03 
  3885  -2.05316E-03  1.24657E-03 -1.32045E-03 
  3886  -1.67909E-03  1.22779E-03 -1.11296E-03 
  3887  -1.86578E-03  1.36266E-03 -1.09378E-03 
  3888  -2.35882E-03  7.04093E-04 -2.26362E-03 
  3889  -2.59898E-03  7.46872E-04 -2.17519E-03 
  3890  -2.26024E-03  8.32498E-04 -2.18338E-03 
  3891  -2.49420E-03  8.91394E-04 -2.09794E-03 
  3892  -2.15294E-03  9.52275E-04 -2.09015E-03 
  3893  -2.37245E-03  1.03685E-03 -2.00901E-03 
  3894  -2.04056E-03  1.06399E-03 -1.97135E-03 
  3895  -2.23248E-03  1.18525E-03 -1.89419E-03 
  3896  -1.92245E-03  1.18399E-03 -1.79500E-03 
  3897  -2.07124E-03  1.33356E-03 -1.71699E-03 
  3898  -1.76581E-03  1.32366E-03 -1.49627E-03 
  3899  -1.88185E-03  1.46553E-03 -1.42696E-03 
  3900  -2.39561E-03  7.46541E-04 -2.95202E-03 

 Rigid Airport Pavement
                   FAASR3D (version 1.0 ) compiled 04/15/19
 n o d a l   p r i n t   o u t   f o r   t i m e   s t e p     1  ( at time  1.0000E+00 )
   node     x-disp       y-disp       z-disp
  3901  -2.57882E-03  7.90239E-04 -2.69417E-03 
  3902  -2.29556E-03  8.80870E-04 -2.84531E-03 
  3903  -2.47596E-03  9.43000E-04 -2.59930E-03 
  3904  -2.18793E-03  1.00430E-03 -2.72745E-03 
  3905  -2.35654E-03  1.09735E-03 -2.49469E-03 
  3906  -2.07978E-03  1.11026E-03 -2.59121E-03 
  3907  -2.21932E-03  1.25758E-03 -2.36523E-03 
  3908  -1.96904E-03  1.24403E-03 -2.40584E-03 
  3909  -2.06080E-03  1.42246E-03 -2.16226E-03 
  3910  -1.82316E-03  1.44003E-03 -2.03867E-03 
  3911  -1.87340E-03  1.57242E-03 -1.80605E-03 
  3912  -2.29194E-03  7.90190E-04 -3.64503E-03 
  3913  -2.51836E-03  8.33226E-04 -3.20634E-03 
  3914  -2.19768E-03  9.29760E-04 -3.51377E-03 
  3915  -2.41908E-03  9.94116E-04 -3.09513E-03 
  3916  -2.09587E-03  1.05707E-03 -3.37189E-03 
  3917  -2.30373E-03  1.15718E-03 -2.97663E-03 
  3918  -1.99352E-03  1.15395E-03 -3.22377E-03 
  3919  -2.17109E-03  1.32919E-03 -2.83570E-03 
  3920  -1.89026E-03  1.29537E-03 -3.03176E-03 
  3921  -2.01763E-03  1.51079E-03 -2.61039E-03 
  3922  -1.75734E-03  1.56620E-03 -2.63561E-03 
  3923  -1.83560E-03  1.67929E-03 -2.19197E-03 
  3924   0.00000E+00  0.00000E+00  0.00000E+00 
  3925   0.00000E+00  0.00000E+00  0.00000E+00 
  3926   0.00000E+00  0.00000E+00  0.00000E+00 
  3927   0.00000E+00  0.00000E+00  0.00000E+00 
  3928   0.00000E+00  0.00000E+00  0.00000E+00 
  3929   0.00000E+00  0.00000E+00  0.00000E+00 
  3930   0.00000E+00  0.00000E+00  0.00000E+00 
  3931   0.00000E+00  0.00000E+00  0.00000E+00 
  3932   0.00000E+00  0.00000E+00  0.00000E+00 
  3933   0.00000E+00  0.00000E+00  0.00000E+00 
  3934   0.00000E+00  0.00000E+00  0.00000E+00 
  3935   0.00000E+00  0.00000E+00  0.00000E+00 
  3936   0.00000E+00  0.00000E+00  0.00000E+00 
  3937   0.00000E+00  0.00000E+00  0.00000E+00 
  3938   0.00000E+00  0.00000E+00  0.00000E+00 
  3939   0.00000E+00  0.00000E+00  0.00000E+00 
  3940   0.00000E+00  0.00000E+00  0.00000E+00 
  3941   0.00000E+00  0.00000E+00  0.00000E+00 
  3942   0.00000E+00  0.00000E+00  0.00000E+00 
  3943   0.00000E+00  0.00000E+00  0.00000E+00 
  3944   0.00000E+00  0.00000E+00  0.00000E+00 
  3945   0.00000E+00  0.00000E+00  0.00000E+00 
  3946   0.00000E+00  0.00000E+00  0.00000E+00 
  3947   0.00000E+00  0.00000E+00  0.00000E+00 
  3948  -1.06302E-03  1.08614E-03 -5.95560E-04 
  3949  -1.13744E-03  1.18037E-03 -5.70595E-04 
  3950  -9.55585E-04  1.24743E-03 -2.33111E-04 

 Rigid Airport Pavement
                   FAASR3D (version 1.0 ) compiled 04/15/19
 n o d a l   p r i n t   o u t   f o r   t i m e   s t e p     1  ( at time  1.0000E+00 )
   node     x-disp       y-disp       z-disp
  3951  -9.78721E-04  1.27377E-03 -2.08636E-04 
  3952  -8.54389E-04  1.37389E-03 -1.74372E-04 
  3953  -8.60429E-04  1.36891E-03 -1.52879E-04 
  3954  -8.19973E-04  1.47220E-03 -3.26001E-04 
  3955  -8.24467E-04  1.42936E-03 -3.11548E-04 
  3956  -9.22878E-04  1.49583E-03 -6.09870E-04 
  3957  -9.32660E-04  1.45140E-03 -6.02671E-04 
  3958  -1.04200E-03  1.10321E-03 -7.14916E-04 
  3959  -1.10841E-03  1.23940E-03 -6.84815E-04 
  3960  -9.29012E-04  1.30344E-03 -2.61942E-04 
  3961  -9.55605E-04  1.32080E-03 -2.38545E-04 
  3962  -8.30307E-04  1.41819E-03 -1.86357E-04 
  3963  -8.37536E-04  1.42543E-03 -1.63043E-04 
  3964  -7.99446E-04  1.53737E-03 -3.33325E-04 
  3965  -8.04976E-04  1.48611E-03 -3.17965E-04 
  3966  -9.06007E-04  1.55174E-03 -6.31456E-04 
  3967  -9.16400E-04  1.51087E-03 -6.24231E-04 
  3968  -1.03451E-03  1.11798E-03 -7.91693E-04 
  3969  -1.07031E-03  1.32121E-03 -7.64964E-04 
  3970  -8.93800E-04  1.36262E-03 -3.06771E-04 
  3971  -9.28898E-04  1.35115E-03 -2.73751E-04 
  3972  -8.08732E-04  1.45936E-03 -1.96840E-04 
  3973  -8.14635E-04  1.49106E-03 -1.76094E-04 
  3974  -7.76795E-04  1.60872E-03 -3.42167E-04 
  3975  -7.84003E-04  1.54143E-03 -3.24009E-04 
  3976  -8.87153E-04  1.60454E-03 -6.54251E-04 
  3977  -8.97619E-04  1.57328E-03 -6.48288E-04 
  3978  -9.95594E-04  1.13231E-03 -6.06584E-04 
  3979  -1.04325E-03  1.44209E-03 -7.25708E-04 
  3980  -8.68660E-04  1.41882E-03 -4.09709E-04 
  3981  -9.01981E-04  1.35226E-03 -3.36230E-04 
  3982  -7.83236E-04  1.50498E-03 -1.96247E-04 
  3983  -7.90194E-04  1.57351E-03 -1.85055E-04 
  3984  -7.53474E-04  1.67872E-03 -3.54450E-04 
  3985  -7.61009E-04  1.58954E-03 -3.31556E-04 
  3986  -8.65943E-04  1.66002E-03 -6.77976E-04 
  3987  -8.77314E-04  1.64242E-03 -6.73645E-04 
  3988  -1.27488E-03  1.33379E-03 -5.38763E-04 
  3989  -1.40363E-03  1.45928E-03 -5.26993E-04 
  3990  -1.02636E-03  1.34227E-03 -1.83917E-04 
  3991  -1.07302E-03  1.40636E-03 -1.81151E-04 
  3992  -8.71089E-04  1.34031E-03 -1.24035E-04 
  3993  -8.77420E-04  1.32264E-03 -1.19581E-04 
  3994  -8.27058E-04  1.37795E-03 -2.87591E-04 
  3995  -8.19413E-04  1.28299E-03 -2.58316E-04 
  3996  -9.36321E-04  1.36716E-03 -5.97775E-04 
  3997  -9.25988E-04  1.35734E-03 -5.96951E-04 
  3998  -1.25757E-03  1.43425E-03 -6.59543E-04 
  3999  -1.39687E-03  1.56674E-03 -6.51161E-04 
  4000  -1.00680E-03  1.40252E-03 -2.11276E-04 

 Rigid Airport Pavement
                   FAASR3D (version 1.0 ) compiled 04/15/19
 n o d a l   p r i n t   o u t   f o r   t i m e   s t e p     1  ( at time  1.0000E+00 )
   node     x-disp       y-disp       z-disp
  4001  -1.05990E-03  1.49099E-03 -2.08684E-04 
  4002  -8.51509E-04  1.39951E-03 -1.31270E-04 
  4003  -8.61643E-04  1.38783E-03 -1.25411E-04 
  4004  -8.09570E-04  1.43676E-03 -2.94113E-04 
  4005  -8.03894E-04  1.33838E-03 -2.64437E-04 
  4006  -9.22650E-04  1.41897E-03 -6.17207E-04 
  4007  -9.14812E-04  1.40863E-03 -6.15790E-04 
  4008  -1.22746E-03  1.55765E-03 -7.76720E-04 
  4009  -1.37976E-03  1.67901E-03 -7.83191E-04 
  4010  -9.86152E-04  1.45621E-03 -2.39630E-04 
  4011  -1.04171E-03  1.57810E-03 -2.37757E-04 
  4012  -8.29353E-04  1.45995E-03 -1.40208E-04 
  4013  -8.43021E-04  1.45442E-03 -1.32008E-04 
  4014  -7.90699E-04  1.49944E-03 -3.01619E-04 
  4015  -7.86339E-04  1.39541E-03 -2.71592E-04 
  4016  -9.05811E-04  1.46951E-03 -6.37507E-04 
  4017  -9.00606E-04  1.46143E-03 -6.35803E-04 
  4018  -1.19997E-03  1.69617E-03 -8.71521E-04 
  4019  -1.35223E-03  1.79232E-03 -9.16951E-04 
  4020  -9.60592E-04  1.50015E-03 -2.77010E-04 
  4021  -1.01800E-03  1.66618E-03 -2.68251E-04 
  4022  -8.06443E-04  1.52661E-03 -1.47241E-04 
  4023  -8.21627E-04  1.52207E-03 -1.38900E-04 
  4024  -7.69068E-04  1.56062E-03 -3.10879E-04 
  4025  -7.66601E-04  1.45344E-03 -2.79608E-04 
  4026  -8.86830E-04  1.52259E-03 -6.57844E-04 
  4027  -8.83292E-04  1.51522E-03 -6.56544E-04 
  4028   0.00000E+00  0.00000E+00  0.00000E+00 
  4029   0.00000E+00  0.00000E+00  0.00000E+00 
  4030   0.00000E+00  0.00000E+00  0.00000E+00 
  4031   0.00000E+00  0.00000E+00  0.00000E+00 
  4032   0.00000E+00  0.00000E+00  0.00000E+00 
  4033   0.00000E+00  0.00000E+00  0.00000E+00 
  4034   0.00000E+00  0.00000E+00  0.00000E+00 
  4035   0.00000E+00  0.00000E+00  0.00000E+00 
  4036   0.00000E+00  0.00000E+00  0.00000E+00 
  4037   0.00000E+00  0.00000E+00  0.00000E+00 
  4038   0.00000E+00  0.00000E+00  0.00000E+00 
  4039   0.00000E+00  0.00000E+00  0.00000E+00 
  4040   0.00000E+00  0.00000E+00  0.00000E+00 
  4041   0.00000E+00  0.00000E+00  0.00000E+00 
  4042   0.00000E+00  0.00000E+00  0.00000E+00 
  4043   0.00000E+00  0.00000E+00  0.00000E+00 
  4044   0.00000E+00  0.00000E+00  0.00000E+00 
  4045   0.00000E+00  0.00000E+00  0.00000E+00 
  4046   0.00000E+00  0.00000E+00  0.00000E+00 
  4047   0.00000E+00  0.00000E+00  0.00000E+00 
  4048  -1.50878E-03  0.00000E+00 -5.57676E-03 
  4049  -1.67776E-03  0.00000E+00 -5.36413E-03 
  4050  -1.50603E-03  9.48475E-05 -5.55626E-03 

 Rigid Airport Pavement
                   FAASR3D (version 1.0 ) compiled 04/15/19
 n o d a l   p r i n t   o u t   f o r   t i m e   s t e p     1  ( at time  1.0000E+00 )
   node     x-disp       y-disp       z-disp
  4051  -1.67569E-03  1.05067E-04 -5.34898E-03 
  4052  -1.49823E-03  1.90745E-04 -5.52993E-03 
  4053  -1.66759E-03  2.07163E-04 -5.32121E-03 
  4054  -1.48511E-03  2.86231E-04 -5.48378E-03 
  4055  -1.65400E-03  3.10858E-04 -5.27745E-03 
  4056  -1.46691E-03  3.81710E-04 -5.42022E-03 
  4057  -1.63492E-03  4.14174E-04 -5.21554E-03 
  4058  -1.44339E-03  4.76993E-04 -5.33866E-03 
  4059  -1.61011E-03  5.15461E-04 -5.13930E-03 
  4060  -1.41556E-03  5.70673E-04 -5.24503E-03 
  4061  -1.57775E-03  6.17491E-04 -5.05011E-03 
  4062  -1.48413E-03  0.00000E+00 -5.86730E-03 
  4063  -1.62604E-03  0.00000E+00 -5.62366E-03 
  4064  -1.48149E-03  9.97557E-05 -5.84806E-03 
  4065  -1.62349E-03  1.10019E-04 -5.60954E-03 
  4066  -1.47369E-03  2.00541E-04 -5.82128E-03 
  4067  -1.61554E-03  2.17538E-04 -5.58190E-03 
  4068  -1.46080E-03  3.01007E-04 -5.77476E-03 
  4069  -1.60229E-03  3.26407E-04 -5.53778E-03 
  4070  -1.44258E-03  4.01411E-04 -5.71067E-03 
  4071  -1.58369E-03  4.34965E-04 -5.47598E-03 
  4072  -1.41933E-03  5.02039E-04 -5.62847E-03 
  4073  -1.55993E-03  5.41954E-04 -5.39864E-03 
  4074  -1.39085E-03  6.01094E-04 -5.53877E-03 
  4075  -1.53130E-03  6.49261E-04 -5.30954E-03 
  4076  -1.41907E-03  0.00000E+00 -6.14482E-03 
  4077  -1.55977E-03  0.00000E+00 -5.91438E-03 
  4078  -1.41661E-03  1.04707E-04 -6.12573E-03 
  4079  -1.55723E-03  1.15013E-04 -5.90020E-03 
  4080  -1.40921E-03  2.10361E-04 -6.09863E-03 
  4081  -1.54957E-03  2.27670E-04 -5.87213E-03 
  4082  -1.39683E-03  3.15820E-04 -6.05166E-03 
  4083  -1.53680E-03  3.41681E-04 -5.82729E-03 
  4084  -1.37952E-03  4.21401E-04 -5.98699E-03 
  4085  -1.51893E-03  4.55462E-04 -5.76452E-03 
  4086  -1.35719E-03  5.27012E-04 -5.90414E-03 
  4087  -1.49598E-03  5.67758E-04 -5.68640E-03 
  4088  -1.33002E-03  6.31375E-04 -5.81291E-03 
  4089  -1.46799E-03  6.80241E-04 -5.59636E-03 
  4090  -1.35966E-03  0.00000E+00 -6.40351E-03 
  4091  -1.47971E-03  0.00000E+00 -6.16515E-03 
  4092  -1.35729E-03  1.09518E-04 -6.38440E-03 
  4093  -1.47726E-03  1.19972E-04 -6.15090E-03 
  4094  -1.35018E-03  2.20024E-04 -6.35698E-03 
  4095  -1.46997E-03  2.37628E-04 -6.12253E-03 
  4096  -1.33835E-03  3.30390E-04 -6.30951E-03 
  4097  -1.45782E-03  3.56667E-04 -6.07718E-03 
  4098  -1.32177E-03  4.40894E-04 -6.24416E-03 
  4099  -1.44085E-03  4.75501E-04 -6.01375E-03 
  4100  -1.30049E-03  5.51562E-04 -6.16056E-03 

 Rigid Airport Pavement
                   FAASR3D (version 1.0 ) compiled 04/15/19
 n o d a l   p r i n t   o u t   f o r   t i m e   s t e p     1  ( at time  1.0000E+00 )
   node     x-disp       y-disp       z-disp
  4101  -1.41906E-03  5.92910E-04 -5.93478E-03 
  4102  -1.27459E-03  6.60927E-04 -6.06829E-03 
  4103  -1.39255E-03  7.10485E-04 -5.84371E-03 
  4104  -1.27844E-03  0.00000E+00 -6.63839E-03 
  4105  -1.38596E-03  0.00000E+00 -6.38869E-03 
  4106  -1.27623E-03  1.14149E-04 -6.61894E-03 
  4107  -1.38364E-03  1.24770E-04 -6.37423E-03 
  4108  -1.26958E-03  2.29330E-04 -6.59122E-03 
  4109  -1.37680E-03  2.47191E-04 -6.34554E-03 
  4110  -1.25848E-03  3.44395E-04 -6.54321E-03 
  4111  -1.36541E-03  3.71050E-04 -6.29971E-03 
  4112  -1.24296E-03  4.59652E-04 -6.47717E-03 
  4113  -1.34949E-03  4.94730E-04 -6.23565E-03 
  4114  -1.22303E-03  5.75083E-04 -6.39270E-03 
  4115  -1.32909E-03  6.17004E-04 -6.15594E-03 
  4116  -1.19880E-03  6.89252E-04 -6.29959E-03 
  4117  -1.30430E-03  7.39449E-04 -6.06413E-03 
  4118  -1.18025E-03  0.00000E+00 -6.84660E-03 
  4119  -1.27196E-03  0.00000E+00 -6.58380E-03 
  4120  -1.17822E-03  1.18509E-04 -6.82674E-03 
  4121  -1.26983E-03  1.29297E-04 -6.56909E-03 
  4122  -1.17210E-03  2.38082E-04 -6.79873E-03 
  4123  -1.26356E-03  2.56171E-04 -6.54010E-03 
  4124  -1.16192E-03  3.57566E-04 -6.75019E-03 
  4125  -1.25312E-03  3.84552E-04 -6.49383E-03 
  4126  -1.14769E-03  4.77272E-04 -6.68343E-03 
  4127  -1.23853E-03  5.12775E-04 -6.42915E-03 
  4128  -1.12942E-03  5.97178E-04 -6.59805E-03 
  4129  -1.21984E-03  6.39575E-04 -6.34871E-03 
  4130  -1.10721E-03  7.15783E-04 -6.50411E-03 
  4131  -1.19713E-03  7.66584E-04 -6.25615E-03 
  4132  -1.06502E-03  0.00000E+00 -7.02642E-03 
  4133  -1.14227E-03  0.00000E+00 -6.75215E-03 
  4134  -1.06319E-03  1.22517E-04 -7.00614E-03 
  4135  -1.14036E-03  1.33441E-04 -6.73718E-03 
  4136  -1.05771E-03  2.46110E-04 -6.97786E-03 
  4137  -1.13474E-03  2.64402E-04 -6.70790E-03 
  4138  -1.04860E-03  3.69638E-04 -6.92880E-03 
  4139  -1.12539E-03  3.96927E-04 -6.66119E-03 
  4140  -1.03586E-03  4.93407E-04 -6.86135E-03 
  4141  -1.11233E-03  5.29306E-04 -6.59589E-03 
  4142  -1.01951E-03  6.17392E-04 -6.77506E-03 
  4143  -1.09559E-03  6.60218E-04 -6.51472E-03 
  4144  -9.99607E-04  7.40014E-04 -6.68033E-03 
  4145  -1.07526E-03  7.91371E-04 -6.42144E-03 
  4146  -9.37616E-04  0.00000E+00 -7.17722E-03 
  4147  -1.00075E-03  0.00000E+00 -6.89368E-03 
  4148  -9.36039E-04  1.26081E-04 -7.15656E-03 
  4149  -9.99077E-04  1.37150E-04 -6.87849E-03 
  4150  -9.31274E-04  2.53282E-04 -7.12802E-03 

 Rigid Airport Pavement
                   FAASR3D (version 1.0 ) compiled 04/15/19
 n o d a l   p r i n t   o u t   f o r   t i m e   s t e p     1  ( at time  1.0000E+00 )
   node     x-disp       y-disp       z-disp
  4151  -9.94175E-04  2.71759E-04 -6.84892E-03 
  4152  -9.23314E-04  3.80410E-04 -7.07848E-03 
  4153  -9.86011E-04  4.07960E-04 -6.80180E-03 
  4154  -9.12186E-04  5.07766E-04 -7.01037E-03 
  4155  -9.74606E-04  5.44032E-04 -6.73590E-03 
  4156  -8.97919E-04  6.35364E-04 -6.92322E-03 
  4157  -9.59998E-04  6.78592E-04 -6.65403E-03 
  4158  -8.80566E-04  7.61573E-04 -6.82774E-03 
  4159  -9.42257E-04  8.13439E-04 -6.56003E-03 
  4160  -8.01700E-04  0.00000E+00 -7.29907E-03 
  4161  -8.51323E-04  0.00000E+00 -7.00848E-03 
  4162  -8.00370E-04  1.29180E-04 -7.27811E-03 
  4163  -8.49910E-04  1.40370E-04 -6.99308E-03 
  4164  -7.96335E-04  2.59516E-04 -7.24933E-03 
  4165  -8.45758E-04  2.78141E-04 -6.96325E-03 
  4166  -7.89590E-04  3.89731E-04 -7.19935E-03 
  4167  -8.38826E-04  4.17530E-04 -6.91575E-03 
  4168  -7.80157E-04  5.20203E-04 -7.13064E-03 
  4169  -8.29152E-04  5.56793E-04 -6.84929E-03 
  4170  -7.68087E-04  6.50934E-04 -7.04270E-03 
  4171  -8.16783E-04  6.94527E-04 -6.76675E-03 
  4172  -7.53438E-04  7.80245E-04 -6.94652E-03 
  4173  -8.01778E-04  8.32569E-04 -6.67205E-03 
  4174  -6.60208E-04  0.00000E+00 -7.39258E-03 
  4175  -6.96872E-04  0.00000E+00 -7.09685E-03 
  4176  -6.59123E-04  1.31793E-04 -7.37137E-03 
  4177  -6.95735E-04  1.43061E-04 -7.08130E-03 
  4178  -6.55828E-04  2.64718E-04 -7.34237E-03 
  4179  -6.92352E-04  2.83480E-04 -7.05123E-03 
  4180  -6.50330E-04  3.97538E-04 -7.29200E-03 
  4181  -6.86695E-04  4.25542E-04 -7.00337E-03 
  4182  -6.42652E-04  5.30635E-04 -7.22276E-03 
  4183  -6.78806E-04  5.67480E-04 -6.93642E-03 
  4184  -6.32816E-04  6.63986E-04 -7.13414E-03 
  4185  -6.68715E-04  7.07881E-04 -6.85329E-03 
  4186  -6.20887E-04  7.95885E-04 -7.03733E-03 
  4187  -6.56497E-04  8.48581E-04 -6.75795E-03 
  4188  -5.15139E-04  0.00000E+00 -7.45861E-03 
  4189  -5.39437E-04  0.00000E+00 -7.15936E-03 
  4190  -5.14299E-04  1.33858E-04 -7.43721E-03 
  4191  -5.38554E-04  1.45200E-04 -7.14369E-03 
  4192  -5.11761E-04  2.68864E-04 -7.40804E-03 
  4193  -5.35937E-04  2.87738E-04 -7.11343E-03 
  4194  -5.07528E-04  4.03775E-04 -7.35735E-03 
  4195  -5.31588E-04  4.31954E-04 -7.06527E-03 
  4196  -5.01608E-04  5.38953E-04 -7.28768E-03 
  4197  -5.25507E-04  5.76031E-04 -6.99790E-03 
  4198  -4.94049E-04  6.74403E-04 -7.19849E-03 
  4199  -5.17740E-04  7.18540E-04 -6.91427E-03 
  4200  -4.84853E-04  8.08376E-04 -7.10115E-03 

 Rigid Airport Pavement
                   FAASR3D (version 1.0 ) compiled 04/15/19
 n o d a l   p r i n t   o u t   f o r   t i m e   s t e p     1  ( at time  1.0000E+00 )
   node     x-disp       y-disp       z-disp
  4201  -5.08316E-04  8.61370E-04 -6.81840E-03 
  4202  -3.67880E-04  0.00000E+00 -7.49822E-03 
  4203  -3.80359E-04  0.00000E+00 -7.19681E-03 
  4204  -3.67280E-04  1.35385E-04 -7.47671E-03 
  4205  -3.79746E-04  1.46807E-04 -7.18105E-03 
  4206  -3.65488E-04  2.71973E-04 -7.44739E-03 
  4207  -3.77887E-04  2.90921E-04 -7.15064E-03 
  4208  -3.62506E-04  4.08452E-04 -7.39645E-03 
  4209  -3.74823E-04  4.36738E-04 -7.10225E-03 
  4210  -3.58355E-04  5.45185E-04 -7.32644E-03 
  4211  -3.70563E-04  5.82414E-04 -7.03455E-03 
  4212  -3.53049E-04  6.82185E-04 -7.23682E-03 
  4213  -3.65106E-04  7.26504E-04 -6.95050E-03 
  4214  -3.46632E-04  8.17693E-04 -7.13907E-03 
  4215  -3.58519E-04  8.70926E-04 -6.85424E-03 
  4216  -2.19276E-04  0.00000E+00 -7.51252E-03 
  4217  -2.20511E-04  0.00000E+00 -7.21011E-03 
  4218  -2.18933E-04  1.36396E-04 -7.49095E-03 
  4219  -2.20155E-04  1.47846E-04 -7.19430E-03 
  4220  -2.17892E-04  2.73988E-04 -7.46153E-03 
  4221  -2.19070E-04  2.93008E-04 -7.16379E-03 
  4222  -2.16170E-04  4.11491E-04 -7.41042E-03 
  4223  -2.17295E-04  4.39861E-04 -7.11524E-03 
  4224  -2.13784E-04  5.49237E-04 -7.34017E-03 
  4225  -2.14829E-04  5.86584E-04 -7.04731E-03 
  4226  -2.10711E-04  6.87258E-04 -7.25026E-03 
  4227  -2.11675E-04  7.31709E-04 -6.96300E-03 
  4228  -2.07039E-04  8.23784E-04 -7.15223E-03 
  4229  -2.07895E-04  8.77163E-04 -6.86644E-03 
  4230  -6.99430E-05  0.00000E+00 -7.50261E-03 
  4231  -6.04440E-05  0.00000E+00 -7.20023E-03 
  4232  -6.98390E-05  1.36860E-04 -7.48104E-03 
  4233  -6.03356E-05  1.48328E-04 -7.18441E-03 
  4234  -6.95280E-05  2.74928E-04 -7.45156E-03 
  4235  -6.00295E-05  2.93981E-04 -7.15384E-03 
  4236  -6.90543E-05  4.12912E-04 -7.40035E-03 
  4237  -5.95314E-05  4.41332E-04 -7.10518E-03 
  4238  -6.84005E-05  5.51141E-04 -7.32998E-03 
  4239  -5.88507E-05  5.88556E-04 -7.03713E-03 
  4240  -6.75788E-05  6.89638E-04 -7.23991E-03 
  4241  -5.80131E-05  7.34162E-04 -6.95269E-03 
  4242  -6.65915E-05  8.26625E-04 -7.14174E-03 
  4243  -5.70202E-05  8.80089E-04 -6.85597E-03 
  4244   7.97603E-05  0.00000E+00 -7.46957E-03 
  4245   9.95018E-05  0.00000E+00 -7.16817E-03 
  4246   7.96302E-05  1.36809E-04 -7.44804E-03 
  4247   9.93362E-05  1.48272E-04 -7.15238E-03 
  4248   7.91810E-05  2.74820E-04 -7.41854E-03 
  4249   9.88897E-05  2.93889E-04 -7.12179E-03 
  4250   7.84338E-05  4.12742E-04 -7.36732E-03 

 Rigid Airport Pavement
                   FAASR3D (version 1.0 ) compiled 04/15/19
 n o d a l   p r i n t   o u t   f o r   t i m e   s t e p     1  ( at time  1.0000E+00 )
   node     x-disp       y-disp       z-disp
  4251   9.81217E-05  4.41187E-04 -7.07312E-03 
  4252   7.73558E-05  5.50936E-04 -7.29693E-03 
  4253   9.70201E-05  5.88346E-04 -7.00506E-03 
  4254   7.59231E-05  6.89355E-04 -7.20684E-03 
  4255   9.55942E-05  7.33884E-04 -6.92061E-03 
  4256   7.41421E-05  8.26282E-04 -7.10865E-03 
  4257   9.38212E-05  8.79729E-04 -6.82391E-03 
  4258   2.29639E-04  0.00000E+00 -7.41448E-03 
  4259   2.59040E-04  0.00000E+00 -7.11494E-03 
  4260   2.29271E-04  1.36249E-04 -7.39305E-03 
  4261   2.58614E-04  1.47679E-04 -7.09920E-03 
  4262   2.28095E-04  2.73669E-04 -7.36357E-03 
  4263   2.57396E-04  2.92717E-04 -7.06865E-03 
  4264   2.26104E-04  4.11008E-04 -7.31240E-03 
  4265   2.55359E-04  4.39410E-04 -7.02005E-03 
  4266   2.23276E-04  5.48579E-04 -7.24207E-03 
  4267   2.52490E-04  5.85959E-04 -6.95207E-03 
  4268   2.19686E-04  6.86456E-04 -7.15209E-03 
  4269   2.48737E-04  7.30874E-04 -6.86768E-03 
  4270   2.15343E-04  8.22763E-04 -7.05405E-03 
  4271   2.44148E-04  8.76104E-04 -6.77105E-03 
  4272   3.79448E-04  0.00000E+00 -7.33844E-03 
  4273   4.17973E-04  0.00000E+00 -7.04174E-03 
  4274   3.78803E-04  1.35164E-04 -7.31716E-03 
  4275   4.17289E-04  1.46561E-04 -7.02609E-03 
  4276   3.76884E-04  2.71500E-04 -7.28773E-03 
  4277   4.15312E-04  2.90493E-04 -6.99565E-03 
  4278   3.73631E-04  4.07696E-04 -7.23667E-03 
  4279   4.11989E-04  4.36041E-04 -6.94716E-03 
  4280   3.69132E-04  5.44223E-04 -7.16651E-03 
  4281   4.07318E-04  5.81447E-04 -6.87935E-03 
  4282   3.63070E-04  6.80754E-04 -7.07671E-03 
  4283   4.01245E-04  7.25253E-04 -6.79541E-03 
  4284   3.55584E-04  8.16019E-04 -6.97867E-03 
  4285   3.93784E-04  8.69277E-04 -6.69941E-03 
  4286   5.29198E-04  0.00000E+00 -7.24280E-03 
  4287   5.76185E-04  0.00000E+00 -6.94952E-03 
  4288   5.28292E-04  1.33603E-04 -7.22176E-03 
  4289   5.75263E-04  1.44927E-04 -6.93400E-03 
  4290   5.25597E-04  2.68301E-04 -7.19239E-03 
  4291   5.72505E-04  2.87239E-04 -6.90368E-03 
  4292   5.21167E-04  4.02948E-04 -7.14151E-03 
  4293   5.67905E-04  4.31113E-04 -6.85538E-03 
  4294   5.14658E-04  5.37545E-04 -7.07155E-03 
  4295   5.61359E-04  5.74730E-04 -6.78808E-03 
  4296   5.06819E-04  6.72873E-04 -6.98208E-03 
  4297   5.53314E-04  7.16741E-04 -6.70352E-03 
  4298   4.96658E-04  8.06310E-04 -6.88598E-03 
  4299   5.44579E-04  8.59160E-04 -6.60632E-03 
  4300   6.78331E-04  0.00000E+00 -7.12820E-03 

 Rigid Airport Pavement
                   FAASR3D (version 1.0 ) compiled 04/15/19
 n o d a l   p r i n t   o u t   f o r   t i m e   s t e p     1  ( at time  1.0000E+00 )
   node     x-disp       y-disp       z-disp
  4301   7.32221E-04  0.00000E+00 -6.84097E-03 
  4302   6.77273E-04  1.31481E-04 -7.10705E-03 
  4303   7.30816E-04  1.42767E-04 -6.82558E-03 
  4304   6.73825E-04  2.64137E-04 -7.07797E-03 
  4305   7.27377E-04  2.82917E-04 -6.79546E-03 
  4306   6.67933E-04  3.96406E-04 -7.02726E-03 
  4307   7.21534E-04  4.24569E-04 -6.74756E-03 
  4308   6.60147E-04  5.29374E-04 -6.95764E-03 
  4309   7.13129E-04  5.66271E-04 -6.67972E-03 
  4310   6.50428E-04  6.62648E-04 -6.86943E-03 
  4311   7.01890E-04  7.05167E-04 -6.59848E-03 
  4312   6.42050E-04  7.93631E-04 -6.75888E-03 
  4313   6.79394E-04  8.45196E-04 -6.50261E-03 
  4314   8.25530E-04  0.00000E+00 -7.00279E-03 
  4315   8.86954E-04  0.00000E+00 -6.71986E-03 
  4316   8.24105E-04  1.28909E-04 -6.98527E-03 
  4317   8.85575E-04  1.40011E-04 -6.70599E-03 
  4318   8.19886E-04  2.59000E-04 -6.95461E-03 
  4319   8.81383E-04  2.77673E-04 -6.67527E-03 
  4320   8.12806E-04  3.88154E-04 -6.90427E-03 
  4321   8.74242E-04  4.16397E-04 -6.62804E-03 
  4322   8.03140E-04  5.18745E-04 -6.83652E-03 
  4323   8.64178E-04  5.56677E-04 -6.55890E-03 
  4324   7.90833E-04  6.53976E-04 -6.73401E-03 
  4325   8.50559E-04  6.81768E-04 -6.47989E-03 
  4326   7.76386E-04  7.78484E-04 -6.76145E-03 
  4327   8.30306E-04  8.24121E-04 -6.45162E-03 
  4328  -2.21606E-03  0.00000E+00 -4.75650E-03 
  4329  -2.59696E-03  0.00000E+00 -4.16415E-03 
  4330  -2.21265E-03  1.15659E-04 -4.74744E-03 
  4331  -2.59297E-03  1.21685E-04 -4.15713E-03 
  4332  -2.20220E-03  2.30000E-04 -4.72271E-03 
  4333  -2.58101E-03  2.42931E-04 -4.13642E-03 
  4334  -2.18484E-03  3.43628E-04 -4.68363E-03 
  4335  -2.56119E-03  3.63397E-04 -4.10282E-03 
  4336  -2.16044E-03  4.56482E-04 -4.63027E-03 
  4337  -2.53362E-03  4.82863E-04 -4.05713E-03 
  4338  -2.12909E-03  5.68665E-04 -4.56437E-03 
  4339  -2.49846E-03  6.01177E-04 -4.00012E-03 
  4340  -2.09043E-03  6.80673E-04 -4.48604E-03 
  4341  -2.45596E-03  7.18210E-04 -3.93251E-03 
  4342  -1.98039E-03  0.00000E+00 -5.16130E-03 
  4343  -2.40121E-03  0.00000E+00 -4.63198E-03 
  4344  -1.97748E-03  1.21803E-04 -5.15195E-03 
  4345  -2.39760E-03  1.29101E-04 -4.62435E-03 
  4346  -1.96850E-03  2.42334E-04 -5.12617E-03 
  4347  -2.38679E-03  2.57731E-04 -4.60183E-03 
  4348  -1.95339E-03  3.62256E-04 -5.08511E-03 
  4349  -2.36883E-03  3.85536E-04 -4.56525E-03 
  4350  -1.93231E-03  4.81620E-04 -5.02899E-03 

 Rigid Airport Pavement
                   FAASR3D (version 1.0 ) compiled 04/15/19
 n o d a l   p r i n t   o u t   f o r   t i m e   s t e p     1  ( at time  1.0000E+00 )
   node     x-disp       y-disp       z-disp
  4351  -2.34384E-03  5.12259E-04 -4.51544E-03 
  4352  -1.90505E-03  6.00041E-04 -4.95890E-03 
  4353  -2.31194E-03  6.37701E-04 -4.45329E-03 
  4354  -1.87209E-03  7.17971E-04 -4.87633E-03 
  4355  -2.27334E-03  7.61732E-04 -4.37988E-03 
  4356  -1.85396E-03  0.00000E+00 -5.45127E-03 
  4357  -2.19570E-03  0.00000E+00 -4.94929E-03 
  4358  -1.85116E-03  1.27521E-04 -5.44182E-03 
  4359  -2.19246E-03  1.35879E-04 -4.94137E-03 
  4360  -1.84272E-03  2.53862E-04 -5.41554E-03 
  4361  -2.18275E-03  2.71261E-04 -4.91801E-03 
  4362  -1.82866E-03  3.79616E-04 -5.37357E-03 
  4363  -2.16663E-03  4.05774E-04 -4.88000E-03 
  4364  -1.80900E-03  5.04794E-04 -5.31622E-03 
  4365  -2.14416E-03  5.39145E-04 -4.82822E-03 
  4366  -1.78388E-03  6.29133E-04 -5.24473E-03 
  4367  -2.11547E-03  6.71162E-04 -4.76368E-03 
  4368  -1.75342E-03  7.52708E-04 -5.16065E-03 
  4369  -2.08071E-03  8.01688E-04 -4.68769E-03 
  4370  -1.72961E-03  0.00000E+00 -5.69633E-03 
  4371  -1.99247E-03  0.00000E+00 -5.18234E-03 
  4372  -1.72697E-03  1.32962E-04 -5.68674E-03 
  4373  -1.98956E-03  1.42045E-04 -5.17428E-03 
  4374  -1.71907E-03  2.64765E-04 -5.66007E-03 
  4375  -1.98087E-03  2.83574E-04 -5.15050E-03 
  4376  -1.70594E-03  3.95988E-04 -5.61748E-03 
  4377  -1.96642E-03  4.24209E-04 -5.11182E-03 
  4378  -1.68762E-03  5.26669E-04 -5.55931E-03 
  4379  -1.94629E-03  5.63657E-04 -5.05913E-03 
  4380  -1.66416E-03  6.56468E-04 -5.48691E-03 
  4381  -1.92055E-03  7.01707E-04 -4.99354E-03 
  4382  -1.63564E-03  7.85481E-04 -5.40192E-03 
  4383  -1.88933E-03  8.38232E-04 -4.91652E-03 
  4384  -1.59127E-03  0.00000E+00 -5.89735E-03 
  4385  -1.79216E-03  0.00000E+00 -5.37003E-03 
  4386  -1.58882E-03  1.38102E-04 -5.88766E-03 
  4387  -1.78957E-03  1.47621E-04 -5.36188E-03 
  4388  -1.58155E-03  2.75030E-04 -5.86073E-03 
  4389  -1.78181E-03  2.94726E-04 -5.33785E-03 
  4390  -1.56945E-03  4.11388E-04 -5.81775E-03 
  4391  -1.76892E-03  4.40912E-04 -5.29877E-03 
  4392  -1.55257E-03  5.47212E-04 -5.75908E-03 
  4393  -1.75094E-03  5.85883E-04 -5.24558E-03 
  4394  -1.53096E-03  6.82154E-04 -5.68610E-03 
  4395  -1.72795E-03  7.29430E-04 -5.17942E-03 
  4396  -1.50470E-03  8.16321E-04 -5.60056E-03 
  4397  -1.70001E-03  8.71449E-04 -5.10185E-03 
  4398  -1.44003E-03  0.00000E+00 -6.07064E-03 
  4399  -1.59415E-03  0.00000E+00 -5.52783E-03 
  4400  -1.43781E-03  1.42867E-04 -6.06085E-03 

 Rigid Airport Pavement
                   FAASR3D (version 1.0 ) compiled 04/15/19
 n o d a l   p r i n t   o u t   f o r   t i m e   s t e p     1  ( at time  1.0000E+00 )
   node     x-disp       y-disp       z-disp
  4401  -1.59185E-03  1.52641E-04 -5.51961E-03 
  4402  -1.43121E-03  2.84532E-04 -6.03368E-03 
  4403  -1.58498E-03  3.04753E-04 -5.49538E-03 
  4404  -1.42026E-03  4.25622E-04 -5.99035E-03 
  4405  -1.57354E-03  4.55934E-04 -5.45598E-03 
  4406  -1.40497E-03  5.66204E-04 -5.93123E-03 
  4407  -1.55759E-03  6.05884E-04 -5.40239E-03 
  4408  -1.38538E-03  7.05902E-04 -5.85774E-03 
  4409  -1.53719E-03  7.54405E-04 -5.33581E-03 
  4410  -1.36158E-03  8.44842E-04 -5.77169E-03 
  4411  -1.51238E-03  9.01409E-04 -5.25780E-03 
  4412  -1.27830E-03  0.00000E+00 -6.21947E-03 
  4413  -1.39734E-03  0.00000E+00 -5.66250E-03 
  4414  -1.27633E-03  1.47184E-04 -6.20957E-03 
  4415  -1.39532E-03  1.57107E-04 -5.65421E-03 
  4416  -1.27046E-03  2.93152E-04 -6.18215E-03 
  4417  -1.38929E-03  3.13673E-04 -5.62978E-03 
  4418  -1.26072E-03  4.38539E-04 -6.13847E-03 
  4419  -1.37926E-03  4.69304E-04 -5.59009E-03 
  4420  -1.24713E-03  5.83415E-04 -6.07891E-03 
  4421  -1.36527E-03  6.23696E-04 -5.53611E-03 
  4422  -1.22972E-03  7.27428E-04 -6.00491E-03 
  4423  -1.34737E-03  7.76665E-04 -5.46910E-03 
  4424  -1.20857E-03  8.70699E-04 -5.91830E-03 
  4425  -1.32559E-03  9.28134E-04 -5.39062E-03 
  4426  -1.10921E-03  0.00000E+00 -6.34521E-03 
  4427  -1.20101E-03  0.00000E+00 -5.77614E-03 
  4428  -1.10749E-03  1.51017E-04 -6.33523E-03 
  4429  -1.19927E-03  1.61018E-04 -5.76780E-03 
  4430  -1.10239E-03  3.00791E-04 -6.30757E-03 
  4431  -1.19407E-03  3.21495E-04 -5.74317E-03 
  4432  -1.09393E-03  4.49995E-04 -6.26354E-03 
  4433  -1.18542E-03  4.81028E-04 -5.70318E-03 
  4434  -1.08210E-03  5.98671E-04 -6.20351E-03 
  4435  -1.17335E-03  6.39326E-04 -5.64882E-03 
  4436  -1.06698E-03  7.46496E-04 -6.12898E-03 
  4437  -1.15790E-03  7.96201E-04 -5.58134E-03 
  4438  -1.04859E-03  8.93614E-04 -6.04179E-03 
  4439  -1.13911E-03  9.51596E-04 -5.50235E-03 
  4440  -9.35290E-04  0.00000E+00 -6.44791E-03 
  4441  -1.00488E-03  0.00000E+00 -5.86917E-03 
  4442  -9.33844E-04  1.54336E-04 -6.43785E-03 
  4443  -1.00342E-03  1.64376E-04 -5.86076E-03 
  4444  -9.29534E-04  3.07399E-04 -6.40998E-03 
  4445  -9.99031E-04  3.28210E-04 -5.83596E-03 
  4446  -9.22372E-04  4.59889E-04 -6.36561E-03 
  4447  -9.91747E-04  4.91097E-04 -5.79568E-03 
  4448  -9.12376E-04  6.11852E-04 -6.30512E-03 
  4449  -9.81587E-04  6.52751E-04 -5.74093E-03 
  4450  -8.99585E-04  7.62976E-04 -6.23004E-03 

 Rigid Airport Pavement
                   FAASR3D (version 1.0 ) compiled 04/15/19
 n o d a l   p r i n t   o u t   f o r   t i m e   s t e p     1  ( at time  1.0000E+00 )
   node     x-disp       y-disp       z-disp
  4451  -9.68580E-04  8.12982E-04 -5.67298E-03 
  4452  -8.84043E-04  9.13406E-04 -6.14224E-03 
  4453  -9.52755E-04  9.71755E-04 -5.59346E-03 
  4454  -7.58566E-04  0.00000E+00 -6.52751E-03 
  4455  -8.09025E-04  0.00000E+00 -5.94152E-03 
  4456  -7.57386E-04  1.57107E-04 -6.51734E-03 
  4457  -8.07834E-04  1.67177E-04 -5.93305E-03 
  4458  -7.53868E-04  3.12925E-04 -6.48926E-03 
  4459  -8.04268E-04  3.33810E-04 -5.90808E-03 
  4460  -7.48024E-04  4.68165E-04 -6.44460E-03 
  4461  -7.98346E-04  4.99495E-04 -5.86752E-03 
  4462  -7.39883E-04  6.22891E-04 -6.38369E-03 
  4463  -7.90086E-04  6.63942E-04 -5.81240E-03 
  4464  -7.29473E-04  7.76773E-04 -6.30811E-03 
  4465  -7.79514E-04  8.26979E-04 -5.74401E-03 
  4466  -7.16816E-04  9.29968E-04 -6.21973E-03 
  4467  -7.66661E-04  9.88563E-04 -5.66399E-03 
  4468  -5.80427E-04  0.00000E+00 -6.58407E-03 
  4469  -6.13728E-04  0.00000E+00 -5.99318E-03 
  4470  -5.79521E-04  1.59322E-04 -6.57384E-03 
  4471  -6.12811E-04  1.69415E-04 -5.98466E-03 
  4472  -5.76806E-04  3.17342E-04 -6.54558E-03 
  4473  -6.10067E-04  3.38281E-04 -5.95952E-03 
  4474  -5.72296E-04  4.74783E-04 -6.50063E-03 
  4475  -6.05507E-04  5.06193E-04 -5.91872E-03 
  4476  -5.66020E-04  6.31708E-04 -6.43938E-03 
  4477  -5.99150E-04  6.72870E-04 -5.86330E-03 
  4478  -5.57996E-04  7.87776E-04 -6.36335E-03 
  4479  -5.91021E-04  8.38140E-04 -5.79451E-03 
  4480  -5.48265E-04  9.43184E-04 -6.27448E-03 
  4481  -5.81143E-04  1.00196E-03 -5.71405E-03 
  4482  -4.01916E-04  0.00000E+00 -6.61800E-03 
  4483  -4.19406E-04  0.00000E+00 -6.02437E-03 
  4484  -4.01279E-04  1.60978E-04 -6.60772E-03 
  4485  -4.18760E-04  1.71079E-04 -6.01581E-03 
  4486  -3.99372E-04  3.20646E-04 -6.57932E-03 
  4487  -4.16835E-04  3.41605E-04 -5.99055E-03 
  4488  -3.96203E-04  4.79724E-04 -6.53415E-03 
  4489  -4.13639E-04  5.11175E-04 -5.94956E-03 
  4490  -3.91800E-04  6.38287E-04 -6.47261E-03 
  4491  -4.09188E-04  6.79504E-04 -5.89387E-03 
  4492  -3.86169E-04  7.95978E-04 -6.39624E-03 
  4493  -4.03506E-04  8.46423E-04 -5.82478E-03 
  4494  -3.79355E-04  9.53011E-04 -6.30698E-03 
  4495  -3.96608E-04  1.01189E-03 -5.74396E-03 
  4496  -2.23736E-04  0.00000E+00 -6.62992E-03 
  4497  -2.26490E-04  0.00000E+00 -6.03556E-03 
  4498  -2.23360E-04  1.62057E-04 -6.61960E-03 
  4499  -2.26122E-04  1.72163E-04 -6.02696E-03 
  4500  -2.22258E-04  3.22803E-04 -6.59110E-03 

 Rigid Airport Pavement
                   FAASR3D (version 1.0 ) compiled 04/15/19
 n o d a l   p r i n t   o u t   f o r   t i m e   s t e p     1  ( at time  1.0000E+00 )
   node     x-disp       y-disp       z-disp
  4501  -2.25014E-04  3.43769E-04 -6.00162E-03 
  4502  -2.20430E-04  4.82952E-04 -6.54577E-03 
  4503  -2.23182E-04  5.14424E-04 -5.96048E-03 
  4504  -2.17891E-04  6.42580E-04 -6.48402E-03 
  4505  -2.20643E-04  6.83829E-04 -5.90461E-03 
  4506  -2.14669E-04  8.01344E-04 -6.40742E-03 
  4507  -2.17406E-04  8.51816E-04 -5.83531E-03 
  4508  -2.10762E-04  9.59426E-04 -6.31788E-03 
  4509  -2.13490E-04  1.01835E-03 -5.75424E-03 
  4510  -4.63693E-05  0.00000E+00 -6.62055E-03 
  4511  -3.54049E-05  0.00000E+00 -6.02736E-03 
  4512  -4.62584E-05  1.62560E-04 -6.61022E-03 
  4513  -3.53124E-05  1.72662E-04 -6.01874E-03 
  4514  -4.59542E-05  3.23809E-04 -6.58166E-03 
  4515  -3.50319E-05  3.44771E-04 -5.99335E-03 
  4516  -4.54617E-05  4.84461E-04 -6.53625E-03 
  4517  -3.45744E-05  5.15921E-04 -5.95214E-03 
  4518  -4.47888E-05  6.44588E-04 -6.47439E-03 
  4519  -3.39489E-05  6.85826E-04 -5.89618E-03 
  4520  -4.39454E-05  8.03835E-04 -6.39766E-03 
  4521  -3.31607E-05  8.54309E-04 -5.82676E-03 
  4522  -4.29483E-05  9.62409E-04 -6.30799E-03 
  4523  -3.22249E-05  1.02133E-03 -5.74557E-03 
  4524   1.29805E-04  0.00000E+00 -6.59077E-03 
  4525   1.53432E-04  0.00000E+00 -6.00054E-03 
  4526   1.29642E-04  1.62501E-04 -6.58043E-03 
  4527   1.53251E-04  1.72582E-04 -5.99192E-03 
  4528   1.29150E-04  3.23694E-04 -6.55188E-03 
  4529   1.52701E-04  3.44611E-04 -5.96653E-03 
  4530   1.28321E-04  4.84300E-04 -6.50646E-03 
  4531   1.51781E-04  5.15679E-04 -5.92533E-03 
  4532   1.27146E-04  6.44350E-04 -6.44459E-03 
  4533   1.50487E-04  6.85501E-04 -5.86937E-03 
  4534   1.25612E-04  8.03529E-04 -6.36783E-03 
  4535   1.48819E-04  8.53901E-04 -5.79995E-03 
  4536   1.23716E-04  9.61998E-04 -6.27815E-03 
  4537   1.46779E-04  1.02083E-03 -5.71877E-03 
  4538   3.04518E-04  0.00000E+00 -6.54156E-03 
  4539   3.39672E-04  0.00000E+00 -5.95601E-03 
  4540   3.04075E-04  1.61885E-04 -6.53125E-03 
  4541   3.39210E-04  1.71924E-04 -5.94742E-03 
  4542   3.02795E-04  3.22466E-04 -6.50276E-03 
  4543   3.37832E-04  3.43296E-04 -5.92208E-03 
  4544   3.00637E-04  4.82436E-04 -6.45742E-03 
  4545   3.35532E-04  5.13701E-04 -5.88098E-03 
  4546   2.97616E-04  6.41891E-04 -6.39567E-03 
  4547   3.32307E-04  6.82859E-04 -5.82515E-03 
  4548   2.93735E-04  8.00414E-04 -6.31912E-03 
  4549   3.28175E-04  8.50602E-04 -5.75589E-03 
  4550   2.88967E-04  9.58218E-04 -6.22968E-03 

 Rigid Airport Pavement
                   FAASR3D (version 1.0 ) compiled 04/15/19
 n o d a l   p r i n t   o u t   f o r   t i m e   s t e p     1  ( at time  1.0000E+00 )
   node     x-disp       y-disp       z-disp
  4551   3.23162E-04  1.01688E-03 -5.67485E-03 
  4552   4.77502E-04  0.00000E+00 -6.47399E-03 
  4553   5.22988E-04  0.00000E+00 -5.89492E-03 
  4554   4.76806E-04  1.60718E-04 -6.46373E-03 
  4555   5.22254E-04  1.70689E-04 -5.88637E-03 
  4556   4.74721E-04  3.20120E-04 -6.43534E-03 
  4557   5.20049E-04  3.40825E-04 -5.86116E-03 
  4558   4.71241E-04  4.78914E-04 -6.39021E-03 
  4559   5.16376E-04  5.09989E-04 -5.82029E-03 
  4560   4.66285E-04  6.37074E-04 -6.32875E-03 
  4561   5.11219E-04  6.77904E-04 -5.76479E-03 
  4562   4.60073E-04  7.94437E-04 -6.25241E-03 
  4563   5.04586E-04  8.44426E-04 -5.69597E-03 
  4564   4.52586E-04  9.51066E-04 -6.16301E-03 
  4565   4.96564E-04  1.00951E-03 -5.61535E-03 
  4566   6.48242E-04  0.00000E+00 -6.38963E-03 
  4567   7.03179E-04  0.00000E+00 -5.81876E-03 
  4568   6.47257E-04  1.58989E-04 -6.37945E-03 
  4569   7.02174E-04  1.68887E-04 -5.81025E-03 
  4570   6.44406E-04  3.16697E-04 -6.35123E-03 
  4571   6.99158E-04  3.37208E-04 -5.78522E-03 
  4572   6.39519E-04  4.73683E-04 -6.30640E-03 
  4573   6.94126E-04  5.04543E-04 -5.74471E-03 
  4574   6.32682E-04  6.30067E-04 -6.24546E-03 
  4575   6.87064E-04  6.70641E-04 -5.68992E-03 
  4576   6.22956E-04  7.85255E-04 -6.16954E-03 
  4577   6.77936E-04  8.35375E-04 -5.62211E-03 
  4578   6.11002E-04  9.40383E-04 -6.08106E-03 
  4579   6.66911E-04  9.98756E-04 -5.54251E-03 
  4580   8.16683E-04  0.00000E+00 -6.29076E-03 
  4581   8.80170E-04  0.00000E+00 -5.72935E-03 
  4582   8.15421E-04  1.56751E-04 -6.28062E-03 
  4583   8.78903E-04  1.66535E-04 -5.72091E-03 
  4584   8.11827E-04  3.12220E-04 -6.25269E-03 
  4585   8.75103E-04  3.32485E-04 -5.69608E-03 
  4586   8.05642E-04  4.66920E-04 -6.20808E-03 
  4587   8.68762E-04  4.97391E-04 -5.65607E-03 
  4588   7.96541E-04  6.19856E-04 -6.14766E-03 
  4589   8.59851E-04  6.61051E-04 -5.60234E-03 
  4590   7.83780E-04  7.72151E-04 -6.07564E-03 
  4591   8.48353E-04  8.23459E-04 -5.53626E-03 
  4592   7.65585E-04  9.25795E-04 -5.99098E-03 
  4593   8.34451E-04  9.84671E-04 -5.45821E-03 
  4594   9.82989E-04  0.00000E+00 -6.17977E-03 
  4595   1.05409E-03  0.00000E+00 -5.62894E-03 
  4596   9.81544E-04  1.53988E-04 -6.16976E-03 
  4597   1.05257E-03  1.63658E-04 -5.62056E-03 
  4598   9.77183E-04  3.06732E-04 -6.14204E-03 
  4599   1.04802E-03  3.26715E-04 -5.59592E-03 
  4600   9.69770E-04  4.58681E-04 -6.09748E-03 

 Rigid Airport Pavement
                   FAASR3D (version 1.0 ) compiled 04/15/19
 n o d a l   p r i n t   o u t   f o r   t i m e   s t e p     1  ( at time  1.0000E+00 )
   node     x-disp       y-disp       z-disp
  4601   1.04043E-03  4.88664E-04 -5.55637E-03 
  4602   9.59150E-04  6.06943E-04 -6.03808E-03 
  4603   1.02979E-03  6.49350E-04 -5.50374E-03 
  4604   9.44918E-04  7.53063E-04 -5.97040E-03 
  4605   1.01613E-03  8.08878E-04 -5.43928E-03 
  4606   9.26404E-04  9.06517E-04 -5.89712E-03 
  4607   9.99582E-04  9.67419E-04 -5.36284E-03 
  4608   0.00000E+00  0.00000E+00  0.00000E+00 
  4609   0.00000E+00  0.00000E+00  0.00000E+00 
  4610   0.00000E+00  0.00000E+00  0.00000E+00 
  4611   0.00000E+00  0.00000E+00  0.00000E+00 
  4612   0.00000E+00  0.00000E+00  0.00000E+00 
  4613   0.00000E+00  0.00000E+00  0.00000E+00 
  4614   0.00000E+00  0.00000E+00  0.00000E+00 
  4615   0.00000E+00  0.00000E+00  0.00000E+00 
  4616   0.00000E+00  0.00000E+00  0.00000E+00 
  4617   0.00000E+00  0.00000E+00  0.00000E+00 
  4618   0.00000E+00  0.00000E+00  0.00000E+00 
  4619   0.00000E+00  0.00000E+00  0.00000E+00 
  4620   0.00000E+00  0.00000E+00  0.00000E+00 
  4621   0.00000E+00  0.00000E+00  0.00000E+00 
  4622   0.00000E+00  0.00000E+00  0.00000E+00 
  4623   0.00000E+00  0.00000E+00  0.00000E+00 
  4624   0.00000E+00  0.00000E+00  0.00000E+00 
  4625   0.00000E+00  0.00000E+00  0.00000E+00 
  4626   0.00000E+00  0.00000E+00  0.00000E+00 
  4627   0.00000E+00  0.00000E+00  0.00000E+00 
  4628   0.00000E+00  0.00000E+00  0.00000E+00 
  4629   0.00000E+00  0.00000E+00  0.00000E+00 
  4630   0.00000E+00  0.00000E+00  0.00000E+00 
  4631   0.00000E+00  0.00000E+00  0.00000E+00 
  4632   0.00000E+00  0.00000E+00  0.00000E+00 
  4633   0.00000E+00  0.00000E+00  0.00000E+00 
  4634   0.00000E+00  0.00000E+00  0.00000E+00 
  4635   0.00000E+00  0.00000E+00  0.00000E+00 
  4636   0.00000E+00  0.00000E+00  0.00000E+00 
  4637   0.00000E+00  0.00000E+00  0.00000E+00 
  4638   0.00000E+00  0.00000E+00  0.00000E+00 
  4639   0.00000E+00  0.00000E+00  0.00000E+00 
  4640   0.00000E+00  0.00000E+00  0.00000E+00 
  4641   0.00000E+00  0.00000E+00  0.00000E+00 
  4642   0.00000E+00  0.00000E+00  0.00000E+00 
  4643   0.00000E+00  0.00000E+00  0.00000E+00 
  4644   0.00000E+00  0.00000E+00  0.00000E+00 
  4645   0.00000E+00  0.00000E+00  0.00000E+00 
  4646   0.00000E+00  0.00000E+00  0.00000E+00 
  4647   0.00000E+00  0.00000E+00  0.00000E+00 
  4648   0.00000E+00  0.00000E+00  0.00000E+00 
  4649   0.00000E+00  0.00000E+00  0.00000E+00 
  4650   0.00000E+00  0.00000E+00  0.00000E+00 

 Rigid Airport Pavement
                   FAASR3D (version 1.0 ) compiled 04/15/19
 n o d a l   p r i n t   o u t   f o r   t i m e   s t e p     1  ( at time  1.0000E+00 )
   node     x-disp       y-disp       z-disp
  4651   0.00000E+00  0.00000E+00  0.00000E+00 
  4652   0.00000E+00  0.00000E+00  0.00000E+00 
  4653   0.00000E+00  0.00000E+00  0.00000E+00 
  4654   0.00000E+00  0.00000E+00  0.00000E+00 
  4655   0.00000E+00  0.00000E+00  0.00000E+00 
  4656   0.00000E+00  0.00000E+00  0.00000E+00 
  4657   0.00000E+00  0.00000E+00  0.00000E+00 
  4658   0.00000E+00  0.00000E+00  0.00000E+00 
  4659   0.00000E+00  0.00000E+00  0.00000E+00 
  4660   0.00000E+00  0.00000E+00  0.00000E+00 
  4661   0.00000E+00  0.00000E+00  0.00000E+00 
  4662   0.00000E+00  0.00000E+00  0.00000E+00 
  4663   0.00000E+00  0.00000E+00  0.00000E+00 
  4664   0.00000E+00  0.00000E+00  0.00000E+00 
  4665   0.00000E+00  0.00000E+00  0.00000E+00 
  4666   0.00000E+00  0.00000E+00  0.00000E+00 
  4667   0.00000E+00  0.00000E+00  0.00000E+00 
  4668   0.00000E+00  0.00000E+00  0.00000E+00 
  4669   0.00000E+00  0.00000E+00  0.00000E+00 
  4670   0.00000E+00  0.00000E+00  0.00000E+00 
  4671   0.00000E+00  0.00000E+00  0.00000E+00 
  4672   0.00000E+00  0.00000E+00  0.00000E+00 
  4673   0.00000E+00  0.00000E+00  0.00000E+00 
  4674   0.00000E+00  0.00000E+00  0.00000E+00 
  4675   0.00000E+00  0.00000E+00  0.00000E+00 
  4676   0.00000E+00  0.00000E+00  0.00000E+00 
  4677   0.00000E+00  0.00000E+00  0.00000E+00 
  4678   0.00000E+00  0.00000E+00  0.00000E+00 
  4679   0.00000E+00  0.00000E+00  0.00000E+00 
  4680   0.00000E+00  0.00000E+00  0.00000E+00 
  4681   0.00000E+00  0.00000E+00  0.00000E+00 
  4682   0.00000E+00  0.00000E+00  0.00000E+00 
  4683   0.00000E+00  0.00000E+00  0.00000E+00 
  4684   0.00000E+00  0.00000E+00  0.00000E+00 
  4685   0.00000E+00  0.00000E+00  0.00000E+00 
  4686   0.00000E+00  0.00000E+00  0.00000E+00 
  4687   0.00000E+00  0.00000E+00  0.00000E+00 
  4688   0.00000E+00  0.00000E+00  0.00000E+00 
  4689   0.00000E+00  0.00000E+00  0.00000E+00 
  4690   0.00000E+00  0.00000E+00  0.00000E+00 
  4691   0.00000E+00  0.00000E+00  0.00000E+00 
  4692   0.00000E+00  0.00000E+00  0.00000E+00 
  4693   0.00000E+00  0.00000E+00  0.00000E+00 
  4694   0.00000E+00  0.00000E+00  0.00000E+00 
  4695   0.00000E+00  0.00000E+00  0.00000E+00 
  4696   0.00000E+00  0.00000E+00  0.00000E+00 
  4697   0.00000E+00  0.00000E+00  0.00000E+00 
  4698   0.00000E+00  0.00000E+00  0.00000E+00 
  4699   0.00000E+00  0.00000E+00  0.00000E+00 
  4700   0.00000E+00  0.00000E+00  0.00000E+00 

 Rigid Airport Pavement
                   FAASR3D (version 1.0 ) compiled 04/15/19
 n o d a l   p r i n t   o u t   f o r   t i m e   s t e p     1  ( at time  1.0000E+00 )
   node     x-disp       y-disp       z-disp
  4701   0.00000E+00  0.00000E+00  0.00000E+00 
  4702   0.00000E+00  0.00000E+00  0.00000E+00 
  4703   0.00000E+00  0.00000E+00  0.00000E+00 
  4704   0.00000E+00  0.00000E+00  0.00000E+00 
  4705   0.00000E+00  0.00000E+00  0.00000E+00 
  4706   0.00000E+00  0.00000E+00  0.00000E+00 
  4707   0.00000E+00  0.00000E+00  0.00000E+00 
  4708   0.00000E+00  0.00000E+00  0.00000E+00 
  4709   0.00000E+00  0.00000E+00  0.00000E+00 
  4710   0.00000E+00  0.00000E+00  0.00000E+00 
  4711   0.00000E+00  0.00000E+00  0.00000E+00 
  4712   0.00000E+00  0.00000E+00  0.00000E+00 
  4713   0.00000E+00  0.00000E+00  0.00000E+00 
  4714   0.00000E+00  0.00000E+00  0.00000E+00 
  4715   0.00000E+00  0.00000E+00  0.00000E+00 
  4716   0.00000E+00  0.00000E+00  0.00000E+00 
  4717   0.00000E+00  0.00000E+00  0.00000E+00 
  4718   0.00000E+00  0.00000E+00  0.00000E+00 
  4719   0.00000E+00  0.00000E+00  0.00000E+00 
  4720   0.00000E+00  0.00000E+00  0.00000E+00 
  4721   0.00000E+00  0.00000E+00  0.00000E+00 
  4722   0.00000E+00  0.00000E+00  0.00000E+00 
  4723   0.00000E+00  0.00000E+00  0.00000E+00 
  4724   0.00000E+00  0.00000E+00  0.00000E+00 
  4725   0.00000E+00  0.00000E+00  0.00000E+00 
  4726   0.00000E+00  0.00000E+00  0.00000E+00 
  4727   0.00000E+00  0.00000E+00  0.00000E+00 
  4728   0.00000E+00  0.00000E+00  0.00000E+00 
  4729   0.00000E+00  0.00000E+00  0.00000E+00 
  4730   0.00000E+00  0.00000E+00  0.00000E+00 
  4731   0.00000E+00  0.00000E+00  0.00000E+00 
  4732   0.00000E+00  0.00000E+00  0.00000E+00 
  4733   0.00000E+00  0.00000E+00  0.00000E+00 
  4734   0.00000E+00  0.00000E+00  0.00000E+00 
  4735   0.00000E+00  0.00000E+00  0.00000E+00 
  4736   0.00000E+00  0.00000E+00  0.00000E+00 
  4737   0.00000E+00  0.00000E+00  0.00000E+00 
  4738   0.00000E+00  0.00000E+00  0.00000E+00 
  4739   0.00000E+00  0.00000E+00  0.00000E+00 
  4740   0.00000E+00  0.00000E+00  0.00000E+00 
  4741   0.00000E+00  0.00000E+00  0.00000E+00 
  4742   0.00000E+00  0.00000E+00  0.00000E+00 
  4743   0.00000E+00  0.00000E+00  0.00000E+00 
  4744   0.00000E+00  0.00000E+00  0.00000E+00 
  4745   0.00000E+00  0.00000E+00  0.00000E+00 
  4746   0.00000E+00  0.00000E+00  0.00000E+00 
  4747   0.00000E+00  0.00000E+00  0.00000E+00 
  4748  -1.36189E-03  7.06148E-04 -5.06540E-03 
  4749  -1.52580E-03  7.64989E-04 -4.88047E-03 
  4750  -1.29925E-03  8.32617E-04 -4.87273E-03 

 Rigid Airport Pavement
                   FAASR3D (version 1.0 ) compiled 04/15/19
 n o d a l   p r i n t   o u t   f o r   t i m e   s t e p     1  ( at time  1.0000E+00 )
   node     x-disp       y-disp       z-disp
  4751  -1.46211E-03  8.93409E-04 -4.69682E-03 
  4752  -1.22957E-03  9.33429E-04 -4.67157E-03 
  4753  -1.39085E-03  9.99465E-04 -4.51264E-03 
  4754  -1.15730E-03  1.01421E-03 -4.48234E-03 
  4755  -1.31722E-03  1.08649E-03 -4.31666E-03 
  4756  -1.08344E-03  1.09726E-03 -4.33543E-03 
  4757  -1.24071E-03  1.09782E-03 -4.20919E-03 
  4758  -1.01626E-03  9.87401E-04 -4.25662E-03 
  4759  -1.17651E-03  1.35437E-03 -3.93414E-03 
  4760  -1.33872E-03  7.44264E-04 -5.35594E-03 
  4761  -1.47819E-03  8.04184E-04 -5.14150E-03 
  4762  -1.27656E-03  8.77356E-04 -5.16340E-03 
  4763  -1.41525E-03  9.39805E-04 -4.96087E-03 
  4764  -1.20772E-03  9.82304E-04 -4.96325E-03 
  4765  -1.34527E-03  1.04946E-03 -4.77944E-03 
  4766  -1.13550E-03  1.06345E-03 -4.77616E-03 
  4767  -1.27189E-03  1.13848E-03 -4.58560E-03 
  4768  -1.06720E-03  1.15143E-03 -4.63217E-03 
  4769  -1.19963E-03  1.14991E-03 -4.47544E-03 
  4770  -1.00107E-03  1.02579E-03 -4.55373E-03 
  4771  -1.12823E-03  1.40657E-03 -4.20254E-03 
  4772  -1.28039E-03  7.82297E-04 -5.62996E-03 
  4773  -1.41714E-03  8.42744E-04 -5.42677E-03 
  4774  -1.22130E-03  9.21792E-04 -5.43685E-03 
  4775  -1.35660E-03  9.85126E-04 -5.24493E-03 
  4776  -1.15502E-03  1.03135E-03 -5.23661E-03 
  4777  -1.28871E-03  1.09949E-03 -5.06342E-03 
  4778  -1.08556E-03  1.11477E-03 -5.04998E-03 
  4779  -1.21742E-03  1.19129E-03 -4.86951E-03 
  4780  -1.01738E-03  1.20020E-03 -4.90656E-03 
  4781  -1.14655E-03  1.20047E-03 -4.75997E-03 
  4782  -9.52783E-04  1.06895E-03 -4.82755E-03 
  4783  -1.07419E-03  1.46142E-03 -4.47452E-03 
  4784  -1.22719E-03  8.19138E-04 -5.88408E-03 
  4785  -1.34421E-03  8.80425E-04 -5.67317E-03 
  4786  -1.17076E-03  9.65217E-04 -5.68972E-03 
  4787  -1.28670E-03  1.02942E-03 -5.49065E-03 
  4788  -1.10757E-03  1.07946E-03 -5.48847E-03 
  4789  -1.22207E-03  1.14874E-03 -5.30899E-03 
  4790  -1.04081E-03  1.16480E-03 -5.30103E-03 
  4791  -1.15362E-03  1.24320E-03 -5.11429E-03 
  4792  -9.74235E-04  1.25055E-03 -5.15686E-03 
  4793  -1.08413E-03  1.25113E-03 -5.00499E-03 
  4794  -9.08291E-04  1.11238E-03 -5.07663E-03 
  4795  -1.01284E-03  1.51929E-03 -4.71058E-03 
  4796  -1.15459E-03  8.54399E-04 -6.11352E-03 
  4797  -1.25902E-03  9.16493E-04 -5.89219E-03 
  4798  -1.10198E-03  1.00675E-03 -5.91749E-03 
  4799  -1.20521E-03  1.07181E-03 -5.70855E-03 
  4800  -1.04292E-03  1.12551E-03 -5.71458E-03 

 Rigid Airport Pavement
                   FAASR3D (version 1.0 ) compiled 04/15/19
 n o d a l   p r i n t   o u t   f o r   t i m e   s t e p     1  ( at time  1.0000E+00 )
   node     x-disp       y-disp       z-disp
  4801  -1.14464E-03  1.19591E-03 -5.52618E-03 
  4802  -9.79980E-04  1.21333E-03 -5.52553E-03 
  4803  -1.08010E-03  1.29354E-03 -5.33003E-03 
  4804  -9.16298E-04  1.30041E-03 -5.37987E-03 
  4805  -1.01361E-03  1.30096E-03 -5.22076E-03 
  4806  -8.52278E-04  1.15598E-03 -5.29813E-03 
  4807  -9.44155E-04  1.57753E-03 -4.91753E-03 
  4808  -1.06677E-03  8.87371E-04 -6.31594E-03 
  4809  -1.15570E-03  9.50259E-04 -6.08268E-03 
  4810  -1.01865E-03  1.04554E-03 -6.11797E-03 
  4811  -1.10648E-03  1.11144E-03 -5.89769E-03 
  4812  -9.64562E-04  1.16867E-03 -5.91302E-03 
  4813  -1.05096E-03  1.24016E-03 -5.71421E-03 
  4814  -9.06544E-04  1.25921E-03 -5.72191E-03 
  4815  -9.91464E-04  1.34116E-03 -5.51617E-03 
  4816  -8.47151E-04  1.34842E-03 -5.57441E-03 
  4817  -9.29602E-04  1.34871E-03 -5.40671E-03 
  4818  -7.86608E-04  1.19861E-03 -5.49107E-03 
  4819  -8.64521E-04  1.63391E-03 -5.09542E-03 
  4820  -9.63505E-04  9.17434E-04 -6.48999E-03 
  4821  -1.03822E-03  9.81084E-04 -6.24630E-03 
  4822  -9.20525E-04  1.08096E-03 -6.28998E-03 
  4823  -9.94203E-04  1.14763E-03 -6.05975E-03 
  4824  -8.72103E-04  1.20818E-03 -6.08284E-03 
  4825  -9.44457E-04  1.28070E-03 -5.87486E-03 
  4826  -8.19920E-04  1.30155E-03 -5.88949E-03 
  4827  -8.90928E-04  1.38506E-03 -5.67469E-03 
  4828  -7.66109E-04  1.39320E-03 -5.74004E-03 
  4829  -8.34935E-04  1.39320E-03 -5.56475E-03 
  4830  -7.10870E-04  1.23897E-03 -5.65514E-03 
  4831  -7.75809E-04  1.68657E-03 -5.24610E-03 
  4832  -8.49125E-04  9.44184E-04 -6.63532E-03 
  4833  -9.09968E-04  1.00854E-03 -6.38324E-03 
  4834  -8.11678E-04  1.11251E-03 -6.43332E-03 
  4835  -8.71587E-04  1.17990E-03 -6.19507E-03 
  4836  -7.69382E-04  1.24348E-03 -6.22399E-03 
  4837  -8.28113E-04  1.31692E-03 -6.00865E-03 
  4838  -7.23688E-04  1.33960E-03 -6.02845E-03 
  4839  -7.81225E-04  1.42447E-03 -5.80630E-03 
  4840  -6.76284E-04  1.43372E-03 -5.87710E-03 
  4841  -7.31971E-04  1.43343E-03 -5.69566E-03 
  4842  -6.27412E-04  1.27603E-03 -5.79080E-03 
  4843  -6.79911E-04  1.73410E-03 -5.37056E-03 
  4844  -7.26834E-04  9.67361E-04 -6.75223E-03 
  4845  -7.74451E-04  1.03234E-03 -6.49371E-03 
  4846  -6.95148E-04  1.13981E-03 -6.54837E-03 
  4847  -7.41959E-04  1.20787E-03 -6.30399E-03 
  4848  -6.59322E-04  1.27415E-03 -6.33703E-03 
  4849  -7.05113E-04  1.34841E-03 -6.11604E-03 
  4850  -6.20464E-04  1.37282E-03 -6.13947E-03 

 Rigid Airport Pavement
                   FAASR3D (version 1.0 ) compiled 04/15/19
 n o d a l   p r i n t   o u t   f o r   t i m e   s t e p     1  ( at time  1.0000E+00 )
   node     x-disp       y-disp       z-disp
  4851  -6.65248E-04  1.45883E-03 -5.91166E-03 
  4852  -5.79969E-04  1.46923E-03 -5.98642E-03 
  4853  -6.23254E-04  1.46873E-03 -5.80025E-03 
  4854  -5.38125E-04  1.30901E-03 -5.89892E-03 
  4855  -5.78886E-04  1.77557E-03 -5.46978E-03 
  4856  -5.99222E-04  9.86756E-04 -6.84144E-03 
  4857  -6.34245E-04  1.05225E-03 -6.57824E-03 
  4858  -5.73438E-04  1.16273E-03 -6.63597E-03 
  4859  -6.07784E-04  1.23132E-03 -6.38713E-03 
  4860  -5.44221E-04  1.29992E-03 -6.42290E-03 
  4861  -5.77745E-04  1.37486E-03 -6.19781E-03 
  4862  -5.12414E-04  1.40084E-03 -6.22361E-03 
  4863  -5.45127E-04  1.48777E-03 -5.99166E-03 
  4864  -4.79121E-04  1.49931E-03 -6.06913E-03 
  4865  -5.10687E-04  1.49867E-03 -5.87951E-03 
  4866  -4.44661E-04  1.33742E-03 -5.98065E-03 
  4867  -4.74347E-04  1.81047E-03 -5.54483E-03 
  4868  -4.68200E-04  1.00228E-03 -6.90396E-03 
  4869  -4.91199E-04  1.06818E-03 -6.63758E-03 
  4870  -4.48337E-04  1.18107E-03 -6.69720E-03 
  4871  -4.70833E-04  1.25009E-03 -6.44530E-03 
  4872  -4.25779E-04  1.32062E-03 -6.48274E-03 
  4873  -4.47674E-04  1.39606E-03 -6.25484E-03 
  4874  -4.01138E-04  1.42343E-03 -6.28209E-03 
  4875  -4.22429E-04  1.51106E-03 -6.04732E-03 
  4876  -3.75224E-04  1.52365E-03 -6.12649E-03 
  4877  -3.95709E-04  1.52296E-03 -5.93451E-03 
  4878  -3.48287E-04  1.36088E-03 -6.03730E-03 
  4879  -3.67520E-04  1.83846E-03 -5.59685E-03 
  4880  -3.34959E-04  1.01383E-03 -6.94093E-03 
  4881  -3.46542E-04  1.08004E-03 -6.67257E-03 
  4882  -3.21055E-04  1.19475E-03 -6.73321E-03 
  4883  -3.32285E-04  1.26409E-03 -6.47943E-03 
  4884  -3.05189E-04  1.33615E-03 -6.51776E-03 
  4885  -3.16036E-04  1.41193E-03 -6.28814E-03 
  4886  -2.87751E-04  1.44049E-03 -6.31616E-03 
  4887  -2.98217E-04  1.52856E-03 -6.07967E-03 
  4888  -2.69233E-04  1.54212E-03 -6.15981E-03 
  4889  -2.79265E-04  1.54140E-03 -5.96636E-03 
  4890  -2.49919E-04  1.37915E-03 -6.07015E-03 
  4891  -2.59299E-04  1.85937E-03 -5.62694E-03 
  4892  -2.00345E-04  1.02138E-03 -6.95350E-03 
  4893  -2.01051E-04  1.08779E-03 -6.68424E-03 
  4894  -1.92378E-04  1.20374E-03 -6.74518E-03 
  4895  -1.92910E-04  1.27326E-03 -6.49053E-03 
  4896  -1.83209E-04  1.34645E-03 -6.52914E-03 
  4897  -1.83569E-04  1.42241E-03 -6.29874E-03 
  4898  -1.72990E-04  1.45192E-03 -6.32702E-03 
  4899  -1.73186E-04  1.54019E-03 -6.08977E-03 
  4900  -1.61909E-04  1.55456E-03 -6.17028E-03 

 Rigid Airport Pavement
                   FAASR3D (version 1.0 ) compiled 04/15/19
 n o d a l   p r i n t   o u t   f o r   t i m e   s t e p     1  ( at time  1.0000E+00 )
   node     x-disp       y-disp       z-disp
  4901  -1.62014E-04  1.55389E-03 -5.97621E-03 
  4902  -1.50237E-04  1.39205E-03 -6.08042E-03 
  4903  -1.50294E-04  1.87311E-03 -5.63618E-03 
  4904  -6.49158E-05  1.02496E-03 -6.94277E-03 
  4905  -5.52850E-05  1.09142E-03 -6.67354E-03 
  4906  -6.28592E-05  1.20801E-03 -6.73422E-03 
  4907  -5.32195E-05  1.27759E-03 -6.47962E-03 
  4908  -6.03611E-05  1.35145E-03 -6.51799E-03 
  4909  -5.07721E-05  1.42746E-03 -6.28763E-03 
  4910  -5.73597E-05  1.45768E-03 -6.31577E-03 
  4911  -4.78363E-05  1.54591E-03 -6.07863E-03 
  4912  -5.37431E-05  1.56095E-03 -6.15900E-03 
  4913  -4.44364E-05  1.56036E-03 -5.96499E-03 
  4914  -4.97693E-05  1.39945E-03 -6.06920E-03 
  4915  -4.09648E-05  1.87962E-03 -5.62555E-03 
  4916   7.09246E-05  1.02453E-03 -6.90977E-03 
  4917   9.04822E-05  1.09095E-03 -6.64150E-03 
  4918   6.70669E-05  1.20758E-03 -6.70134E-03 
  4919   8.64567E-05  1.27709E-03 -6.44767E-03 
  4920   6.29000E-05  1.35119E-03 -6.48533E-03 
  4921   8.20210E-05  1.42708E-03 -6.25581E-03 
  4922   5.86859E-05  1.45772E-03 -6.28340E-03 
  4923   7.75426E-05  1.54571E-03 -6.04722E-03 
  4924   5.48427E-05  1.56121E-03 -6.12696E-03 
  4925   7.31592E-05  1.56079E-03 -5.93374E-03 
  4926   5.10607E-05  1.40127E-03 -6.03746E-03 
  4927   6.83598E-05  1.87887E-03 -5.59599E-03 
  4928   2.07117E-04  1.02012E-03 -6.85552E-03 
  4929   2.35771E-04  1.08642E-03 -6.58902E-03 
  4930   1.97296E-04  1.20246E-03 -6.64752E-03 
  4931   2.25759E-04  1.27179E-03 -6.39556E-03 
  4932   1.86450E-04  1.34566E-03 -6.43209E-03 
  4933   2.14466E-04  1.42130E-03 -6.20415E-03 
  4934   1.75024E-04  1.45207E-03 -6.23084E-03 
  4935   2.02575E-04  1.53962E-03 -5.99637E-03 
  4936   1.63669E-04  1.55535E-03 -6.07503E-03 
  4937   1.90365E-04  1.55515E-03 -5.88323E-03 
  4938   1.52099E-04  1.39744E-03 -5.98606E-03 
  4939   1.77294E-04  1.87086E-03 -5.54824E-03 
  4940   3.42695E-04  1.01191E-03 -6.78100E-03 
  4941   3.80510E-04  1.07784E-03 -6.51770E-03 
  4942   3.27195E-04  1.19264E-03 -6.57372E-03 
  4943   3.64490E-04  1.26176E-03 -6.32465E-03 
  4944   3.09593E-04  1.33495E-03 -6.35916E-03 
  4945   3.46366E-04  1.41019E-03 -6.13389E-03 
  4946   2.90959E-04  1.44079E-03 -6.15890E-03 
  4947   3.27099E-04  1.52768E-03 -5.92731E-03 
  4948   2.71947E-04  1.54332E-03 -6.00401E-03 
  4949   3.07070E-04  1.54348E-03 -5.81470E-03 
  4950   2.52550E-04  1.38801E-03 -5.91577E-03 

 Rigid Airport Pavement
                   FAASR3D (version 1.0 ) compiled 04/15/19
 n o d a l   p r i n t   o u t   f o r   t i m e   s t e p     1  ( at time  1.0000E+00 )
   node     x-disp       y-disp       z-disp
  4951   2.85645E-04  1.85560E-03 -5.48351E-03 
  4952   4.79102E-04  9.99372E-04 -6.68761E-03 
  4953   5.25249E-04  1.06535E-03 -6.42610E-03 
  4954   4.57116E-04  1.17848E-03 -6.48121E-03 
  4955   5.02738E-04  1.24716E-03 -6.23474E-03 
  4956   4.33080E-04  1.31902E-03 -6.26776E-03 
  4957   4.77924E-04  1.39381E-03 -6.04473E-03 
  4958   4.07058E-04  1.42377E-03 -6.06874E-03 
  4959   4.51206E-04  1.50985E-03 -5.83961E-03 
  4960   3.80605E-04  1.52545E-03 -5.91504E-03 
  4961   4.23506E-04  1.52587E-03 -5.72724E-03 
  4962   3.53272E-04  1.37288E-03 -5.82784E-03 
  4963   3.93661E-04  1.83313E-03 -5.40092E-03 
  4964   6.16054E-04  9.82756E-04 -6.57421E-03 
  4965   6.62080E-04  1.04959E-03 -6.32486E-03 
  4966   5.88097E-04  1.15965E-03 -6.36890E-03 
  4967   6.35434E-04  1.22774E-03 -6.13145E-03 
  4968   5.57015E-04  1.29802E-03 -6.15681E-03 
  4969   6.04099E-04  1.37230E-03 -5.94299E-03 
  4970   5.23905E-04  1.40122E-03 -5.95916E-03 
  4971   5.69798E-04  1.48640E-03 -5.73927E-03 
  4972   4.89727E-04  1.50152E-03 -5.80638E-03 
  4973   5.33172E-04  1.50194E-03 -5.62857E-03 
  4974   4.55836E-04  1.35186E-03 -5.71865E-03 
  4975   4.93879E-04  1.80365E-03 -5.30804E-03 
  4976   7.47989E-04  9.60224E-04 -6.47937E-03 
  4977   8.04691E-04  1.03754E-03 -6.22759E-03 
  4978   7.14658E-04  1.13671E-03 -6.27365E-03 
  4979   7.71687E-04  1.20299E-03 -6.02926E-03 
  4980   6.77073E-04  1.27202E-03 -6.06172E-03 
  4981   7.33485E-04  1.34585E-03 -5.84224E-03 
  4982   6.36473E-04  1.37320E-03 -5.86598E-03 
  4983   6.91937E-04  1.45723E-03 -5.64010E-03 
  4984   5.94387E-04  1.47253E-03 -5.71964E-03 
  4985   6.47876E-04  1.47043E-03 -5.53375E-03 
  4986   5.51049E-04  1.32418E-03 -5.65571E-03 
  4987   6.00751E-04  1.76857E-03 -5.23209E-03 
  4988  -2.02311E-03  8.42221E-04 -4.34463E-03 
  4989  -2.37897E-03  8.91274E-04 -3.81571E-03 
  4990  -1.94266E-03  9.90758E-04 -4.19354E-03 
  4991  -2.28671E-03  1.06326E-03 -3.68788E-03 
  4992  -1.85342E-03  1.12374E-03 -4.03428E-03 
  4993  -2.17915E-03  1.23848E-03 -3.55596E-03 
  4994  -1.75917E-03  1.21653E-03 -3.87623E-03 
  4995  -2.05506E-03  1.42636E-03 -3.40414E-03 
  4996  -1.66237E-03  1.37073E-03 -3.68568E-03 
  4997  -1.91149E-03  1.63003E-03 -3.15627E-03 
  4998  -1.54379E-03  1.69662E-03 -3.22775E-03 
  4999  -1.74123E-03  1.82321E-03 -2.66578E-03 
  5000  -1.81292E-03  8.88180E-04 -4.72994E-03 

 Rigid Airport Pavement
                   FAASR3D (version 1.0 ) compiled 04/15/19
 n o d a l   p r i n t   o u t   f o r   t i m e   s t e p     1  ( at time  1.0000E+00 )
   node     x-disp       y-disp       z-disp
  5001  -2.20332E-03  9.45176E-04 -4.25414E-03 
  5002  -1.74228E-03  1.04490E-03 -4.57531E-03 
  5003  -2.11910E-03  1.12784E-03 -4.11819E-03 
  5004  -1.66169E-03  1.18467E-03 -4.41330E-03 
  5005  -2.02043E-03  1.31499E-03 -3.98015E-03 
  5006  -1.57375E-03  1.28172E-03 -4.25338E-03 
  5007  -1.90623E-03  1.51775E-03 -3.82305E-03 
  5008  -1.47924E-03  1.44224E-03 -4.05607E-03 
  5009  -1.77391E-03  1.74032E-03 -3.55994E-03 
  5010  -1.37778E-03  1.79239E-03 -3.56790E-03 
  5011  -1.61865E-03  1.95385E-03 -3.01928E-03 
  5012  -1.69783E-03  9.31227E-04 -5.01263E-03 
  5013  -2.01749E-03  9.94869E-04 -4.55840E-03 
  5014  -1.63126E-03  1.09607E-03 -4.85735E-03 
  5015  -1.94114E-03  1.18767E-03 -4.41981E-03 
  5016  -1.55527E-03  1.24297E-03 -4.69572E-03 
  5017  -1.85140E-03  1.38614E-03 -4.28033E-03 
  5018  -1.47173E-03  1.34518E-03 -4.53591E-03 
  5019  -1.74722E-03  1.60243E-03 -4.12118E-03 
  5020  -1.38188E-03  1.51303E-03 -4.33301E-03 
  5021  -1.62657E-03  1.84139E-03 -3.84772E-03 
  5022  -1.28247E-03  1.87818E-03 -3.82356E-03 
  5023  -1.48676E-03  2.07211E-03 -3.27520E-03 
  5024  -1.58367E-03  9.72048E-04 -5.25269E-03 
  5025  -1.83240E-03  1.04047E-03 -4.78598E-03 
  5026  -1.52137E-03  1.14462E-03 -5.09701E-03 
  5027  -1.76347E-03  1.24275E-03 -4.64690E-03 
  5028  -1.45013E-03  1.29859E-03 -4.93568E-03 
  5029  -1.68226E-03  1.45167E-03 -4.50769E-03 
  5030  -1.37166E-03  1.40609E-03 -4.77617E-03 
  5031  -1.58787E-03  1.68021E-03 -4.34781E-03 
  5032  -1.28667E-03  1.58076E-03 -4.56996E-03 
  5033  -1.47880E-03  1.93360E-03 -4.06703E-03 
  5034  -1.19102E-03  1.96021E-03 -4.04017E-03 
  5035  -1.35336E-03  2.17910E-03 -3.47149E-03 
  5036  -1.45678E-03  1.01051E-03 -5.45068E-03 
  5037  -1.64901E-03  1.08203E-03 -4.97073E-03 
  5038  -1.39933E-03  1.19036E-03 -5.29499E-03 
  5039  -1.58713E-03  1.29303E-03 -4.83161E-03 
  5040  -1.33358E-03  1.35100E-03 -5.13398E-03 
  5041  -1.51412E-03  1.51150E-03 -4.69286E-03 
  5042  -1.26092E-03  1.46349E-03 -4.97459E-03 
  5043  -1.42928E-03  1.75106E-03 -4.53251E-03 
  5044  -1.18181E-03  1.64527E-03 -4.76565E-03 
  5045  -1.33149E-03  2.01713E-03 -4.24579E-03 
  5046  -1.09245E-03  2.03906E-03 -4.21956E-03 
  5047  -1.21963E-03  2.27545E-03 -3.63089E-03 
  5048  -1.31815E-03  1.04607E-03 -5.62104E-03 
  5049  -1.46703E-03  1.11958E-03 -5.12618E-03 
  5050  -1.26606E-03  1.23266E-03 -5.46501E-03 

 Rigid Airport Pavement
                   FAASR3D (version 1.0 ) compiled 04/15/19
 n o d a l   p r i n t   o u t   f o r   t i m e   s t e p     1  ( at time  1.0000E+00 )
   node     x-disp       y-disp       z-disp
  5051  -1.41196E-03  1.33850E-03 -4.98691E-03 
  5052  -1.20642E-03  1.39950E-03 -5.30382E-03 
  5053  -1.34696E-03  1.56558E-03 -4.84832E-03 
  5054  -1.14034E-03  1.51671E-03 -5.14411E-03 
  5055  -1.27148E-03  1.81495E-03 -4.68731E-03 
  5056  -1.06820E-03  1.70541E-03 -4.93241E-03 
  5057  -1.18470E-03  2.09216E-03 -4.39519E-03 
  5058  -9.86664E-04  2.11284E-03 -4.37137E-03 
  5059  -1.08588E-03  2.36161E-03 -3.76316E-03 
  5060  -1.16996E-03  1.07832E-03 -5.76669E-03 
  5061  -1.28576E-03  1.15310E-03 -5.25836E-03 
  5062  -1.12366E-03  1.27100E-03 -5.61001E-03 
  5063  -1.23737E-03  1.37911E-03 -5.11867E-03 
  5064  -1.07059E-03  1.44348E-03 -5.44819E-03 
  5065  -1.18027E-03  1.61383E-03 -4.97987E-03 
  5066  -1.01173E-03  1.56507E-03 -5.28773E-03 
  5067  -1.11406E-03  1.87182E-03 -4.81787E-03 
  5068  -9.47383E-04  1.76020E-03 -5.07324E-03 
  5069  -1.03815E-03  2.15873E-03 -4.52066E-03 
  5070  -8.74838E-04  2.18000E-03 -4.49877E-03 
  5071  -9.52034E-04  2.43775E-03 -3.87334E-03 
  5072  -1.01504E-03  1.10691E-03 -5.88910E-03 
  5073  -1.10473E-03  1.18254E-03 -5.36932E-03 
  5074  -9.74811E-04  1.30499E-03 -5.73154E-03 
  5075  -1.06298E-03  1.41476E-03 -5.22897E-03 
  5076  -9.28671E-04  1.48251E-03 -5.56882E-03 
  5077  -1.01376E-03  1.65613E-03 -5.08963E-03 
  5078  -8.77453E-04  1.60805E-03 -5.40731E-03 
  5079  -9.56782E-04  1.92157E-03 -4.92643E-03 
  5080  -8.21477E-04  1.80887E-03 -5.19006E-03 
  5081  -8.91663E-04  2.21676E-03 -4.62455E-03 
  5082  -7.58592E-04  2.23943E-03 -4.60383E-03 
  5083  -8.18095E-04  2.50391E-03 -3.96391E-03 
  5084  -8.55688E-04  1.13160E-03 -5.98846E-03 
  5085  -9.23818E-04  1.20783E-03 -5.45958E-03 
  5086  -8.21712E-04  1.33436E-03 -5.82992E-03 
  5087  -8.88704E-04  1.44535E-03 -5.31845E-03 
  5088  -7.82734E-04  1.51625E-03 -5.66617E-03 
  5089  -8.47375E-04  1.69238E-03 -5.17840E-03 
  5090  -7.39451E-04  1.64524E-03 -5.50349E-03 
  5091  -7.99644E-04  1.96406E-03 -5.01393E-03 
  5092  -6.92194E-04  1.85091E-03 -5.28370E-03 
  5093  -7.45295E-04  2.26616E-03 -4.70794E-03 
  5094  -6.39350E-04  2.29043E-03 -4.68767E-03 
  5095  -6.84171E-04  2.56003E-03 -4.03620E-03 
  5096  -6.93756E-04  1.15224E-03 -6.06492E-03 
  5097  -7.43170E-04  1.22889E-03 -5.52929E-03 
  5098  -6.66136E-04  1.35890E-03 -5.90542E-03 
  5099  -7.14714E-04  1.47079E-03 -5.38736E-03 
  5100  -6.34449E-04  1.54445E-03 -5.74066E-03 

 Rigid Airport Pavement
                   FAASR3D (version 1.0 ) compiled 04/15/19
 n o d a l   p r i n t   o u t   f o r   t i m e   s t e p     1  ( at time  1.0000E+00 )
   node     x-disp       y-disp       z-disp
  5101  -6.81293E-04  1.72245E-03 -5.24656E-03 
  5102  -5.99266E-04  1.67635E-03 -5.57687E-03 
  5103  -6.42825E-04  1.99921E-03 -5.08090E-03 
  5104  -5.60913E-04  1.88598E-03 -5.35494E-03 
  5105  -5.99228E-04  2.30683E-03 -4.77155E-03 
  5106  -5.18273E-04  2.33260E-03 -4.75122E-03 
  5107  -5.50469E-04  2.60605E-03 -4.09110E-03 
  5108  -5.30538E-04  1.16871E-03 -6.11880E-03 
  5109  -5.63110E-04  1.24566E-03 -5.57863E-03 
  5110  -5.09324E-04  1.37848E-03 -5.95845E-03 
  5111  -5.41323E-04  1.49102E-03 -5.43597E-03 
  5112  -4.85001E-04  1.56693E-03 -5.79280E-03 
  5113  -5.15825E-04  1.74626E-03 -5.29448E-03 
  5114  -4.57997E-04  1.70121E-03 -5.62809E-03 
  5115  -4.86626E-04  2.02690E-03 -5.12785E-03 
  5116  -4.28612E-04  1.91390E-03 -5.40453E-03 
  5117  -4.53742E-04  2.33870E-03 -4.81601E-03 
  5118  -3.96234E-04  2.36572E-03 -4.79533E-03 
  5119  -4.17256E-04  2.64194E-03 -4.12933E-03 
  5120  -3.66977E-04  1.18095E-03 -6.15061E-03 
  5121  -3.84043E-04  1.25808E-03 -5.60797E-03 
  5122  -3.52189E-04  1.39301E-03 -5.98957E-03 
  5123  -3.68925E-04  1.50594E-03 -5.46472E-03 
  5124  -3.35248E-04  1.58361E-03 -5.82327E-03 
  5125  -3.51344E-04  1.76376E-03 -5.32268E-03 
  5126  -3.16441E-04  1.71970E-03 -5.65788E-03 
  5127  -3.31389E-04  2.04711E-03 -5.15537E-03 
  5128  -2.96049E-04  1.93454E-03 -5.43329E-03 
  5129  -3.09157E-04  2.36176E-03 -4.84199E-03 
  5130  -2.73897E-04  2.38973E-03 -4.82084E-03 
  5131  -2.84818E-04  2.66769E-03 -4.15160E-03 
  5132  -2.03725E-04  1.18892E-03 -6.16105E-03 
  5133  -2.06393E-04  1.26612E-03 -5.61785E-03 
  5134  -1.95345E-04  1.40246E-03 -5.99955E-03 
  5135  -1.97927E-04  1.51554E-03 -5.47421E-03 
  5136  -1.85771E-04  1.59445E-03 -5.83283E-03 
  5137  -1.88230E-04  1.77491E-03 -5.33181E-03 
  5138  -1.75150E-04  1.73176E-03 -5.66709E-03 
  5139  -1.77463E-04  2.05981E-03 -5.16415E-03 
  5140  -1.63728E-04  1.94787E-03 -5.44209E-03 
  5141  -1.65791E-04  2.37601E-03 -4.85021E-03 
  5142  -1.51738E-04  2.40462E-03 -4.82858E-03 
  5143  -1.53445E-04  2.68337E-03 -4.15857E-03 
  5144  -4.12158E-05  1.19259E-03 -6.15094E-03 
  5145  -3.05684E-05  1.26980E-03 -5.60898E-03 
  5146  -3.92332E-05  1.40682E-03 -5.98922E-03 
  5147  -2.87141E-05  1.51984E-03 -5.46514E-03 
  5148  -3.69988E-05  1.59945E-03 -5.82233E-03 
  5149  -2.68474E-05  1.77974E-03 -5.32258E-03 
  5150  -3.45257E-05  1.73739E-03 -5.65656E-03 

 Rigid Airport Pavement
                   FAASR3D (version 1.0 ) compiled 04/15/19
 n o d a l   p r i n t   o u t   f o r   t i m e   s t e p     1  ( at time  1.0000E+00 )
   node     x-disp       y-disp       z-disp
  5151  -2.51823E-05  2.06504E-03 -5.15494E-03 
  5152  -3.20112E-05  1.95386E-03 -5.43178E-03 
  5153  -2.39487E-05  2.38151E-03 -4.84140E-03 
  5154  -3.00968E-05  2.41043E-03 -4.81937E-03 
  5155  -2.34202E-05  2.68907E-03 -4.15095E-03 
  5156   1.20167E-04  1.19202E-03 -6.12110E-03 
  5157   1.43032E-04  1.26911E-03 -5.58216E-03 
  5158   1.15822E-04  1.40610E-03 -5.95941E-03 
  5159   1.38336E-04  1.51886E-03 -5.43831E-03 
  5160   1.10770E-04  1.59861E-03 -5.79262E-03 
  5161   1.32457E-04  1.77829E-03 -5.29582E-03 
  5162   1.05140E-04  1.73660E-03 -5.62713E-03 
  5163   1.25138E-04  2.06289E-03 -5.12855E-03 
  5164   9.87988E-05  1.95255E-03 -5.40321E-03 
  5165   1.16086E-04  2.37838E-03 -4.81636E-03 
  5166   9.07456E-05  2.40722E-03 -4.79399E-03 
  5167   1.04996E-04  2.68494E-03 -4.12946E-03 
  5168   2.80202E-04  1.18724E-03 -6.07282E-03 
  5169   3.14056E-04  1.26413E-03 -5.53844E-03 
  5170   2.69563E-04  1.40037E-03 -5.91125E-03 
  5171   3.02897E-04  1.51268E-03 -5.39475E-03 
  5172   2.57281E-04  1.59200E-03 -5.74480E-03 
  5173   2.89386E-04  1.77067E-03 -5.25249E-03 
  5174   2.43634E-04  1.72946E-03 -5.57990E-03 
  5175   2.73215E-04  2.05345E-03 -5.08590E-03 
  5176   2.28511E-04  1.94402E-03 -5.35744E-03 
  5177   2.54052E-04  2.36677E-03 -4.77600E-03 
  5178   2.10522E-04  2.39508E-03 -4.75337E-03 
  5179   2.31568E-04  2.67116E-03 -4.09491E-03 
  5180   4.38502E-04  1.17834E-03 -6.00673E-03 
  5181   4.82177E-04  1.25492E-03 -5.47933E-03 
  5182   4.21581E-04  1.38978E-03 -5.84563E-03 
  5183   4.64687E-04  1.50141E-03 -5.33585E-03 
  5184   4.02189E-04  1.57971E-03 -5.67965E-03 
  5185   4.43677E-04  1.75699E-03 -5.19391E-03 
  5186   3.80576E-04  1.71603E-03 -5.51557E-03 
  5187   4.18808E-04  2.03690E-03 -5.02831E-03 
  5188   3.56758E-04  1.92832E-03 -5.29508E-03 
  5189   3.89714E-04  2.34688E-03 -4.72156E-03 
  5190   3.28864E-04  2.37416E-03 -4.69814E-03 
  5191   3.56086E-04  2.64800E-03 -4.04842E-03 
  5192   5.92415E-04  1.16566E-03 -5.92526E-03 
  5193   6.47322E-04  1.24158E-03 -5.40698E-03 
  5194   5.70288E-04  1.37432E-03 -5.76457E-03 
  5195   6.23617E-04  1.48518E-03 -5.26346E-03 
  5196   5.43883E-04  1.56189E-03 -5.59912E-03 
  5197   5.95233E-04  1.73743E-03 -5.12175E-03 
  5198   5.14378E-04  1.69639E-03 -5.43607E-03 
  5199   5.61851E-04  2.01344E-03 -4.95741E-03 
  5200   4.81520E-04  1.90549E-03 -5.21811E-03 

 Rigid Airport Pavement
                   FAASR3D (version 1.0 ) compiled 04/15/19
 n o d a l   p r i n t   o u t   f o r   t i m e   s t e p     1  ( at time  1.0000E+00 )
   node     x-disp       y-disp       z-disp
  5201   5.23042E-04  2.31895E-03 -4.65473E-03 
  5202   4.43828E-04  2.34470E-03 -4.63015E-03 
  5203   4.78516E-04  2.61574E-03 -3.99149E-03 
  5204   7.44107E-04  1.14940E-03 -5.83511E-03 
  5205   8.09736E-04  1.22423E-03 -5.32327E-03 
  5206   7.16358E-04  1.35501E-03 -5.67199E-03 
  5207   7.79829E-04  1.46416E-03 -5.17929E-03 
  5208   6.83355E-04  1.53846E-03 -5.50709E-03 
  5209   7.44196E-04  1.71216E-03 -5.03767E-03 
  5210   6.45873E-04  1.67048E-03 -5.34534E-03 
  5211   7.02469E-04  1.98324E-03 -4.87472E-03 
  5212   6.04172E-04  1.87560E-03 -5.13120E-03 
  5213   6.54215E-04  2.28326E-03 -4.57692E-03 
  5214   5.56111E-04  2.30714E-03 -4.55403E-03 
  5215   5.99070E-04  2.57475E-03 -3.92542E-03 
  5216   8.98290E-04  1.13191E-03 -5.73488E-03 
  5217   9.69727E-04  1.20297E-03 -5.22834E-03 
  5218   8.63812E-04  1.33117E-03 -5.56967E-03 
  5219   9.33594E-04  1.43841E-03 -5.08414E-03 
  5220   8.23668E-04  1.50967E-03 -5.40484E-03 
  5221   8.90778E-04  1.68132E-03 -4.94248E-03 
  5222   7.78630E-04  1.63870E-03 -5.24447E-03 
  5223   8.40881E-04  1.94658E-03 -4.78086E-03 
  5224   7.28805E-04  1.83829E-03 -5.03417E-03 
  5225   7.83440E-04  2.24008E-03 -4.48816E-03 
  5226   6.71668E-04  2.26199E-03 -4.47234E-03 
  5227   7.18067E-04  2.52534E-03 -3.85024E-03 
  5228   0.00000E+00  0.00000E+00  0.00000E+00 
  5229   0.00000E+00  0.00000E+00  0.00000E+00 
  5230   0.00000E+00  0.00000E+00  0.00000E+00 
  5231   0.00000E+00  0.00000E+00  0.00000E+00 
  5232   0.00000E+00  0.00000E+00  0.00000E+00 
  5233   0.00000E+00  0.00000E+00  0.00000E+00 
  5234   0.00000E+00  0.00000E+00  0.00000E+00 
  5235   0.00000E+00  0.00000E+00  0.00000E+00 
  5236   0.00000E+00  0.00000E+00  0.00000E+00 
  5237   0.00000E+00  0.00000E+00  0.00000E+00 
  5238   0.00000E+00  0.00000E+00  0.00000E+00 
  5239   0.00000E+00  0.00000E+00  0.00000E+00 
  5240   0.00000E+00  0.00000E+00  0.00000E+00 
  5241   0.00000E+00  0.00000E+00  0.00000E+00 
  5242   0.00000E+00  0.00000E+00  0.00000E+00 
  5243   0.00000E+00  0.00000E+00  0.00000E+00 
  5244   0.00000E+00  0.00000E+00  0.00000E+00 
  5245   0.00000E+00  0.00000E+00  0.00000E+00 
  5246   0.00000E+00  0.00000E+00  0.00000E+00 
  5247   0.00000E+00  0.00000E+00  0.00000E+00 
  5248   0.00000E+00  0.00000E+00  0.00000E+00 
  5249   0.00000E+00  0.00000E+00  0.00000E+00 
  5250   0.00000E+00  0.00000E+00  0.00000E+00 

 Rigid Airport Pavement
                   FAASR3D (version 1.0 ) compiled 04/15/19
 n o d a l   p r i n t   o u t   f o r   t i m e   s t e p     1  ( at time  1.0000E+00 )
   node     x-disp       y-disp       z-disp
  5251   0.00000E+00  0.00000E+00  0.00000E+00 
  5252   0.00000E+00  0.00000E+00  0.00000E+00 
  5253   0.00000E+00  0.00000E+00  0.00000E+00 
  5254   0.00000E+00  0.00000E+00  0.00000E+00 
  5255   0.00000E+00  0.00000E+00  0.00000E+00 
  5256   0.00000E+00  0.00000E+00  0.00000E+00 
  5257   0.00000E+00  0.00000E+00  0.00000E+00 
  5258   0.00000E+00  0.00000E+00  0.00000E+00 
  5259   0.00000E+00  0.00000E+00  0.00000E+00 
  5260   0.00000E+00  0.00000E+00  0.00000E+00 
  5261   0.00000E+00  0.00000E+00  0.00000E+00 
  5262   0.00000E+00  0.00000E+00  0.00000E+00 
  5263   0.00000E+00  0.00000E+00  0.00000E+00 
  5264   0.00000E+00  0.00000E+00  0.00000E+00 
  5265   0.00000E+00  0.00000E+00  0.00000E+00 
  5266   0.00000E+00  0.00000E+00  0.00000E+00 
  5267   0.00000E+00  0.00000E+00  0.00000E+00 
  5268   0.00000E+00  0.00000E+00  0.00000E+00 
  5269   0.00000E+00  0.00000E+00  0.00000E+00 
  5270   0.00000E+00  0.00000E+00  0.00000E+00 
  5271   0.00000E+00  0.00000E+00  0.00000E+00 
  5272   0.00000E+00  0.00000E+00  0.00000E+00 
  5273   0.00000E+00  0.00000E+00  0.00000E+00 
  5274   0.00000E+00  0.00000E+00  0.00000E+00 
  5275   0.00000E+00  0.00000E+00  0.00000E+00 
  5276   0.00000E+00  0.00000E+00  0.00000E+00 
  5277   0.00000E+00  0.00000E+00  0.00000E+00 
  5278   0.00000E+00  0.00000E+00  0.00000E+00 
  5279   0.00000E+00  0.00000E+00  0.00000E+00 
  5280   0.00000E+00  0.00000E+00  0.00000E+00 
  5281   0.00000E+00  0.00000E+00  0.00000E+00 
  5282   0.00000E+00  0.00000E+00  0.00000E+00 
  5283   0.00000E+00  0.00000E+00  0.00000E+00 
  5284   0.00000E+00  0.00000E+00  0.00000E+00 
  5285   0.00000E+00  0.00000E+00  0.00000E+00 
  5286   0.00000E+00  0.00000E+00  0.00000E+00 
  5287   0.00000E+00  0.00000E+00  0.00000E+00 
  5288   0.00000E+00  0.00000E+00  0.00000E+00 
  5289   0.00000E+00  0.00000E+00  0.00000E+00 
  5290   0.00000E+00  0.00000E+00  0.00000E+00 
  5291   0.00000E+00  0.00000E+00  0.00000E+00 
  5292   0.00000E+00  0.00000E+00  0.00000E+00 
  5293   0.00000E+00  0.00000E+00  0.00000E+00 
  5294   0.00000E+00  0.00000E+00  0.00000E+00 
  5295   0.00000E+00  0.00000E+00  0.00000E+00 
  5296   0.00000E+00  0.00000E+00  0.00000E+00 
  5297   0.00000E+00  0.00000E+00  0.00000E+00 
  5298   0.00000E+00  0.00000E+00  0.00000E+00 
  5299   0.00000E+00  0.00000E+00  0.00000E+00 
  5300   0.00000E+00  0.00000E+00  0.00000E+00 

 Rigid Airport Pavement
                   FAASR3D (version 1.0 ) compiled 04/15/19
 n o d a l   p r i n t   o u t   f o r   t i m e   s t e p     1  ( at time  1.0000E+00 )
   node     x-disp       y-disp       z-disp
  5301   0.00000E+00  0.00000E+00  0.00000E+00 
  5302   0.00000E+00  0.00000E+00  0.00000E+00 
  5303   0.00000E+00  0.00000E+00  0.00000E+00 
  5304   0.00000E+00  0.00000E+00  0.00000E+00 
  5305   0.00000E+00  0.00000E+00  0.00000E+00 
  5306   0.00000E+00  0.00000E+00  0.00000E+00 
  5307   0.00000E+00  0.00000E+00  0.00000E+00 
  5308   0.00000E+00  0.00000E+00  0.00000E+00 
  5309   0.00000E+00  0.00000E+00  0.00000E+00 
  5310   0.00000E+00  0.00000E+00  0.00000E+00 
  5311   0.00000E+00  0.00000E+00  0.00000E+00 
  5312   0.00000E+00  0.00000E+00  0.00000E+00 
  5313   0.00000E+00  0.00000E+00  0.00000E+00 
  5314   0.00000E+00  0.00000E+00  0.00000E+00 
  5315   0.00000E+00  0.00000E+00  0.00000E+00 
  5316   0.00000E+00  0.00000E+00  0.00000E+00 
  5317   0.00000E+00  0.00000E+00  0.00000E+00 
  5318   0.00000E+00  0.00000E+00  0.00000E+00 
  5319   0.00000E+00  0.00000E+00  0.00000E+00 
  5320   0.00000E+00  0.00000E+00  0.00000E+00 
  5321   0.00000E+00  0.00000E+00  0.00000E+00 
  5322   0.00000E+00  0.00000E+00  0.00000E+00 
  5323   0.00000E+00  0.00000E+00  0.00000E+00 
  5324   0.00000E+00  0.00000E+00  0.00000E+00 
  5325   0.00000E+00  0.00000E+00  0.00000E+00 
  5326   0.00000E+00  0.00000E+00  0.00000E+00 
  5327   0.00000E+00  0.00000E+00  0.00000E+00 
  5328   0.00000E+00  0.00000E+00  0.00000E+00 
  5329   0.00000E+00  0.00000E+00  0.00000E+00 
  5330   0.00000E+00  0.00000E+00  0.00000E+00 
  5331   0.00000E+00  0.00000E+00  0.00000E+00 
  5332   0.00000E+00  0.00000E+00  0.00000E+00 
  5333   0.00000E+00  0.00000E+00  0.00000E+00 
  5334   0.00000E+00  0.00000E+00  0.00000E+00 
  5335   0.00000E+00  0.00000E+00  0.00000E+00 
  5336   0.00000E+00  0.00000E+00  0.00000E+00 
  5337   0.00000E+00  0.00000E+00  0.00000E+00 
  5338   0.00000E+00  0.00000E+00  0.00000E+00 
  5339   0.00000E+00  0.00000E+00  0.00000E+00 
  5340   0.00000E+00  0.00000E+00  0.00000E+00 
  5341   0.00000E+00  0.00000E+00  0.00000E+00 
  5342   0.00000E+00  0.00000E+00  0.00000E+00 
  5343   0.00000E+00  0.00000E+00  0.00000E+00 
  5344   0.00000E+00  0.00000E+00  0.00000E+00 
  5345   0.00000E+00  0.00000E+00  0.00000E+00 
  5346   0.00000E+00  0.00000E+00  0.00000E+00 
  5347   0.00000E+00  0.00000E+00  0.00000E+00 
  5348  -9.26066E-04  1.15768E-03 -8.07109E-04 
  5349  -1.00864E-03  1.53198E-03 -8.99696E-04 
  5350  -8.38278E-04  1.49751E-03 -4.51920E-04 

 Rigid Airport Pavement
                   FAASR3D (version 1.0 ) compiled 04/15/19
 n o d a l   p r i n t   o u t   f o r   t i m e   s t e p     1  ( at time  1.0000E+00 )
   node     x-disp       y-disp       z-disp
  5351  -8.63779E-04  1.41659E-03 -3.77213E-04 
  5352  -7.43861E-04  1.57138E-03 -2.16833E-04 
  5353  -7.53081E-04  1.65758E-03 -2.04629E-04 
  5354  -7.18712E-04  1.77472E-03 -3.68473E-04 
  5355  -7.25868E-04  1.67386E-03 -3.43442E-04 
  5356  -8.32399E-04  1.74121E-03 -7.12322E-04 
  5357  -8.45219E-04  1.72829E-03 -7.08152E-04 
  5358  -8.83261E-04  1.19131E-03 -9.91970E-04 
  5359  -9.58933E-04  1.60172E-03 -1.07430E-03 
  5360  -7.93294E-04  1.57078E-03 -4.93006E-04 
  5361  -8.17993E-04  1.49376E-03 -4.20478E-04 
  5362  -7.05783E-04  1.64507E-03 -2.36076E-04 
  5363  -7.14207E-04  1.73775E-03 -2.20285E-04 
  5364  -6.80122E-04  1.86432E-03 -3.84286E-04 
  5365  -6.87764E-04  1.75847E-03 -3.58202E-04 
  5366  -7.93916E-04  1.82687E-03 -7.47184E-04 
  5367  -8.07124E-04  1.81337E-03 -7.41900E-04 
  5368  -8.43079E-04  1.23440E-03 -1.12634E-03 
  5369  -9.03677E-04  1.66951E-03 -1.21169E-03 
  5370  -7.46525E-04  1.63544E-03 -5.39975E-04 
  5371  -7.69208E-04  1.56577E-03 -4.63221E-04 
  5372  -6.62994E-04  1.72330E-03 -2.51377E-04 
  5373  -6.70818E-04  1.81910E-03 -2.33957E-04 
  5374  -6.39270E-04  1.94965E-03 -4.01216E-04 
  5375  -6.46944E-04  1.84103E-03 -3.73790E-04 
  5376  -7.50443E-04  1.91174E-03 -7.81661E-04 
  5377  -7.63553E-04  1.89589E-03 -7.75250E-04 
  5378  -7.98335E-04  1.28005E-03 -1.23203E-03 
  5379  -8.45983E-04  1.73705E-03 -1.31718E-03 
  5380  -6.96703E-04  1.69982E-03 -5.81784E-04 
  5381  -7.16596E-04  1.63427E-03 -5.01482E-04 
  5382  -6.16614E-04  1.79817E-03 -2.65592E-04 
  5383  -6.23764E-04  1.89785E-03 -2.46678E-04 
  5384  -5.95339E-04  2.03285E-03 -4.17891E-04 
  5385  -6.02786E-04  1.92101E-03 -3.89063E-04 
  5386  -7.02432E-04  1.99252E-03 -8.14997E-04 
  5387  -7.15034E-04  1.97480E-03 -8.07637E-04 
  5388  -7.45302E-04  1.32704E-03 -1.31177E-03 
  5389  -7.83287E-04  1.80332E-03 -1.39838E-03 
  5390  -6.43501E-04  1.76297E-03 -6.17698E-04 
  5391  -6.60123E-04  1.69901E-03 -5.33681E-04 
  5392  -5.67173E-04  1.86892E-03 -2.78543E-04 
  5393  -5.73494E-04  1.97281E-03 -2.58332E-04 
  5394  -5.48298E-04  2.11211E-03 -4.33763E-04 
  5395  -5.55348E-04  1.99668E-03 -4.03587E-04 
  5396  -6.49759E-04  2.06889E-03 -8.46757E-04 
  5397  -6.61696E-04  2.04977E-03 -8.38557E-04 
  5398  -6.84675E-04  1.37361E-03 -1.37301E-03 
  5399  -7.14514E-04  1.86675E-03 -1.46088E-03 
  5400  -5.86458E-04  1.82357E-03 -6.47207E-04 

 Rigid Airport Pavement
                   FAASR3D (version 1.0 ) compiled 04/15/19
 n o d a l   p r i n t   o u t   f o r   t i m e   s t e p     1  ( at time  1.0000E+00 )
   node     x-disp       y-disp       z-disp
  5401  -5.99907E-04  1.75967E-03 -5.59678E-04 
  5402  -5.14871E-04  1.93489E-03 -2.89917E-04 
  5403  -5.20327E-04  2.04278E-03 -2.68627E-04 
  5404  -4.98323E-04  2.18613E-03 -4.48583E-04 
  5405  -5.04846E-04  2.06712E-03 -4.17133E-04 
  5406  -5.92712E-04  2.14001E-03 -8.76582E-04 
  5407  -6.03804E-04  2.11976E-03 -8.67640E-04 
  5408  -6.16725E-04  1.41807E-03 -1.42018E-03 
  5409  -6.40227E-04  1.92570E-03 -1.50946E-03 
  5410  -5.25531E-04  1.88028E-03 -6.70681E-04 
  5411  -5.36169E-04  1.81562E-03 -5.80034E-04 
  5412  -4.59955E-04  1.99549E-03 -2.99692E-04 
  5413  -4.64522E-04  2.10686E-03 -2.77456E-04 
  5414  -4.45651E-04  2.25383E-03 -4.62143E-04 
  5415  -4.51538E-04  2.13147E-03 -4.29529E-04 
  5416  -5.31700E-04  2.20502E-03 -9.03877E-04 
  5417  -5.41757E-04  2.18378E-03 -8.94279E-04 
  5418  -5.42940E-04  1.45917E-03 -1.45672E-03 
  5419  -5.61191E-04  1.97889E-03 -1.54724E-03 
  5420  -4.61090E-04  1.93189E-03 -6.88962E-04 
  5421  -4.69299E-04  1.86616E-03 -5.95654E-04 
  5422  -4.02666E-04  2.05006E-03 -3.07792E-04 
  5423  -4.06356E-04  2.16427E-03 -2.84737E-04 
  5424  -3.90544E-04  2.31439E-03 -4.74263E-04 
  5425  -3.95714E-04  2.18903E-03 -4.40621E-04 
  5426  -4.67123E-04  2.26319E-03 -9.28313E-04 
  5427  -4.76044E-04  2.24104E-03 -9.18123E-04 
  5428  -4.64594E-04  1.49594E-03 -1.48459E-03 
  5429  -4.78402E-04  2.02538E-03 -1.57617E-03 
  5430  -3.93658E-04  1.97742E-03 -7.02849E-04 
  5431  -3.99776E-04  1.91063E-03 -6.07370E-04 
  5432  -3.43275E-04  2.09793E-03 -3.14229E-04 
  5433  -3.46150E-04  2.21434E-03 -2.90475E-04 
  5434  -3.33308E-04  2.36719E-03 -4.84770E-04 
  5435  -3.37699E-04  2.23922E-03 -4.50255E-04 
  5436  -3.99462E-04  2.31396E-03 -9.49726E-04 
  5437  -4.07143E-04  2.29094E-03 -9.38997E-04 
  5438  -3.82887E-04  1.52767E-03 -1.50519E-03 
  5439  -3.92789E-04  2.06452E-03 -1.59754E-03 
  5440  -3.23840E-04  2.01615E-03 -7.12876E-04 
  5441  -3.28128E-04  1.94847E-03 -6.15723E-04 
  5442  -2.82103E-04  2.13856E-03 -3.19225E-04 
  5443  -2.84243E-04  2.25655E-03 -2.94882E-04 
  5444  -2.74260E-04  2.41168E-03 -4.93553E-04 
  5445  -2.77841E-04  2.28157E-03 -4.58330E-04 
  5446  -3.29195E-04  2.35681E-03 -9.67791E-04 
  5447  -3.35553E-04  2.33298E-03 -9.56620E-04 
  5448  -2.98789E-04  1.55386E-03 -1.51929E-03 
  5449  -3.05152E-04  2.09590E-03 -1.61213E-03 
  5450  -2.52176E-04  2.04756E-03 -7.19564E-04 

 Rigid Airport Pavement
                   FAASR3D (version 1.0 ) compiled 04/15/19
 n o d a l   p r i n t   o u t   f o r   t i m e   s t e p     1  ( at time  1.0000E+00 )
   node     x-disp       y-disp       z-disp
  5451  -2.54876E-04  1.97923E-03 -6.21198E-04 
  5452  -2.19524E-04  2.17153E-03 -3.22832E-04 
  5453  -2.20983E-04  2.29051E-03 -2.98040E-04 
  5454  -2.13711E-04  2.44740E-03 -5.00582E-04 
  5455  -2.16474E-04  2.31569E-03 -4.64818E-04 
  5456  -2.56849E-04  2.39135E-03 -9.82340E-04 
  5457  -2.61816E-04  2.36679E-03 -9.70823E-04 
  5458  -2.13043E-04  1.57420E-03 -1.52741E-03 
  5459  -2.16155E-04  2.11930E-03 -1.62043E-03 
  5460  -1.79186E-04  2.07128E-03 -7.23343E-04 
  5461  -1.80485E-04  2.00256E-03 -6.24205E-04 
  5462  -1.55878E-04  2.19645E-03 -3.25188E-04 
  5463  -1.56732E-04  2.31590E-03 -3.00049E-04 
  5464  -1.52032E-04  2.47411E-03 -5.05820E-04 
  5465  -1.53955E-04  2.34127E-03 -4.69683E-04 
  5466  -1.82927E-04  2.41730E-03 -9.93216E-04 
  5467  -1.86447E-04  2.39206E-03 -9.81426E-04 
  5468  -1.26208E-04  1.58844E-03 -1.53004E-03 
  5469  -1.26337E-04  2.13455E-03 -1.62293E-03 
  5470  -1.05356E-04  2.08709E-03 -7.24474E-04 
  5471  -1.05385E-04  2.01824E-03 -6.24967E-04 
  5472  -9.15159E-05  2.21309E-03 -3.26428E-04 
  5473  -9.18154E-05  2.33256E-03 -3.01064E-04 
  5474  -8.95775E-05  2.49161E-03 -5.09223E-04 
  5475  -9.06541E-05  2.35814E-03 -4.72860E-04 
  5476  -1.07899E-04  2.43440E-03 -1.00032E-03 
  5477  -1.09946E-04  2.40863E-03 -9.88358E-04 
  5478  -3.87454E-05  1.59643E-03 -1.52757E-03 
  5479  -3.61170E-05  2.14159E-03 -1.62001E-03 
  5480  -3.10571E-05  2.09486E-03 -7.23247E-04 
  5481  -2.99414E-05  2.02615E-03 -6.23751E-04 
  5482  -2.67796E-05  2.22129E-03 -3.26595E-04 
  5483  -2.65694E-05  2.34036E-03 -3.01118E-04 
  5484  -2.66835E-05  2.49977E-03 -5.10775E-04 
  5485  -2.69220E-05  2.36618E-03 -4.74345E-04 
  5486  -3.22936E-05  2.44258E-03 -1.00364E-03 
  5487  -3.28660E-05  2.41639E-03 -9.91597E-04 
  5488   4.89376E-05  1.59804E-03 -1.52041E-03 
  5489   5.41290E-05  2.14039E-03 -1.61212E-03 
  5490   4.33680E-05  2.09452E-03 -7.19863E-04 
  5491   4.55073E-05  2.02623E-03 -6.20750E-04 
  5492   3.80200E-05  2.22101E-03 -3.25772E-04 
  5493   3.87125E-05  2.33927E-03 -3.00269E-04 
  5494   3.62842E-05  2.49857E-03 -5.10480E-04 
  5495   3.68713E-05  2.36537E-03 -4.74146E-04 
  5496   4.33943E-05  2.44184E-03 -1.00318E-03 
  5497   4.42893E-05  2.41536E-03 -9.91125E-04 
  5498   1.36574E-04  1.59326E-03 -1.50907E-03 
  5499   1.44050E-04  2.13098E-03 -1.59967E-03 
  5500   1.17560E-04  2.08602E-03 -7.14525E-04 

 Rigid Airport Pavement
                   FAASR3D (version 1.0 ) compiled 04/15/19
 n o d a l   p r i n t   o u t   f o r   t i m e   s t e p     1  ( at time  1.0000E+00 )
   node     x-disp       y-disp       z-disp
  5501   1.20665E-04  2.01849E-03 -6.16151E-04 
  5502   1.02569E-04  2.21229E-03 -3.23970E-04 
  5503   1.03732E-04  2.32936E-03 -2.98557E-04 
  5504   9.89702E-05  2.48807E-03 -5.08363E-04 
  5505   1.00368E-04  2.35576E-03 -4.72269E-04 
  5506   1.18681E-04  2.43221E-03 -9.98968E-04 
  5507   1.21039E-04  2.40558E-03 -9.86982E-04 
  5508   2.23773E-04  1.58206E-03 -1.49392E-03 
  5509   2.33283E-04  2.11340E-03 -1.58325E-03 
  5510   1.91214E-04  2.06944E-03 -7.07371E-04 
  5511   1.95229E-04  2.00304E-03 -6.10045E-04 
  5512   1.66550E-04  2.19522E-03 -3.21259E-04 
  5513   1.68162E-04  2.31073E-03 -2.96036E-04 
  5514   1.61039E-04  2.46842E-03 -5.04489E-04 
  5515   1.63238E-04  2.33747E-03 -4.68769E-04 
  5516   1.93070E-04  2.41384E-03 -9.91000E-04 
  5517   1.96871E-04  2.38717E-03 -9.79175E-04 
  5518   3.10182E-04  1.56421E-03 -1.47611E-03 
  5519   3.21676E-04  2.08778E-03 -1.56342E-03 
  5520   2.63918E-04  2.04522E-03 -6.98201E-04 
  5521   2.68827E-04  1.98015E-03 -6.02499E-04 
  5522   2.29705E-04  2.16984E-03 -3.17730E-04 
  5523   2.31743E-04  2.28351E-03 -2.92744E-04 
  5524   2.22102E-04  2.43986E-03 -4.98808E-04 
  5525   2.25114E-04  2.31070E-03 -4.63644E-04 
  5526   2.66105E-04  2.38684E-03 -9.79417E-04 
  5527   2.71303E-04  2.36034E-03 -9.67843E-04 
  5528   3.94598E-04  1.53999E-03 -1.45563E-03 
  5529   4.08892E-04  2.05471E-03 -1.54034E-03 
  5530   3.35685E-04  2.01332E-03 -6.87382E-04 
  5531   3.41360E-04  1.94954E-03 -5.93347E-04 
  5532   2.91498E-04  2.13645E-03 -3.13285E-04 
  5533   2.94088E-04  2.24814E-03 -2.88737E-04 
  5534   2.81913E-04  2.40274E-03 -4.91394E-04 
  5535   2.85701E-04  2.27573E-03 -4.56848E-04 
  5536   3.37335E-04  2.35140E-03 -9.64303E-04 
  5537   3.43923E-04  2.32525E-03 -9.53048E-04 
  5538   4.78652E-04  1.50941E-03 -1.42116E-03 
  5539   4.93915E-04  2.01601E-03 -1.50816E-03 
  5540   4.05180E-04  1.97378E-03 -6.76512E-04 
  5541   4.11882E-04  1.91087E-03 -5.83928E-04 
  5542   3.51896E-04  2.09590E-03 -3.07366E-04 
  5543   3.54957E-04  2.20527E-03 -2.83562E-04 
  5544   3.40088E-04  2.35697E-03 -4.82177E-04 
  5545   3.44614E-04  2.23271E-03 -4.48502E-04 
  5546   4.06312E-04  2.30833E-03 -9.45611E-04 
  5547   4.14155E-04  2.28243E-03 -9.34816E-04 
  5548  -1.15836E-03  1.84682E-03 -1.04848E-03 
  5549  -1.29684E-03  1.94655E-03 -1.09669E-03 
  5550  -9.18137E-04  1.58758E-03 -3.16807E-04 

 Rigid Airport Pavement
                   FAASR3D (version 1.0 ) compiled 04/15/19
 n o d a l   p r i n t   o u t   f o r   t i m e   s t e p     1  ( at time  1.0000E+00 )
   node     x-disp       y-disp       z-disp
  5551  -9.75861E-04  1.78917E-03 -3.10770E-04 
  5552  -7.71752E-04  1.61174E-03 -1.61149E-04 
  5553  -7.86912E-04  1.61757E-03 -1.49773E-04 
  5554  -7.34941E-04  1.64903E-03 -3.23149E-04 
  5555  -7.35259E-04  1.53536E-03 -2.91180E-04 
  5556  -8.55909E-04  1.59749E-03 -6.88947E-04 
  5557  -8.53736E-04  1.59172E-03 -6.86759E-04 
  5558  -1.09318E-03  1.96314E-03 -1.21348E-03 
  5559  -1.22424E-03  2.08856E-03 -1.25582E-03 
  5560  -8.71889E-04  1.68242E-03 -3.59100E-04 
  5561  -9.24702E-04  1.90805E-03 -3.52694E-04 
  5562  -7.31618E-04  1.69804E-03 -1.73158E-04 
  5563  -7.46539E-04  1.71244E-03 -1.60844E-04 
  5564  -6.97912E-04  1.73359E-03 -3.36517E-04 
  5565  -6.99640E-04  1.61673E-03 -3.03123E-04 
  5566  -8.18472E-04  1.67528E-03 -7.20576E-04 
  5567  -8.17942E-04  1.66779E-03 -7.17358E-04 
  5568  -1.02251E-03  2.06528E-03 -1.34788E-03 
  5569  -1.13932E-03  2.21799E-03 -1.38616E-03 
  5570  -8.17925E-04  1.77509E-03 -3.99689E-04 
  5571  -8.65894E-04  2.02033E-03 -3.92203E-04 
  5572  -6.87191E-04  1.78290E-03 -1.83939E-04 
  5573  -7.01043E-04  1.80454E-03 -1.71420E-04 
  5574  -6.57326E-04  1.81592E-03 -3.50367E-04 
  5575  -6.59701E-04  1.69631E-03 -3.15194E-04 
  5576  -7.75408E-04  1.75153E-03 -7.51970E-04 
  5577  -7.76071E-04  1.74222E-03 -7.47685E-04 
  5578  -9.46649E-04  2.16034E-03 -1.45486E-03 
  5579  -1.04682E-03  2.33545E-03 -1.49012E-03 
  5580  -7.58872E-04  1.86147E-03 -4.34574E-04 
  5581  -8.00897E-04  2.12466E-03 -4.26590E-04 
  5582  -6.38681E-04  1.86460E-03 -1.94149E-04 
  5583  -6.51074E-04  1.89210E-03 -1.81308E-04 
  5584  -6.12989E-04  1.89527E-03 -3.63971E-04 
  5585  -6.15603E-04  1.77278E-03 -3.27056E-04 
  5586  -7.26895E-04  1.82478E-03 -7.82508E-04 
  5587  -7.28334E-04  1.81397E-03 -7.77205E-04 
  5588  -8.66209E-04  2.24959E-03 -1.53785E-03 
  5589  -9.49623E-04  2.44137E-03 -1.57290E-03 
  5590  -6.95735E-04  1.94111E-03 -4.63411E-04 
  5591  -7.31209E-04  2.22023E-03 -4.54854E-04 
  5592  -5.86617E-04  1.94162E-03 -2.03453E-04 
  5593  -5.97282E-04  1.97381E-03 -1.90227E-04 
  5594  -5.65042E-04  1.97042E-03 -3.76974E-04 
  5595  -5.67649E-04  1.84497E-03 -3.38449E-04 
  5596  -6.73183E-04  1.89417E-03 -8.11656E-04 
  5597  -6.75074E-04  1.88203E-03 -8.05405E-04 
  5598  -7.81764E-04  2.33197E-03 -1.60318E-03 
  5599  -8.49600E-04  2.53605E-03 -1.63887E-03 
  5600  -6.29062E-04  2.01390E-03 -4.86265E-04 

 Rigid Airport Pavement
                   FAASR3D (version 1.0 ) compiled 04/15/19
 n o d a l   p r i n t   o u t   f o r   t i m e   s t e p     1  ( at time  1.0000E+00 )
   node     x-disp       y-disp       z-disp
  5601  -6.58043E-04  2.30661E-03 -4.77288E-04 
  5602  -5.31483E-04  2.01287E-03 -2.11558E-04 
  5603  -5.40288E-04  2.04874E-03 -1.97957E-04 
  5604  -5.13793E-04  2.04035E-03 -3.89149E-04 
  5605  -5.16207E-04  1.91188E-03 -3.49142E-04 
  5606  -6.14643E-04  1.95878E-03 -8.38997E-04 
  5607  -6.16732E-04  1.94545E-03 -8.31847E-04 
  5608  -6.93832E-04  2.40647E-03 -1.65465E-03 
  5609  -7.47830E-04  2.61966E-03 -1.69147E-03 
  5610  -5.59405E-04  2.07955E-03 -5.03866E-04 
  5611  -5.82341E-04  2.38349E-03 -4.94654E-04 
  5612  -4.73700E-04  2.07758E-03 -2.18392E-04 
  5613  -4.80656E-04  2.11623E-03 -2.04412E-04 
  5614  -4.59570E-04  2.10413E-03 -4.00311E-04 
  5615  -4.61678E-04  1.97270E-03 -3.58952E-04 
  5616  -5.51706E-04  2.01783E-03 -8.64093E-04 
  5617  -5.53823E-04  2.00343E-03 -8.56144E-04 
  5618  -6.03059E-04  2.47219E-03 -1.69508E-03 
  5619  -6.44978E-04  2.69221E-03 -1.73311E-03 
  5620  -4.87285E-04  2.13772E-03 -5.17153E-04 
  5621  -5.04816E-04  2.45065E-03 -5.07826E-04 
  5622  -4.13649E-04  2.13513E-03 -2.23945E-04 
  5623  -4.18884E-04  2.17578E-03 -2.09628E-04 
  5624  -4.02716E-04  2.16104E-03 -4.10309E-04 
  5625  -4.04465E-04  2.02679E-03 -3.67726E-04 
  5626  -4.84901E-04  2.07067E-03 -8.86600E-04 
  5627  -4.86900E-04  2.05525E-03 -8.77967E-04 
  5628  -5.10073E-04  2.52854E-03 -1.72623E-03 
  5629  -5.41497E-04  2.75371E-03 -1.76537E-03 
  5630  -4.13169E-04  2.18804E-03 -5.26957E-04 
  5631  -4.25999E-04  2.50793E-03 -5.17577E-04 
  5632  -3.51712E-04  2.18504E-03 -2.28267E-04 
  5633  -3.55412E-04  2.22702E-03 -2.13702E-04 
  5634  -3.43591E-04  2.21049E-03 -4.19004E-04 
  5635  -3.44971E-04  2.07367E-03 -3.75356E-04 
  5636  -4.14784E-04  2.11672E-03 -9.06316E-04 
  5637  -4.16542E-04  2.10039E-03 -8.97067E-04 
  5638  -4.15476E-04  2.57514E-03 -1.74928E-03 
  5639  -4.37732E-04  2.80410E-03 -1.78933E-03 
  5640  -3.37537E-04  2.23020E-03 -5.33852E-04 
  5641  -3.46310E-04  2.55520E-03 -5.24489E-04 
  5642  -2.88259E-04  2.22689E-03 -2.31515E-04 
  5643  -2.90627E-04  2.26969E-03 -2.16755E-04 
  5644  -2.82579E-04  2.25205E-03 -4.26296E-04 
  5645  -2.83594E-04  2.11294E-03 -3.81761E-04 
  5646  -3.41875E-04  2.15555E-03 -9.23005E-04 
  5647  -3.43336E-04  2.13840E-03 -9.13228E-04 
  5648  -3.19795E-04  2.61176E-03 -1.76498E-03 
  5649  -3.33977E-04  2.84338E-03 -1.80573E-03 
  5650  -2.60812E-04  2.26391E-03 -5.38289E-04 

 Rigid Airport Pavement
                   FAASR3D (version 1.0 ) compiled 04/15/19
 n o d a l   p r i n t   o u t   f o r   t i m e   s t e p     1  ( at time  1.0000E+00 )
   node     x-disp       y-disp       z-disp
  5651  -2.66099E-04  2.59239E-03 -5.28995E-04 
  5652  -2.23618E-04  2.26039E-03 -2.33812E-04 
  5653  -2.24870E-04  2.30358E-03 -2.18913E-04 
  5654  -2.20071E-04  2.28537E-03 -4.32136E-04 
  5655  -2.20719E-04  2.14435E-03 -3.86886E-04 
  5656  -2.66722E-04  2.18681E-03 -9.36469E-04 
  5657  -2.67857E-04  2.16894E-03 -9.26266E-04 
  5658  -2.23523E-04  2.63831E-03 -1.77385E-03 
  5659  -2.30504E-04  2.87157E-03 -1.81508E-03 
  5660  -1.83376E-04  2.28896E-03 -5.40620E-04 
  5661  -1.85655E-04  2.61945E-03 -5.31409E-04 
  5662  -1.58129E-04  2.28533E-03 -2.35237E-04 
  5663  -1.58455E-04  2.32858E-03 -2.20276E-04 
  5664  -1.56404E-04  2.31023E-03 -4.36501E-04 
  5665  -1.56733E-04  2.16771E-03 -3.90704E-04 
  5666  -1.89881E-04  2.21024E-03 -9.46561E-04 
  5667  -1.90684E-04  2.19179E-03 -9.36051E-04 
  5668  -1.27059E-04  2.65474E-03 -1.77636E-03 
  5669  -1.27565E-04  2.88876E-03 -1.81786E-03 
  5670  -1.05564E-04  2.30524E-03 -5.41077E-04 
  5671  -1.05245E-04  2.63639E-03 -5.31971E-04 
  5672  -9.21172E-05  2.30157E-03 -2.35907E-04 
  5673  -9.16784E-05  2.34463E-03 -2.20924E-04 
  5674  -9.19609E-05  2.32647E-03 -4.39349E-04 
  5675  -9.20056E-05  2.18291E-03 -3.93190E-04 
  5676  -1.11926E-04  2.22566E-03 -9.53211E-04 
  5677  -1.12364E-04  2.20680E-03 -9.42514E-04 
  5678  -3.07463E-05  2.66110E-03 -1.77291E-03 
  5679  -2.53828E-05  2.89504E-03 -1.81447E-03 
  5680  -2.76971E-05  2.31271E-03 -5.39873E-04 
  5681  -2.51040E-05  2.64329E-03 -5.30874E-04 
  5682  -2.58712E-05  2.30905E-03 -2.35878E-04 
  5683  -2.48065E-05  2.35173E-03 -2.20916E-04 
  5684  -2.71084E-05  2.33402E-03 -4.40659E-04 
  5685  -2.69053E-05  2.18991E-03 -3.94329E-04 
  5686  -3.33662E-05  2.23299E-03 -9.56383E-04 
  5687  -3.34391E-05  2.21387E-03 -9.45595E-04 
  5688   6.51051E-05  2.65744E-03 -1.76391E-03 
  5689   7.58361E-05  2.89060E-03 -1.80532E-03 
  5690   4.99470E-05  2.31139E-03 -5.37186E-04 
  5691   5.45580E-05  2.64026E-03 -5.28297E-04 
  5692   4.03134E-05  2.30777E-03 -2.35189E-04 
  5693   4.19009E-05  2.34993E-03 -2.20300E-04 
  5694   3.77810E-05  2.33286E-03 -4.40448E-04 
  5695   3.82096E-05  2.18874E-03 -3.94132E-04 
  5696   4.52681E-05  2.23223E-03 -9.56035E-04 
  5697   4.55568E-05  2.21301E-03 -9.45270E-04 
  5698   1.60230E-04  2.64390E-03 -1.74986E-03 
  5699   1.75909E-04  2.87565E-03 -1.79084E-03 
  5700   1.27115E-04  2.30137E-03 -5.33164E-04 

 Rigid Airport Pavement
                   FAASR3D (version 1.0 ) compiled 04/15/19
 n o d a l   p r i n t   o u t   f o r   t i m e   s t e p     1  ( at time  1.0000E+00 )
   node     x-disp       y-disp       z-disp
  5701   1.33559E-04  2.62747E-03 -5.24378E-04 
  5702   1.06169E-04  2.29783E-03 -2.33896E-04 
  5703   1.08198E-04  2.33934E-03 -2.19126E-04 
  5704   1.02355E-04  2.32309E-03 -4.38717E-04 
  5705   1.02997E-04  2.17945E-03 -3.92601E-04 
  5706   1.23475E-04  2.22343E-03 -9.52221E-04 
  5707   1.24112E-04  2.20426E-03 -9.41566E-04 
  5708   2.54386E-04  2.62071E-03 -1.73115E-03 
  5709   2.74714E-04  2.85045E-03 -1.77152E-03 
  5710   2.03582E-04  2.28284E-03 -5.27971E-04 
  5711   2.11747E-04  2.60512E-03 -5.19251E-04 
  5712   1.71416E-04  2.27932E-03 -2.32013E-04 
  5713   1.73867E-04  2.32011E-03 -2.17412E-04 
  5714   1.66265E-04  2.30479E-03 -4.35497E-04 
  5715   1.67114E-04  2.16216E-03 -3.89756E-04 
  5716   2.00728E-04  2.20667E-03 -9.44961E-04 
  5717   2.01716E-04  2.18772E-03 -9.34524E-04 
  5718   3.47232E-04  2.58824E-03 -1.70841E-03 
  5719   3.72210E-04  2.81534E-03 -1.74787E-03 
  5720   2.79172E-04  2.25591E-03 -5.21624E-04 
  5721   2.88991E-04  2.57345E-03 -5.12982E-04 
  5722   2.35792E-04  2.25245E-03 -2.29587E-04 
  5723   2.38693E-04  2.29242E-03 -2.15185E-04 
  5724   2.29194E-04  2.27819E-03 -4.30802E-04 
  5725   2.30228E-04  2.13705E-03 -3.85617E-04 
  5726   2.76565E-04  2.18212E-03 -9.34340E-04 
  5727   2.77874E-04  2.16360E-03 -9.24223E-04 
  5728   4.39107E-04  2.54721E-03 -1.68196E-03 
  5729   4.68404E-04  2.77068E-03 -1.72015E-03 
  5730   3.53457E-04  2.22073E-03 -5.14044E-04 
  5731   3.65196E-04  2.53274E-03 -5.05646E-04 
  5732   2.99063E-04  2.21738E-03 -2.26611E-04 
  5733   3.02479E-04  2.25646E-03 -2.12417E-04 
  5734   2.90775E-04  2.24361E-03 -4.24651E-04 
  5735   2.92006E-04  2.10433E-03 -3.80218E-04 
  5736   3.50521E-04  2.14995E-03 -9.20416E-04 
  5737   3.52093E-04  2.13210E-03 -9.10746E-04 
  5738   5.29023E-04  2.49824E-03 -1.65012E-03 
  5739   5.63335E-04  2.71676E-03 -1.68835E-03 
  5740   4.26315E-04  2.17718E-03 -5.06061E-04 
  5741   4.40334E-04  2.48318E-03 -4.97353E-04 
  5742   3.60915E-04  2.17484E-03 -2.22844E-04 
  5743   3.65037E-04  2.21254E-03 -2.09004E-04 
  5744   3.50689E-04  2.20094E-03 -4.17143E-04 
  5745   3.52103E-04  2.06414E-03 -3.73627E-04 
  5746   4.21976E-04  2.11087E-03 -9.03350E-04 
  5747   4.23846E-04  2.09369E-03 -8.94246E-04 
  5748   0.00000E+00  0.00000E+00  0.00000E+00 
  5749   0.00000E+00  0.00000E+00  0.00000E+00 
  5750   0.00000E+00  0.00000E+00  0.00000E+00 

 Rigid Airport Pavement
                   FAASR3D (version 1.0 ) compiled 04/15/19
 n o d a l   p r i n t   o u t   f o r   t i m e   s t e p     1  ( at time  1.0000E+00 )
   node     x-disp       y-disp       z-disp
  5751   0.00000E+00  0.00000E+00  0.00000E+00 
  5752   0.00000E+00  0.00000E+00  0.00000E+00 
  5753   0.00000E+00  0.00000E+00  0.00000E+00 
  5754   0.00000E+00  0.00000E+00  0.00000E+00 
  5755   0.00000E+00  0.00000E+00  0.00000E+00 
  5756   0.00000E+00  0.00000E+00  0.00000E+00 
  5757   0.00000E+00  0.00000E+00  0.00000E+00 
  5758   0.00000E+00  0.00000E+00  0.00000E+00 
  5759   0.00000E+00  0.00000E+00  0.00000E+00 
  5760   0.00000E+00  0.00000E+00  0.00000E+00 
  5761   0.00000E+00  0.00000E+00  0.00000E+00 
  5762   0.00000E+00  0.00000E+00  0.00000E+00 
  5763   0.00000E+00  0.00000E+00  0.00000E+00 
  5764   0.00000E+00  0.00000E+00  0.00000E+00 
  5765   0.00000E+00  0.00000E+00  0.00000E+00 
  5766   0.00000E+00  0.00000E+00  0.00000E+00 
  5767   0.00000E+00  0.00000E+00  0.00000E+00 
  5768   0.00000E+00  0.00000E+00  0.00000E+00 
  5769   0.00000E+00  0.00000E+00  0.00000E+00 
  5770   0.00000E+00  0.00000E+00  0.00000E+00 
  5771   0.00000E+00  0.00000E+00  0.00000E+00 
  5772   0.00000E+00  0.00000E+00  0.00000E+00 
  5773   0.00000E+00  0.00000E+00  0.00000E+00 
  5774   0.00000E+00  0.00000E+00  0.00000E+00 
  5775   0.00000E+00  0.00000E+00  0.00000E+00 
  5776   0.00000E+00  0.00000E+00  0.00000E+00 
  5777   0.00000E+00  0.00000E+00  0.00000E+00 
  5778   0.00000E+00  0.00000E+00  0.00000E+00 
  5779   0.00000E+00  0.00000E+00  0.00000E+00 
  5780   0.00000E+00  0.00000E+00  0.00000E+00 
  5781   0.00000E+00  0.00000E+00  0.00000E+00 
  5782   0.00000E+00  0.00000E+00  0.00000E+00 
  5783   0.00000E+00  0.00000E+00  0.00000E+00 
  5784   0.00000E+00  0.00000E+00  0.00000E+00 
  5785   0.00000E+00  0.00000E+00  0.00000E+00 
  5786   0.00000E+00  0.00000E+00  0.00000E+00 
  5787   0.00000E+00  0.00000E+00  0.00000E+00 
  5788   0.00000E+00  0.00000E+00  0.00000E+00 
  5789   0.00000E+00  0.00000E+00  0.00000E+00 
  5790   0.00000E+00  0.00000E+00  0.00000E+00 
  5791   0.00000E+00  0.00000E+00  0.00000E+00 
  5792   0.00000E+00  0.00000E+00  0.00000E+00 
  5793   0.00000E+00  0.00000E+00  0.00000E+00 
  5794   0.00000E+00  0.00000E+00  0.00000E+00 
  5795   0.00000E+00  0.00000E+00  0.00000E+00 
  5796   0.00000E+00  0.00000E+00  0.00000E+00 
  5797   0.00000E+00  0.00000E+00  0.00000E+00 
  5798   0.00000E+00  0.00000E+00  0.00000E+00 
  5799   0.00000E+00  0.00000E+00  0.00000E+00 
  5800   0.00000E+00  0.00000E+00  0.00000E+00 

 Rigid Airport Pavement
                   FAASR3D (version 1.0 ) compiled 04/15/19
 n o d a l   p r i n t   o u t   f o r   t i m e   s t e p     1  ( at time  1.0000E+00 )
   node     x-disp       y-disp       z-disp
  5801   0.00000E+00  0.00000E+00  0.00000E+00 
  5802   0.00000E+00  0.00000E+00  0.00000E+00 
  5803   0.00000E+00  0.00000E+00  0.00000E+00 
  5804   0.00000E+00  0.00000E+00  0.00000E+00 
  5805   0.00000E+00  0.00000E+00  0.00000E+00 
  5806   0.00000E+00  0.00000E+00  0.00000E+00 
  5807   0.00000E+00  0.00000E+00  0.00000E+00 
  5808   0.00000E+00  0.00000E+00  0.00000E+00 
  5809   0.00000E+00  0.00000E+00  0.00000E+00 
  5810   0.00000E+00  0.00000E+00  0.00000E+00 
  5811   0.00000E+00  0.00000E+00  0.00000E+00 
  5812   0.00000E+00  0.00000E+00  0.00000E+00 
  5813   0.00000E+00  0.00000E+00  0.00000E+00 
  5814   0.00000E+00  0.00000E+00  0.00000E+00 
  5815   0.00000E+00  0.00000E+00  0.00000E+00 
  5816   0.00000E+00  0.00000E+00  0.00000E+00 
  5817   0.00000E+00  0.00000E+00  0.00000E+00 
  5818   0.00000E+00  0.00000E+00  0.00000E+00 
  5819   0.00000E+00  0.00000E+00  0.00000E+00 
  5820   0.00000E+00  0.00000E+00  0.00000E+00 
  5821   0.00000E+00  0.00000E+00  0.00000E+00 
  5822   0.00000E+00  0.00000E+00  0.00000E+00 
  5823   0.00000E+00  0.00000E+00  0.00000E+00 
  5824   0.00000E+00  0.00000E+00  0.00000E+00 
  5825   0.00000E+00  0.00000E+00  0.00000E+00 
  5826   0.00000E+00  0.00000E+00  0.00000E+00 
  5827   0.00000E+00  0.00000E+00  0.00000E+00 
  5828   0.00000E+00  0.00000E+00  0.00000E+00 
  5829   0.00000E+00  0.00000E+00  0.00000E+00 
  5830   0.00000E+00  0.00000E+00  0.00000E+00 
  5831   0.00000E+00  0.00000E+00  0.00000E+00 
  5832   0.00000E+00  0.00000E+00  0.00000E+00 
  5833   0.00000E+00  0.00000E+00  0.00000E+00 
  5834   0.00000E+00  0.00000E+00  0.00000E+00 
  5835   0.00000E+00  0.00000E+00  0.00000E+00 
  5836   0.00000E+00  0.00000E+00  0.00000E+00 
  5837   0.00000E+00  0.00000E+00  0.00000E+00 
  5838   0.00000E+00  0.00000E+00  0.00000E+00 
  5839   0.00000E+00  0.00000E+00  0.00000E+00 
  5840   0.00000E+00  0.00000E+00  0.00000E+00 
  5841   0.00000E+00  0.00000E+00  0.00000E+00 
  5842   0.00000E+00  0.00000E+00  0.00000E+00 
  5843   0.00000E+00  0.00000E+00  0.00000E+00 
  5844   0.00000E+00  0.00000E+00  0.00000E+00 
  5845   0.00000E+00  0.00000E+00  0.00000E+00 
  5846   0.00000E+00  0.00000E+00  0.00000E+00 
  5847   0.00000E+00  0.00000E+00  0.00000E+00 
  5848   1.02718E-03  0.00000E+00 -6.78675E-03 
  5849   1.09936E-03  0.00000E+00 -6.51862E-03 
  5850   1.02534E-03  1.24208E-04 -6.76436E-03 

 Rigid Airport Pavement
                   FAASR3D (version 1.0 ) compiled 04/15/19
 n o d a l   p r i n t   o u t   f o r   t i m e   s t e p     1  ( at time  1.0000E+00 )
   node     x-disp       y-disp       z-disp
  5851   1.09784E-03  1.35681E-04 -6.50257E-03 
  5852   1.02009E-03  2.49795E-04 -6.73516E-03 
  5853   1.09246E-03  2.68266E-04 -6.47236E-03 
  5854   1.01150E-03  3.74618E-04 -6.68534E-03 
  5855   1.08354E-03  4.02481E-04 -6.42539E-03 
  5856   9.98949E-04  5.00664E-04 -6.61680E-03 
  5857   1.07115E-03  5.37126E-04 -6.35768E-03 
  5858   9.82716E-04  6.27742E-04 -6.52764E-03 
  5859   1.05588E-03  6.64268E-04 -6.28058E-03 
  5860   9.61161E-04  7.50271E-04 -6.45988E-03 
  5861   1.04441E-03  7.98619E-04 -6.20750E-03 
  5862   1.21227E-03  0.00000E+00 -6.56087E-03 
  5863   1.28653E-03  0.00000E+00 -6.30838E-03 
  5864   1.21025E-03  1.18746E-04 -6.53926E-03 
  5865   1.28431E-03  1.30067E-04 -6.29261E-03 
  5866   1.20409E-03  2.38765E-04 -6.51036E-03 
  5867   1.27802E-03  2.57067E-04 -6.26271E-03 
  5868   1.19377E-03  3.58289E-04 -6.46112E-03 
  5869   1.26754E-03  3.85669E-04 -6.21608E-03 
  5870   1.17960E-03  4.78142E-04 -6.39328E-03 
  5871   1.25302E-03  5.14207E-04 -6.14986E-03 
  5872   1.16130E-03  5.99671E-04 -6.30504E-03 
  5873   1.23422E-03  6.37515E-04 -6.07053E-03 
  5874   1.13930E-03  7.17070E-04 -6.23645E-03 
  5875   1.21054E-03  7.65797E-04 -5.99260E-03 
  5876   1.35781E-03  0.00000E+00 -6.33288E-03 
  5877   1.43648E-03  0.00000E+00 -6.10471E-03 
  5878   1.35555E-03  1.12604E-04 -6.31184E-03 
  5879   1.43413E-03  1.23679E-04 -6.08931E-03 
  5880   1.34866E-03  2.26410E-04 -6.28331E-03 
  5881   1.42708E-03  2.44393E-04 -6.05978E-03 
  5882   1.33720E-03  3.39642E-04 -6.23473E-03 
  5883   1.41535E-03  3.66626E-04 -6.01363E-03 
  5884   1.32117E-03  4.53444E-04 -6.16775E-03 
  5885   1.39900E-03  4.88886E-04 -5.94799E-03 
  5886   1.30063E-03  5.68277E-04 -6.08062E-03 
  5887   1.37808E-03  6.06047E-04 -5.86998E-03 
  5888   1.27563E-03  6.79551E-04 -6.01177E-03 
  5889   1.35277E-03  7.27791E-04 -5.79315E-03 
  5890   1.46600E-03  0.00000E+00 -6.12417E-03 
  5891   1.55483E-03  0.00000E+00 -5.88997E-03 
  5892   1.46354E-03  1.05915E-04 -6.10312E-03 
  5893   1.55228E-03  1.16911E-04 -5.87471E-03 
  5894   1.45612E-03  2.13093E-04 -6.07504E-03 
  5895   1.54459E-03  2.30745E-04 -5.84573E-03 
  5896   1.44382E-03  3.19600E-04 -6.02717E-03 
  5897   1.53183E-03  3.46127E-04 -5.80039E-03 
  5898   1.42643E-03  4.26549E-04 -5.96112E-03 
  5899   1.51388E-03  4.61455E-04 -5.73586E-03 
  5900   1.40426E-03  5.34800E-04 -5.87504E-03 

 Rigid Airport Pavement
                   FAASR3D (version 1.0 ) compiled 04/15/19
 n o d a l   p r i n t   o u t   f o r   t i m e   s t e p     1  ( at time  1.0000E+00 )
   node     x-disp       y-disp       z-disp
  5901   1.49099E-03  5.71496E-04 -5.65887E-03 
  5902   1.37718E-03  6.39009E-04 -5.80781E-03 
  5903   1.46300E-03  6.86413E-04 -5.58328E-03 
  5904   1.57045E-03  0.00000E+00 -5.96627E-03 
  5905   1.57046E-03  0.00000E+00 -5.77407E-03 
  5906   1.56750E-03  9.90374E-05 -5.94348E-03 
  5907   1.56857E-03  1.10091E-04 -5.75772E-03 
  5908   1.55952E-03  1.99321E-04 -5.91594E-03 
  5909   1.56086E-03  2.16392E-04 -5.72849E-03 
  5910   1.54616E-03  2.98877E-04 -5.86870E-03 
  5911   1.54784E-03  3.24650E-04 -5.68371E-03 
  5912   1.52787E-03  3.98972E-04 -5.80354E-03 
  5913   1.52965E-03  4.32877E-04 -5.61916E-03 
  5914   1.50424E-03  5.00028E-04 -5.71805E-03 
  5915   1.50589E-03  5.34434E-04 -5.54387E-03 
  5916   1.47626E-03  5.96810E-04 -5.65745E-03 
  5917   1.47511E-03  6.42404E-04 -5.47274E-03 
  5918   1.41632E-03  0.00000E+00 -5.88424E-03 
  5919   1.88238E-03  0.00000E+00 -5.44715E-03 
  5920   1.41426E-03  9.14620E-05 -5.85351E-03 
  5921   1.87865E-03  1.02849E-04 -5.42724E-03 
  5922   1.40720E-03  1.85127E-04 -5.82689E-03 
  5923   1.86909E-03  2.01264E-04 -5.39958E-03 
  5924   1.39536E-03  2.77564E-04 -5.78011E-03 
  5925   1.85324E-03  3.01791E-04 -5.35738E-03 
  5926   1.37864E-03  3.70394E-04 -5.71577E-03 
  5927   1.83102E-03  4.02190E-04 -5.29654E-03 
  5928   1.35684E-03  4.65585E-04 -5.62939E-03 
  5929   1.80260E-03  4.94787E-04 -5.22597E-03 
  5930   1.32920E-03  5.53309E-04 -5.59447E-03 
  5931   1.76949E-03  5.95537E-04 -5.17353E-03 
  5932   1.21138E-03  0.00000E+00 -6.00322E-03 
  5933   1.29831E-03  0.00000E+00 -5.47407E-03 
  5934   1.20966E-03  1.49307E-04 -5.99304E-03 
  5935   1.29643E-03  1.58691E-04 -5.46574E-03 
  5936   1.20416E-03  2.97138E-04 -5.96542E-03 
  5937   1.29079E-03  3.16783E-04 -5.44128E-03 
  5938   1.19502E-03  4.44058E-04 -5.92133E-03 
  5939   1.28143E-03  4.73789E-04 -5.40210E-03 
  5940   1.18255E-03  5.88156E-04 -5.86237E-03 
  5941   1.26837E-03  6.29557E-04 -5.34992E-03 
  5942   1.16690E-03  7.31486E-04 -5.79437E-03 
  5943   1.25169E-03  7.84173E-04 -5.28602E-03 
  5944   1.15014E-03  8.78506E-04 -5.71508E-03 
  5945   1.23143E-03  9.37730E-04 -5.21004E-03 
  5946   1.42280E-03  0.00000E+00 -5.82617E-03 
  5947   1.54190E-03  0.00000E+00 -5.31611E-03 
  5948   1.42059E-03  1.43494E-04 -5.81607E-03 
  5949   1.53963E-03  1.52704E-04 -5.30783E-03 
  5950   1.41403E-03  2.85501E-04 -5.78851E-03 

 Rigid Airport Pavement
                   FAASR3D (version 1.0 ) compiled 04/15/19
 n o d a l   p r i n t   o u t   f o r   t i m e   s t e p     1  ( at time  1.0000E+00 )
   node     x-disp       y-disp       z-disp
  5951   1.53284E-03  3.04819E-04 -5.28353E-03 
  5952   1.40319E-03  4.26559E-04 -5.74487E-03 
  5953   1.52158E-03  4.55910E-04 -5.24450E-03 
  5954   1.38805E-03  5.65796E-04 -5.68618E-03 
  5955   1.50589E-03  6.05795E-04 -5.19221E-03 
  5956   1.36954E-03  7.03738E-04 -5.61570E-03 
  5957   1.48589E-03  7.54479E-04 -5.12783E-03 
  5958   1.34686E-03  8.44298E-04 -5.53453E-03 
  5959   1.46158E-03  9.02029E-04 -5.05165E-03 
  5960   1.61162E-03  0.00000E+00 -5.64848E-03 
  5961   1.79335E-03  0.00000E+00 -5.16357E-03 
  5962   1.60907E-03  1.36797E-04 -5.63853E-03 
  5963   1.79066E-03  1.45631E-04 -5.15536E-03 
  5964   1.60153E-03  2.72134E-04 -5.61128E-03 
  5965   1.78260E-03  2.90698E-04 -5.13123E-03 
  5966   1.58903E-03  4.06581E-04 -5.56799E-03 
  5967   1.76923E-03  4.34781E-04 -5.09241E-03 
  5968   1.57162E-03  5.39229E-04 -5.50968E-03 
  5969   1.75062E-03  5.77699E-04 -5.04026E-03 
  5970   1.54918E-03  6.70908E-04 -5.43960E-03 
  5971   1.72685E-03  7.19462E-04 -4.97589E-03 
  5972   1.52195E-03  8.04624E-04 -5.35832E-03 
  5973   1.69803E-03  8.60085E-04 -4.89962E-03 
  5974   1.74585E-03  0.00000E+00 -5.47685E-03 
  5975   2.06824E-03  0.00000E+00 -4.99112E-03 
  5976   1.74319E-03  1.29438E-04 -5.46697E-03 
  5977   2.06507E-03  1.37439E-04 -4.98303E-03 
  5978   1.73505E-03  2.57379E-04 -5.44006E-03 
  5979   2.05558E-03  2.74332E-04 -4.95931E-03 
  5980   1.72132E-03  3.84401E-04 -5.39731E-03 
  5981   2.03983E-03  4.10284E-04 -4.92116E-03 
  5982   1.70209E-03  5.09637E-04 -5.33978E-03 
  5983   2.01789E-03  5.45146E-04 -4.86995E-03 
  5984   1.67722E-03  6.33772E-04 -5.27074E-03 
  5985   1.98987E-03  6.78932E-04 -4.80668E-03 
  5986   1.64712E-03  7.60287E-04 -5.19063E-03 
  5987   1.95596E-03  8.11670E-04 -4.73147E-03 
  5988   1.95518E-03  0.00000E+00 -5.25319E-03 
  5989   2.37272E-03  0.00000E+00 -4.68171E-03 
  5990   1.95230E-03  1.21494E-04 -5.24344E-03 
  5991   2.36902E-03  1.28064E-04 -4.67403E-03 
  5992   1.94294E-03  2.41311E-04 -5.21701E-03 
  5993   2.35791E-03  2.55604E-04 -4.65153E-03 
  5994   1.92727E-03  3.60130E-04 -5.17558E-03 
  5995   2.33948E-03  3.82249E-04 -4.61552E-03 
  5996   1.90521E-03  4.76847E-04 -5.12000E-03 
  5997   2.31386E-03  5.07908E-04 -4.56741E-03 
  5998   1.87682E-03  5.92618E-04 -5.05426E-03 
  5999   2.28120E-03  6.32644E-04 -4.50806E-03 
  6000   1.84169E-03  7.11440E-04 -4.97742E-03 

 Rigid Airport Pavement
                   FAASR3D (version 1.0 ) compiled 04/15/19
 n o d a l   p r i n t   o u t   f o r   t i m e   s t e p     1  ( at time  1.0000E+00 )
   node     x-disp       y-disp       z-disp
  6001   2.24170E-03  7.56484E-04 -4.43702E-03 
  6002   2.39762E-03  0.00000E+00 -4.65905E-03 
  6003   2.66854E-03  0.00000E+00 -4.01088E-03 
  6004   2.39338E-03  1.12587E-04 -4.64928E-03 
  6005   2.66429E-03  1.17472E-04 -4.00424E-03 
  6006   2.38137E-03  2.22965E-04 -4.62571E-03 
  6007   2.65161E-03  2.34450E-04 -3.98503E-03 
  6008   2.36169E-03  3.32527E-04 -4.58918E-03 
  6009   2.63062E-03  3.50618E-04 -3.95446E-03 
  6010   2.33439E-03  4.39984E-04 -4.54030E-03 
  6011   2.60148E-03  4.65897E-04 -3.91373E-03 
  6012   2.29986E-03  5.45823E-04 -4.48328E-03 
  6013   2.56442E-03  5.80410E-04 -3.86366E-03 
  6014   2.25844E-03  6.56016E-04 -4.41981E-03 
  6015   2.51962E-03  6.94308E-04 -3.80380E-03 
  6016   0.00000E+00  0.00000E+00  0.00000E+00 
  6017   0.00000E+00  0.00000E+00  0.00000E+00 
  6018   0.00000E+00  0.00000E+00  0.00000E+00 
  6019   0.00000E+00  0.00000E+00  0.00000E+00 
  6020   0.00000E+00  0.00000E+00  0.00000E+00 
  6021   0.00000E+00  0.00000E+00  0.00000E+00 
  6022   0.00000E+00  0.00000E+00  0.00000E+00 
  6023   0.00000E+00  0.00000E+00  0.00000E+00 
  6024   0.00000E+00  0.00000E+00  0.00000E+00 
  6025   0.00000E+00  0.00000E+00  0.00000E+00 
  6026   0.00000E+00  0.00000E+00  0.00000E+00 
  6027   0.00000E+00  0.00000E+00  0.00000E+00 
  6028   0.00000E+00  0.00000E+00  0.00000E+00 
  6029   0.00000E+00  0.00000E+00  0.00000E+00 
  6030   0.00000E+00  0.00000E+00  0.00000E+00 
  6031   0.00000E+00  0.00000E+00  0.00000E+00 
  6032   0.00000E+00  0.00000E+00  0.00000E+00 
  6033   0.00000E+00  0.00000E+00  0.00000E+00 
  6034   0.00000E+00  0.00000E+00  0.00000E+00 
  6035   0.00000E+00  0.00000E+00  0.00000E+00 
  6036   0.00000E+00  0.00000E+00  0.00000E+00 
  6037   0.00000E+00  0.00000E+00  0.00000E+00 
  6038   0.00000E+00  0.00000E+00  0.00000E+00 
  6039   0.00000E+00  0.00000E+00  0.00000E+00 
  6040   0.00000E+00  0.00000E+00  0.00000E+00 
  6041   0.00000E+00  0.00000E+00  0.00000E+00 
  6042   0.00000E+00  0.00000E+00  0.00000E+00 
  6043   0.00000E+00  0.00000E+00  0.00000E+00 
  6044   0.00000E+00  0.00000E+00  0.00000E+00 
  6045   0.00000E+00  0.00000E+00  0.00000E+00 
  6046   0.00000E+00  0.00000E+00  0.00000E+00 
  6047   0.00000E+00  0.00000E+00  0.00000E+00 
  6048   0.00000E+00  0.00000E+00  0.00000E+00 
  6049   0.00000E+00  0.00000E+00  0.00000E+00 
  6050   0.00000E+00  0.00000E+00  0.00000E+00 

 Rigid Airport Pavement
                   FAASR3D (version 1.0 ) compiled 04/15/19
 n o d a l   p r i n t   o u t   f o r   t i m e   s t e p     1  ( at time  1.0000E+00 )
   node     x-disp       y-disp       z-disp
  6051   0.00000E+00  0.00000E+00  0.00000E+00 
  6052   0.00000E+00  0.00000E+00  0.00000E+00 
  6053   0.00000E+00  0.00000E+00  0.00000E+00 
  6054   0.00000E+00  0.00000E+00  0.00000E+00 
  6055   0.00000E+00  0.00000E+00  0.00000E+00 
  6056   0.00000E+00  0.00000E+00  0.00000E+00 
  6057   0.00000E+00  0.00000E+00  0.00000E+00 
  6058   9.28575E-04  9.27711E-04 -6.25098E-03 
  6059   1.00395E-03  9.97137E-04 -6.01951E-03 
  6060   8.87719E-04  1.09562E-03 -6.04805E-03 
  6061   9.60681E-04  1.16214E-03 -5.82560E-03 
  6062   8.41230E-04  1.22636E-03 -5.83881E-03 
  6063   9.12912E-04  1.29921E-03 -5.63953E-03 
  6064   7.90295E-04  1.32384E-03 -5.64463E-03 
  6065   8.61523E-04  1.40651E-03 -5.43950E-03 
  6066   7.37379E-04  1.41887E-03 -5.49623E-03 
  6067   8.07735E-04  1.41985E-03 -5.33064E-03 
  6068   6.81818E-04  1.27820E-03 -5.41797E-03 
  6069   7.49796E-04  1.70421E-03 -5.02980E-03 
  6070   1.09817E-03  8.86897E-04 -6.03047E-03 
  6071   1.16971E-03  9.53925E-04 -5.80904E-03 
  6072   1.04959E-03  1.04704E-03 -5.82904E-03 
  6073   1.12079E-03  1.11324E-03 -5.61904E-03 
  6074   9.94279E-04  1.17180E-03 -5.62115E-03 
  6075   1.06487E-03  1.24379E-03 -5.43284E-03 
  6076   9.34599E-04  1.26481E-03 -5.42831E-03 
  6077   1.00435E-03  1.34590E-03 -5.23433E-03 
  6078   8.72380E-04  1.35582E-03 -5.28121E-03 
  6079   9.40155E-04  1.35836E-03 -5.12349E-03 
  6080   8.07780E-04  1.22123E-03 -5.20425E-03 
  6081   8.72173E-04  1.62969E-03 -4.83195E-03 
  6082   1.22990E-03  8.40529E-04 -5.80843E-03 
  6083   1.30615E-03  9.06300E-04 -5.61047E-03 
  6084   1.17533E-03  9.91811E-04 -5.60825E-03 
  6085   1.25078E-03  1.05741E-03 -5.42030E-03 
  6086   1.11339E-03  1.10990E-03 -5.40106E-03 
  6087   1.18800E-03  1.18103E-03 -5.23358E-03 
  6088   1.04672E-03  1.19850E-03 -5.20846E-03 
  6089   1.12053E-03  1.27820E-03 -5.03501E-03 
  6090   9.77674E-04  1.28532E-03 -5.06165E-03 
  6091   1.05048E-03  1.28859E-03 -4.92242E-03 
  6092   9.08337E-04  1.15620E-03 -4.98565E-03 
  6093   9.77329E-04  1.54872E-03 -4.63704E-03 
  6094   1.32769E-03  7.89676E-04 -5.60576E-03 
  6095   1.41231E-03  8.55101E-04 -5.40243E-03 
  6096   1.26858E-03  9.32220E-04 -5.40676E-03 
  6097   1.35178E-03  9.97020E-04 -5.21357E-03 
  6098   1.20228E-03  1.04326E-03 -5.19972E-03 
  6099   1.28416E-03  1.11362E-03 -5.02665E-03 
  6100   1.13042E-03  1.12665E-03 -5.00590E-03 

 Rigid Airport Pavement
                   FAASR3D (version 1.0 ) compiled 04/15/19
 n o d a l   p r i n t   o u t   f o r   t i m e   s t e p     1  ( at time  1.0000E+00 )
   node     x-disp       y-disp       z-disp
  6101   1.21151E-03  1.20550E-03 -4.82627E-03 
  6102   1.05991E-03  1.21423E-03 -4.85725E-03 
  6103   1.13913E-03  1.21565E-03 -4.71043E-03 
  6104   9.91082E-04  1.08383E-03 -4.78078E-03 
  6105   1.06322E-03  1.47003E-03 -4.43374E-03 
  6106   1.42230E-03  7.36763E-04 -5.45267E-03 
  6107   1.42444E-03  8.01599E-04 -5.28896E-03 
  6108   1.35919E-03  8.70072E-04 -5.25477E-03 
  6109   1.36290E-03  9.33016E-04 -5.09791E-03 
  6110   1.28873E-03  9.74317E-04 -5.04791E-03 
  6111   1.29315E-03  1.04373E-03 -4.90923E-03 
  6112   1.21773E-03  1.05621E-03 -4.85221E-03 
  6113   1.22025E-03  1.13322E-03 -4.70561E-03 
  6114   1.14211E-03  1.13860E-03 -4.69898E-03 
  6115   1.14184E-03  1.13726E-03 -4.59348E-03 
  6116   1.07274E-03  1.01048E-03 -4.62175E-03 
  6117   1.08507E-03  1.40121E-03 -4.30351E-03 
  6118   1.28215E-03  6.81175E-04 -5.37305E-03 
  6119   1.70549E-03  7.44148E-04 -4.98838E-03 
  6120   1.22453E-03  8.05638E-04 -5.17632E-03 
  6121   1.63153E-03  8.65446E-04 -4.80580E-03 
  6122   1.15915E-03  9.05134E-04 -4.97034E-03 
  6123   1.55115E-03  9.70913E-04 -4.62271E-03 
  6124   1.08663E-03  9.87503E-04 -4.77409E-03 
  6125   1.47291E-03  1.05754E-03 -4.42740E-03 
  6126   1.01328E-03  1.06928E-03 -4.62009E-03 
  6127   1.40439E-03  1.08056E-03 -4.30180E-03 
  6128   9.37213E-04  9.34378E-04 -4.51630E-03 
  6129   1.32532E-03  1.32206E-03 -4.02263E-03 
  6130   1.11155E-03  1.09334E-03 -5.55979E-03 
  6131   1.19424E-03  1.16573E-03 -5.07674E-03 
  6132   1.06736E-03  1.28765E-03 -5.39595E-03 
  6133   1.14924E-03  1.39341E-03 -4.93296E-03 
  6134   1.01716E-03  1.46014E-03 -5.23192E-03 
  6135   1.09624E-03  1.62788E-03 -4.79150E-03 
  6136   9.61720E-04  1.58414E-03 -5.07218E-03 
  6137   1.03487E-03  1.88351E-03 -4.63111E-03 
  6138   9.00880E-04  1.77611E-03 -4.86526E-03 
  6139   9.64619E-04  2.16611E-03 -4.34507E-03 
  6140   8.31741E-04  2.18246E-03 -4.31872E-03 
  6141   8.85099E-04  2.44060E-03 -3.72643E-03 
  6142   1.30353E-03  1.04928E-03 -5.38060E-03 
  6143   1.41698E-03  1.12093E-03 -4.91879E-03 
  6144   1.25135E-03  1.23542E-03 -5.21916E-03 
  6145   1.36302E-03  1.33931E-03 -4.77560E-03 
  6146   1.19237E-03  1.40117E-03 -5.05482E-03 
  6147   1.29979E-03  1.56394E-03 -4.63373E-03 
  6148   1.12694E-03  1.51924E-03 -4.89447E-03 
  6149   1.22689E-03  1.80846E-03 -4.47329E-03 
  6150   1.05532E-03  1.70186E-03 -4.68896E-03 

 Rigid Airport Pavement
                   FAASR3D (version 1.0 ) compiled 04/15/19
 n o d a l   p r i n t   o u t   f o r   t i m e   s t e p     1  ( at time  1.0000E+00 )
   node     x-disp       y-disp       z-disp
  6151   1.14379E-03  2.07849E-03 -4.19225E-03 
  6152   9.74038E-04  2.09007E-03 -4.15863E-03 
  6153   1.05006E-03  2.34056E-03 -3.59251E-03 
  6154   1.47284E-03  9.99425E-04 -5.20510E-03 
  6155   1.64550E-03  1.06857E-03 -4.76688E-03 
  6156   1.41416E-03  1.17660E-03 -5.04330E-03 
  6157   1.58217E-03  1.27636E-03 -4.62323E-03 
  6158   1.34689E-03  1.33381E-03 -4.87774E-03 
  6159   1.50820E-03  1.48975E-03 -4.47986E-03 
  6160   1.27264E-03  1.44504E-03 -4.71536E-03 
  6161   1.42318E-03  1.72172E-03 -4.31804E-03 
  6162   1.19211E-03  1.61871E-03 -4.50979E-03 
  6163   1.32641E-03  1.97770E-03 -4.03983E-03 
  6164   1.10173E-03  1.99039E-03 -3.99385E-03 
  6165   1.21756E-03  2.22577E-03 -3.45460E-03 
  6166   1.59313E-03  9.44596E-04 -5.03781E-03 
  6167   1.89448E-03  1.00841E-03 -4.59970E-03 
  6168   1.52871E-03  1.11156E-03 -4.87524E-03 
  6169   1.82070E-03  1.20426E-03 -4.45582E-03 
  6170   1.45482E-03  1.25970E-03 -4.70756E-03 
  6171   1.73477E-03  1.40504E-03 -4.31092E-03 
  6172   1.37314E-03  1.36325E-03 -4.54245E-03 
  6173   1.63642E-03  1.62307E-03 -4.14762E-03 
  6174   1.28560E-03  1.52916E-03 -4.33658E-03 
  6175   1.52425E-03  1.86327E-03 -3.87150E-03 
  6176   1.19800E-03  1.88986E-03 -3.82769E-03 
  6177   1.39660E-03  2.09540E-03 -3.29727E-03 
  6178   1.78061E-03  8.84697E-04 -4.82740E-03 
  6179   2.17020E-03  9.40061E-04 -4.31104E-03 
  6180   1.70727E-03  1.04069E-03 -4.66574E-03 
  6181   2.08463E-03  1.12261E-03 -4.17146E-03 
  6182   1.62486E-03  1.17963E-03 -4.49772E-03 
  6183   1.98537E-03  1.30916E-03 -4.02893E-03 
  6184   1.53579E-03  1.27590E-03 -4.33215E-03 
  6185   1.87189E-03  1.51118E-03 -3.86743E-03 
  6186   1.44368E-03  1.43687E-03 -4.12960E-03 
  6187   1.74251E-03  1.73353E-03 -3.60073E-03 
  6188   1.34553E-03  1.78807E-03 -3.62684E-03 
  6189   1.59121E-03  1.94645E-03 -3.05091E-03 
  6190   2.18116E-03  8.17189E-04 -4.28280E-03 
  6191   2.43824E-03  8.63287E-04 -3.69482E-03 
  6192   2.09074E-03  9.60685E-04 -4.13582E-03 
  6193   2.34105E-03  1.03105E-03 -3.57241E-03 
  6194   1.99270E-03  1.09020E-03 -3.98107E-03 
  6195   2.22850E-03  1.20186E-03 -3.44313E-03 
  6196   1.89333E-03  1.18886E-03 -3.82183E-03 
  6197   2.09973E-03  1.38443E-03 -3.29179E-03 
  6198   1.79223E-03  1.33890E-03 -3.62504E-03 
  6199   1.95173E-03  1.58247E-03 -3.04908E-03 
  6200   1.66386E-03  1.65948E-03 -3.19414E-03 

 Rigid Airport Pavement
                   FAASR3D (version 1.0 ) compiled 04/15/19
 n o d a l   p r i n t   o u t   f o r   t i m e   s t e p     1  ( at time  1.0000E+00 )
   node     x-disp       y-disp       z-disp
  6201   1.77865E-03  1.77302E-03 -2.58520E-03 
  6202   0.00000E+00  0.00000E+00  0.00000E+00 
  6203   0.00000E+00  0.00000E+00  0.00000E+00 
  6204   0.00000E+00  0.00000E+00  0.00000E+00 
  6205   0.00000E+00  0.00000E+00  0.00000E+00 
  6206   0.00000E+00  0.00000E+00  0.00000E+00 
  6207   0.00000E+00  0.00000E+00  0.00000E+00 
  6208   0.00000E+00  0.00000E+00  0.00000E+00 
  6209   0.00000E+00  0.00000E+00  0.00000E+00 
  6210   0.00000E+00  0.00000E+00  0.00000E+00 
  6211   0.00000E+00  0.00000E+00  0.00000E+00 
  6212   0.00000E+00  0.00000E+00  0.00000E+00 
  6213   0.00000E+00  0.00000E+00  0.00000E+00 
  6214   0.00000E+00  0.00000E+00  0.00000E+00 
  6215   0.00000E+00  0.00000E+00  0.00000E+00 
  6216   0.00000E+00  0.00000E+00  0.00000E+00 
  6217   0.00000E+00  0.00000E+00  0.00000E+00 
  6218   0.00000E+00  0.00000E+00  0.00000E+00 
  6219   0.00000E+00  0.00000E+00  0.00000E+00 
  6220   0.00000E+00  0.00000E+00  0.00000E+00 
  6221   0.00000E+00  0.00000E+00  0.00000E+00 
  6222   0.00000E+00  0.00000E+00  0.00000E+00 
  6223   0.00000E+00  0.00000E+00  0.00000E+00 
  6224   0.00000E+00  0.00000E+00  0.00000E+00 
  6225   0.00000E+00  0.00000E+00  0.00000E+00 
  6226   0.00000E+00  0.00000E+00  0.00000E+00 
  6227   0.00000E+00  0.00000E+00  0.00000E+00 
  6228   0.00000E+00  0.00000E+00  0.00000E+00 
  6229   0.00000E+00  0.00000E+00  0.00000E+00 
  6230   0.00000E+00  0.00000E+00  0.00000E+00 
  6231   0.00000E+00  0.00000E+00  0.00000E+00 
  6232   0.00000E+00  0.00000E+00  0.00000E+00 
  6233   0.00000E+00  0.00000E+00  0.00000E+00 
  6234   0.00000E+00  0.00000E+00  0.00000E+00 
  6235   0.00000E+00  0.00000E+00  0.00000E+00 
  6236   0.00000E+00  0.00000E+00  0.00000E+00 
  6237   0.00000E+00  0.00000E+00  0.00000E+00 
  6238   5.92693E-04  1.45638E-03 -1.38896E-03 
  6239   6.10589E-04  1.94378E-03 -1.46979E-03 
  6240   5.00018E-04  1.90581E-03 -6.54101E-04 
  6241   5.08551E-04  1.84674E-03 -5.65626E-04 
  6242   4.34926E-04  2.02543E-03 -2.97942E-04 
  6243   4.38751E-04  2.13057E-03 -2.74862E-04 
  6244   4.19831E-04  2.27863E-03 -4.66631E-04 
  6245   4.25329E-04  2.15860E-03 -4.34260E-04 
  6246   5.00033E-04  2.23311E-03 -9.13813E-04 
  6247   5.09470E-04  2.20827E-03 -9.03699E-04 
  6248   6.95459E-04  1.39263E-03 -1.34073E-03 
  6249   7.18388E-04  1.86085E-03 -1.41845E-03 
  6250   5.88632E-04  1.82635E-03 -6.26312E-04 

 Rigid Airport Pavement
                   FAASR3D (version 1.0 ) compiled 04/15/19
 n o d a l   p r i n t   o u t   f o r   t i m e   s t e p     1  ( at time  1.0000E+00 )
   node     x-disp       y-disp       z-disp
  6251   5.99889E-04  1.77036E-03 -5.42533E-04 
  6252   5.13232E-04  1.94230E-03 -2.85549E-04 
  6253   5.18180E-04  2.04255E-03 -2.63568E-04 
  6254   4.94979E-04  2.18584E-03 -4.47971E-04 
  6255   5.01382E-04  2.07064E-03 -4.17259E-04 
  6256   5.87015E-04  2.14414E-03 -8.76150E-04 
  6257   5.97944E-04  2.12059E-03 -8.66931E-04 
  6258   7.82002E-04  1.32193E-03 -1.27130E-03 
  6259   8.13921E-04  1.77107E-03 -1.34953E-03 
  6260   6.69291E-04  1.73926E-03 -5.90287E-04 
  6261   6.83868E-04  1.68298E-03 -5.10775E-04 
  6262   5.86645E-04  1.84787E-03 -2.70245E-04 
  6263   5.92716E-04  1.94377E-03 -2.49782E-04 
  6264   5.64843E-04  2.08114E-03 -4.26745E-04 
  6265   5.71903E-04  1.97038E-03 -3.97745E-04 
  6266   6.66123E-04  2.04308E-03 -8.33733E-04 
  6267   6.78216E-04  2.02171E-03 -8.25581E-04 
  6268   8.47641E-04  1.24724E-03 -1.16233E-03 
  6269   8.99876E-04  1.68065E-03 -1.23940E-03 
  6270   7.41901E-04  1.65084E-03 -5.42672E-04 
  6271   7.60683E-04  1.58697E-03 -4.68024E-04 
  6272   6.54497E-04  1.74271E-03 -2.52512E-04 
  6273   6.61318E-04  1.83598E-03 -2.34349E-04 
  6274   6.28846E-04  1.96805E-03 -4.03665E-04 
  6275   6.36201E-04  1.86083E-03 -3.76291E-04 
  6276   7.36745E-04  1.93161E-03 -7.87660E-04 
  6277   7.49528E-04  1.91344E-03 -7.81062E-04 
  6278   9.02823E-04  1.18083E-03 -9.70836E-04 
  6279   9.66987E-04  1.59454E-03 -1.06498E-03 
  6280   8.08055E-04  1.55612E-03 -4.88113E-04 
  6281   8.34791E-04  1.47833E-03 -4.10641E-04 
  6282   7.13745E-04  1.63603E-03 -2.30824E-04 
  6283   7.22364E-04  1.72513E-03 -2.16862E-04 
  6284   6.87291E-04  1.84574E-03 -3.79835E-04 
  6285   6.95182E-04  1.74471E-03 -3.53840E-04 
  6286   7.97231E-04  1.81512E-03 -7.39186E-04 
  6287   8.10792E-04  1.79762E-03 -7.33870E-04 
  6288   9.75394E-04  1.11381E-03 -7.33000E-04 
  6289   1.03420E-03  1.48315E-03 -8.30563E-04 
  6290   8.65620E-04  1.45230E-03 -4.11893E-04 
  6291   8.88780E-04  1.38887E-03 -3.46975E-04 
  6292   7.72556E-04  1.53719E-03 -2.09366E-04 
  6293   7.78740E-04  1.59907E-03 -1.93922E-04 
  6294   7.40101E-04  1.71170E-03 -3.56444E-04 
  6295   7.45926E-04  1.63118E-03 -3.34762E-04 
  6296   8.50281E-04  1.70169E-03 -6.89093E-04 
  6297   8.60866E-04  1.67422E-03 -6.83498E-04 
  6298   6.53677E-04  2.41057E-03 -1.60296E-03 
  6299   6.97091E-04  2.62399E-03 -1.63744E-03 
  6300   5.27358E-04  2.10373E-03 -4.91080E-04 

 Rigid Airport Pavement
                   FAASR3D (version 1.0 ) compiled 04/15/19
 n o d a l   p r i n t   o u t   f o r   t i m e   s t e p     1  ( at time  1.0000E+00 )
   node     x-disp       y-disp       z-disp
  6301   5.45618E-04  2.39779E-03 -4.82741E-04 
  6302   4.46390E-04  2.10068E-03 -2.16333E-04 
  6303   4.51828E-04  2.13654E-03 -2.02903E-04 
  6304   4.32758E-04  2.12771E-03 -4.04147E-04 
  6305   4.34476E-04  1.99469E-03 -3.62167E-04 
  6306   5.18862E-04  2.04251E-03 -8.74015E-04 
  6307   5.20902E-04  2.02663E-03 -8.65801E-04 
  6308   7.73693E-04  2.30884E-03 -1.54651E-03 
  6309   8.29540E-04  2.51402E-03 -1.57766E-03 
  6310   6.24112E-04  2.01577E-03 -4.71833E-04 
  6311   6.48221E-04  2.29574E-03 -4.63571E-04 
  6312   5.27908E-04  2.01279E-03 -2.07671E-04 
  6313   5.35010E-04  2.04573E-03 -1.94843E-04 
  6314   5.09966E-04  2.04058E-03 -3.88736E-04 
  6315   5.11949E-04  1.91194E-03 -3.48605E-04 
  6316   6.08563E-04  1.96178E-03 -8.39387E-04 
  6317   6.10520E-04  1.94732E-03 -8.32303E-04 
  6318   8.87951E-04  2.19763E-03 -1.47386E-03 
  6319   9.61375E-04  2.38733E-03 -1.50472E-03 
  6320   7.15983E-04  1.91399E-03 -4.44418E-04 
  6321   7.47434E-04  2.17761E-03 -4.36222E-04 
  6322   6.04611E-04  1.91245E-03 -1.96855E-04 
  6323   6.13688E-04  1.94111E-03 -1.84432E-04 
  6324   5.81380E-04  1.94174E-03 -3.71296E-04 
  6325   5.83530E-04  1.81750E-03 -3.33308E-04 
  6326   6.89591E-04  1.87002E-03 -8.00343E-04 
  6327   6.91193E-04  1.85740E-03 -7.94511E-04 
  6328   9.92244E-04  2.08131E-03 -1.37080E-03 
  6329   1.09243E-03  2.24302E-03 -1.40534E-03 
  6330   8.02983E-04  1.79790E-03 -4.03933E-04 
  6331   8.41334E-04  2.04366E-03 -3.96855E-04 
  6332   6.75682E-04  1.80152E-03 -1.84201E-04 
  6333   6.86598E-04  1.82417E-03 -1.71770E-04 
  6334   6.46164E-04  1.83390E-03 -3.52267E-04 
  6335   6.48194E-04  1.71350E-03 -3.16815E-04 
  6336   7.61187E-04  1.76917E-03 -7.57887E-04 
  6337   7.61539E-04  1.75919E-03 -7.53506E-04 
  6338   1.09441E-03  1.95861E-03 -1.21268E-03 
  6339   1.21741E-03  2.07848E-03 -1.25415E-03 
  6340   8.80343E-04  1.66760E-03 -3.50431E-04 
  6341   9.26771E-04  1.89430E-03 -3.45274E-04 
  6342   7.39213E-04  1.68440E-03 -1.69864E-04 
  6343   7.52125E-04  1.69716E-03 -1.57670E-04 
  6344   7.04081E-04  1.71881E-03 -3.32796E-04 
  6345   7.04911E-04  1.60305E-03 -2.99726E-04 
  6346   8.22016E-04  1.66276E-03 -7.13531E-04 
  6347   8.20497E-04  1.65542E-03 -7.10564E-04 
  6348   1.18543E-03  1.79817E-03 -9.69750E-04 
  6349   1.32244E-03  1.88970E-03 -1.02241E-03 
  6350   9.44974E-04  1.53923E-03 -2.96809E-04 

 Rigid Airport Pavement
                   FAASR3D (version 1.0 ) compiled 04/15/19
 n o d a l   p r i n t   o u t   f o r   t i m e   s t e p     1  ( at time  1.0000E+00 )
   node     x-disp       y-disp       z-disp
  6351   1.00016E-03  1.72941E-03 -2.91743E-04 
  6352   7.94576E-04  1.56360E-03 -1.52409E-04 
  6353   8.08121E-04  1.56542E-03 -1.42719E-04 
  6354   7.54710E-04  1.59637E-03 -3.13870E-04 
  6355   7.52934E-04  1.48876E-03 -2.83183E-04 
  6356   8.70674E-04  1.55849E-03 -6.69285E-04 
  6357   8.66831E-04  1.55111E-03 -6.67795E-04 
  6358   0.00000E+00  0.00000E+00  0.00000E+00 
  6359   0.00000E+00  0.00000E+00  0.00000E+00 
  6360   0.00000E+00  0.00000E+00  0.00000E+00 
  6361   0.00000E+00  0.00000E+00  0.00000E+00 
  6362   0.00000E+00  0.00000E+00  0.00000E+00 
  6363   0.00000E+00  0.00000E+00  0.00000E+00 
  6364   0.00000E+00  0.00000E+00  0.00000E+00 
  6365   0.00000E+00  0.00000E+00  0.00000E+00 
  6366   0.00000E+00  0.00000E+00  0.00000E+00 
  6367   0.00000E+00  0.00000E+00  0.00000E+00 
  6368   0.00000E+00  0.00000E+00  0.00000E+00 
  6369   0.00000E+00  0.00000E+00  0.00000E+00 
  6370   0.00000E+00  0.00000E+00  0.00000E+00 
  6371   0.00000E+00  0.00000E+00  0.00000E+00 
  6372   0.00000E+00  0.00000E+00  0.00000E+00 
  6373   0.00000E+00  0.00000E+00  0.00000E+00 
  6374   0.00000E+00  0.00000E+00  0.00000E+00 
  6375   0.00000E+00  0.00000E+00  0.00000E+00 
  6376   0.00000E+00  0.00000E+00  0.00000E+00 
  6377   0.00000E+00  0.00000E+00  0.00000E+00 
  6378   0.00000E+00  0.00000E+00  0.00000E+00 
  6379   0.00000E+00  0.00000E+00  0.00000E+00 
  6380   0.00000E+00  0.00000E+00  0.00000E+00 
  6381   0.00000E+00  0.00000E+00  0.00000E+00 
  6382   0.00000E+00  0.00000E+00  0.00000E+00 
  6383   0.00000E+00  0.00000E+00  0.00000E+00 
  6384   0.00000E+00  0.00000E+00  0.00000E+00 
  6385   0.00000E+00  0.00000E+00  0.00000E+00 
  6386   0.00000E+00  0.00000E+00  0.00000E+00 
  6387   0.00000E+00  0.00000E+00  0.00000E+00 
  6388   1.60966E-03  0.00000E+00 -1.46607E-03 
  6389   2.13807E-03  0.00000E+00 -1.55707E-03 
  6390   1.60699E-03  8.12888E-05 -1.46835E-03 
  6391   2.13363E-03  8.31464E-05 -1.55725E-03 
  6392   1.59885E-03  1.61868E-04 -1.46271E-03 
  6393   2.12267E-03  1.66236E-04 -1.55119E-03 
  6394   1.58526E-03  2.42354E-04 -1.45350E-03 
  6395   2.10469E-03  2.48816E-04 -1.54133E-03 
  6396   1.56591E-03  3.22315E-04 -1.44201E-03 
  6397   2.07968E-03  3.30852E-04 -1.52814E-03 
  6398   1.54113E-03  4.00601E-04 -1.42768E-03 
  6399   2.04819E-03  4.12194E-04 -1.51150E-03 
  6400   1.51088E-03  4.79114E-04 -1.39794E-03 

 Rigid Airport Pavement
                   FAASR3D (version 1.0 ) compiled 04/15/19
 n o d a l   p r i n t   o u t   f o r   t i m e   s t e p     1  ( at time  1.0000E+00 )
   node     x-disp       y-disp       z-disp
  6401   2.01201E-03  4.91790E-04 -1.48497E-03 
  6402   2.09308E-03  0.00000E+00 -6.96166E-04 
  6403   2.02475E-03  0.00000E+00 -5.99339E-04 
  6404   2.08951E-03  6.88556E-05 -6.94488E-04 
  6405   2.02192E-03  6.98050E-05 -5.98213E-04 
  6406   2.07882E-03  1.37745E-04 -6.91948E-04 
  6407   2.01198E-03  1.39487E-04 -5.96208E-04 
  6408   2.06111E-03  2.06050E-04 -6.87865E-04 
  6409   1.99523E-03  2.08687E-04 -5.92790E-04 
  6410   2.03686E-03  2.73580E-04 -6.81581E-04 
  6411   1.97211E-03  2.77185E-04 -5.87866E-04 
  6412   2.00592E-03  3.40507E-04 -6.73578E-04 
  6413   1.94220E-03  3.44932E-04 -5.81209E-04 
  6414   1.96817E-03  4.05502E-04 -6.65771E-04 
  6415   1.90503E-03  4.11023E-04 -5.74360E-04 
  6416   2.21629E-03  0.00000E+00 -3.18230E-04 
  6417   2.33054E-03  0.00000E+00 -2.93312E-04 
  6418   2.21263E-03  6.02742E-05 -3.17954E-04 
  6419   2.32646E-03  6.06559E-05 -2.92978E-04 
  6420   2.20174E-03  1.20246E-04 -3.16734E-04 
  6421   2.31490E-03  1.21058E-04 -2.91839E-04 
  6422   2.18367E-03  1.79796E-04 -3.14688E-04 
  6423   2.29584E-03  1.81027E-04 -2.90015E-04 
  6424   2.15828E-03  2.38661E-04 -3.11948E-04 
  6425   2.26923E-03  2.40308E-04 -2.87482E-04 
  6426   2.12590E-03  2.96375E-04 -3.08397E-04 
  6427   2.23547E-03  2.98574E-04 -2.84326E-04 
  6428   2.08736E-03  3.52967E-04 -3.03327E-04 
  6429   2.19520E-03  3.55647E-04 -2.79974E-04 
  6430   2.48812E-03  0.00000E+00 -5.06993E-04 
  6431   2.35642E-03  0.00000E+00 -4.71342E-04 
  6432   2.48408E-03  5.86316E-05 -5.06191E-04 
  6433   2.35271E-03  5.93741E-05 -4.70628E-04 
  6434   2.47189E-03  1.16988E-04 -5.03877E-04 
  6435   2.34132E-03  1.18471E-04 -4.68524E-04 
  6436   2.45175E-03  1.74787E-04 -4.99983E-04 
  6437   2.32238E-03  1.77012E-04 -4.64946E-04 
  6438   2.42392E-03  2.31755E-04 -4.94516E-04 
  6439   2.29607E-03  2.34706E-04 -4.59952E-04 
  6440   2.38854E-03  2.87645E-04 -4.87565E-04 
  6441   2.26258E-03  2.91295E-04 -4.53543E-04 
  6442   2.34542E-03  3.42091E-04 -4.79024E-04 
  6443   2.22193E-03  3.46462E-04 -4.45748E-04 
  6444   2.43355E-03  0.00000E+00 -9.98445E-04 
  6445   2.40598E-03  0.00000E+00 -9.86605E-04 
  6446   2.42970E-03  7.02365E-05 -9.96893E-04 
  6447   2.40210E-03  7.15367E-05 -9.85056E-04 
  6448   2.41821E-03  1.40077E-04 -9.91987E-04 
  6449   2.39070E-03  1.42746E-04 -9.80224E-04 
  6450   2.39910E-03  2.09163E-04 -9.83807E-04 

 Rigid Airport Pavement
                   FAASR3D (version 1.0 ) compiled 04/15/19
 n o d a l   p r i n t   o u t   f o r   t i m e   s t e p     1  ( at time  1.0000E+00 )
   node     x-disp       y-disp       z-disp
  6451   2.37177E-03  2.13139E-04 -9.72231E-04 
  6452   2.37242E-03  2.77076E-04 -9.72510E-04 
  6453   2.34546E-03  2.82343E-04 -9.61168E-04 
  6454   2.33836E-03  3.43474E-04 -9.58023E-04 
  6455   2.31192E-03  3.50037E-04 -9.46976E-04 
  6456   2.29765E-03  4.07976E-04 -9.40373E-04 
  6457   2.27162E-03  4.15663E-04 -9.29791E-04 
  6458   2.63976E-03  0.00000E+00 -1.70688E-03 
  6459   2.86460E-03  0.00000E+00 -1.74881E-03 
  6460   2.63493E-03  8.79740E-05 -1.70513E-03 
  6461   2.85998E-03  9.25544E-05 -1.74637E-03 
  6462   2.62161E-03  1.75946E-04 -1.69815E-03 
  6463   2.84619E-03  1.84897E-04 -1.73898E-03 
  6464   2.59993E-03  2.63311E-04 -1.68668E-03 
  6465   2.82338E-03  2.76842E-04 -1.72694E-03 
  6466   2.57005E-03  3.49981E-04 -1.67120E-03 
  6467   2.79173E-03  3.68284E-04 -1.71056E-03 
  6468   2.53257E-03  4.36288E-04 -1.65175E-03 
  6469   2.75144E-03  4.59152E-04 -1.68997E-03 
  6470   2.48796E-03  5.21143E-04 -1.62658E-03 
  6471   2.70267E-03  5.49392E-04 -1.66503E-03 
  6472   2.30049E-03  0.00000E+00 -5.18057E-04 
  6473   2.61820E-03  0.00000E+00 -5.09888E-04 
  6474   2.29700E-03  7.16206E-05 -5.17309E-04 
  6475   2.61397E-03  7.32004E-05 -5.09292E-04 
  6476   2.28583E-03  1.43027E-04 -5.15663E-04 
  6477   2.60131E-03  1.46228E-04 -5.07584E-04 
  6478   2.26723E-03  2.14103E-04 -5.12878E-04 
  6479   2.58028E-03  2.18941E-04 -5.04734E-04 
  6480   2.24125E-03  2.84654E-04 -5.08863E-04 
  6481   2.55102E-03  2.91194E-04 -5.00713E-04 
  6482   2.20798E-03  3.54255E-04 -5.03523E-04 
  6483   2.51366E-03  3.62869E-04 -4.95553E-04 
  6484   2.16717E-03  4.22825E-04 -4.97723E-04 
  6485   2.46832E-03  4.33891E-04 -4.89347E-04 
  6486   2.29640E-03  0.00000E+00 -2.29686E-04 
  6487   2.33404E-03  0.00000E+00 -2.15317E-04 
  6488   2.29254E-03  6.13408E-05 -2.29469E-04 
  6489   2.33024E-03  6.16792E-05 -2.15091E-04 
  6490   2.28132E-03  1.22495E-04 -2.28665E-04 
  6491   2.31889E-03  1.23169E-04 -2.14381E-04 
  6492   2.26266E-03  1.83213E-04 -2.27346E-04 
  6493   2.30003E-03  1.84280E-04 -2.13184E-04 
  6494   2.23667E-03  2.43283E-04 -2.25538E-04 
  6495   2.27374E-03  2.44820E-04 -2.11516E-04 
  6496   2.20342E-03  3.02499E-04 -2.23203E-04 
  6497   2.24013E-03  3.04600E-04 -2.09323E-04 
  6498   2.16365E-03  3.60573E-04 -2.20103E-04 
  6499   2.19941E-03  3.63453E-04 -2.06497E-04 
  6500   2.32197E-03  0.00000E+00 -4.38059E-04 

 Rigid Airport Pavement
                   FAASR3D (version 1.0 ) compiled 04/15/19
 n o d a l   p r i n t   o u t   f o r   t i m e   s t e p     1  ( at time  1.0000E+00 )
   node     x-disp       y-disp       z-disp
  6501   2.17706E-03  0.00000E+00 -3.92099E-04 
  6502   2.31824E-03  6.03436E-05 -4.37395E-04 
  6503   2.17355E-03  6.04723E-05 -3.91519E-04 
  6504   2.30700E-03  1.20388E-04 -4.35437E-04 
  6505   2.16306E-03  1.20665E-04 -3.89785E-04 
  6506   2.28838E-03  1.79867E-04 -4.32182E-04 
  6507   2.14563E-03  1.80303E-04 -3.86905E-04 
  6508   2.26252E-03  2.38501E-04 -4.27620E-04 
  6509   2.12136E-03  2.39114E-04 -3.82892E-04 
  6510   2.22969E-03  2.96006E-04 -4.21818E-04 
  6511   2.09040E-03  2.96815E-04 -3.77781E-04 
  6512   2.18962E-03  3.52130E-04 -4.14788E-04 
  6513   2.05280E-03  3.53114E-04 -3.71611E-04 
  6514   2.22397E-03  0.00000E+00 -9.52468E-04 
  6515   2.20424E-03  0.00000E+00 -9.41951E-04 
  6516   2.22050E-03  7.28811E-05 -9.50975E-04 
  6517   2.20082E-03  7.31892E-05 -9.40472E-04 
  6518   2.21010E-03  1.45376E-04 -9.46426E-04 
  6519   2.19058E-03  1.45980E-04 -9.36050E-04 
  6520   2.19276E-03  2.17058E-04 -9.38882E-04 
  6521   2.17358E-03  2.17960E-04 -9.28732E-04 
  6522   2.16861E-03  2.87558E-04 -9.28402E-04 
  6523   2.14993E-03  2.88723E-04 -9.18561E-04 
  6524   2.13776E-03  3.56444E-04 -9.15004E-04 
  6525   2.11983E-03  3.57852E-04 -9.05601E-04 
  6526   2.10087E-03  4.23214E-04 -8.98868E-04 
  6527   2.08365E-03  4.24883E-04 -8.89993E-04 
  6528   0.00000E+00  0.00000E+00  0.00000E+00 
  6529   0.00000E+00  0.00000E+00  0.00000E+00 
  6530   0.00000E+00  0.00000E+00  0.00000E+00 
  6531   0.00000E+00  0.00000E+00  0.00000E+00 
  6532   0.00000E+00  0.00000E+00  0.00000E+00 
  6533   0.00000E+00  0.00000E+00  0.00000E+00 
  6534   0.00000E+00  0.00000E+00  0.00000E+00 
  6535   0.00000E+00  0.00000E+00  0.00000E+00 
  6536   0.00000E+00  0.00000E+00  0.00000E+00 
  6537   0.00000E+00  0.00000E+00  0.00000E+00 
  6538   0.00000E+00  0.00000E+00  0.00000E+00 
  6539   0.00000E+00  0.00000E+00  0.00000E+00 
  6540   0.00000E+00  0.00000E+00  0.00000E+00 
  6541   0.00000E+00  0.00000E+00  0.00000E+00 
  6542   0.00000E+00  0.00000E+00  0.00000E+00 
  6543   0.00000E+00  0.00000E+00  0.00000E+00 
  6544   0.00000E+00  0.00000E+00  0.00000E+00 
  6545   0.00000E+00  0.00000E+00  0.00000E+00 
  6546   0.00000E+00  0.00000E+00  0.00000E+00 
  6547   0.00000E+00  0.00000E+00  0.00000E+00 
  6548   0.00000E+00  0.00000E+00  0.00000E+00 
  6549   0.00000E+00  0.00000E+00  0.00000E+00 
  6550   0.00000E+00  0.00000E+00  0.00000E+00 

 Rigid Airport Pavement
                   FAASR3D (version 1.0 ) compiled 04/15/19
 n o d a l   p r i n t   o u t   f o r   t i m e   s t e p     1  ( at time  1.0000E+00 )
   node     x-disp       y-disp       z-disp
  6551   0.00000E+00  0.00000E+00  0.00000E+00 
  6552   0.00000E+00  0.00000E+00  0.00000E+00 
  6553   0.00000E+00  0.00000E+00  0.00000E+00 
  6554   0.00000E+00  0.00000E+00  0.00000E+00 
  6555   0.00000E+00  0.00000E+00  0.00000E+00 
  6556   0.00000E+00  0.00000E+00  0.00000E+00 
  6557   0.00000E+00  0.00000E+00  0.00000E+00 
  6558   0.00000E+00  0.00000E+00  0.00000E+00 
  6559   0.00000E+00  0.00000E+00  0.00000E+00 
  6560   0.00000E+00  0.00000E+00  0.00000E+00 
  6561   0.00000E+00  0.00000E+00  0.00000E+00 
  6562   0.00000E+00  0.00000E+00  0.00000E+00 
  6563   1.45698E-03  5.91354E-04 -1.37288E-03 
  6564   1.94053E-03  6.07048E-04 -1.45359E-03 
  6565   1.39281E-03  6.92878E-04 -1.32963E-03 
  6566   1.85862E-03  7.14092E-04 -1.40739E-03 
  6567   1.32204E-03  7.78784E-04 -1.26398E-03 
  6568   1.76985E-03  8.09451E-04 -1.34239E-03 
  6569   1.24749E-03  8.44296E-04 -1.15772E-03 
  6570   1.68035E-03  8.95641E-04 -1.23501E-03 
  6571   1.18137E-03  8.99732E-04 -9.68212E-04 
  6572   1.59496E-03  9.63273E-04 -1.06257E-03 
  6573   1.11467E-03  9.72787E-04 -7.31803E-04 
  6574   1.48404E-03  1.03122E-03 -8.29450E-04 
  6575   1.90065E-03  4.98978E-04 -6.46133E-04 
  6576   1.84141E-03  5.06543E-04 -5.58596E-04 
  6577   1.82191E-03  5.86721E-04 -6.20703E-04 
  6578   1.76573E-03  5.97224E-04 -5.37608E-04 
  6579   1.73568E-03  6.66912E-04 -5.86495E-04 
  6580   1.67917E-03  6.80891E-04 -5.07441E-04 
  6581   1.64817E-03  7.39362E-04 -5.40266E-04 
  6582   1.58406E-03  7.57708E-04 -4.65902E-04 
  6583   1.55431E-03  8.05586E-04 -4.86656E-04 
  6584   1.47632E-03  8.32038E-04 -4.09358E-04 
  6585   1.45118E-03  8.63431E-04 -4.11006E-04 
  6586   1.38765E-03  8.86397E-04 -3.46191E-04 
  6587   2.01752E-03  4.34914E-04 -2.94775E-04 
  6588   2.12162E-03  4.38406E-04 -2.72067E-04 
  6589   1.93532E-03  5.12413E-04 -2.83113E-04 
  6590   2.03492E-03  5.17094E-04 -2.61439E-04 
  6591   1.84201E-03  5.85320E-04 -2.68438E-04 
  6592   1.93754E-03  5.91154E-04 -2.48235E-04 
  6593   1.73798E-03  6.52882E-04 -2.51237E-04 
  6594   1.83109E-03  6.59511E-04 -2.33287E-04 
  6595   1.63237E-03  7.11995E-04 -2.29918E-04 
  6596   1.72144E-03  7.20487E-04 -2.16118E-04 
  6597   1.53460E-03  7.70824E-04 -2.08763E-04 
  6598   1.59646E-03  7.76908E-04 -1.93416E-04 
  6599   2.26837E-03  4.20697E-04 -4.63836E-04 
  6600   2.14892E-03  4.26030E-04 -4.31797E-04 

 Rigid Airport Pavement
                   FAASR3D (version 1.0 ) compiled 04/15/19
 n o d a l   p r i n t   o u t   f o r   t i m e   s t e p     1  ( at time  1.0000E+00 )
   node     x-disp       y-disp       z-disp
  6601   2.17702E-03  4.94930E-04 -4.45637E-04 
  6602   2.06222E-03  5.01160E-04 -4.15183E-04 
  6603   2.07376E-03  5.64087E-04 -4.24827E-04 
  6604   1.96329E-03  5.71007E-04 -3.96021E-04 
  6605   1.96214E-03  6.27631E-04 -4.02110E-04 
  6606   1.85509E-03  6.34854E-04 -3.74869E-04 
  6607   1.84118E-03  6.85784E-04 -3.78620E-04 
  6608   1.74025E-03  6.93538E-04 -3.52722E-04 
  6609   1.70833E-03  7.38384E-04 -3.55594E-04 
  6610   1.62789E-03  7.44107E-04 -3.33972E-04 
  6611   2.22339E-03  5.00201E-04 -9.09226E-04 
  6612   2.19853E-03  5.09457E-04 -8.99276E-04 
  6613   2.13561E-03  5.86062E-04 -8.72222E-04 
  6614   2.11214E-03  5.96800E-04 -8.63140E-04 
  6615   2.03583E-03  6.64347E-04 -8.30454E-04 
  6616   2.01458E-03  6.76248E-04 -8.22409E-04 
  6617   1.92560E-03  7.34354E-04 -7.85002E-04 
  6618   1.90759E-03  7.46954E-04 -7.78491E-04 
  6619   1.81039E-03  7.94502E-04 -7.37171E-04 
  6620   1.79303E-03  8.07877E-04 -7.31908E-04 
  6621   1.69814E-03  8.47396E-04 -6.87686E-04 
  6622   1.67077E-03  8.57822E-04 -6.82112E-04 
  6623   2.40304E-03  6.45319E-04 -1.58646E-03 
  6624   2.61380E-03  6.83705E-04 -1.62104E-03 
  6625   2.30383E-03  7.65607E-04 -1.53542E-03 
  6626   2.50724E-03  8.17397E-04 -1.56670E-03 
  6627   2.19480E-03  8.80575E-04 -1.46687E-03 
  6628   2.38339E-03  9.50913E-04 -1.49785E-03 
  6629   2.08022E-03  9.85932E-04 -1.36669E-03 
  6630   2.24131E-03  1.08388E-03 -1.40137E-03 
  6631   1.95875E-03  1.08931E-03 -1.21051E-03 
  6632   2.07840E-03  1.21081E-03 -1.25207E-03 
  6633   1.79910E-03  1.18160E-03 -9.68755E-04 
  6634   1.89073E-03  1.31766E-03 -1.02148E-03 
  6635   2.09538E-03  5.23146E-04 -4.85028E-04 
  6636   2.38594E-03  5.38910E-04 -4.76947E-04 
  6637   2.00907E-03  6.19646E-04 -4.67626E-04 
  6638   2.28667E-03  6.41732E-04 -4.59539E-04 
  6639   1.90886E-03  7.11624E-04 -4.41601E-04 
  6640   2.17099E-03  7.41506E-04 -4.33537E-04 
  6641   1.79420E-03  7.98977E-04 -4.02145E-04 
  6642   2.03911E-03  8.36175E-04 -3.95155E-04 
  6643   1.66516E-03  8.76871E-04 -3.49365E-04 
  6644   1.89142E-03  9.22482E-04 -3.44256E-04 
  6645   1.53783E-03  9.42114E-04 -2.96178E-04 
  6646   1.72785E-03  9.96757E-04 -2.91164E-04 
  6647   2.09095E-03  4.45135E-04 -2.14205E-04 
  6648   2.12546E-03  4.49514E-04 -2.00969E-04 
  6649   2.00464E-03  5.26073E-04 -2.06075E-04 
  6650   2.03668E-03  5.32297E-04 -1.93394E-04 

 Rigid Airport Pavement
                   FAASR3D (version 1.0 ) compiled 04/15/19
 n o d a l   p r i n t   o u t   f o r   t i m e   s t e p     1  ( at time  1.0000E+00 )
   node     x-disp       y-disp       z-disp
  6651   1.90588E-03  6.02451E-04 -1.95698E-04 
  6652   1.93397E-03  6.10836E-04 -1.83376E-04 
  6653   1.79642E-03  6.73418E-04 -1.83407E-04 
  6654   1.81874E-03  6.83801E-04 -1.71029E-04 
  6655   1.68062E-03  7.36983E-04 -1.69310E-04 
  6656   1.69321E-03  7.49513E-04 -1.57158E-04 
  6657   1.56096E-03  7.92492E-04 -1.52026E-04 
  6658   1.56273E-03  8.05766E-04 -1.42370E-04 
  6659   2.11771E-03  4.33064E-04 -4.02058E-04 
  6660   1.98479E-03  4.34381E-04 -3.60378E-04 
  6661   2.03203E-03  5.09383E-04 -3.86957E-04 
  6662   1.90355E-03  5.11019E-04 -3.47072E-04 
  6663   1.93466E-03  5.80169E-04 -3.69816E-04 
  6664   1.81062E-03  5.82018E-04 -3.32028E-04 
  6665   1.82822E-03  6.44536E-04 -3.51039E-04 
  6666   1.70804E-03  6.46304E-04 -3.15765E-04 
  6667   1.71444E-03  7.02194E-04 -3.31839E-04 
  6668   1.59887E-03  7.02809E-04 -2.98904E-04 
  6669   1.59316E-03  7.52690E-04 -3.13176E-04 
  6670   1.48572E-03  7.50749E-04 -2.82565E-04 
  6671   2.03348E-03  5.18567E-04 -8.69973E-04 
  6672   2.01760E-03  5.20392E-04 -8.61928E-04 
  6673   1.95389E-03  6.07109E-04 -8.35859E-04 
  6674   1.93945E-03  6.08844E-04 -8.28901E-04 
  6675   1.86332E-03  6.87329E-04 -7.97358E-04 
  6676   1.85075E-03  6.88701E-04 -7.91614E-04 
  6677   1.76366E-03  7.58362E-04 -7.55453E-04 
  6678   1.75372E-03  7.58520E-04 -7.51126E-04 
  6679   1.65841E-03  8.18881E-04 -7.11625E-04 
  6680   1.65108E-03  8.17197E-04 -7.08681E-04 
  6681   1.55520E-03  8.67421E-04 -6.67883E-04 
  6682   1.54780E-03  8.63442E-04 -6.66373E-04 
  6683   0.00000E+00  0.00000E+00  0.00000E+00 
  6684   0.00000E+00  0.00000E+00  0.00000E+00 
  6685   0.00000E+00  0.00000E+00  0.00000E+00 
  6686   0.00000E+00  0.00000E+00  0.00000E+00 
  6687   0.00000E+00  0.00000E+00  0.00000E+00 
  6688   0.00000E+00  0.00000E+00  0.00000E+00 
  6689   0.00000E+00  0.00000E+00  0.00000E+00 
  6690   0.00000E+00  0.00000E+00  0.00000E+00 
  6691   0.00000E+00  0.00000E+00  0.00000E+00 
  6692   0.00000E+00  0.00000E+00  0.00000E+00 
  6693   0.00000E+00  0.00000E+00  0.00000E+00 
  6694   0.00000E+00  0.00000E+00  0.00000E+00 
  6695   0.00000E+00  0.00000E+00  0.00000E+00 
  6696   0.00000E+00  0.00000E+00  0.00000E+00 
  6697   0.00000E+00  0.00000E+00  0.00000E+00 
  6698   0.00000E+00  0.00000E+00  0.00000E+00 
  6699   0.00000E+00  0.00000E+00  0.00000E+00 
  6700   0.00000E+00  0.00000E+00  0.00000E+00 

 Rigid Airport Pavement
                   FAASR3D (version 1.0 ) compiled 04/15/19
 n o d a l   p r i n t   o u t   f o r   t i m e   s t e p     1  ( at time  1.0000E+00 )
   node     x-disp       y-disp       z-disp
  6701   0.00000E+00  0.00000E+00  0.00000E+00 
  6702   0.00000E+00  0.00000E+00  0.00000E+00 
  6703   0.00000E+00  0.00000E+00  0.00000E+00 
  6704   0.00000E+00  0.00000E+00  0.00000E+00 
  6705   0.00000E+00  0.00000E+00  0.00000E+00 
  6706   0.00000E+00  0.00000E+00  0.00000E+00 
  6707   0.00000E+00  0.00000E+00  0.00000E+00 
  6708   0.00000E+00  0.00000E+00  0.00000E+00 
  6709   0.00000E+00  0.00000E+00  0.00000E+00 
  6710   0.00000E+00  0.00000E+00  0.00000E+00 
  6711   0.00000E+00  0.00000E+00  0.00000E+00 
  6712   0.00000E+00  0.00000E+00  0.00000E+00 
  6713   1.08029E-03  1.07900E-03 -6.12054E-04 
  6714   1.15853E-03  1.15716E-03 -5.78153E-04 
  6715   9.65217E-04  1.22657E-03 -2.46325E-04 
  6716   9.91491E-04  1.24097E-03 -2.18656E-04 
  6717   8.69692E-04  1.34303E-03 -1.75743E-04 
  6718   8.75877E-04  1.35355E-03 -1.56496E-04 
  6719   8.28229E-04  1.45950E-03 -3.25911E-04 
  6720   8.33783E-04  1.40473E-03 -3.10050E-04 
  6721   9.24386E-04  1.46813E-03 -6.03285E-04 
  6722   9.34809E-04  1.43597E-03 -5.98081E-04 
  6723   1.22656E-03  9.63784E-04 -2.46113E-04 
  6724   1.24095E-03  9.89982E-04 -2.18484E-04 
  6725   1.07336E-03  1.07264E-03 -1.50944E-04 
  6726   1.07962E-03  1.07889E-03 -1.33051E-04 
  6727   9.58491E-04  1.16995E-03 -1.71755E-04 
  6728   9.52416E-04  1.15819E-03 -1.51509E-04 
  6729   9.13308E-04  1.25305E-03 -3.20411E-04 
  6730   9.06716E-04  1.21478E-03 -3.06751E-04 
  6731   9.79537E-04  1.27125E-03 -5.52120E-04 
  6732   9.77193E-04  1.23835E-03 -5.46189E-04 
  6733   1.34206E-03  8.68143E-04 -1.75491E-04 
  6734   1.35260E-03  8.74290E-04 -1.56285E-04 
  6735   1.17013E-03  9.57246E-04 -1.71696E-04 
  6736   1.15837E-03  9.51153E-04 -1.51459E-04 
  6737   1.05175E-03  1.05072E-03 -2.29356E-04 
  6738   1.03619E-03  1.03516E-03 -2.09960E-04 
  6739   1.00415E-03  1.12632E-03 -3.75786E-04 
  6740   9.89305E-04  1.09320E-03 -3.61213E-04 
  6741   1.03625E-03  1.14426E-03 -5.80528E-04 
  6742   1.02321E-03  1.11444E-03 -5.73494E-04 
  6743   1.45806E-03  8.26380E-04 -3.25506E-04 
  6744   1.40332E-03  8.31878E-04 -3.09666E-04 
  6745   1.25298E-03  9.11491E-04 -3.20311E-04 
  6746   1.21471E-03  9.04865E-04 -3.06660E-04 
  6747   1.12722E-03  1.00240E-03 -3.75840E-04 
  6748   1.09409E-03  9.87546E-04 -3.61266E-04 
  6749   1.08548E-03  1.08374E-03 -5.16189E-04 
  6750   1.05352E-03  1.05181E-03 -5.05317E-04 

 Rigid Airport Pavement
                   FAASR3D (version 1.0 ) compiled 04/15/19
 n o d a l   p r i n t   o u t   f o r   t i m e   s t e p     1  ( at time  1.0000E+00 )
   node     x-disp       y-disp       z-disp
  6751   1.09252E-03  1.10890E-03 -7.15890E-04 
  6752   1.06090E-03  1.07965E-03 -7.10690E-04 
  6753   1.46654E-03  9.21451E-04 -6.02666E-04 
  6754   1.43441E-03  9.31787E-04 -5.97465E-04 
  6755   1.27105E-03  9.76825E-04 -5.52033E-04 
  6756   1.23813E-03  9.74425E-04 -5.46084E-04 
  6757   1.14514E-03  1.03370E-03 -5.80738E-04 
  6758   1.11528E-03  1.02063E-03 -5.73704E-04 
  6759   1.11066E-03  1.08995E-03 -7.16213E-04 
  6760   1.08136E-03  1.05836E-03 -7.11018E-04 
  6761   1.11267E-03  1.10999E-03 -9.17572E-04 
  6762   1.08229E-03  1.07969E-03 -9.15566E-04 
  6763   1.29227E-03  1.29067E-03 -5.49054E-04 
  6764   1.41608E-03  1.41423E-03 -5.32015E-04 
  6765   1.03632E-03  1.31477E-03 -1.85930E-04 
  6766   1.08445E-03  1.37662E-03 -1.81120E-04 
  6767   8.82118E-04  1.31761E-03 -1.27074E-04 
  6768   8.86464E-04  1.29980E-03 -1.21248E-04 
  6769   8.33284E-04  1.36123E-03 -2.86958E-04 
  6770   8.23580E-04  1.26454E-03 -2.57725E-04 
  6771   9.34646E-04  1.34672E-03 -5.91255E-04 
  6772   9.22043E-04  1.34158E-03 -5.91446E-04 
  6773   1.31475E-03  1.03463E-03 -1.85807E-04 
  6774   1.37662E-03  1.08258E-03 -1.81005E-04 
  6775   1.09480E-03  1.09403E-03 -1.12433E-04 
  6776   1.09612E-03  1.09530E-03 -1.08214E-04 
  6777   9.44934E-04  1.11620E-03 -1.26865E-04 
  6778   9.24049E-04  1.07971E-03 -1.20749E-04 
  6779   8.93697E-04  1.16821E-03 -2.84385E-04 
  6780   8.65719E-04  1.08068E-03 -2.56268E-04 
  6781   9.65447E-04  1.17231E-03 -5.45420E-04 
  6782   9.35018E-04  1.17435E-03 -5.47271E-04 
  6783   1.31669E-03  8.80432E-04 -1.26934E-04 
  6784   1.29889E-03  8.84666E-04 -1.21118E-04 
  6785   1.11640E-03  9.43627E-04 -1.26825E-04 
  6786   1.07993E-03  9.22718E-04 -1.20713E-04 
  6787   9.86743E-04  9.85725E-04 -1.80357E-04 
  6788   9.40898E-04  9.39881E-04 -1.70494E-04 
  6789   9.40147E-04  1.05016E-03 -3.34087E-04 
  6790   8.93934E-04  9.67679E-04 -3.04013E-04 
  6791   9.74535E-04  1.06018E-03 -5.67382E-04 
  6792   9.29661E-04  1.07528E-03 -5.67307E-04 
  6793   1.35986E-03  8.31250E-04 -2.86604E-04 
  6794   1.26327E-03  8.21452E-04 -2.57412E-04 
  6795   1.16813E-03  8.91787E-04 -2.84297E-04 
  6796   1.08063E-03  8.63777E-04 -2.56185E-04 
  6797   1.05102E-03  9.38388E-04 -3.34131E-04 
  6798   9.68510E-04  8.92189E-04 -3.04046E-04 
  6799   1.01449E-03  1.01282E-03 -4.80082E-04 
  6800   9.35770E-04  9.34175E-04 -4.30626E-04 

 Rigid Airport Pavement
                   FAASR3D (version 1.0 ) compiled 04/15/19
 n o d a l   p r i n t   o u t   f o r   t i m e   s t e p     1  ( at time  1.0000E+00 )
   node     x-disp       y-disp       z-disp
  6801   1.02633E-03  1.02581E-03 -7.04618E-04 
  6802   9.50791E-04  1.04466E-03 -6.83659E-04 
  6803   1.34521E-03  9.31505E-04 -5.90616E-04 
  6804   1.34002E-03  9.18795E-04 -5.90779E-04 
  6805   1.17210E-03  9.62588E-04 -5.45282E-04 
  6806   1.17407E-03  9.32096E-04 -5.47122E-04 
  6807   1.06095E-03  9.71939E-04 -5.67591E-04 
  6808   1.07598E-03  9.27050E-04 -5.67508E-04 
  6809   1.02742E-03  1.02384E-03 -7.04955E-04 
  6810   1.04619E-03  9.48405E-04 -6.84016E-04 
  6811   1.02470E-03  1.02226E-03 -9.25372E-04 
  6812   1.06762E-03  1.06536E-03 -9.34257E-04 
  6813   0.00000E+00  0.00000E+00  0.00000E+00 
  6814   0.00000E+00  0.00000E+00  0.00000E+00 
  6815   0.00000E+00  0.00000E+00  0.00000E+00 
  6816   0.00000E+00  0.00000E+00  0.00000E+00 
  6817   0.00000E+00  0.00000E+00  0.00000E+00 
  6818   0.00000E+00  0.00000E+00  0.00000E+00 
  6819   0.00000E+00  0.00000E+00  0.00000E+00 
  6820   0.00000E+00  0.00000E+00  0.00000E+00 
  6821   0.00000E+00  0.00000E+00  0.00000E+00 
  6822   0.00000E+00  0.00000E+00  0.00000E+00 
  6823   0.00000E+00  0.00000E+00  0.00000E+00 
  6824   0.00000E+00  0.00000E+00  0.00000E+00 
  6825   0.00000E+00  0.00000E+00  0.00000E+00 
  6826   0.00000E+00  0.00000E+00  0.00000E+00 
  6827   0.00000E+00  0.00000E+00  0.00000E+00 
  6828   0.00000E+00  0.00000E+00  0.00000E+00 
  6829   0.00000E+00  0.00000E+00  0.00000E+00 
  6830   0.00000E+00  0.00000E+00  0.00000E+00 
  6831   0.00000E+00  0.00000E+00  0.00000E+00 
  6832   0.00000E+00  0.00000E+00  0.00000E+00 
  6833   0.00000E+00  0.00000E+00  0.00000E+00 
  6834   0.00000E+00  0.00000E+00  0.00000E+00 
  6835   0.00000E+00  0.00000E+00  0.00000E+00 
  6836   0.00000E+00  0.00000E+00  0.00000E+00 
  6837   0.00000E+00  0.00000E+00  0.00000E+00 
  6838   0.00000E+00  0.00000E+00  0.00000E+00 
