element_id,layer,cx_in,cy_in,cz_in,po_sx,po_sy,po_sz,po_sxy,po_syz,po_szx,ae_sx,ae_sy,ae_sz,ae_sxy,ae_syz,ae_sxz,max_abs_diff_psi,rel_to_peak_pct
1,1,2.1000,2.0000,6.0000,0.029230,-0.122600,-2.158000,0.025880,-0.209500,-0.650800,0.029225,-0.122606,-2.157828,0.025875,-0.209508,-0.650834,1.722183e-04,0.005046
2,1,6.3000,2.0000,6.0000,0.076010,0.103400,-0.644100,-0.012060,-0.055660,-0.686500,0.076007,0.103438,-0.644091,-0.012063,-0.055658,-0.686538,3.824608e-05,0.001121
3,1,10.5000,2.0000,6.0000,0.126300,0.076780,-0.838300,-0.002366,-0.061300,-0.751200,0.126343,0.076775,-0.838258,-0.002366,-0.061303,-0.751207,4.328362e-05,0.001268
4,1,14.7000,2.0000,6.0000,0.163400,0.093280,-0.736600,-0.000608,-0.053450,-0.640600,0.163395,0.093285,-0.736613,-0.000608,-0.053454,-0.640594,1.331384e-05,0.000390
5,1,18.9000,2.0000,6.0000,0.194000,0.091730,-0.759000,0.000504,-0.054630,-0.645500,0.194006,0.091732,-0.758965,0.000504,-0.054626,-0.645501,3.513282e-05,0.001029
6,1,23.1000,2.0000,6.0000,0.221000,0.097770,-0.728700,0.000208,-0.050810,-0.524600,0.220956,0.097770,-0.728703,0.000208,-0.050813,-0.524605,4.434795e-05,0.001299
7,1,27.3000,2.0000,6.0000,0.244200,0.097230,-0.742100,0.001045,-0.051290,-0.507300,0.244174,0.097228,-0.742051,0.001045,-0.051293,-0.507340,4.871045e-05,0.001427
8,1,31.5000,2.0000,6.0000,0.263800,0.101200,-0.726000,0.000605,-0.049240,-0.390900,0.263801,0.101155,-0.725979,0.000605,-0.049238,-0.390938,4.542642e-05,0.001331
9,1,35.7000,2.0000,6.0000,0.279900,0.101100,-0.737800,0.001392,-0.049730,-0.363800,0.279939,0.101143,-0.737755,0.001392,-0.049725,-0.363779,4.518108e-05,0.001324
10,1,39.9000,2.0000,6.0000,0.293000,0.102400,-0.740100,0.000682,-0.050230,-0.256700,0.293026,0.102393,-0.740064,0.000682,-0.050226,-0.256741,4.052240e-05,0.001187
11,1,44.1000,2.0000,6.0000,0.302600,0.102500,-0.750300,0.001542,-0.050490,-0.236300,0.302591,0.102456,-0.750292,0.001542,-0.050488,-0.236302,4.390817e-05,0.001286
12,1,48.3000,2.0000,6.0000,0.309400,0.102200,-0.759700,0.000730,-0.051780,-0.141700,0.309370,0.102235,-0.759695,0.000730,-0.051777,-0.141712,3.549795e-05,0.001040
13,1,52.5000,2.0000,6.0000,0.313700,0.102200,-0.767000,0.001721,-0.052000,-0.133500,0.313693,0.102234,-0.767036,0.001721,-0.051996,-0.133488,3.560645e-05,0.001043
14,1,56.7000,2.0000,6.0000,0.316200,0.101300,-0.779500,0.000767,-0.053650,-0.051060,0.316204,0.101309,-0.779509,0.000767,-0.053647,-0.051063,9.131831e-06,0.000268
15,1,60.9000,2.0000,6.0000,0.317200,0.101300,-0.784200,0.001587,-0.053560,-0.057210,0.317183,0.101328,-0.784191,0.001587,-0.053555,-0.057211,2.808997e-05,0.000823
16,1,65.1000,2.0000,6.0000,0.316200,0.100100,-0.796800,0.000621,-0.055180,0.015240,0.316151,0.100142,-0.796798,0.000621,-0.055183,0.015235,4.909680e-05,0.001439
17,1,69.3000,2.0000,6.0000,0.313700,0.100400,-0.799200,0.001373,-0.054980,-0.004311,0.313710,0.100361,-0.799232,0.001373,-0.054983,-0.004311,3.931014e-05,0.001152
18,1,73.5000,2.0000,6.0000,0.310900,0.099050,-0.810700,0.000513,-0.056340,0.061150,0.310866,0.099046,-0.810667,0.000512,-0.056339,0.061153,3.414621e-05,0.001000
19,1,77.7000,2.0000,6.0000,0.307300,0.099390,-0.811300,0.001314,-0.056010,0.029760,0.307255,0.099386,-0.811256,0.001314,-0.056012,0.029759,4.476193e-05,0.001312
20,1,81.9000,2.0000,6.0000,0.302600,0.098470,-0.821100,0.000344,-0.057310,0.089980,0.302635,0.098471,-0.821077,0.000344,-0.057311,0.089977,3.537333e-05,0.001036
21,1,86.1000,2.0000,6.0000,0.297700,0.098730,-0.820600,0.001127,-0.057050,0.049440,0.297699,0.098727,-0.820600,0.001127,-0.057052,0.049445,4.720803e-06,0.000138
22,1,90.3000,2.0000,6.0000,0.292800,0.097510,-0.828300,0.000351,-0.057860,0.107200,0.292805,0.097514,-0.828264,0.000351,-0.057861,0.107212,3.614884e-05,0.001059
23,1,94.5000,2.0000,6.0000,0.287500,0.097780,-0.826800,0.001071,-0.057800,0.059440,0.287454,0.097779,-0.826793,0.001071,-0.057803,0.059438,4.637723e-05,0.001359
24,1,98.7000,2.0000,6.0000,0.282300,0.097140,-0.832400,0.000170,-0.058540,0.115500,0.282277,0.097135,-0.832417,0.000170,-0.058537,0.115493,2.336543e-05,0.000685
25,1,102.9000,2.0000,6.0000,0.276900,0.097460,-0.830000,0.000903,-0.058230,0.062840,0.276932,0.097459,-0.830047,0.000903,-0.058227,0.062842,4.709188e-05,0.001380
26,1,107.1000,2.0000,6.0000,0.271500,0.096630,-0.834200,0.000179,-0.058510,0.119500,0.271450,0.096631,-0.834225,0.000179,-0.058506,0.119469,4.998567e-05,0.001465
27,1,111.3000,2.0000,6.0000,0.266400,0.096690,-0.831400,0.000794,-0.058400,0.063830,0.266429,0.096688,-0.831439,0.000794,-0.058397,0.063833,3.926687e-05,0.001151
28,1,115.5000,2.0000,6.0000,0.261200,0.095880,-0.834100,-0.000099,-0.058660,0.122000,0.261193,0.095875,-0.834123,-0.000099,-0.058659,0.122037,3.740836e-05,0.001096
29,1,119.7000,2.0000,6.0000,0.256100,0.096000,-0.830900,0.000621,-0.058250,0.065710,0.256089,0.096005,-0.830925,0.000621,-0.058251,0.065714,2.455426e-05,0.000719
30,1,123.9000,2.0000,6.0000,0.251100,0.095680,-0.831100,-0.000061,-0.058250,0.127000,0.251110,0.095685,-0.831053,-0.000061,-0.058250,0.127011,4.661627e-05,0.001366
31,1,128.1000,2.0000,6.0000,0.245800,0.095700,-0.827000,0.000454,-0.058180,0.071200,0.245755,0.095700,-0.826998,0.000454,-0.058182,0.071198,4.487864e-05,0.001315
32,1,132.3000,2.0000,6.0000,0.240400,0.095110,-0.825900,-0.000283,-0.057740,0.135600,0.240444,0.095107,-0.825901,-0.000283,-0.057739,0.135588,4.356271e-05,0.001276
33,1,136.5000,2.0000,6.0000,0.235000,0.094920,-0.821500,0.000309,-0.057500,0.082590,0.235049,0.094921,-0.821547,0.000309,-0.057499,0.082591,4.926706e-05,0.001444
34,1,140.7000,2.0000,6.0000,0.229000,0.094490,-0.819300,-0.000279,-0.057240,0.152200,0.229034,0.094491,-0.819313,-0.000279,-0.057243,0.152216,3.367772e-05,0.000987
35,1,144.9000,2.0000,6.0000,0.223000,0.094510,-0.813700,0.000278,-0.057050,0.102700,0.222956,0.094505,-0.813663,0.000278,-0.057047,0.102730,4.373235e-05,0.001281
36,1,149.1000,2.0000,6.0000,0.216000,0.094550,-0.806300,-0.000339,-0.055890,0.179300,0.216019,0.094553,-0.806276,-0.000339,-0.055888,0.179339,3.908926e-05,0.001145
37,1,153.3000,2.0000,6.0000,0.208300,0.094050,-0.800700,0.000437,-0.055700,0.138800,0.208316,0.094051,-0.800696,0.000437,-0.055702,0.138842,4.232929e-05,0.001240
38,1,157.5000,2.0000,6.0000,0.200300,0.089090,-0.824000,0.000117,-0.058540,0.218900,0.200334,0.089092,-0.824001,0.000117,-0.058542,0.218859,4.050300e-05,0.001187
39,1,161.7000,2.0000,6.0000,0.190600,0.093820,-0.780300,0.003589,-0.050720,0.164400,0.190633,0.093818,-0.780296,0.003589,-0.050718,0.164409,3.312992e-05,0.000971
40,1,165.9000,2.0000,6.0000,0.180600,0.107400,-0.677600,0.006381,-0.087640,0.302600,0.180595,0.107412,-0.677557,0.006381,-0.087643,0.302607,4.258722e-05,0.001248
41,1,2.1000,6.0000,6.0000,0.037590,-0.124800,-2.014000,-0.021090,0.187600,-0.646600,0.037587,-0.124775,-2.013965,-0.021091,0.187581,-0.646636,3.634437e-05,0.001065
42,1,6.3000,6.0000,6.0000,0.090320,0.105600,-0.551300,0.010350,0.055660,-0.677400,0.090320,0.105590,-0.551252,0.010354,0.055658,-0.677379,4.845600e-05,0.001420
43,1,10.5000,6.0000,6.0000,0.136500,0.074430,-0.779100,0.002859,0.070030,-0.754600,0.136539,0.074427,-0.779075,0.002859,0.070027,-0.754559,4.148509e-05,0.001216
44,1,14.7000,6.0000,6.0000,0.172300,0.092390,-0.678000,0.002130,0.062850,-0.637500,0.172338,0.092386,-0.678008,0.002130,0.062853,-0.637535,3.830585e-05,0.001122
45,1,18.9000,6.0000,6.0000,0.202800,0.090940,-0.698100,0.002625,0.063600,-0.649200,0.202846,0.090943,-0.698106,0.002625,0.063602,-0.649179,4.590567e-05,0.001345
46,1,23.1000,6.0000,6.0000,0.229400,0.096600,-0.672800,0.002061,0.061830,-0.518900,0.229371,0.096603,-0.672816,0.002061,0.061828,-0.518928,2.916973e-05,0.000855
47,1,27.3000,6.0000,6.0000,0.252500,0.096590,-0.684000,0.002840,0.062840,-0.512800,0.252509,0.096592,-0.683974,0.002840,0.062838,-0.512823,2.558673e-05,0.000750
48,1,31.5000,6.0000,6.0000,0.272000,0.100500,-0.670700,0.002547,0.062700,-0.383900,0.271977,0.100463,-0.670652,0.002547,0.062703,-0.383907,4.778206e-05,0.001400
49,1,35.7000,6.0000,6.0000,0.288200,0.100700,-0.680100,0.003262,0.063640,-0.370500,0.288203,0.100712,-0.680085,0.003262,0.063637,-0.370514,1.450754e-05,0.000425
50,1,39.9000,6.0000,6.0000,0.301100,0.101700,-0.683800,0.002571,0.065180,-0.248800,0.301125,0.101657,-0.683789,0.002571,0.065176,-0.248846,4.596953e-05,0.001347
51,1,44.1000,6.0000,6.0000,0.310900,0.101700,-0.691700,0.003334,0.065540,-0.243800,0.310938,0.101683,-0.691698,0.003334,0.065542,-0.243849,4.890332e-05,0.001433
52,1,48.3000,6.0000,6.0000,0.318000,0.101400,-0.700900,0.002214,0.067660,-0.133300,0.317980,0.101369,-0.700939,0.002214,0.067662,-0.133296,3.867171e-05,0.001133
53,1,52.5000,6.0000,6.0000,0.322500,0.101400,-0.706900,0.003366,0.068230,-0.141700,0.322533,0.101433,-0.706922,0.003366,0.068229,-0.141701,3.339834e-05,0.000979
54,1,56.7000,6.0000,6.0000,0.325000,0.100600,-0.718900,0.002289,0.070410,-0.042390,0.325036,0.100568,-0.718919,0.002289,0.070415,-0.042390,3.620708e-05,0.001061
55,1,60.9000,6.0000,6.0000,0.325900,0.100700,-0.722800,0.003186,0.070600,-0.065610,0.325881,0.100743,-0.722821,0.003186,0.070603,-0.065613,4.317814e-05,0.001265
56,1,65.1000,6.0000,6.0000,0.325000,0.099500,-0.734400,0.002152,0.072670,0.024000,0.325004,0.099502,-0.734416,0.002152,0.072673,0.023997,1.614283e-05,0.000473
57,1,69.3000,6.0000,6.0000,0.323000,0.099610,-0.736300,0.002944,0.073080,-0.012650,0.322981,0.099615,-0.736261,0.002944,0.073079,-0.012653,3.873539e-05,0.001135
58,1,73.5000,6.0000,6.0000,0.320100,0.098430,-0.747000,0.001827,0.074680,0.069580,0.320084,0.098435,-0.747012,0.001827,0.074675,0.069580,1.592754e-05,0.000467
59,1,77.7000,6.0000,6.0000,0.316300,0.098760,-0.747400,0.002757,0.074700,0.021730,0.316258,0.098764,-0.747425,0.002757,0.074703,0.021731,4.220254e-05,0.001237
60,1,81.9000,6.0000,6.0000,0.312200,0.097700,-0.756100,0.001710,0.076110,0.098240,0.312167,0.097704,-0.756128,0.001710,0.076105,0.098243,3.338427e-05,0.000978
61,1,86.1000,6.0000,6.0000,0.307500,0.097890,-0.755500,0.002279,0.076510,0.041740,0.307491,0.097894,-0.755529,0.002279,0.076513,0.041742,2.895135e-05,0.000848
62,1,90.3000,6.0000,6.0000,0.302300,0.096980,-0.762200,0.001364,0.077650,0.115000,0.302308,0.096977,-0.762211,0.001364,0.077646,0.115028,2.779641e-05,0.000814
63,1,94.5000,6.0000,6.0000,0.297000,0.097140,-0.761300,0.002240,0.077550,0.051700,0.297017,0.097144,-0.761313,0.002240,0.077550,0.051696,1.691099e-05,0.000495
64,1,98.7000,6.0000,6.0000,0.291800,0.096110,-0.766600,0.001211,0.078050,0.123300,0.291809,0.096113,-0.766640,0.001211,0.078051,0.123330,4.024821e-05,0.001179
65,1,102.9000,6.0000,6.0000,0.286400,0.096260,-0.765100,0.001954,0.078100,0.055550,0.286422,0.096264,-0.765104,0.001954,0.078104,0.055550,2.178971e-05,0.000638
66,1,107.1000,6.0000,6.0000,0.281100,0.095730,-0.768300,0.000821,0.078320,0.126700,0.281095,0.095728,-0.768280,0.000821,0.078321,0.126701,2.019277e-05,0.000592
67,1,111.3000,6.0000,6.0000,0.275900,0.095880,-0.765500,0.001406,0.078450,0.056770,0.275884,0.095879,-0.765474,0.001406,0.078451,0.056769,2.611383e-05,0.000765
68,1,115.5000,6.0000,6.0000,0.270900,0.095310,-0.767600,0.000645,0.078630,0.129000,0.270896,0.095310,-0.767614,0.000645,0.078629,0.128980,2.000237e-05,0.000586
69,1,119.7000,6.0000,6.0000,0.266000,0.095420,-0.764900,0.001328,0.078450,0.059020,0.266002,0.095421,-0.764884,0.001328,0.078447,0.059021,1.597570e-05,0.000468
70,1,123.9000,6.0000,6.0000,0.260700,0.094870,-0.764500,0.000405,0.078150,0.133300,0.260681,0.094866,-0.764466,0.000406,0.078146,0.133339,3.862329e-05,0.001132
71,1,128.1000,6.0000,6.0000,0.255300,0.094750,-0.761600,0.000951,0.078060,0.064760,0.255282,0.094748,-0.761634,0.000951,0.078064,0.064759,3.351161e-05,0.000982
72,1,132.3000,6.0000,6.0000,0.250100,0.094450,-0.760000,0.000078,0.077670,0.142200,0.250083,0.094451,-0.759995,0.000078,0.077666,0.142185,1.670422e-05,0.000489
73,1,136.5000,6.0000,6.0000,0.244500,0.094260,-0.756500,0.000685,0.077470,0.076240,0.244518,0.094264,-0.756541,0.000685,0.077466,0.076238,4.077229e-05,0.001195
74,1,140.7000,6.0000,6.0000,0.238700,0.093770,-0.754400,0.000026,0.076730,0.158100,0.238672,0.093766,-0.754427,0.000026,0.076725,0.158142,4.223694e-05,0.001238
75,1,144.9000,6.0000,6.0000,0.232300,0.093550,-0.749800,0.000518,0.076750,0.096960,0.232283,0.093547,-0.749815,0.000518,0.076754,0.096961,1.710094e-05,0.000501
76,1,149.1000,6.0000,6.0000,0.225300,0.093520,-0.742400,-0.000256,0.075540,0.185000,0.225277,0.093519,-0.742441,-0.000256,0.075536,0.184999,4.082973e-05,0.001196
77,1,153.3000,6.0000,6.0000,0.217800,0.093170,-0.737400,0.000052,0.075100,0.132900,0.217778,0.093166,-0.737444,0.000052,0.075105,0.132905,4.412030e-05,0.001293
78,1,157.5000,6.0000,6.0000,0.209300,0.088810,-0.759300,-0.001031,0.076610,0.223400,0.209302,0.088808,-0.759345,-0.001031,0.076614,0.223439,4.524171e-05,0.001326
79,1,161.7000,6.0000,6.0000,0.199200,0.092830,-0.725000,-0.003540,0.069530,0.160500,0.199220,0.092828,-0.724973,-0.003540,0.069530,0.160516,2.722206e-05,0.000798
80,1,165.9000,6.0000,6.0000,0.187200,0.106400,-0.629600,-0.007053,0.107200,0.307100,0.187229,0.106355,-0.629552,-0.007053,0.107196,0.307067,4.786022e-05,0.001402
81,1,2.1000,10.0000,6.0000,0.026780,-0.123300,-2.215000,0.016560,-0.129000,-0.665000,0.026776,-0.123307,-2.215213,0.016557,-0.128999,-0.665024,2.132608e-04,0.006248
82,1,6.3000,10.0000,6.0000,0.071210,0.101700,-0.670900,-0.008363,-0.005704,-0.678500,0.071213,0.101742,-0.670866,-0.008363,-0.005704,-0.678469,4.194812e-05,0.001229
83,1,10.5000,10.0000,6.0000,0.121900,0.074290,-0.873800,0.000440,-0.017050,-0.753900,0.121927,0.074292,-0.873783,0.000440,-0.017050,-0.753861,3.865155e-05,0.001132
84,1,14.7000,10.0000,6.0000,0.159100,0.091310,-0.764200,0.002013,-0.007894,-0.637600,0.159097,0.091314,-0.764224,0.002013,-0.007894,-0.637555,4.539989e-05,0.001330
85,1,18.9000,10.0000,6.0000,0.190100,0.090030,-0.780700,0.002855,-0.007459,-0.648400,0.190128,0.090034,-0.780662,0.002855,-0.007459,-0.648352,4.762554e-05,0.001395
86,1,23.1000,10.0000,6.0000,0.216700,0.095270,-0.754800,0.003612,-0.004317,-0.518500,0.216685,0.095266,-0.754789,0.003612,-0.004317,-0.518462,3.825377e-05,0.001121
87,1,27.3000,10.0000,6.0000,0.239900,0.095850,-0.764400,0.003901,-0.003240,-0.511700,0.239897,0.095855,-0.764359,0.003901,-0.003240,-0.511712,4.101319e-05,0.001202
88,1,31.5000,10.0000,6.0000,0.259600,0.099670,-0.751000,0.004609,-0.000918,-0.383400,0.259619,0.099666,-0.751042,0.004609,-0.000918,-0.383393,4.180015e-05,0.001225
89,1,35.7000,10.0000,6.0000,0.275700,0.099800,-0.760300,0.004686,0.000443,-0.369100,0.275740,0.099805,-0.760268,0.004686,0.000443,-0.369076,4.004359e-05,0.001173
90,1,39.9000,10.0000,6.0000,0.288300,0.100500,-0.765500,0.005182,0.000777,-0.248400,0.288309,0.100549,-0.765494,0.005182,0.000777,-0.248395,4.935753e-05,0.001446
91,1,44.1000,10.0000,6.0000,0.297800,0.100600,-0.774200,0.005088,0.001955,-0.242600,0.297840,0.100638,-0.774203,0.005088,0.001955,-0.242561,3.955714e-05,0.001159
92,1,48.3000,10.0000,6.0000,0.304700,0.100500,-0.784900,0.005157,0.001417,-0.133000,0.304742,0.100481,-0.784915,0.005157,0.001417,-0.133004,4.157367e-05,0.001218
93,1,52.5000,10.0000,6.0000,0.309300,0.100600,-0.792000,0.004995,0.002530,-0.140600,0.309252,0.100638,-0.792035,0.004995,0.002530,-0.140556,4.792015e-05,0.001404
94,1,56.7000,10.0000,6.0000,0.311500,0.099580,-0.805300,0.004865,0.001756,-0.042270,0.311534,0.099578,-0.805260,0.004865,0.001756,-0.042266,4.023445e-05,0.001179
95,1,60.9000,10.0000,6.0000,0.312100,0.099740,-0.810500,0.004616,0.002802,-0.064510,0.312065,0.099741,-0.810540,0.004616,0.002802,-0.064515,3.967424e-05,0.001162
96,1,65.1000,10.0000,6.0000,0.311200,0.098690,-0.823300,0.004689,0.002039,0.024170,0.311150,0.098692,-0.823276,0.004689,0.002039,0.024169,4.997962e-05,0.001464
97,1,69.3000,10.0000,6.0000,0.309100,0.098880,-0.826100,0.004310,0.002985,-0.011640,0.309096,0.098879,-0.826058,0.004310,0.002985,-0.011642,4.164533e-05,0.001220
98,1,73.5000,10.0000,6.0000,0.305900,0.097650,-0.837700,0.004373,0.002527,0.069440,0.305868,0.097654,-0.837668,0.004373,0.002527,0.069440,3.210801e-05,0.000941
99,1,77.7000,10.0000,6.0000,0.302000,0.097840,-0.839000,0.004058,0.003301,0.022570,0.301960,0.097838,-0.839023,0.004058,0.003301,0.022570,3.950321e-05,0.001157
100,1,81.9000,10.0000,6.0000,0.297800,0.096690,-0.848300,0.003970,0.002710,0.098270,0.297767,0.096687,-0.848261,0.003970,0.002710,0.098274,3.909828e-05,0.001146
101,1,86.1000,10.0000,6.0000,0.293000,0.096990,-0.848600,0.003240,0.003275,0.042580,0.292974,0.096986,-0.848636,0.003240,0.003275,0.042584,3.559151e-05,0.001043
102,1,90.3000,10.0000,6.0000,0.287900,0.096170,-0.855800,0.003244,0.002998,0.114800,0.287862,0.096168,-0.855786,0.003244,0.002998,0.114810,3.788677e-05,0.001110
103,1,94.5000,10.0000,6.0000,0.282600,0.096120,-0.855200,0.002846,0.003453,0.052310,0.282628,0.096121,-0.855175,0.002846,0.003453,0.052305,2.753414e-05,0.000807
104,1,98.7000,10.0000,6.0000,0.277200,0.095190,-0.860400,0.002810,0.003155,0.123100,0.277182,0.095191,-0.860425,0.002810,0.003155,0.123107,2.458076e-05,0.000720
105,1,102.9000,10.0000,6.0000,0.271600,0.095280,-0.859100,0.002329,0.003250,0.055990,0.271632,0.095276,-0.859110,0.002329,0.003250,0.055993,3.199480e-05,0.000937
106,1,107.1000,10.0000,6.0000,0.266500,0.094600,-0.862600,0.002107,0.003244,0.126500,0.266501,0.094595,-0.862580,0.002107,0.003244,0.126494,1.954945e-05,0.000573
107,1,111.3000,10.0000,6.0000,0.261400,0.094830,-0.860300,0.001677,0.003475,0.057400,0.261375,0.094827,-0.860288,0.001677,0.003475,0.057403,2.494731e-05,0.000731
108,1,115.5000,10.0000,6.0000,0.256500,0.094410,-0.861600,0.001871,0.003533,0.128600,0.256532,0.094414,-0.861592,0.001871,0.003533,0.128644,4.361836e-05,0.001278
109,1,119.7000,10.0000,6.0000,0.251400,0.094450,-0.858800,0.001342,0.003478,0.059210,0.251396,0.094446,-0.858823,0.001342,0.003478,0.059209,2.278958e-05,0.000668
110,1,123.9000,10.0000,6.0000,0.246000,0.094020,-0.858600,0.001242,0.003597,0.133000,0.246013,0.094018,-0.858645,0.001242,0.003597,0.132964,4.525677e-05,0.001326
111,1,128.1000,10.0000,6.0000,0.240800,0.093780,-0.855700,0.000684,0.003520,0.064970,0.240796,0.093776,-0.855734,0.000684,0.003520,0.064967,3.448454e-05,0.001010
112,1,132.3000,10.0000,6.0000,0.235700,0.093370,-0.853600,0.000739,0.003535,0.141800,0.235691,0.093372,-0.853572,0.000739,0.003535,0.141781,2.769564e-05,0.000811
113,1,136.5000,10.0000,6.0000,0.230300,0.093310,-0.849500,0.000391,0.003395,0.076520,0.230273,0.093311,-0.849490,0.000391,0.003395,0.076520,2.673191e-05,0.000783
114,1,140.7000,10.0000,6.0000,0.224600,0.092860,-0.846400,0.000582,0.003896,0.157600,0.224556,0.092863,-0.846359,0.000582,0.003896,0.157611,4.357592e-05,0.001277
115,1,144.9000,10.0000,6.0000,0.218300,0.092520,-0.841100,0.000066,0.003344,0.096880,0.218258,0.092519,-0.841145,0.000066,0.003344,0.096885,4.469387e-05,0.001310
116,1,149.1000,10.0000,6.0000,0.211300,0.092590,-0.833200,0.000239,0.003931,0.184400,0.211325,0.092594,-0.833151,0.000239,0.003931,0.184422,4.939297e-05,0.001447
117,1,153.3000,10.0000,6.0000,0.203900,0.092170,-0.828400,0.000113,0.003703,0.132900,0.203897,0.092175,-0.828410,0.000113,0.003703,0.132875,2.450181e-05,0.000718
118,1,157.5000,10.0000,6.0000,0.195800,0.087680,-0.848400,0.000808,0.001791,0.223100,0.195776,0.087684,-0.848354,0.000808,0.001791,0.223095,4.596811e-05,0.001347
119,1,161.7000,10.0000,6.0000,0.186900,0.091200,-0.808700,0.003587,0.006810,0.159100,0.186915,0.091202,-0.808678,0.003587,0.006810,0.159125,2.455103e-05,0.000719
120,1,165.9000,10.0000,6.0000,0.177500,0.105500,-0.691000,0.007636,-0.038760,0.301200,0.177469,0.105477,-0.691027,0.007636,-0.038760,0.301173,3.126999e-05,0.000916
121,1,2.1000,14.0000,6.0000,0.033770,-0.125500,-2.102000,-0.014070,0.120700,-0.651300,0.033771,-0.125531,-2.102018,-0.014065,0.120725,-0.651339,3.929209e-05,0.001151
122,1,6.3000,14.0000,6.0000,0.082880,0.101400,-0.602200,0.010430,0.035550,-0.681100,0.082877,0.101402,-0.602180,0.010434,0.035550,-0.681118,2.035131e-05,0.000596
123,1,10.5000,14.0000,6.0000,0.130000,0.071590,-0.818800,0.003523,0.055850,-0.749600,0.129960,0.071590,-0.818780,0.003523,0.055855,-0.749574,3.997711e-05,0.001171
124,1,14.7000,14.0000,6.0000,0.165800,0.089360,-0.715800,0.004402,0.052080,-0.638600,0.165820,0.089362,-0.715757,0.004402,0.052083,-0.638646,4.646420e-05,0.001361
125,1,18.9000,14.0000,6.0000,0.196500,0.088140,-0.734200,0.004479,0.055150,-0.644500,0.196487,0.088142,-0.734241,0.004479,0.055146,-0.644462,4.089297e-05,0.001198
126,1,23.1000,14.0000,6.0000,0.223000,0.093650,-0.709300,0.005535,0.055040,-0.519600,0.222980,0.093653,-0.709262,0.005535,0.055044,-0.519597,3.763398e-05,0.001103
127,1,27.3000,14.0000,6.0000,0.246000,0.094090,-0.718900,0.005919,0.057230,-0.507800,0.246048,0.094091,-0.718855,0.005919,0.057235,-0.507781,4.834666e-05,0.001417
128,1,31.5000,14.0000,6.0000,0.265600,0.097710,-0.706200,0.006600,0.058340,-0.384500,0.265573,0.097707,-0.706224,0.006600,0.058342,-0.384476,2.727520e-05,0.000799
129,1,35.7000,14.0000,6.0000,0.281700,0.098000,-0.715100,0.006468,0.060020,-0.365300,0.281707,0.098000,-0.715084,0.006468,0.060021,-0.365324,2.399588e-05,0.000703
130,1,39.9000,14.0000,6.0000,0.294300,0.098880,-0.719900,0.006979,0.062230,-0.249700,0.294323,0.098877,-0.719898,0.006979,0.062232,-0.249660,3.963499e-05,0.001161
131,1,44.1000,14.0000,6.0000,0.304000,0.098970,-0.728100,0.006702,0.063140,-0.239100,0.303997,0.098972,-0.728102,0.006702,0.063137,-0.239055,4.519426e-05,0.001324
132,1,48.3000,14.0000,6.0000,0.310700,0.098640,-0.738200,0.007086,0.065430,-0.134700,0.310701,0.098641,-0.738232,0.007086,0.065433,-0.134677,3.175256e-05,0.000930
133,1,52.5000,14.0000,6.0000,0.315300,0.098890,-0.744800,0.006703,0.066150,-0.137200,0.315262,0.098890,-0.744778,0.006703,0.066151,-0.137167,3.814758e-05,0.001118
134,1,56.7000,14.0000,6.0000,0.317900,0.098070,-0.756900,0.006703,0.068470,-0.044230,0.317877,0.098074,-0.756934,0.006703,0.068470,-0.044227,3.405068e-05,0.000998
135,1,60.9000,14.0000,6.0000,0.318500,0.098090,-0.761700,0.006296,0.068990,-0.061040,0.318507,0.098092,-0.761656,0.006296,0.068988,-0.061036,4.393772e-05,0.001287
136,1,65.1000,14.0000,6.0000,0.317800,0.096880,-0.773700,0.006393,0.071060,0.022010,0.317802,0.096884,-0.773672,0.006393,0.071061,0.022011,2.787805e-05,0.000817
137,1,69.3000,14.0000,6.0000,0.315800,0.097170,-0.775900,0.005803,0.071420,-0.008156,0.315771,0.097166,-0.775909,0.005803,0.071424,-0.008156,2.890037e-05,0.000847
138,1,73.5000,14.0000,6.0000,0.312500,0.096090,-0.786900,0.005853,0.073280,0.067300,0.312531,0.096088,-0.786875,0.005853,0.073276,0.067304,3.123901e-05,0.000915
139,1,77.7000,14.0000,6.0000,0.308900,0.096200,-0.788100,0.005209,0.073530,0.025730,0.308925,0.096198,-0.788100,0.005209,0.073531,0.025732,2.499018e-05,0.000732
140,1,81.9000,14.0000,6.0000,0.304600,0.094900,-0.796900,0.005352,0.074920,0.095930,0.304633,0.094895,-0.796870,0.005352,0.074918,0.095928,3.336562e-05,0.000978
141,1,86.1000,14.0000,6.0000,0.299700,0.095150,-0.796900,0.004747,0.075220,0.045650,0.299748,0.095146,-0.796899,0.004747,0.075223,0.045652,4.838512e-05,0.001418
142,1,90.3000,14.0000,6.0000,0.294800,0.094410,-0.803600,0.004521,0.076230,0.112200,0.294846,0.094409,-0.803569,0.004521,0.076229,0.112247,4.655521e-05,0.001364
143,1,94.5000,14.0000,6.0000,0.289700,0.094450,-0.802700,0.003672,0.076380,0.055450,0.289703,0.094449,-0.802731,0.003672,0.076379,0.055455,3.073235e-05,0.000900
144,1,98.7000,14.0000,6.0000,0.284100,0.093460,-0.808000,0.003675,0.076910,0.120300,0.284145,0.093462,-0.808027,0.003675,0.076909,0.120300,4.481509e-05,0.001313
145,1,102.9000,14.0000,6.0000,0.278700,0.093390,-0.806800,0.003123,0.077140,0.059120,0.278734,0.093392,-0.806761,0.003123,0.077141,0.059119,3.907479e-05,0.001145
146,1,107.1000,14.0000,6.0000,0.273800,0.092660,-0.810200,0.003155,0.077550,0.123700,0.273795,0.092665,-0.810173,0.003155,0.077554,0.123675,2.694509e-05,0.000789
147,1,111.3000,14.0000,6.0000,0.268600,0.092960,-0.807800,0.002516,0.077560,0.060420,0.268589,0.092963,-0.807760,0.002516,0.077558,0.060416,3.983014e-05,0.001167
148,1,115.5000,14.0000,6.0000,0.263700,0.092690,-0.808800,0.002402,0.077750,0.126000,0.263668,0.092691,-0.808808,0.002402,0.077746,0.126033,3.317996e-05,0.000972
149,1,119.7000,14.0000,6.0000,0.258600,0.092640,-0.806500,0.001710,0.077900,0.062210,0.258550,0.092644,-0.806502,0.001710,0.077897,0.062209,4.982166e-05,0.001460
150,1,123.9000,14.0000,6.0000,0.253200,0.092100,-0.806400,0.001754,0.077700,0.130100,0.253174,0.092098,-0.806371,0.001754,0.077704,0.130054,4.560132e-05,0.001336
151,1,128.1000,14.0000,6.0000,0.248100,0.091970,-0.803100,0.001064,0.077520,0.067560,0.248087,0.091969,-0.803075,0.001064,0.077520,0.067557,2.498119e-05,0.000732
152,1,132.3000,14.0000,6.0000,0.243000,0.091600,-0.801200,0.001210,0.077160,0.138700,0.242972,0.091597,-0.801244,0.001210,0.077156,0.138700,4.436138e-05,0.001300
153,1,136.5000,14.0000,6.0000,0.237500,0.091450,-0.797600,0.000649,0.077150,0.079460,0.237512,0.091455,-0.797634,0.000649,0.077146,0.079460,3.366118e-05,0.000986
154,1,140.7000,14.0000,6.0000,0.231700,0.091080,-0.794600,0.000709,0.076370,0.154500,0.231707,0.091083,-0.794559,0.000709,0.076374,0.154497,4.120730e-05,0.001207
155,1,144.9000,14.0000,6.0000,0.225400,0.090800,-0.790100,0.000124,0.076200,0.099310,0.225415,0.090798,-0.790060,0.000124,0.076204,0.099310,4.027390e-05,0.001180
156,1,149.1000,14.0000,6.0000,0.218400,0.090800,-0.782900,0.000316,0.075050,0.181400,0.218414,0.090804,-0.782854,0.000316,0.075055,0.181431,4.607132e-05,0.001350
157,1,153.3000,14.0000,6.0000,0.211000,0.090250,-0.777800,-0.000399,0.074860,0.135500,0.210965,0.090249,-0.777763,-0.000399,0.074856,0.135459,4.104406e-05,0.001203
158,1,157.5000,14.0000,6.0000,0.202900,0.085990,-0.795600,-0.001043,0.075870,0.219600,0.202909,0.085989,-0.795618,-0.001043,0.075872,0.219586,1.820131e-05,0.000533
159,1,161.7000,14.0000,6.0000,0.193000,0.089240,-0.763800,-0.005412,0.071780,0.163500,0.192955,0.089239,-0.763751,-0.005412,0.071778,0.163463,4.886567e-05,0.001432
160,1,165.9000,14.0000,6.0000,0.182800,0.103400,-0.658700,-0.008007,0.118500,0.297900,0.182830,0.103430,-0.658709,-0.008007,0.118532,0.297878,3.155434e-05,0.000925
161,1,2.1000,18.0000,6.0000,0.031130,-0.127300,-2.097000,0.014830,-0.122800,-0.648100,0.031127,-0.127271,-2.096578,0.014835,-0.122792,-0.648069,4.217705e-04,0.012358
162,1,6.3000,18.0000,6.0000,0.079710,0.098960,-0.609100,-0.005672,0.003585,-0.677800,0.079705,0.098958,-0.609061,-0.005672,0.003585,-0.677832,3.944297e-05,0.001156
163,1,10.5000,18.0000,6.0000,0.128800,0.069540,-0.820800,0.002491,-0.002361,-0.748100,0.128780,0.069538,-0.820770,0.002491,-0.002361,-0.748069,3.111510e-05,0.000912
164,1,14.7000,18.0000,6.0000,0.165000,0.086790,-0.716900,0.004004,0.007913,-0.636400,0.164966,0.086793,-0.716890,0.004004,0.007913,-0.636420,3.406271e-05,0.000998
165,1,18.9000,18.0000,6.0000,0.195500,0.085860,-0.734900,0.005456,0.009679,-0.642700,0.195517,0.085863,-0.734948,0.005456,0.009679,-0.642663,4.839671e-05,0.001418
166,1,23.1000,18.0000,6.0000,0.222100,0.091340,-0.710100,0.006611,0.014210,-0.517200,0.222081,0.091342,-0.710078,0.006611,0.014212,-0.517248,4.828236e-05,0.001415
167,1,27.3000,18.0000,6.0000,0.245100,0.091680,-0.719600,0.007506,0.016360,-0.506100,0.245144,0.091679,-0.719613,0.007506,0.016362,-0.506077,4.394012e-05,0.001287
168,1,31.5000,18.0000,6.0000,0.264400,0.095240,-0.707300,0.008116,0.019420,-0.382500,0.264432,0.095244,-0.707254,0.008116,0.019419,-0.382482,4.588335e-05,0.001344
169,1,35.7000,18.0000,6.0000,0.280300,0.095760,-0.715900,0.008665,0.021610,-0.363900,0.280300,0.095755,-0.715935,0.008665,0.021614,-0.363897,3.510859e-05,0.001029
170,1,39.9000,18.0000,6.0000,0.293000,0.096690,-0.720300,0.008838,0.022860,-0.247900,0.292990,0.096687,-0.720348,0.008838,0.022864,-0.247871,4.820094e-05,0.001412
171,1,44.1000,18.0000,6.0000,0.302800,0.096790,-0.728500,0.008763,0.024900,-0.237900,0.302835,0.096789,-0.728457,0.008763,0.024896,-0.237919,4.320354e-05,0.001266
172,1,48.3000,18.0000,6.0000,0.309600,0.096560,-0.738700,0.009035,0.025100,-0.133200,0.309573,0.096556,-0.738689,0.009035,0.025102,-0.133220,2.727299e-05,0.000799
173,1,52.5000,18.0000,6.0000,0.313900,0.096700,-0.745300,0.008948,0.026740,-0.136300,0.313937,0.096701,-0.745255,0.008948,0.026736,-0.136251,4.909601e-05,0.001439
174,1,56.7000,18.0000,6.0000,0.316500,0.095840,-0.757600,0.008669,0.026690,-0.042960,0.316536,0.095843,-0.757574,0.008669,0.026690,-0.042961,3.558522e-05,0.001043
175,1,60.9000,18.0000,6.0000,0.317300,0.096030,-0.762200,0.008429,0.028140,-0.060470,0.317269,0.096029,-0.762246,0.008429,0.028137,-0.060468,4.591055e-05,0.001345
176,1,65.1000,18.0000,6.0000,0.316500,0.094810,-0.774300,0.008127,0.027790,0.023110,0.316542,0.094813,-0.774252,0.008127,0.027787,0.023108,4.842458e-05,0.001419
177,1,69.3000,18.0000,6.0000,0.314400,0.095000,-0.776600,0.007772,0.029000,-0.007580,0.314392,0.095003,-0.776596,0.007772,0.029002,-0.007580,7.503165e-06,0.000220
178,1,73.5000,18.0000,6.0000,0.311300,0.093990,-0.787400,0.007513,0.028600,0.068290,0.311320,0.093989,-0.787444,0.007513,0.028604,0.068293,4.432135e-05,0.001299
179,1,77.7000,18.0000,6.0000,0.307800,0.094130,-0.788800,0.006884,0.029720,0.026070,0.307831,0.094131,-0.788821,0.006884,0.029721,0.026065,3.115905e-05,0.000913
180,1,81.9000,18.0000,6.0000,0.303500,0.092840,-0.797700,0.006499,0.029740,0.096780,0.303471,0.092836,-0.797675,0.006499,0.029744,0.096779,2.894105e-05,0.000848
181,1,86.1000,18.0000,6.0000,0.298600,0.092860,-0.797900,0.006223,0.030580,0.045710,0.298568,0.092861,-0.797884,0.006223,0.030580,0.045712,3.188136e-05,0.000934
182,1,90.3000,18.0000,6.0000,0.293500,0.091970,-0.804700,0.005638,0.030320,0.112900,0.293490,0.091968,-0.804681,0.005638,0.030318,0.112885,1.930461e-05,0.000566
183,1,94.5000,18.0000,6.0000,0.288400,0.092170,-0.803700,0.005031,0.030750,0.055510,0.288367,0.092168,-0.803671,0.005031,0.030753,0.055513,3.301525e-05,0.000967
184,1,98.7000,18.0000,6.0000,0.283100,0.091290,-0.808800,0.004741,0.030880,0.120900,0.283102,0.091285,-0.808785,0.004741,0.030885,0.120934,3.429775e-05,0.001005
185,1,102.9000,18.0000,6.0000,0.277800,0.091250,-0.807300,0.004246,0.031390,0.059090,0.277752,0.091249,-0.807325,0.004246,0.031387,0.059089,4.760352e-05,0.001395
186,1,107.1000,18.0000,6.0000,0.272800,0.090560,-0.810800,0.003740,0.031470,0.124000,0.272755,0.090565,-0.810773,0.003740,0.031471,0.124023,4.485047e-05,0.001314
187,1,111.3000,18.0000,6.0000,0.267600,0.090700,-0.808400,0.003311,0.031730,0.060260,0.267607,0.090695,-0.808424,0.003311,0.031725,0.060260,2.362404e-05,0.000692
188,1,115.5000,18.0000,6.0000,0.262600,0.090260,-0.809600,0.002991,0.031690,0.126500,0.262561,0.090257,-0.809589,0.002991,0.031688,0.126541,4.089086e-05,0.001198
189,1,119.7000,18.0000,6.0000,0.257400,0.090190,-0.807500,0.002431,0.031500,0.061930,0.257441,0.090186,-0.807477,0.002431,0.031501,0.061933,4.096682e-05,0.001200
190,1,123.9000,18.0000,6.0000,0.252300,0.089710,-0.807000,0.001946,0.031470,0.130200,0.252280,0.089713,-0.806966,0.001946,0.031475,0.130152,4.775865e-05,0.001399
191,1,128.1000,18.0000,6.0000,0.247300,0.089790,-0.803800,0.001513,0.031580,0.067180,0.247325,0.089791,-0.803809,0.001513,0.031577,0.067183,2.456706e-05,0.000720
192,1,132.3000,18.0000,6.0000,0.242100,0.089510,-0.801900,0.001277,0.032000,0.138800,0.242137,0.089514,-0.801925,0.001277,0.032004,0.138795,3.671109e-05,0.001076
193,1,136.5000,18.0000,6.0000,0.236500,0.089220,-0.798200,0.000942,0.031610,0.078870,0.236541,0.089221,-0.798190,0.000942,0.031615,0.078868,4.072372e-05,0.001193
194,1,140.7000,18.0000,6.0000,0.230700,0.088720,-0.795600,0.000582,0.031610,0.154600,0.230747,0.088716,-0.795562,0.000582,0.031613,0.154572,4.746447e-05,0.001391
195,1,144.9000,18.0000,6.0000,0.224600,0.088500,-0.790900,0.000261,0.031300,0.098990,0.224602,0.088496,-0.790857,0.000261,0.031304,0.098989,4.265027e-05,0.001250
196,1,149.1000,18.0000,6.0000,0.217800,0.088470,-0.783300,0.000058,0.031880,0.181400,0.217755,0.088467,-0.783328,0.000058,0.031883,0.181361,4.525997e-05,0.001326
197,1,153.3000,18.0000,6.0000,0.210200,0.087740,-0.778000,-0.000064,0.031340,0.134800,0.210203,0.087738,-0.777983,-0.000064,0.031336,0.134842,4.160219e-05,0.001219
198,1,157.5000,18.0000,6.0000,0.202000,0.083810,-0.794600,0.000228,0.030190,0.219900,0.201998,0.083809,-0.794582,0.000228,0.030191,0.219901,1.765945e-05,0.000517
199,1,161.7000,18.0000,6.0000,0.192300,0.087010,-0.764800,0.003361,0.035550,0.164300,0.192277,0.087012,-0.764787,0.003361,0.035550,0.164278,2.298650e-05,0.000673
200,1,165.9000,18.0000,6.0000,0.181400,0.100300,-0.666300,0.006479,-0.009666,0.298500,0.181411,0.100272,-0.666330,0.006479,-0.009666,0.298549,4.870264e-05,0.001427
201,1,2.1000,22.0000,6.0000,0.031060,-0.129000,-2.091000,-0.014510,0.143900,-0.646400,0.031061,-0.129006,-2.091412,-0.014508,0.143901,-0.646432,4.120215e-04,0.012072
202,1,6.3000,22.0000,6.0000,0.078810,0.095170,-0.609700,0.010390,0.059060,-0.675600,0.078812,0.095169,-0.609664,0.010386,0.059060,-0.675601,3.550018e-05,0.001040
203,1,10.5000,22.0000,6.0000,0.127400,0.066580,-0.819800,0.005544,0.079720,-0.745700,0.127397,0.066576,-0.819791,0.005544,0.079725,-0.745720,1.998420e-05,0.000586
204,1,14.7000,22.0000,6.0000,0.164100,0.083770,-0.716500,0.006329,0.076970,-0.634100,0.164077,0.083765,-0.716486,0.006329,0.076969,-0.634108,2.307137e-05,0.000676
205,1,18.9000,22.0000,6.0000,0.194500,0.082670,-0.734500,0.007197,0.081140,-0.639900,0.194490,0.082674,-0.734533,0.007197,0.081144,-0.639947,4.724524e-05,0.001384
206,1,23.1000,22.0000,6.0000,0.221000,0.088180,-0.709900,0.008349,0.082220,-0.514800,0.221011,0.088179,-0.709946,0.008349,0.082221,-0.514762,4.559374e-05,0.001336
207,1,27.3000,22.0000,6.0000,0.243900,0.088480,-0.719700,0.009173,0.085290,-0.503600,0.243861,0.088483,-0.719661,0.009173,0.085290,-0.503552,4.761928e-05,0.001395
208,1,31.5000,22.0000,6.0000,0.263100,0.092170,-0.707400,0.009748,0.087300,-0.380200,0.263148,0.092170,-0.707434,0.009748,0.087297,-0.380211,4.761362e-05,0.001395
209,1,35.7000,22.0000,6.0000,0.278800,0.092730,-0.716200,0.010260,0.089910,-0.361800,0.278756,0.092727,-0.716195,0.010255,0.089914,-0.361758,4.424411e-05,0.001296
210,1,39.9000,22.0000,6.0000,0.291600,0.093770,-0.720600,0.010460,0.093110,-0.245900,0.291562,0.093766,-0.720591,0.010465,0.093110,-0.245943,4.346090e-05,0.001273
211,1,44.1000,22.0000,6.0000,0.301300,0.093980,-0.728800,0.010570,0.094920,-0.236200,0.301288,0.093982,-0.728792,0.010571,0.094924,-0.236165,3.498525e-05,0.001025
212,1,48.3000,22.0000,6.0000,0.308100,0.093840,-0.739100,0.010820,0.097990,-0.131700,0.308053,0.093838,-0.739112,0.010824,0.097994,-0.131672,4.682537e-05,0.001372
213,1,52.5000,22.0000,6.0000,0.312400,0.094020,-0.745700,0.010450,0.099380,-0.134800,0.312412,0.094017,-0.745667,0.010452,0.099377,-0.134769,3.336371e-05,0.000978
214,1,56.7000,22.0000,6.0000,0.315000,0.093060,-0.758000,0.010230,0.102400,-0.041630,0.314987,0.093063,-0.757968,0.010233,0.102358,-0.041626,4.201158e-05,0.001231
215,1,60.9000,22.0000,6.0000,0.315800,0.093210,-0.762600,0.010020,0.103500,-0.059410,0.315831,0.093208,-0.762631,0.010023,0.103476,-0.059405,3.148450e-05,0.000922
216,1,65.1000,22.0000,6.0000,0.315000,0.092230,-0.774800,0.009699,0.106000,0.024170,0.314971,0.092228,-0.774804,0.009699,0.106013,0.024172,2.895690e-05,0.000848
217,1,69.3000,22.0000,6.0000,0.312700,0.092440,-0.777400,0.009371,0.106600,-0.006721,0.312712,0.092437,-0.777377,0.009371,0.106644,-0.006721,4.398698e-05,0.001289
218,1,73.5000,22.0000,6.0000,0.309800,0.091090,-0.788300,0.008925,0.108700,0.069170,0.309826,0.091087,-0.788260,0.008925,0.108738,0.069174,3.992221e-05,0.001170
219,1,77.7000,22.0000,6.0000,0.306300,0.091150,-0.789400,0.008180,0.109600,0.027000,0.306310,0.091149,-0.789416,0.008180,0.109618,0.026998,1.769090e-05,0.000518
220,1,81.9000,22.0000,6.0000,0.301900,0.090080,-0.798100,0.007770,0.111400,0.097430,0.301945,0.090084,-0.798116,0.007770,0.111446,0.097425,4.643299e-05,0.001360
221,1,86.1000,22.0000,6.0000,0.297100,0.090120,-0.798300,0.007348,0.111900,0.046350,0.297141,0.090119,-0.798310,0.007348,0.111942,0.046351,4.162272e-05,0.001220
222,1,90.3000,22.0000,6.0000,0.292100,0.089000,-0.805300,0.006582,0.113200,0.113400,0.292103,0.089000,-0.805255,0.006582,0.113195,0.113429,4.456074e-05,0.001306
223,1,94.5000,22.0000,6.0000,0.287000,0.089100,-0.804600,0.005999,0.113600,0.055860,0.286975,0.089097,-0.804582,0.005999,0.113588,0.055865,2.533798e-05,0.000742
224,1,98.7000,22.0000,6.0000,0.281800,0.088400,-0.809500,0.005585,0.114500,0.121300,0.281798,0.088395,-0.809504,0.005585,0.114451,0.121329,4.854142e-05,0.001422
225,1,102.9000,22.0000,6.0000,0.276500,0.088630,-0.807400,0.005039,0.114900,0.059370,0.276532,0.088626,-0.807449,0.005039,0.114898,0.059369,4.948815e-05,0.001450
226,1,107.1000,22.0000,6.0000,0.271500,0.087760,-0.811100,0.004600,0.115500,0.124400,0.271468,0.087761,-0.811069,0.004600,0.115534,0.124397,3.429862e-05,0.001005
227,1,111.3000,22.0000,6.0000,0.266400,0.087620,-0.809000,0.004110,0.115700,0.060330,0.266413,0.087623,-0.809043,0.004110,0.115667,0.060334,4.311218e-05,0.001263
228,1,115.5000,22.0000,6.0000,0.261200,0.087070,-0.810300,0.003556,0.115500,0.126400,0.261188,0.087072,-0.810308,0.003556,0.115538,0.126411,3.822637e-05,0.001120
229,1,119.7000,22.0000,6.0000,0.256100,0.087170,-0.808200,0.002868,0.115500,0.061850,0.256083,0.087173,-0.808156,0.002868,0.115451,0.061854,4.881512e-05,0.001430
230,1,123.9000,22.0000,6.0000,0.251300,0.086980,-0.807500,0.002396,0.115500,0.130200,0.251315,0.086983,-0.807505,0.002396,0.115471,0.130160,3.952048e-05,0.001158
231,1,128.1000,22.0000,6.0000,0.246300,0.086750,-0.804500,0.001943,0.115500,0.067170,0.246303,0.086748,-0.804464,0.001943,0.115458,0.067169,4.172809e-05,0.001223
232,1,132.3000,22.0000,6.0000,0.241000,0.086260,-0.802500,0.001486,0.115000,0.138700,0.240953,0.086263,-0.802451,0.001486,0.115015,0.138685,4.936029e-05,0.001446
233,1,136.5000,22.0000,6.0000,0.235500,0.086150,-0.798700,0.001163,0.115000,0.078510,0.235477,0.086151,-0.798703,0.001163,0.115012,0.078511,2.301523e-05,0.000674
234,1,140.7000,22.0000,6.0000,0.229700,0.085690,-0.796100,0.000794,0.114200,0.154200,0.229710,0.085690,-0.796143,0.000794,0.114173,0.154242,4.320679e-05,0.001266
235,1,144.9000,22.0000,6.0000,0.223600,0.085420,-0.790900,0.000450,0.113800,0.098830,0.223587,0.085416,-0.790877,0.000450,0.113800,0.098835,2.263523e-05,0.000663
236,1,149.1000,22.0000,6.0000,0.216900,0.085470,-0.783100,0.000001,0.112700,0.181100,0.216879,0.085466,-0.783108,0.000001,0.112662,0.181098,3.822468e-05,0.001120
237,1,153.3000,22.0000,6.0000,0.209300,0.084860,-0.778500,-0.000701,0.112500,0.134400,0.209313,0.084861,-0.778457,-0.000701,0.112477,0.134443,4.282194e-05,0.001255
238,1,157.5000,22.0000,6.0000,0.201000,0.080770,-0.795700,-0.001272,0.113300,0.219900,0.201018,0.080773,-0.795654,-0.001272,0.113342,0.219909,4.634889e-05,0.001358
239,1,161.7000,22.0000,6.0000,0.191600,0.083820,-0.764900,-0.004844,0.107700,0.163900,0.191642,0.083822,-0.764940,-0.004844,0.107686,0.163918,4.207403e-05,0.001233
240,1,165.9000,22.0000,6.0000,0.180900,0.097130,-0.664100,-0.008342,0.152100,0.298200,0.180930,0.097131,-0.664141,-0.008342,0.152092,0.298187,4.107237e-05,0.001203
241,1,2.1000,26.0000,6.0000,0.030640,-0.131700,-2.084000,0.015290,-0.099810,-0.644700,0.030638,-0.131675,-2.083831,0.015292,-0.099805,-0.644723,1.694773e-04,0.004966
242,1,6.3000,26.0000,6.0000,0.077750,0.090990,-0.609000,-0.005086,0.027080,-0.673000,0.077751,0.090987,-0.609021,-0.005086,0.027080,-0.672960,3.985630e-05,0.001168
243,1,10.5000,26.0000,6.0000,0.126500,0.062550,-0.817500,0.003466,0.021650,-0.743000,0.126453,0.062552,-0.817526,0.003466,0.021645,-0.742987,4.651286e-05,0.001363
244,1,14.7000,26.0000,6.0000,0.163100,0.079610,-0.714600,0.005992,0.032790,-0.631100,0.163111,0.079614,-0.714599,0.005992,0.032793,-0.631115,1.481665e-05,0.000434
245,1,18.9000,26.0000,6.0000,0.193500,0.078750,-0.732400,0.008033,0.035660,-0.637000,0.193528,0.078745,-0.732435,0.008033,0.035661,-0.636969,3.485311e-05,0.001021
246,1,23.1000,26.0000,6.0000,0.219800,0.084280,-0.707800,0.009472,0.041250,-0.511800,0.219793,0.084283,-0.707790,0.009472,0.041251,-0.511810,1.039142e-05,0.000304
247,1,27.3000,26.0000,6.0000,0.242400,0.084640,-0.717400,0.010410,0.044560,-0.500500,0.242445,0.084637,-0.717450,0.010410,0.044558,-0.500530,4.969275e-05,0.001456
248,1,31.5000,26.0000,6.0000,0.261800,0.088440,-0.705200,0.011330,0.048540,-0.377300,0.261811,0.088438,-0.705154,0.011330,0.048542,-0.377325,4.586164e-05,0.001344
249,1,35.7000,26.0000,6.0000,0.277600,0.088950,-0.713900,0.012040,0.051480,-0.359200,0.277591,0.088951,-0.713866,0.012043,0.051476,-0.359195,3.430834e-05,0.001005
250,1,39.9000,26.0000,6.0000,0.290200,0.089920,-0.718400,0.012370,0.053560,-0.243500,0.290216,0.089917,-0.718403,0.012368,0.053560,-0.243486,1.594007e-05,0.000467
251,1,44.1000,26.0000,6.0000,0.299800,0.090450,-0.726600,0.012430,0.056520,-0.234000,0.299790,0.090454,-0.726616,0.012432,0.056522,-0.234031,3.135919e-05,0.000919
252,1,48.3000,26.0000,6.0000,0.306600,0.090340,-0.736800,0.012730,0.057550,-0.129800,0.306582,0.090336,-0.736803,0.012732,0.057551,-0.129756,4.371385e-05,0.001281
253,1,52.5000,26.0000,6.0000,0.311100,0.090520,-0.743400,0.012480,0.059790,-0.133200,0.311105,0.090518,-0.743354,0.012479,0.059785,-0.133165,4.618517e-05,0.001353
254,1,56.7000,26.0000,6.0000,0.313600,0.089800,-0.755700,0.012290,0.060080,-0.040170,0.313636,0.089799,-0.755678,0.012289,0.060076,-0.040168,3.588848e-05,0.001052
255,1,60.9000,26.0000,6.0000,0.314400,0.089870,-0.760300,0.011870,0.062020,-0.058030,0.314415,0.089872,-0.760292,0.011874,0.062016,-0.058033,1.486901e-05,0.000436
256,1,65.1000,26.0000,6.0000,0.313600,0.088710,-0.772300,0.011560,0.062220,0.025370,0.313559,0.088707,-0.772343,0.011563,0.062219,0.025371,4.306133e-05,0.001262
257,1,69.3000,26.0000,6.0000,0.311400,0.088960,-0.774700,0.011020,0.063890,-0.005747,0.311358,0.088961,-0.774732,0.011020,0.063892,-0.005747,4.218843e-05,0.001236
258,1,73.5000,26.0000,6.0000,0.308500,0.087550,-0.785600,0.010500,0.064020,0.070300,0.308504,0.087551,-0.785581,0.010499,0.064017,0.070300,1.915598e-05,0.000561
259,1,77.7000,26.0000,6.0000,0.304800,0.087590,-0.787000,0.009744,0.065400,0.027990,0.304839,0.087593,-0.786969,0.009744,0.065401,0.027988,3.851416e-05,0.001128
260,1,81.9000,26.0000,6.0000,0.300500,0.086780,-0.795800,0.009155,0.065530,0.098250,0.300526,0.086780,-0.795801,0.009155,0.065532,0.098255,2.609528e-05,0.000765
261,1,86.1000,26.0000,6.0000,0.295900,0.086790,-0.795800,0.008409,0.066600,0.047110,0.295870,0.086795,-0.795814,0.008409,0.066601,0.047107,3.038952e-05,0.000890
262,1,90.3000,26.0000,6.0000,0.291000,0.085520,-0.802600,0.007817,0.066710,0.114200,0.291029,0.085522,-0.802568,0.007817,0.066710,0.114202,3.238502e-05,0.000949
263,1,94.5000,26.0000,6.0000,0.285900,0.085510,-0.801800,0.007066,0.067540,0.056360,0.285854,0.085508,-0.801836,0.007066,0.067537,0.056359,4.598938e-05,0.001347
264,1,98.7000,26.0000,6.0000,0.280700,0.084710,-0.807000,0.006627,0.067810,0.121800,0.280663,0.084705,-0.807022,0.006627,0.067809,0.121807,3.691016e-05,0.001081
265,1,102.9000,26.0000,6.0000,0.275500,0.084870,-0.805200,0.005860,0.068410,0.059780,0.275526,0.084873,-0.805243,0.005860,0.068412,0.059781,4.255959e-05,0.001247
266,1,107.1000,26.0000,6.0000,0.270400,0.084100,-0.808400,0.005245,0.068550,0.124800,0.270439,0.084101,-0.808381,0.005245,0.068550,0.124756,4.407310e-05,0.001291
267,1,111.3000,26.0000,6.0000,0.265300,0.084080,-0.806200,0.004580,0.068750,0.060390,0.265292,0.084081,-0.806182,0.004580,0.068753,0.060388,1.788829e-05,0.000524
268,1,115.5000,26.0000,6.0000,0.260000,0.083480,-0.807800,0.004102,0.068780,0.126300,0.260037,0.083481,-0.807822,0.004102,0.068780,0.126300,3.699096e-05,0.001084
269,1,119.7000,26.0000,6.0000,0.255300,0.083470,-0.805500,0.003441,0.068750,0.061830,0.255269,0.083472,-0.805531,0.003441,0.068745,0.061826,3.094973e-05,0.000907
270,1,123.9000,26.0000,6.0000,0.250600,0.083070,-0.804800,0.002834,0.068830,0.130200,0.250561,0.083073,-0.804814,0.002834,0.068826,0.130162,3.855743e-05,0.001130
271,1,128.1000,26.0000,6.0000,0.245400,0.082950,-0.801500,0.002092,0.068780,0.067020,0.245386,0.082952,-0.801521,0.002092,0.068778,0.067022,2.107857e-05,0.000618
272,1,132.3000,26.0000,6.0000,0.240100,0.082570,-0.799600,0.001680,0.068940,0.138600,0.240119,0.082571,-0.799612,0.001680,0.068937,0.138634,3.362540e-05,0.000985
273,1,136.5000,26.0000,6.0000,0.234700,0.082180,-0.796300,0.001226,0.068590,0.078250,0.234720,0.082182,-0.796310,0.001226,0.068590,0.078247,2.014563e-05,0.000590
274,1,140.7000,26.0000,6.0000,0.228900,0.081800,-0.793200,0.000783,0.068800,0.154000,0.228873,0.081796,-0.793154,0.000783,0.068797,0.153992,4.637285e-05,0.001359
275,1,144.9000,26.0000,6.0000,0.222900,0.081650,-0.788100,0.000218,0.068150,0.098260,0.222870,0.081649,-0.788089,0.000218,0.068149,0.098257,2.979831e-05,0.000873
276,1,149.1000,26.0000,6.0000,0.216300,0.081450,-0.780900,0.000054,0.068630,0.181000,0.216257,0.081452,-0.780868,0.000054,0.068633,0.180977,4.340070e-05,0.001272
277,1,153.3000,26.0000,6.0000,0.208700,0.080880,-0.776100,-0.000129,0.068390,0.134100,0.208663,0.080880,-0.776120,-0.000129,0.068389,0.134103,3.709446e-05,0.001087
278,1,157.5000,26.0000,6.0000,0.200600,0.076900,-0.794300,0.000440,0.066870,0.219700,0.200581,0.076899,-0.794328,0.000441,0.066869,0.219728,2.840301e-05,0.000832
279,1,161.7000,26.0000,6.0000,0.190900,0.079910,-0.762000,0.003464,0.070880,0.162600,0.190874,0.079906,-0.762013,0.003464,0.070883,0.162592,2.643450e-05,0.000775
280,1,165.9000,26.0000,6.0000,0.180700,0.093420,-0.659200,0.006268,0.024740,0.297800,0.180662,0.093421,-0.659212,0.006268,0.024741,0.297772,3.819362e-05,0.001119
281,1,2.1000,30.0000,6.0000,0.030610,-0.135300,-2.054000,-0.013640,0.173300,-0.638800,0.030609,-0.135307,-2.054214,-0.013639,0.173264,-0.638790,2.139554e-04,0.006269
282,1,6.3000,30.0000,6.0000,0.078270,0.086400,-0.599300,0.010570,0.087900,-0.671700,0.078268,0.086400,-0.599304,0.010574,0.087903,-0.671695,4.641603e-06,0.000136
283,1,10.5000,30.0000,6.0000,0.126600,0.057300,-0.808900,0.006380,0.107200,-0.739100,0.126627,0.057295,-0.808909,0.006380,0.107234,-0.739076,3.448091e-05,0.001010
284,1,14.7000,30.0000,6.0000,0.162800,0.074580,-0.707400,0.008329,0.105100,-0.628300,0.162834,0.074578,-0.707398,0.008329,0.105082,-0.628327,3.416723e-05,0.001001
285,1,18.9000,30.0000,6.0000,0.192900,0.073930,-0.725500,0.009759,0.110500,-0.632500,0.192871,0.073928,-0.725524,0.009759,0.110508,-0.632509,2.911981e-05,0.000853
286,1,23.1000,30.0000,6.0000,0.218900,0.079470,-0.701200,0.011050,0.113100,-0.508900,0.218890,0.079469,-0.701168,0.011047,0.113093,-0.508899,3.247229e-05,0.000951
287,1,27.3000,30.0000,6.0000,0.241400,0.080060,-0.710900,0.012240,0.117400,-0.496300,0.241409,0.080055,-0.710921,0.012241,0.117395,-0.496342,4.196273e-05,0.001229
288,1,31.5000,30.0000,6.0000,0.260800,0.084010,-0.698900,0.013160,0.120300,-0.374700,0.260795,0.084006,-0.698915,0.013158,0.120257,-0.374729,4.299491e-05,0.001260
289,1,35.7000,30.0000,6.0000,0.276600,0.084540,-0.707700,0.013650,0.123600,-0.355500,0.276647,0.084544,-0.707727,0.013647,0.123611,-0.355493,4.684408e-05,0.001373
290,1,39.9000,30.0000,6.0000,0.289100,0.085570,-0.712300,0.013940,0.127700,-0.241200,0.289114,0.085569,-0.712269,0.013937,0.127673,-0.241247,4.727040e-05,0.001385
291,1,44.1000,30.0000,6.0000,0.298500,0.085980,-0.720400,0.014200,0.130500,-0.230700,0.298502,0.085976,-0.720373,0.014204,0.130524,-0.230701,2.698679e-05,0.000791
292,1,48.3000,30.0000,6.0000,0.305500,0.085870,-0.730300,0.014140,0.134500,-0.128300,0.305472,0.085866,-0.730311,0.014145,0.134470,-0.128310,3.042672e-05,0.000891
293,1,52.5000,30.0000,6.0000,0.310300,0.086200,-0.736600,0.014040,0.136400,-0.130700,0.310253,0.086202,-0.736591,0.014037,0.136431,-0.130653,4.677234e-05,0.001370
294,1,56.7000,30.0000,6.0000,0.312700,0.085540,-0.749000,0.013690,0.139800,-0.039280,0.312671,0.085535,-0.748962,0.013685,0.139780,-0.039283,3.839196e-05,0.001125
295,1,60.9000,30.0000,6.0000,0.313300,0.085800,-0.753400,0.013310,0.141200,-0.055730,0.313258,0.085797,-0.753351,0.013310,0.141248,-0.055728,4.910267e-05,0.001439
296,1,65.1000,30.0000,6.0000,0.312500,0.084690,-0.765300,0.012880,0.144300,0.026100,0.312491,0.084690,-0.765317,0.012875,0.144312,0.026098,1.658781e-05,0.000486
297,1,69.3000,30.0000,6.0000,0.310400,0.084620,-0.767900,0.012290,0.145700,-0.003725,0.310428,0.084616,-0.767934,0.012289,0.145656,-0.003725,4.361685e-05,0.001278
298,1,73.5000,30.0000,6.0000,0.307500,0.083240,-0.778600,0.011490,0.148100,0.070630,0.307474,0.083244,-0.778584,0.011490,0.148124,0.070632,2.572456e-05,0.000754
299,1,77.7000,30.0000,6.0000,0.303800,0.083520,-0.779800,0.011030,0.149000,0.029760,0.303765,0.083518,-0.779766,0.011028,0.149037,0.029762,3.704341e-05,0.001085
300,1,81.9000,30.0000,6.0000,0.299500,0.082440,-0.788600,0.010240,0.151100,0.098500,0.299536,0.082442,-0.788575,0.010238,0.151059,0.098495,4.144240e-05,0.001214
301,1,86.1000,30.0000,6.0000,0.295200,0.082410,-0.788700,0.009444,0.151900,0.048760,0.295156,0.082412,-0.788663,0.009444,0.151893,0.048761,4.388770e-05,0.001286
302,1,90.3000,30.0000,6.0000,0.290300,0.081290,-0.795700,0.008689,0.153400,0.114300,0.290305,0.081291,-0.795747,0.008689,0.153412,0.114272,4.747636e-05,0.001391
303,1,94.5000,30.0000,6.0000,0.285000,0.081320,-0.794900,0.008020,0.154200,0.057960,0.284973,0.081316,-0.794868,0.008020,0.154191,0.057958,3.229879e-05,0.000946
304,1,98.7000,30.0000,6.0000,0.280000,0.080350,-0.799800,0.007311,0.155400,0.121700,0.280011,0.080350,-0.799763,0.007311,0.155376,0.121663,3.703766e-05,0.001085
305,1,102.9000,30.0000,6.0000,0.274900,0.080310,-0.798100,0.006574,0.155800,0.060920,0.274937,0.080309,-0.798056,0.006574,0.155797,0.060922,4.417727e-05,0.001294
306,1,107.1000,30.0000,6.0000,0.269700,0.079700,-0.801100,0.005739,0.156400,0.124400,0.269729,0.079701,-0.801108,0.005739,0.156363,0.124358,4.154455e-05,0.001217
307,1,111.3000,30.0000,6.0000,0.264600,0.079820,-0.799100,0.005183,0.156600,0.061400,0.264637,0.079816,-0.799102,0.005183,0.156599,0.061396,3.689413e-05,0.001081
308,1,115.5000,30.0000,6.0000,0.259700,0.079060,-0.800700,0.004555,0.156700,0.125600,0.259732,0.079056,-0.800713,0.004555,0.156738,0.125566,3.845791e-05,0.001127
309,1,119.7000,30.0000,6.0000,0.254900,0.078760,-0.798000,0.004021,0.156800,0.062500,0.254927,0.078763,-0.797979,0.004021,0.156801,0.062499,2.706704e-05,0.000793
310,1,123.9000,30.0000,6.0000,0.250000,0.078260,-0.797500,0.003107,0.156700,0.129400,0.249957,0.078263,-0.797491,0.003107,0.156734,0.129371,4.337609e-05,0.001271
311,1,128.1000,30.0000,6.0000,0.244900,0.078210,-0.794600,0.002515,0.156600,0.067640,0.244912,0.078209,-0.794567,0.002515,0.156633,0.067639,3.317564e-05,0.000972
312,1,132.3000,30.0000,6.0000,0.239700,0.077910,-0.792600,0.001880,0.155900,0.137500,0.239702,0.077909,-0.792580,0.001880,0.155919,0.137543,4.254128e-05,0.001246
313,1,136.5000,30.0000,6.0000,0.234300,0.077610,-0.789000,0.001349,0.155700,0.078820,0.234345,0.077611,-0.789013,0.001349,0.155671,0.078824,4.467457e-05,0.001309
314,1,140.7000,30.0000,6.0000,0.228600,0.077090,-0.785600,0.000891,0.154900,0.153000,0.228615,0.077088,-0.785634,0.000891,0.154920,0.153044,4.401355e-05,0.001290
315,1,144.9000,30.0000,6.0000,0.222800,0.076790,-0.781000,0.000533,0.154900,0.098730,0.222784,0.076787,-0.780970,0.000533,0.154880,0.098735,2.993277e-05,0.000877
316,1,149.1000,30.0000,6.0000,0.216100,0.076570,-0.774200,-0.000043,0.153300,0.179300,0.216137,0.076569,-0.774176,-0.000043,0.153256,0.179338,4.350041e-05,0.001275
317,1,153.3000,30.0000,6.0000,0.208500,0.076060,-0.770100,-0.000364,0.152200,0.134400,0.208469,0.076060,-0.770092,-0.000364,0.152228,0.134369,3.066876e-05,0.000899
318,1,157.5000,30.0000,6.0000,0.200300,0.072330,-0.787200,-0.001533,0.153900,0.219500,0.200273,0.072326,-0.787210,-0.001533,0.153924,0.219545,4.458371e-05,0.001306
319,1,161.7000,30.0000,6.0000,0.191600,0.075250,-0.747800,-0.006057,0.150900,0.163800,0.191647,0.075254,-0.747818,-0.006057,0.150875,0.163799,4.705018e-05,0.001379
320,1,165.9000,30.0000,6.0000,0.183400,0.088270,-0.633700,-0.009381,0.195400,0.295400,0.183354,0.088273,-0.633728,-0.009381,0.195353,0.295428,4.666252e-05,0.001367
321,1,2.1000,34.0000,6.0000,0.032170,-0.139400,-2.045000,0.014450,-0.043120,-0.638700,0.032167,-0.139366,-2.045394,0.014454,-0.043116,-0.638678,3.941754e-04,0.011549
322,1,6.3000,34.0000,6.0000,0.079770,0.080270,-0.591400,-0.005290,0.066060,-0.671900,0.079774,0.080269,-0.591427,-0.005290,0.066063,-0.671892,2.732564e-05,0.000801
323,1,10.5000,34.0000,6.0000,0.125700,0.050990,-0.802500,0.005781,0.055880,-0.735100,0.125661,0.050988,-0.802486,0.005781,0.055883,-0.735059,4.095534e-05,0.001200
324,1,14.7000,34.0000,6.0000,0.161200,0.068710,-0.703500,0.007930,0.068270,-0.623500,0.161232,0.068714,-0.703546,0.007930,0.068273,-0.623470,4.599177e-05,0.001348
325,1,18.9000,34.0000,6.0000,0.191300,0.067920,-0.722200,0.010540,0.073030,-0.628000,0.191293,0.067923,-0.722230,0.010543,0.073035,-0.627990,3.032154e-05,0.000888
326,1,23.1000,34.0000,6.0000,0.217400,0.073850,-0.697500,0.011830,0.079780,-0.504600,0.217369,0.073845,-0.697459,0.011829,0.079783,-0.504647,4.686504e-05,0.001373
327,1,27.3000,34.0000,6.0000,0.239900,0.074600,-0.707000,0.013780,0.084040,-0.492400,0.239874,0.074597,-0.707032,0.013776,0.084037,-0.492440,4.038964e-05,0.001183
328,1,31.5000,34.0000,6.0000,0.259000,0.078430,-0.695100,0.014460,0.088970,-0.371000,0.258972,0.078429,-0.695144,0.014459,0.088974,-0.371005,4.439638e-05,0.001301
329,1,35.7000,34.0000,6.0000,0.274800,0.079220,-0.703900,0.015600,0.093020,-0.352000,0.274848,0.079222,-0.703931,0.015604,0.093025,-0.352016,4.765062e-05,0.001396
330,1,39.9000,34.0000,6.0000,0.287500,0.080360,-0.708600,0.015530,0.095950,-0.238100,0.287456,0.080362,-0.708649,0.015531,0.095945,-0.238097,4.860942e-05,0.001424
331,1,44.1000,34.0000,6.0000,0.296600,0.080700,-0.716800,0.016400,0.099430,-0.227900,0.296636,0.080701,-0.716753,0.016395,0.099433,-0.227870,4.661670e-05,0.001366
332,1,48.3000,34.0000,6.0000,0.303400,0.080490,-0.726900,0.015820,0.101300,-0.125700,0.303386,0.080487,-0.726927,0.015816,0.101259,-0.125745,4.536320e-05,0.001329
333,1,52.5000,34.0000,6.0000,0.308300,0.080910,-0.733000,0.016200,0.104400,-0.128400,0.308276,0.080914,-0.733012,0.016196,0.104444,-0.128440,4.424137e-05,0.001296
334,1,56.7000,34.0000,6.0000,0.310800,0.080350,-0.745300,0.015070,0.105500,-0.037290,0.310845,0.080355,-0.745296,0.015073,0.105527,-0.037294,4.497460e-05,0.001318
335,1,60.9000,34.0000,6.0000,0.311500,0.080640,-0.749600,0.015070,0.108000,-0.053910,0.311468,0.080643,-0.749648,0.015068,0.108048,-0.053911,4.784543e-05,0.001402
336,1,65.1000,34.0000,6.0000,0.310600,0.079380,-0.761600,0.014140,0.108700,0.027810,0.310633,0.079377,-0.761589,0.014137,0.108717,0.027808,3.317797e-05,0.000972
337,1,69.3000,34.0000,6.0000,0.308600,0.079490,-0.764000,0.013950,0.110700,-0.002287,0.308611,0.079494,-0.764002,0.013951,0.110739,-0.002287,3.887029e-05,0.001139
338,1,73.5000,34.0000,6.0000,0.305700,0.078310,-0.774700,0.012570,0.111200,0.071920,0.305682,0.078310,-0.774742,0.012574,0.111248,0.071920,4.773935e-05,0.001399
339,1,77.7000,34.0000,6.0000,0.302100,0.078350,-0.775900,0.012660,0.113000,0.030910,0.302070,0.078350,-0.775864,0.012655,0.112955,0.030910,4.461663e-05,0.001307
340,1,81.9000,34.0000,6.0000,0.297900,0.077040,-0.784800,0.011200,0.113300,0.099680,0.297909,0.077043,-0.784818,0.011198,0.113280,0.099678,1.993449e-05,0.000584
341,1,86.1000,34.0000,6.0000,0.293500,0.077040,-0.784600,0.010840,0.114600,0.049750,0.293522,0.077041,-0.784617,0.010841,0.114612,0.049749,2.222366e-05,0.000651
342,1,90.3000,34.0000,6.0000,0.288800,0.076050,-0.791400,0.009444,0.115200,0.115200,0.288800,0.076050,-0.791378,0.009444,0.115186,0.115240,4.006917e-05,0.001174
343,1,94.5000,34.0000,6.0000,0.283500,0.076120,-0.790600,0.009219,0.116400,0.058750,0.283526,0.076120,-0.790619,0.009219,0.116354,0.058754,4.646285e-05,0.001361
344,1,98.7000,34.0000,6.0000,0.278500,0.075010,-0.795800,0.007776,0.116700,0.122300,0.278474,0.075009,-0.795792,0.007776,0.116656,0.122286,4.395278e-05,0.001288
345,1,102.9000,34.0000,6.0000,0.273500,0.074860,-0.794300,0.007589,0.117300,0.061400,0.273457,0.074865,-0.794328,0.007589,0.117319,0.061404,4.288868e-05,0.001257
346,1,107.1000,34.0000,6.0000,0.268300,0.074310,-0.797400,0.006216,0.117600,0.124800,0.268312,0.074309,-0.797352,0.006216,0.117618,0.124818,4.838342e-05,0.001418
347,1,111.3000,34.0000,6.0000,0.263300,0.074220,-0.795000,0.005960,0.117900,0.061590,0.263326,0.074218,-0.795027,0.005960,0.117851,0.061590,4.864037e-05,0.001425
348,1,115.5000,34.0000,6.0000,0.258700,0.073340,-0.796500,0.004606,0.118100,0.125900,0.258706,0.073338,-0.796510,0.004606,0.118072,0.125875,2.754569e-05,0.000807
349,1,119.7000,34.0000,6.0000,0.253700,0.073290,-0.793800,0.004509,0.118400,0.062570,0.253657,0.073292,-0.793779,0.004509,0.118355,0.062574,4.543816e-05,0.001331
350,1,123.9000,34.0000,6.0000,0.248700,0.072800,-0.793300,0.002976,0.118300,0.129300,0.248678,0.072797,-0.793305,0.002976,0.118298,0.129306,2.234230e-05,0.000655
351,1,128.1000,34.0000,6.0000,0.243900,0.072480,-0.790500,0.002922,0.117900,0.067300,0.243922,0.072483,-0.790453,0.002922,0.117904,0.067298,4.652267e-05,0.001363
352,1,132.3000,34.0000,6.0000,0.238600,0.072100,-0.788400,0.001777,0.118100,0.137300,0.238627,0.072097,-0.788437,0.001777,0.118051,0.137260,4.933389e-05,0.001445
353,1,136.5000,34.0000,6.0000,0.233300,0.071990,-0.784800,0.001759,0.117700,0.078510,0.233262,0.071985,-0.784830,0.001759,0.117669,0.078514,3.765988e-05,0.001103
354,1,140.7000,34.0000,6.0000,0.227800,0.071490,-0.781700,0.000631,0.117800,0.152900,0.227786,0.071490,-0.781742,0.000631,0.117833,0.152851,4.883707e-05,0.001431
355,1,144.9000,34.0000,6.0000,0.221900,0.070880,-0.777100,0.000647,0.117500,0.098640,0.221891,0.070880,-0.777119,0.000647,0.117469,0.098643,3.097916e-05,0.000908
356,1,149.1000,34.0000,6.0000,0.215200,0.070780,-0.770700,-0.000335,0.117900,0.178400,0.215232,0.070782,-0.770719,-0.000335,0.117922,0.178446,4.636611e-05,0.001359
357,1,153.3000,34.0000,6.0000,0.207900,0.070360,-0.765500,0.000308,0.115400,0.131700,0.207859,0.070355,-0.765490,0.000308,0.115388,0.131708,4.109190e-05,0.001204
358,1,157.5000,34.0000,6.0000,0.199700,0.067520,-0.772500,-0.000837,0.111200,0.218800,0.199663,0.067525,-0.772531,-0.000837,0.111180,0.218756,4.366705e-05,0.001279
359,1,161.7000,34.0000,6.0000,0.190100,0.070100,-0.743000,0.000670,0.125700,0.174300,0.190096,0.070102,-0.743036,0.000670,0.125709,0.174307,3.572213e-05,0.001047
360,1,165.9000,34.0000,6.0000,0.180400,0.080960,-0.652000,0.002810,0.099980,0.302900,0.180422,0.080955,-0.651968,0.002810,0.099984,0.302865,3.500001e-05,0.001025
361,1,2.1000,38.0000,6.0000,0.024640,-0.143400,-2.147000,-0.014540,0.228800,-0.651200,0.024643,-0.143444,-2.146860,-0.014540,0.228820,-0.651223,1.399850e-04,0.004102
362,1,6.3000,38.0000,6.0000,0.068830,0.071790,-0.632300,0.011340,0.118600,-0.666700,0.068833,0.071790,-0.632271,0.011336,0.118627,-0.666736,3.640270e-05,0.001067
363,1,10.5000,38.0000,6.0000,0.119800,0.044790,-0.821000,0.009427,0.140700,-0.728000,0.119758,0.044787,-0.820981,0.009427,0.140654,-0.728003,4.617214e-05,0.001353
364,1,14.7000,38.0000,6.0000,0.156300,0.062340,-0.718800,0.009224,0.142700,-0.616400,0.156278,0.062340,-0.718780,0.009224,0.142687,-0.616437,3.708599e-05,0.001087
365,1,18.9000,38.0000,6.0000,0.186400,0.061440,-0.741100,0.012730,0.149300,-0.624400,0.186356,0.061435,-0.741054,0.012725,0.149256,-0.624364,4.573813e-05,0.001340
366,1,23.1000,38.0000,6.0000,0.212100,0.067220,-0.716400,0.012640,0.152600,-0.498700,0.212075,0.067224,-0.716405,0.012638,0.152550,-0.498681,4.964999e-05,0.001455
367,1,27.3000,38.0000,6.0000,0.234700,0.068090,-0.725800,0.015960,0.158100,-0.489000,0.234705,0.068095,-0.725751,0.015958,0.158078,-0.489033,4.944714e-05,0.001449
368,1,31.5000,38.0000,6.0000,0.253600,0.072200,-0.713500,0.015290,0.162200,-0.365700,0.253630,0.072201,-0.713486,0.015291,0.162202,-0.365694,2.982624e-05,0.000874
369,1,35.7000,38.0000,6.0000,0.269400,0.072970,-0.722100,0.017780,0.166600,-0.349300,0.269383,0.072974,-0.722088,0.017784,0.166555,-0.349266,4.500806e-05,0.001319
370,1,39.9000,38.0000,6.0000,0.282100,0.074180,-0.727200,0.016200,0.171300,-0.233500,0.282107,0.074179,-0.727244,0.016200,0.171339,-0.233475,4.378909e-05,0.001283
371,1,44.1000,38.0000,6.0000,0.291200,0.074630,-0.735400,0.018430,0.174700,-0.226000,0.291216,0.074627,-0.735353,0.018428,0.174659,-0.225952,4.787597e-05,0.001403
372,1,48.3000,38.0000,6.0000,0.297800,0.074600,-0.746300,0.016490,0.179300,-0.121500,0.297786,0.074598,-0.746258,0.016488,0.179319,-0.121470,4.178882e-05,0.001224
373,1,52.5000,38.0000,6.0000,0.302300,0.075130,-0.752400,0.018370,0.182000,-0.127100,0.302274,0.075128,-0.752408,0.018370,0.182029,-0.127119,2.867405e-05,0.000840
374,1,56.7000,38.0000,6.0000,0.305000,0.074200,-0.765400,0.015680,0.186300,-0.033490,0.304976,0.074196,-0.765397,0.015684,0.186328,-0.033487,2.785842e-05,0.000816
375,1,60.9000,38.0000,6.0000,0.305700,0.074460,-0.769900,0.017080,0.188500,-0.053260,0.305749,0.074458,-0.769918,0.017079,0.188538,-0.053265,4.868790e-05,0.001427
376,1,65.1000,38.0000,6.0000,0.304800,0.073360,-0.782500,0.014370,0.192000,0.031000,0.304849,0.073358,-0.782493,0.014367,0.191963,0.030997,4.892689e-05,0.001434
377,1,69.3000,38.0000,6.0000,0.302800,0.073580,-0.784800,0.015790,0.193500,-0.002080,0.302754,0.073584,-0.784803,0.015786,0.193505,-0.002080,4.584683e-05,0.001343
378,1,73.5000,38.0000,6.0000,0.300000,0.072360,-0.796200,0.012840,0.196300,0.074850,0.299960,0.072364,-0.796211,0.012836,0.196262,0.074849,4.048609e-05,0.001186
379,1,77.7000,38.0000,6.0000,0.296500,0.072420,-0.797300,0.014420,0.197400,0.030790,0.296457,0.072420,-0.797348,0.014424,0.197409,0.030792,4.791288e-05,0.001404
380,1,81.9000,38.0000,6.0000,0.292200,0.071030,-0.806600,0.011350,0.199800,0.102500,0.292221,0.071029,-0.806551,0.011350,0.199753,0.102462,4.899837e-05,0.001436
381,1,86.1000,38.0000,6.0000,0.287700,0.071100,-0.806800,0.012550,0.201000,0.049370,0.287666,0.071101,-0.806757,0.012554,0.200995,0.049370,4.314973e-05,0.001264
382,1,90.3000,38.0000,6.0000,0.282900,0.069930,-0.813700,0.009450,0.202800,0.117700,0.282922,0.069929,-0.813712,0.009450,0.202836,0.117748,4.793910e-05,0.001405
383,1,94.5000,38.0000,6.0000,0.277800,0.069870,-0.812600,0.010750,0.203500,0.057940,0.277840,0.069874,-0.812580,0.010754,0.203525,0.057943,3.966682e-05,0.001162
384,1,98.7000,38.0000,6.0000,0.272700,0.068830,-0.818000,0.007420,0.204700,0.124500,0.272728,0.068833,-0.818049,0.007420,0.204653,0.124544,4.885348e-05,0.001431
385,1,102.9000,38.0000,6.0000,0.267800,0.068790,-0.816800,0.008979,0.205300,0.060510,0.267815,0.068794,-0.816807,0.008979,0.205293,0.060511,1.477679e-05,0.000433
386,1,107.1000,38.0000,6.0000,0.262800,0.067970,-0.820100,0.005938,0.206000,0.126700,0.262830,0.067972,-0.820083,0.005938,0.206000,0.126699,2.983779e-05,0.000874
387,1,111.3000,38.0000,6.0000,0.257700,0.067780,-0.817800,0.007122,0.206400,0.060280,0.257742,0.067777,-0.817846,0.007122,0.206358,0.060276,4.642588e-05,0.001360
388,1,115.5000,38.0000,6.0000,0.253100,0.067140,-0.819200,0.004097,0.206700,0.127900,0.253115,0.067135,-0.819190,0.004097,0.206725,0.127889,2.490696e-05,0.000730
389,1,119.7000,38.0000,6.0000,0.248100,0.066850,-0.816700,0.005539,0.206700,0.061040,0.248118,0.066852,-0.816741,0.005539,0.206713,0.061038,4.138694e-05,0.001213
390,1,123.9000,38.0000,6.0000,0.243400,0.066240,-0.816100,0.002408,0.206300,0.130400,0.243386,0.066244,-0.816080,0.002408,0.206254,0.130449,4.890106e-05,0.001433
391,1,128.1000,38.0000,6.0000,0.238600,0.066230,-0.813000,0.004036,0.206100,0.065500,0.238587,0.066230,-0.813045,0.004036,0.206119,0.065499,4.527983e-05,0.001327
392,1,132.3000,38.0000,6.0000,0.233500,0.065970,-0.811000,0.001090,0.205600,0.138500,0.233514,0.065967,-0.810997,0.001090,0.205627,0.138509,2.670591e-05,0.000782
393,1,136.5000,38.0000,6.0000,0.228200,0.065430,-0.807400,0.002597,0.205500,0.076670,0.228193,0.065427,-0.807429,0.002597,0.205451,0.076668,4.911659e-05,0.001439
394,1,140.7000,38.0000,6.0000,0.222600,0.064740,-0.804600,-0.000108,0.204600,0.154000,0.222607,0.064739,-0.804599,-0.000108,0.204560,0.153963,3.956803e-05,0.001159
395,1,144.9000,38.0000,6.0000,0.216600,0.064440,-0.800700,0.001524,0.204400,0.097020,0.216607,0.064440,-0.800692,0.001524,0.204365,0.097022,3.463730e-05,0.001015
396,1,149.1000,38.0000,6.0000,0.210200,0.064230,-0.793100,-0.001300,0.204400,0.180800,0.210159,0.064226,-0.793053,-0.001300,0.204424,0.180842,4.720089e-05,0.001383
397,1,153.3000,38.0000,6.0000,0.204400,0.063640,-0.777700,-0.000292,0.204800,0.127900,0.204439,0.063639,-0.777745,-0.000292,0.204767,0.127933,4.499929e-05,0.001318
398,1,157.5000,38.0000,6.0000,0.195600,0.059940,-0.788500,-0.002119,0.194800,0.208900,0.195571,0.059937,-0.788485,-0.002119,0.194849,0.208935,4.882902e-05,0.001431
399,1,161.7000,38.0000,6.0000,0.173100,0.065890,-0.832000,0.000897,0.180700,0.181400,0.173051,0.065889,-0.831952,0.000897,0.180738,0.181442,4.890246e-05,0.001433
400,1,165.9000,38.0000,6.0000,0.149200,0.078090,-0.848700,-0.011980,0.234500,0.319300,0.149155,0.078087,-0.848694,-0.011980,0.234528,0.319325,4.545593e-05,0.001332
401,1,2.1000,42.0000,6.0000,0.022470,-0.153200,-1.947000,0.031010,-0.070820,-0.616700,0.022469,-0.153159,-1.946938,0.031008,-0.070823,-0.616732,6.198972e-05,0.001816
402,1,6.3000,42.0000,6.0000,0.069720,0.068800,-0.568700,-0.017040,0.078530,-0.642400,0.069724,0.068795,-0.568747,-0.017039,0.078527,-0.642405,4.721137e-05,0.001383
403,1,10.5000,42.0000,6.0000,0.122900,0.032070,-0.818500,0.007652,0.088130,-0.713200,0.122917,0.032070,-0.818450,0.007652,0.088130,-0.713218,4.994350e-05,0.001463
404,1,14.7000,42.0000,6.0000,0.158700,0.054380,-0.684100,0.005465,0.098380,-0.617900,0.158654,0.054378,-0.684146,0.005465,0.098377,-0.617860,4.584193e-05,0.001343
405,1,18.9000,42.0000,6.0000,0.188600,0.053300,-0.706300,0.016720,0.100400,-0.614500,0.188598,0.053302,-0.706337,0.016717,0.100406,-0.614470,3.741625e-05,0.001096
406,1,23.1000,42.0000,6.0000,0.214400,0.059220,-0.683300,0.009786,0.108800,-0.497200,0.214396,0.059218,-0.683305,0.009786,0.108795,-0.497234,3.364755e-05,0.000986
407,1,27.3000,42.0000,6.0000,0.236600,0.060080,-0.694000,0.020550,0.114800,-0.479300,0.236646,0.060079,-0.693985,0.020549,0.114817,-0.479293,4.575733e-05,0.001341
408,1,31.5000,42.0000,6.0000,0.255600,0.064180,-0.682400,0.013040,0.121100,-0.365300,0.255555,0.064175,-0.682410,0.013039,0.121063,-0.365328,4.543220e-05,0.001331
409,1,35.7000,42.0000,6.0000,0.271000,0.065290,-0.690500,0.022940,0.126000,-0.340500,0.270966,0.065291,-0.690463,0.022942,0.126048,-0.340496,4.801793e-05,0.001407
410,1,39.9000,42.0000,6.0000,0.283600,0.066460,-0.696000,0.014240,0.129400,-0.234100,0.283602,0.066457,-0.696010,0.014237,0.129447,-0.234107,4.673790e-05,0.001369
411,1,44.1000,42.0000,6.0000,0.293000,0.067330,-0.702800,0.023570,0.133600,-0.217900,0.292975,0.067330,-0.702797,0.023572,0.133628,-0.217871,2.935634e-05,0.000860
412,1,48.3000,42.0000,6.0000,0.299700,0.067090,-0.714200,0.014370,0.135800,-0.122800,0.299662,0.067087,-0.714222,0.014374,0.135775,-0.122828,3.817766e-05,0.001119
413,1,52.5000,42.0000,6.0000,0.303900,0.067730,-0.719000,0.023570,0.139500,-0.119500,0.303856,0.067727,-0.718997,0.023566,0.139544,-0.119493,4.445459e-05,0.001303
414,1,56.7000,42.0000,6.0000,0.306900,0.066580,-0.732500,0.013430,0.140900,-0.035650,0.306891,0.066581,-0.732463,0.013427,0.140925,-0.035652,3.709499e-05,0.001087
415,1,60.9000,42.0000,6.0000,0.307600,0.067090,-0.735400,0.022570,0.143800,-0.046260,0.307640,0.067091,-0.735417,0.022573,0.143829,-0.046264,4.025148e-05,0.001179
416,1,65.1000,42.0000,6.0000,0.306800,0.065710,-0.748400,0.011920,0.144600,0.028040,0.306759,0.065706,-0.748405,0.011918,0.144606,0.028042,4.088589e-05,0.001198
417,1,69.3000,42.0000,6.0000,0.305100,0.066170,-0.749400,0.021090,0.146900,0.004626,0.305139,0.066173,-0.749423,0.021093,0.146909,0.004626,3.938792e-05,0.001154
418,1,73.5000,42.0000,6.0000,0.302400,0.064690,-0.761100,0.010210,0.147500,0.071420,0.302436,0.064687,-0.761070,0.010208,0.147477,0.071424,3.590980e-05,0.001052
419,1,77.7000,42.0000,6.0000,0.299000,0.064840,-0.761200,0.019490,0.149400,0.037250,0.298953,0.064843,-0.761198,0.019487,0.149439,0.037248,4.698316e-05,0.001377
420,1,81.9000,42.0000,6.0000,0.294700,0.063390,-0.770400,0.008246,0.150000,0.098800,0.294737,0.063394,-0.770376,0.008246,0.149990,0.098803,3.699215e-05,0.001084
421,1,86.1000,42.0000,6.0000,0.290300,0.063420,-0.769900,0.017430,0.151400,0.055590,0.290341,0.063420,-0.769877,0.017434,0.151418,0.055585,4.113346e-05,0.001205
422,1,90.3000,42.0000,6.0000,0.285600,0.062120,-0.777100,0.006128,0.151700,0.113700,0.285570,0.062118,-0.777104,0.006128,0.151723,0.113692,3.025526e-05,0.000886
423,1,94.5000,42.0000,6.0000,0.280600,0.062210,-0.775300,0.015620,0.152900,0.063910,0.280591,0.062208,-0.775321,0.015620,0.152879,0.063909,2.123462e-05,0.000622
424,1,98.7000,42.0000,6.0000,0.275700,0.061150,-0.780500,0.004035,0.153200,0.120200,0.275712,0.061153,-0.780488,0.004035,0.153250,0.120178,4.999971e-05,0.001465
425,1,102.9000,42.0000,6.0000,0.270800,0.060880,-0.778900,0.013650,0.153800,0.066190,0.270776,0.060883,-0.778861,0.013648,0.153846,0.066186,4.586160e-05,0.001344
426,1,107.1000,42.0000,6.0000,0.266100,0.060000,-0.782100,0.002309,0.154200,0.122000,0.266092,0.059997,-0.782063,0.002309,0.154200,0.121970,3.726373e-05,0.001092
427,1,111.3000,42.0000,6.0000,0.260900,0.059890,-0.780100,0.011520,0.154800,0.065710,0.260948,0.059893,-0.780140,0.011523,0.154777,0.065713,4.803572e-05,0.001407
428,1,115.5000,42.0000,6.0000,0.256100,0.059050,-0.781300,0.000250,0.154800,0.122800,0.256108,0.059053,-0.781317,0.000250,0.154821,0.122821,2.091524e-05,0.000613
429,1,119.7000,42.0000,6.0000,0.251400,0.058710,-0.779100,0.009793,0.154600,0.066040,0.251382,0.058712,-0.779079,0.009793,0.154638,0.066037,3.838251e-05,0.001125
430,1,123.9000,42.0000,6.0000,0.247100,0.058490,-0.778100,-0.001515,0.154800,0.125100,0.247087,0.058492,-0.778088,-0.001515,0.154837,0.125118,3.664909e-05,0.001074
431,1,128.1000,42.0000,6.0000,0.242000,0.058220,-0.775000,0.008232,0.154600,0.070160,0.242022,0.058218,-0.775026,0.008232,0.154577,0.070161,2.554721e-05,0.000749
432,1,132.3000,42.0000,6.0000,0.237100,0.057790,-0.772500,-0.002846,0.154600,0.133200,0.237096,0.057793,-0.772484,-0.002846,0.154638,0.133171,3.818544e-05,0.001119
433,1,136.5000,42.0000,6.0000,0.231900,0.057270,-0.769600,0.006459,0.154200,0.081350,0.231884,0.057273,-0.769610,0.006459,0.154236,0.081345,3.636361e-05,0.001065
434,1,140.7000,42.0000,6.0000,0.226400,0.056600,-0.767100,-0.004215,0.154500,0.148700,0.226358,0.056602,-0.767142,-0.004215,0.154479,0.148686,4.204353e-05,0.001232
435,1,144.9000,42.0000,6.0000,0.220300,0.056100,-0.762100,0.005449,0.153000,0.100800,0.220337,0.056104,-0.762056,0.005449,0.153030,0.100761,4.427412e-05,0.001297
436,1,149.1000,42.0000,6.0000,0.213600,0.057140,-0.747500,-0.006001,0.153800,0.177900,0.213567,0.057137,-0.747547,-0.006001,0.153824,0.177887,4.743565e-05,0.001390
437,1,153.3000,42.0000,6.0000,0.207400,0.055760,-0.742900,0.001595,0.165200,0.143100,0.207410,0.055755,-0.742883,0.001595,0.165168,0.143132,3.209773e-05,0.000940
438,1,157.5000,42.0000,6.0000,0.201400,0.039600,-0.826400,-0.000555,0.175100,0.196900,0.201442,0.039601,-0.826438,-0.000555,0.175131,0.196860,4.237382e-05,0.001242
439,1,161.7000,42.0000,6.0000,0.193800,0.059400,-0.683500,0.031480,0.104300,0.112400,0.193824,0.059400,-0.683490,0.031481,0.104267,0.112407,3.290796e-05,0.000964
440,1,165.9000,42.0000,6.0000,0.191500,0.088820,-0.414500,-0.000721,-0.043680,0.299800,0.191494,0.088817,-0.414508,-0.000721,-0.043681,0.299755,4.546223e-05,0.001332
441,1,2.1000,46.0000,6.0000,0.046170,-0.162800,-1.650000,-0.005472,0.404000,-0.685000,0.046174,-0.162752,-1.650028,-0.005472,0.404030,-0.685030,4.836738e-05,0.001417
442,1,6.3000,46.0000,6.0000,0.100800,0.066860,-0.349100,-0.003186,0.198500,-0.539300,0.100824,0.066858,-0.349090,-0.003186,0.198498,-0.539333,3.303237e-05,0.000968
443,1,10.5000,46.0000,6.0000,0.137400,0.014050,-0.767600,0.015240,0.226300,-0.756400,0.137386,0.014050,-0.767631,0.015242,0.226279,-0.756442,4.177500e-05,0.001224
444,1,14.7000,46.0000,6.0000,0.169900,0.045780,-0.584000,0.004252,0.218100,-0.568200,0.169870,0.045779,-0.584033,0.004252,0.218121,-0.568153,4.747668e-05,0.001391
445,1,18.9000,46.0000,6.0000,0.199500,0.044190,-0.612500,0.020750,0.223700,-0.655100,0.199475,0.044193,-0.612497,0.020749,0.223687,-0.655080,2.505925e-05,0.000734
446,1,23.1000,46.0000,6.0000,0.225200,0.050180,-0.592500,0.008366,0.227800,-0.443600,0.225226,0.050184,-0.592503,0.008366,0.227837,-0.443571,3.706321e-05,0.001086
447,1,27.3000,46.0000,6.0000,0.246800,0.051070,-0.606200,0.024860,0.234100,-0.520400,0.246768,0.051067,-0.606178,0.024862,0.234104,-0.520420,3.203588e-05,0.000939
448,1,31.5000,46.0000,6.0000,0.265600,0.055400,-0.596200,0.011630,0.239100,-0.312800,0.265607,0.055400,-0.596247,0.011631,0.239059,-0.312761,4.660807e-05,0.001366
449,1,35.7000,46.0000,6.0000,0.280500,0.056800,-0.602000,0.026940,0.243800,-0.383100,0.280479,0.056796,-0.601999,0.026937,0.243826,-0.383103,2.578875e-05,0.000756
450,1,39.9000,46.0000,6.0000,0.293300,0.057790,-0.610100,0.012490,0.250300,-0.181500,0.293271,0.057791,-0.610118,0.012489,0.250256,-0.181480,4.402046e-05,0.001290
451,1,44.1000,46.0000,6.0000,0.302600,0.059430,-0.611500,0.027560,0.254000,-0.262600,0.302607,0.059429,-0.611484,0.027556,0.253951,-0.262613,4.925561e-05,0.001443
452,1,48.3000,46.0000,6.0000,0.309900,0.058630,-0.625900,0.012150,0.260700,-0.069240,0.309944,0.058633,-0.625897,0.012148,0.260688,-0.069240,4.436173e-05,0.001300
453,1,52.5000,46.0000,6.0000,0.314300,0.059540,-0.624600,0.027330,0.263700,-0.166300,0.314316,0.059538,-0.624646,0.027335,0.263699,-0.166338,4.594933e-05,0.001346
454,1,56.7000,46.0000,6.0000,0.317600,0.058030,-0.640900,0.011150,0.269700,0.018580,0.317578,0.058034,-0.640897,0.011146,0.269681,0.018577,2.183553e-05,0.000640
455,1,60.9000,46.0000,6.0000,0.318600,0.059120,-0.638100,0.026450,0.272000,-0.095330,0.318637,0.059122,-0.638123,0.026449,0.271963,-0.095331,3.729798e-05,0.001093
456,1,65.1000,46.0000,6.0000,0.317800,0.057050,-0.653200,0.009582,0.277100,0.083020,0.317830,0.057054,-0.653212,0.009582,0.277061,0.083020,3.945629e-05,0.001156
457,1,69.3000,46.0000,6.0000,0.316700,0.057880,-0.649500,0.025200,0.278800,-0.046340,0.316725,0.057882,-0.649457,0.025198,0.278838,-0.046341,4.330611e-05,0.001269
458,1,73.5000,46.0000,6.0000,0.314000,0.056060,-0.662400,0.007565,0.283200,0.127200,0.314042,0.056056,-0.662449,0.007565,0.283179,0.127152,4.883567e-05,0.001431
459,1,77.7000,46.0000,6.0000,0.310800,0.056560,-0.659100,0.023200,0.284700,-0.015110,0.310849,0.056556,-0.659061,0.023204,0.284679,-0.015106,4.882181e-05,0.001430
460,1,81.9000,46.0000,6.0000,0.306700,0.054610,-0.669900,0.005359,0.287700,0.154800,0.306715,0.054606,-0.669872,0.005359,0.287742,0.154805,4.192568e-05,0.001228
461,1,86.1000,46.0000,6.0000,0.302800,0.054950,-0.666600,0.021300,0.289100,0.002401,0.302825,0.054946,-0.666650,0.021301,0.289083,0.002401,4.981943e-05,0.001460
462,1,90.3000,46.0000,6.0000,0.298000,0.053530,-0.674400,0.003254,0.291600,0.169800,0.298003,0.053526,-0.674358,0.003254,0.291613,0.169798,4.160949e-05,0.001219
463,1,94.5000,46.0000,6.0000,0.293200,0.053540,-0.671100,0.019420,0.292500,0.009976,0.293211,0.053542,-0.671121,0.019417,0.292529,0.009976,2.913294e-05,0.000854
464,1,98.7000,46.0000,6.0000,0.288600,0.052340,-0.676400,0.001135,0.294000,0.176200,0.288559,0.052338,-0.676361,0.001135,0.294000,0.176167,4.077467e-05,0.001195
465,1,102.9000,46.0000,6.0000,0.283500,0.052300,-0.673900,0.017410,0.294800,0.011710,0.283489,0.052295,-0.673879,0.017410,0.294785,0.011713,2.087512e-05,0.000612
466,1,107.1000,46.0000,6.0000,0.279100,0.051370,-0.676700,-0.000702,0.295800,0.177700,0.279063,0.051375,-0.676675,-0.000702,0.295799,0.177715,3.651529e-05,0.001070
467,1,111.3000,46.0000,6.0000,0.273800,0.050860,-0.675000,0.014990,0.296100,0.010650,0.273810,0.050858,-0.675010,0.014992,0.296119,0.010652,1.944453e-05,0.000570
468,1,115.5000,46.0000,6.0000,0.269600,0.050200,-0.675600,-0.002982,0.296200,0.177800,0.269599,0.050197,-0.675578,-0.002982,0.296192,0.177847,4.667048e-05,0.001367
469,1,119.7000,46.0000,6.0000,0.264500,0.049790,-0.674100,0.013550,0.296300,0.010900,0.264473,0.049789,-0.674101,0.013553,0.296268,0.010902,3.211051e-05,0.000941
470,1,123.9000,46.0000,6.0000,0.260500,0.049710,-0.672300,-0.004557,0.296000,0.180100,0.260462,0.049714,-0.672302,-0.004557,0.296026,0.180114,3.844158e-05,0.001126
471,1,128.1000,46.0000,6.0000,0.255200,0.049140,-0.671100,0.011490,0.296200,0.015030,0.255197,0.049143,-0.671139,0.011486,0.296213,0.015027,3.896719e-05,0.001142
472,1,132.3000,46.0000,6.0000,0.250600,0.048780,-0.667300,-0.006217,0.294900,0.187200,0.250609,0.048781,-0.667262,-0.006217,0.294859,0.187213,4.067074e-05,0.001192
473,1,136.5000,46.0000,6.0000,0.245100,0.048010,-0.667000,0.009922,0.294800,0.027250,0.245083,0.048007,-0.667036,0.009922,0.294846,0.027246,4.630297e-05,0.001357
474,1,140.7000,46.0000,6.0000,0.239700,0.047650,-0.664200,-0.007529,0.293400,0.202000,0.239658,0.047646,-0.664202,-0.007529,0.293443,0.201993,4.259025e-05,0.001248
475,1,144.9000,46.0000,6.0000,0.233900,0.047080,-0.659200,0.008657,0.292800,0.045560,0.233944,0.047083,-0.659248,0.008657,0.292800,0.045561,4.792137e-05,0.001404
476,1,149.1000,46.0000,6.0000,0.226300,0.049750,-0.632600,-0.008833,0.289900,0.230500,0.226259,0.049747,-0.632577,-0.008833,0.289939,0.230545,4.501043e-05,0.001319
477,1,153.3000,46.0000,6.0000,0.218000,0.047490,-0.651000,0.004891,0.297400,0.108400,0.218039,0.047489,-0.650991,0.004891,0.297412,0.108384,3.861417e-05,0.001131
478,1,157.5000,46.0000,6.0000,0.212700,0.017640,-0.841800,-0.011570,0.313600,0.260100,0.212708,0.017645,-0.841755,-0.011567,0.313567,0.260080,4.548354e-05,0.001333
479,1,161.7000,46.0000,6.0000,0.223400,0.057560,-0.418500,0.001951,0.287300,-0.044020,0.223433,0.057562,-0.418492,0.001951,0.287335,-0.044016,3.538189e-05,0.001037
480,1,165.9000,46.0000,6.0000,0.238700,0.105000,0.100000,-0.043000,0.437800,0.458600,0.238733,0.104981,0.099998,-0.042998,0.437770,0.458595,3.259909e-05,0.000955
481,1,2.1000,54.0000,6.0000,0.022510,-0.186300,-2.113000,0.004446,0.252900,-0.798600,0.022514,-0.186294,-2.112947,0.004446,0.252902,-0.798574,5.267262e-05,0.001543
482,1,6.3000,54.0000,6.0000,0.064400,0.037020,-0.529900,0.001825,0.247900,-0.478500,0.064402,0.037016,-0.529865,0.001825,0.247874,-0.478534,3.488116e-05,0.001022
483,1,10.5000,54.0000,6.0000,0.112100,-0.013140,-0.894000,0.008182,0.230700,-0.799600,0.112053,-0.013144,-0.894039,0.008182,0.230723,-0.799618,4.667763e-05,0.001368
484,1,14.7000,54.0000,6.0000,0.146300,0.019260,-0.692000,0.009883,0.238000,-0.502000,0.146333,0.019263,-0.691952,0.009883,0.238009,-0.501991,4.789832e-05,0.001403
485,1,18.9000,54.0000,6.0000,0.176000,0.017050,-0.726700,0.015040,0.245900,-0.691300,0.175955,0.017054,-0.726744,0.015043,0.245851,-0.691258,4.930908e-05,0.001445
486,1,23.1000,54.0000,6.0000,0.201400,0.024190,-0.700300,0.016490,0.253200,-0.382300,0.201375,0.024190,-0.700327,0.016486,0.253180,-0.382320,2.715054e-05,0.000796
487,1,27.3000,54.0000,6.0000,0.222800,0.025590,-0.711300,0.019890,0.259800,-0.556900,0.222813,0.025595,-0.711335,0.019893,0.259839,-0.556866,3.922754e-05,0.001149
488,1,31.5000,54.0000,6.0000,0.241700,0.030170,-0.700900,0.019860,0.266700,-0.251800,0.241732,0.030168,-0.700916,0.019856,0.266747,-0.251773,4.657712e-05,0.001365
489,1,35.7000,54.0000,6.0000,0.256200,0.032210,-0.704800,0.022100,0.273200,-0.421000,0.256155,0.032208,-0.704775,0.022098,0.273197,-0.420989,4.489118e-05,0.001315
490,1,39.9000,54.0000,6.0000,0.269100,0.033000,-0.717000,0.021070,0.279000,-0.120900,0.269115,0.032996,-0.717022,0.021070,0.278987,-0.120928,2.785979e-05,0.000816
491,1,44.1000,54.0000,6.0000,0.277800,0.034990,-0.716300,0.022650,0.284800,-0.303400,0.277761,0.034993,-0.716285,0.022651,0.284817,-0.303393,3.850059e-05,0.001128
492,1,48.3000,54.0000,6.0000,0.285200,0.033790,-0.736200,0.020850,0.289600,-0.008674,0.285248,0.033793,-0.736173,0.020854,0.289642,-0.008674,4.799594e-05,0.001406
493,1,52.5000,54.0000,6.0000,0.289400,0.035360,-0.733300,0.022040,0.294700,-0.210100,0.289358,0.035361,-0.733295,0.022044,0.294654,-0.210061,4.619464e-05,0.001353
494,1,56.7000,54.0000,6.0000,0.292300,0.033170,-0.755400,0.019950,0.298700,0.079410,0.292280,0.033169,-0.755402,0.019952,0.298686,0.079406,1.967719e-05,0.000577
495,1,60.9000,54.0000,6.0000,0.293200,0.034510,-0.751200,0.020830,0.302900,-0.141900,0.293246,0.034508,-0.751208,0.020835,0.302863,-0.141922,4.558723e-05,0.001336
496,1,65.1000,54.0000,6.0000,0.292200,0.032110,-0.771200,0.018320,0.305900,0.144000,0.292216,0.032112,-0.771190,0.018320,0.305946,0.144039,4.622027e-05,0.001354
497,1,69.3000,54.0000,6.0000,0.290900,0.033040,-0.766900,0.019090,0.309300,-0.095490,0.290855,0.033040,-0.766881,0.019092,0.309290,-0.095494,4.470231e-05,0.001310
498,1,73.5000,54.0000,6.0000,0.287600,0.030570,-0.783900,0.016420,0.311900,0.188200,0.287617,0.030573,-0.783915,0.016424,0.311917,0.188229,2.921254e-05,0.000856
499,1,77.7000,54.0000,6.0000,0.284700,0.031240,-0.779900,0.017030,0.314700,-0.066630,0.284701,0.031236,-0.779864,0.017034,0.314674,-0.066625,3.615920e-05,0.001059
500,1,81.9000,54.0000,6.0000,0.280300,0.029080,-0.793500,0.014160,0.316700,0.215500,0.280323,0.029075,-0.793525,0.014164,0.316742,0.215461,4.246046e-05,0.001244
501,1,86.1000,54.0000,6.0000,0.276600,0.029420,-0.790000,0.014760,0.318900,-0.050820,0.276569,0.029420,-0.790040,0.014761,0.318886,-0.050816,4.021769e-05,0.001178
502,1,90.3000,54.0000,6.0000,0.271400,0.027640,-0.799700,0.011820,0.320400,0.229700,0.271443,0.027645,-0.799720,0.011824,0.320433,0.229747,4.743615e-05,0.001390
503,1,94.5000,54.0000,6.0000,0.266800,0.027790,-0.796700,0.012460,0.321900,-0.044920,0.266826,0.027785,-0.796736,0.012462,0.321891,-0.044919,3.556480e-05,0.001042
504,1,98.7000,54.0000,6.0000,0.262400,0.026520,-0.803300,0.009507,0.322900,0.235600,0.262373,0.026516,-0.803346,0.009507,0.322907,0.235577,4.613633e-05,0.001352
505,1,102.9000,54.0000,6.0000,0.257100,0.026330,-0.801000,0.010140,0.323800,-0.044460,0.257080,0.026328,-0.800976,0.010145,0.323819,-0.044460,2.383792e-05,0.000698
506,1,107.1000,54.0000,6.0000,0.253000,0.025340,-0.803900,0.007377,0.324400,0.236100,0.253002,0.025344,-0.803948,0.007377,0.324356,0.236139,4.809312e-05,0.001409
507,1,111.3000,54.0000,6.0000,0.247400,0.024750,-0.802700,0.007804,0.324800,-0.046400,0.247405,0.024750,-0.802696,0.007804,0.324788,-0.046396,1.188577e-05,0.000348
508,1,115.5000,54.0000,6.0000,0.243900,0.024210,-0.802800,0.004954,0.325000,0.235200,0.243876,0.024215,-0.802799,0.004954,0.324962,0.235165,3.753669e-05,0.001100
509,1,119.7000,54.0000,6.0000,0.238400,0.023380,-0.802100,0.005784,0.324800,-0.046990,0.238363,0.023378,-0.802108,0.005784,0.324819,-0.046995,3.700941e-05,0.001084
510,1,123.9000,54.0000,6.0000,0.235000,0.023100,-0.799400,0.003101,0.324400,0.236400,0.234979,0.023097,-0.799352,0.003101,0.324443,0.236430,4.769611e-05,0.001397
511,1,128.1000,54.0000,6.0000,0.229500,0.022130,-0.799400,0.003768,0.323900,-0.043040,0.229455,0.022127,-0.799360,0.003768,0.323853,-0.043040,4.727415e-05,0.001385
512,1,132.3000,54.0000,6.0000,0.225600,0.022280,-0.793300,0.001219,0.323300,0.242300,0.225602,0.022277,-0.793334,0.001219,0.323330,0.242312,3.416015e-05,0.001001
513,1,136.5000,54.0000,6.0000,0.220400,0.021300,-0.793600,0.002106,0.322200,-0.030950,0.220413,0.021304,-0.793642,0.002106,0.322245,-0.030950,4.499895e-05,0.001318
514,1,140.7000,54.0000,6.0000,0.215100,0.021160,-0.787700,-0.000398,0.321300,0.256100,0.215062,0.021156,-0.787673,-0.000398,0.321304,0.256083,3.762449e-05,0.001102
515,1,144.9000,54.0000,6.0000,0.209900,0.020380,-0.786600,0.000571,0.320800,-0.010800,0.209896,0.020381,-0.786589,0.000571,0.320773,-0.010795,2.671524e-05,0.000783
516,1,149.1000,54.0000,6.0000,0.202800,0.022590,-0.762600,-0.000980,0.320200,0.282400,0.202767,0.022595,-0.762646,-0.000980,0.320171,0.282431,4.568443e-05,0.001339
517,1,153.3000,54.0000,6.0000,0.195800,0.021950,-0.762200,0.001023,0.312700,0.041680,0.195767,0.021949,-0.762178,0.001023,0.312690,0.041681,3.316363e-05,0.000972
518,1,157.5000,54.0000,6.0000,0.186700,-0.001392,-0.918200,-0.004054,0.305500,0.318600,0.186714,-0.001392,-0.918201,-0.004054,0.305523,0.318554,4.610785e-05,0.001351
519,1,161.7000,54.0000,6.0000,0.175800,0.032750,-0.690200,-0.007282,0.340700,-0.029820,0.175792,0.032752,-0.690184,-0.007282,0.340717,-0.029821,1.692299e-05,0.000496
520,1,165.9000,54.0000,6.0000,0.154200,0.078470,-0.455500,0.000963,0.322800,0.540600,0.154188,0.078471,-0.455540,0.000963,0.322812,0.540620,3.995069e-05,0.001171
521,1,2.1000,66.0000,6.0000,0.022210,-0.238200,-1.825000,-0.009686,0.505400,-0.658400,0.022208,-0.238206,-1.824900,-0.009686,0.505413,-0.658408,9.994941e-05,0.002928
522,1,6.3000,66.0000,6.0000,0.064010,-0.024220,-0.483700,0.008586,0.406700,-0.543100,0.064012,-0.024216,-0.483661,0.008586,0.406729,-0.543121,3.882033e-05,0.001137
523,1,10.5000,66.0000,6.0000,0.110100,-0.063160,-0.778700,0.005818,0.389100,-0.729000,0.110146,-0.063156,-0.778678,0.005818,0.389129,-0.729009,4.632705e-05,0.001357
524,1,14.7000,66.0000,6.0000,0.142700,-0.035610,-0.624900,0.014880,0.388600,-0.522600,0.142726,-0.035613,-0.624912,0.014883,0.388628,-0.522555,4.507763e-05,0.001321
525,1,18.9000,66.0000,6.0000,0.171000,-0.036180,-0.661500,0.014270,0.394800,-0.622800,0.171005,-0.036182,-0.661523,0.014269,0.394806,-0.622799,2.316643e-05,0.000679
526,1,23.1000,66.0000,6.0000,0.195600,-0.027620,-0.636500,0.021100,0.403100,-0.404900,0.195630,-0.027619,-0.636466,0.021095,0.403056,-0.404871,4.372662e-05,0.001281
527,1,27.3000,66.0000,6.0000,0.216800,-0.024740,-0.645600,0.018380,0.411900,-0.490600,0.216770,-0.024737,-0.645625,0.018384,0.411869,-0.490639,3.924268e-05,0.001150
528,1,31.5000,66.0000,6.0000,0.235900,-0.019860,-0.637900,0.023780,0.420400,-0.274400,0.235926,-0.019859,-0.637872,0.023778,0.420429,-0.274421,2.867572e-05,0.000840
529,1,35.7000,66.0000,6.0000,0.250200,-0.017800,-0.641900,0.020010,0.428600,-0.357000,0.250165,-0.017802,-0.641885,0.020011,0.428613,-0.356993,3.480169e-05,0.001020
530,1,39.9000,66.0000,6.0000,0.263600,-0.017030,-0.652800,0.024770,0.436500,-0.146500,0.263626,-0.017032,-0.652825,0.024765,0.436493,-0.146465,3.452341e-05,0.001012
531,1,44.1000,66.0000,6.0000,0.272600,-0.015310,-0.652800,0.020280,0.443800,-0.240900,0.272552,-0.015313,-0.652847,0.020277,0.443774,-0.240926,4.793808e-05,0.001405
532,1,48.3000,66.0000,6.0000,0.280300,-0.016430,-0.669800,0.024490,0.450600,-0.038020,0.280284,-0.016426,-0.669832,0.024490,0.450591,-0.038022,3.195282e-05,0.000936
533,1,52.5000,66.0000,6.0000,0.284500,-0.015250,-0.668000,0.019550,0.456700,-0.148700,0.284497,-0.015253,-0.668023,0.019554,0.456735,-0.148736,3.646425e-05,0.001068
534,1,56.7000,66.0000,6.0000,0.287700,-0.017530,-0.686900,0.023620,0.462600,0.046510,0.287694,-0.017528,-0.686880,0.023617,0.462632,0.046515,3.241479e-05,0.000950
535,1,60.9000,66.0000,6.0000,0.288800,-0.016780,-0.683800,0.018270,0.467900,-0.081520,0.288776,-0.016776,-0.683810,0.018271,0.467946,-0.081518,4.602343e-05,0.001348
536,1,65.1000,66.0000,6.0000,0.288100,-0.019320,-0.701000,0.022200,0.473100,0.107900,0.288141,-0.019316,-0.700976,0.022200,0.473066,0.107851,4.888794e-05,0.001432
537,1,69.3000,66.0000,6.0000,0.287000,-0.018660,-0.697500,0.016400,0.477600,-0.036170,0.286968,-0.018664,-0.697545,0.016403,0.477611,-0.036171,4.489244e-05,0.001315
538,1,73.5000,66.0000,6.0000,0.284100,-0.021130,-0.712100,0.020210,0.481800,0.148500,0.284140,-0.021132,-0.712102,0.020210,0.481837,0.148540,4.043460e-05,0.001185
539,1,77.7000,66.0000,6.0000,0.281500,-0.020920,-0.708700,0.014270,0.485700,-0.008381,0.281457,-0.020919,-0.708705,0.014274,0.485654,-0.008381,4.592889e-05,0.001346
540,1,81.9000,66.0000,6.0000,0.277100,-0.023230,-0.720100,0.018000,0.489100,0.172700,0.277124,-0.023226,-0.720062,0.017998,0.489057,0.172662,4.306032e-05,0.001262
541,1,86.1000,66.0000,6.0000,0.273500,-0.023270,-0.717100,0.011820,0.491800,0.006049,0.273461,-0.023274,-0.717100,0.011821,0.491807,0.006049,3.857710e-05,0.001130
542,1,90.3000,66.0000,6.0000,0.268800,-0.025110,-0.725200,0.015780,0.494200,0.184300,0.268759,-0.025109,-0.725236,0.015780,0.494188,0.184318,4.095745e-05,0.001200
543,1,94.5000,66.0000,6.0000,0.264300,-0.025300,-0.722900,0.009506,0.496000,0.010430,0.264342,-0.025302,-0.722861,0.009506,0.495998,0.010425,4.231189e-05,0.001240
544,1,98.7000,66.0000,6.0000,0.260000,-0.026840,-0.728700,0.013260,0.497300,0.187600,0.259957,-0.026844,-0.728664,0.013265,0.497327,0.187599,4.340963e-05,0.001272
545,1,102.9000,66.0000,6.0000,0.254800,-0.027270,-0.726600,0.006898,0.498400,0.009119,0.254821,-0.027265,-0.726567,0.006898,0.498360,0.009119,4.039964e-05,0.001184
546,1,107.1000,66.0000,6.0000,0.251400,-0.028200,-0.728900,0.010570,0.499100,0.185900,0.251358,-0.028200,-0.728901,0.010574,0.499097,0.185900,4.208284e-05,0.001233
547,1,111.3000,66.0000,6.0000,0.245700,-0.029030,-0.727800,0.004256,0.499400,0.005798,0.245725,-0.029031,-0.727777,0.004256,0.499421,0.005798,2.471972e-05,0.000724
548,1,115.5000,66.0000,6.0000,0.242500,-0.029590,-0.727700,0.008159,0.499500,0.183100,0.242469,-0.029595,-0.727708,0.008159,0.499460,0.183081,4.006777e-05,0.001174
549,1,119.7000,66.0000,6.0000,0.236900,-0.030470,-0.727100,0.002109,0.499200,0.003364,0.236896,-0.030468,-0.727136,0.002109,0.499231,0.003364,3.595064e-05,0.001053
550,1,123.9000,66.0000,6.0000,0.234300,-0.030630,-0.724400,0.006097,0.498600,0.182600,0.234266,-0.030631,-0.724447,0.006097,0.498582,0.182617,4.711237e-05,0.001380
551,1,128.1000,66.0000,6.0000,0.228800,-0.031690,-0.724200,-0.000153,0.497600,0.005679,0.228821,-0.031692,-0.724210,-0.000153,0.497570,0.005679,3.022852e-05,0.000886
552,1,132.3000,66.0000,6.0000,0.225000,-0.031790,-0.719000,0.004023,0.496200,0.187500,0.225026,-0.031788,-0.719039,0.004023,0.496174,0.187519,3.853061e-05,0.001129
553,1,136.5000,66.0000,6.0000,0.220100,-0.032780,-0.718900,-0.001924,0.494500,0.015550,0.220119,-0.032780,-0.718857,-0.001924,0.494491,0.015549,4.286418e-05,0.001256
554,1,140.7000,66.0000,6.0000,0.215100,-0.032720,-0.712100,0.002142,0.492500,0.201000,0.215134,-0.032716,-0.712077,0.002142,0.492522,0.200987,3.379175e-05,0.000990
555,1,144.9000,66.0000,6.0000,0.210200,-0.033830,-0.712800,-0.003671,0.490300,0.036220,0.210240,-0.033825,-0.712831,-0.003671,0.490310,0.036217,3.998918e-05,0.001172
556,1,149.1000,66.0000,6.0000,0.203600,-0.033450,-0.701900,0.000608,0.487600,0.226100,0.203606,-0.033452,-0.701914,0.000608,0.487629,0.226086,2.877170e-05,0.000843
557,1,153.3000,66.0000,6.0000,0.198000,-0.032850,-0.685800,-0.004540,0.486400,0.072280,0.197975,-0.032848,-0.685779,-0.004540,0.486420,0.072276,2.523604e-05,0.000739
558,1,157.5000,66.0000,6.0000,0.190700,-0.043030,-0.738400,-0.000387,0.485800,0.263000,0.190702,-0.043029,-0.738418,-0.000387,0.485786,0.262965,3.544057e-05,0.001038
559,1,161.7000,66.0000,6.0000,0.181100,-0.033270,-0.680700,-0.007049,0.473500,0.096220,0.181107,-0.033271,-0.680725,-0.007049,0.473484,0.096216,2.463626e-05,0.000722
560,1,165.9000,66.0000,6.0000,0.171800,0.004484,-0.381400,0.005079,0.470300,0.359000,0.171850,0.004484,-0.381424,0.005079,0.470287,0.359014,4.952867e-05,0.001451
561,1,2.1000,78.0000,6.0000,0.017640,-0.313000,-1.743000,0.001028,0.832400,-0.651200,0.017636,-0.312986,-1.743041,0.001028,0.832421,-0.651234,4.083145e-05,0.001196
562,1,6.3000,78.0000,6.0000,0.055660,-0.111700,-0.477300,-0.006955,0.641500,-0.509400,0.055655,-0.111726,-0.477309,-0.006955,0.641453,-0.509433,4.690171e-05,0.001374
563,1,10.5000,78.0000,6.0000,0.095230,-0.145300,-0.745600,0.006249,0.591700,-0.706800,0.095227,-0.145284,-0.745578,0.006249,0.591720,-0.706800,2.165603e-05,0.000635
564,1,14.7000,78.0000,6.0000,0.125600,-0.114200,-0.602600,0.010120,0.585900,-0.491400,0.125648,-0.114159,-0.602597,0.010124,0.585856,-0.491412,4.770417e-05,0.001398
565,1,18.9000,78.0000,6.0000,0.153900,-0.110700,-0.633200,0.015320,0.592200,-0.597400,0.153863,-0.110702,-0.633161,0.015323,0.592200,-0.597375,3.914085e-05,0.001147
566,1,23.1000,78.0000,6.0000,0.179400,-0.101200,-0.609600,0.014960,0.602000,-0.373100,0.179358,-0.101163,-0.609622,0.014956,0.601961,-0.373122,4.205827e-05,0.001232
567,1,27.3000,78.0000,6.0000,0.201500,-0.097940,-0.617600,0.018280,0.612400,-0.466300,0.201452,-0.097942,-0.617601,0.018285,0.612359,-0.466305,4.769656e-05,0.001397
568,1,31.5000,78.0000,6.0000,0.221400,-0.093650,-0.610700,0.016810,0.622800,-0.244500,0.221401,-0.093647,-0.610689,0.016809,0.622801,-0.244462,3.824363e-05,0.001121
569,1,35.7000,78.0000,6.0000,0.236300,-0.091940,-0.614000,0.019870,0.633000,-0.334600,0.236291,-0.091938,-0.614004,0.019874,0.633007,-0.334600,8.614238e-06,0.000252
570,1,39.9000,78.0000,6.0000,0.250000,-0.091790,-0.624900,0.018150,0.642800,-0.118500,0.250044,-0.091791,-0.624880,0.018152,0.642841,-0.118460,4.381727e-05,0.001284
571,1,44.1000,78.0000,6.0000,0.259500,-0.090740,-0.624700,0.020810,0.652300,-0.220900,0.259455,-0.090737,-0.624660,0.020807,0.652341,-0.220860,4.523881e-05,0.001325
572,1,48.3000,78.0000,6.0000,0.267200,-0.092300,-0.641100,0.018640,0.661300,-0.012190,0.267220,-0.092301,-0.641075,0.018636,0.661327,-0.012191,2.675414e-05,0.000784
573,1,52.5000,78.0000,6.0000,0.271500,-0.091590,-0.639100,0.020840,0.670000,-0.131500,0.271484,-0.091586,-0.639088,0.020841,0.670020,-0.131457,4.287515e-05,0.001256
574,1,56.7000,78.0000,6.0000,0.274500,-0.094150,-0.657300,0.018120,0.678200,0.069770,0.274487,-0.094150,-0.657347,0.018120,0.678155,0.069774,4.651138e-05,0.001363
575,1,60.9000,78.0000,6.0000,0.275400,-0.093790,-0.654200,0.020270,0.685800,-0.067350,0.275425,-0.093792,-0.654236,0.020268,0.685773,-0.067345,3.585579e-05,0.001051
576,1,65.1000,78.0000,6.0000,0.275000,-0.096550,-0.670600,0.017220,0.692700,0.128600,0.275018,-0.096552,-0.670609,0.017221,0.692733,0.128646,4.637116e-05,0.001359
577,1,69.3000,78.0000,6.0000,0.273600,-0.096630,-0.667400,0.018910,0.699200,-0.025080,0.273566,-0.096626,-0.667374,0.018910,0.699174,-0.025082,3.444650e-05,0.001009
578,1,73.5000,78.0000,6.0000,0.271200,-0.099350,-0.681300,0.015410,0.705000,0.166500,0.271167,-0.099346,-0.681338,0.015408,0.705009,0.166455,4.468399e-05,0.001309
579,1,77.7000,78.0000,6.0000,0.268300,-0.099560,-0.678100,0.016930,0.710400,-0.000350,0.268269,-0.099556,-0.678113,0.016931,0.710437,-0.000350,3.702529e-05,0.001085
580,1,81.9000,78.0000,6.0000,0.264000,-0.102200,-0.689000,0.013170,0.715100,0.187300,0.264046,-0.102159,-0.689003,0.013173,0.715121,0.187301,4.600037e-05,0.001348
581,1,86.1000,78.0000,6.0000,0.260100,-0.102600,-0.686000,0.014760,0.719100,0.010870,0.260078,-0.102557,-0.686045,0.014757,0.719145,0.010869,4.498559e-05,0.001318
582,1,90.3000,78.0000,6.0000,0.255900,-0.104600,-0.693800,0.011090,0.722500,0.196200,0.255857,-0.104612,-0.693837,0.011093,0.722505,0.196239,4.342003e-05,0.001272
583,1,94.5000,78.0000,6.0000,0.251400,-0.105200,-0.691600,0.012490,0.725200,0.012060,0.251434,-0.105206,-0.691556,0.012488,0.725166,0.012056,4.381556e-05,0.001284
584,1,98.7000,78.0000,6.0000,0.247100,-0.106900,-0.697000,0.008544,0.727300,0.196500,0.247064,-0.106920,-0.697048,0.008544,0.727276,0.196520,4.772575e-05,0.001398
585,1,102.9000,78.0000,6.0000,0.242200,-0.107700,-0.695100,0.010030,0.728700,0.007723,0.242166,-0.107670,-0.695080,0.010032,0.728727,0.007723,3.420749e-05,0.001002
586,1,107.1000,78.0000,6.0000,0.238700,-0.108900,-0.697500,0.005907,0.729500,0.191900,0.238662,-0.108856,-0.697484,0.005907,0.729534,0.191905,4.368443e-05,0.001280
587,1,111.3000,78.0000,6.0000,0.233300,-0.109700,-0.696300,0.007386,0.730000,0.001980,0.233349,-0.109708,-0.696304,0.007386,0.729957,0.001980,4.920359e-05,0.001442
588,1,115.5000,78.0000,6.0000,0.230500,-0.110300,-0.696100,0.003552,0.729700,0.186200,0.230471,-0.110284,-0.696101,0.003552,0.729738,0.186242,4.154720e-05,0.001217
589,1,119.7000,78.0000,6.0000,0.225000,-0.111300,-0.695800,0.005068,0.728900,-0.003181,0.225013,-0.111259,-0.695756,0.005068,0.728941,-0.003181,4.377657e-05,0.001283
590,1,123.9000,78.0000,6.0000,0.222500,-0.111600,-0.693100,0.001310,0.727600,0.183300,0.222466,-0.111569,-0.693079,0.001310,0.727641,0.183252,4.837475e-05,0.001417
591,1,128.1000,78.0000,6.0000,0.217500,-0.112500,-0.692800,0.002861,0.725800,-0.003308,0.217528,-0.112481,-0.692808,0.002861,0.725797,-0.003308,2.753630e-05,0.000807
592,1,132.3000,78.0000,6.0000,0.214000,-0.112400,-0.687900,-0.000709,0.723500,0.185800,0.213987,-0.112449,-0.687920,-0.000709,0.723523,0.185834,4.897793e-05,0.001435
593,1,136.5000,78.0000,6.0000,0.209000,-0.113400,-0.687900,0.001194,0.720800,0.004400,0.208975,-0.113398,-0.687921,0.001194,0.720793,0.004400,2.461173e-05,0.000721
594,1,140.7000,78.0000,6.0000,0.204500,-0.113200,-0.681200,-0.002325,0.717700,0.197400,0.204497,-0.113242,-0.681156,-0.002325,0.717699,0.197418,4.368412e-05,0.001280
595,1,144.9000,78.0000,6.0000,0.199800,-0.114200,-0.681400,-0.000590,0.714300,0.023130,0.199761,-0.114236,-0.681385,-0.000591,0.714285,0.023133,3.913438e-05,0.001147
596,1,149.1000,78.0000,6.0000,0.193500,-0.113700,-0.670200,-0.003652,0.710700,0.220500,0.193477,-0.113684,-0.670183,-0.003652,0.710720,0.220502,2.304975e-05,0.000675
597,1,153.3000,78.0000,6.0000,0.187400,-0.113600,-0.664600,-0.001751,0.706300,0.061200,0.187418,-0.113597,-0.664554,-0.001751,0.706332,0.061197,4.617312e-05,0.001353
598,1,157.5000,78.0000,6.0000,0.179600,-0.121600,-0.711500,-0.004469,0.700900,0.257800,0.179588,-0.121614,-0.711502,-0.004469,0.700913,0.257800,1.438316e-05,0.000421
599,1,161.7000,78.0000,6.0000,0.171700,-0.116100,-0.656100,-0.001025,0.698900,0.062430,0.171724,-0.116072,-0.656073,-0.001025,0.698893,0.062434,2.804507e-05,0.000822
600,1,165.9000,78.0000,6.0000,0.161200,-0.078820,-0.402200,-0.006312,0.694800,0.367800,0.161160,-0.078821,-0.402168,-0.006312,0.694807,0.367826,3.993857e-05,0.001170
601,1,2.1000,90.0000,6.0000,0.003143,-0.419200,-1.758000,-0.015480,1.228000,-0.645600,0.003143,-0.419201,-1.758192,-0.015484,1.228465,-0.645582,4.649964e-04,0.013624
602,1,6.3000,90.0000,6.0000,0.020860,-0.237900,-0.550500,0.006012,0.914700,-0.482800,0.020862,-0.237850,-0.550527,0.006012,0.914652,-0.482850,4.988663e-05,0.001462
603,1,10.5000,90.0000,6.0000,0.058660,-0.247000,-0.787900,0.004110,0.836300,-0.674700,0.058657,-0.247026,-0.787927,0.004110,0.836258,-0.674711,4.249709e-05,0.001245
604,1,14.7000,90.0000,6.0000,0.093450,-0.212300,-0.645600,0.005118,0.823800,-0.457700,0.093449,-0.212252,-0.645622,0.005118,0.823775,-0.457672,4.753455e-05,0.001393
605,1,18.9000,90.0000,6.0000,0.125200,-0.209300,-0.675800,0.002449,0.828500,-0.568700,0.125216,-0.209277,-0.675835,0.002449,0.828549,-0.568670,4.888836e-05,0.001432
606,1,23.1000,90.0000,6.0000,0.153300,-0.201700,-0.656600,0.006294,0.838300,-0.338800,0.153251,-0.201711,-0.656617,0.006294,0.838345,-0.338817,4.864962e-05,0.001425
607,1,27.3000,90.0000,6.0000,0.176500,-0.199900,-0.664300,0.005557,0.849600,-0.436900,0.176542,-0.199868,-0.664253,0.005557,0.849594,-0.436895,4.713923e-05,0.001381
608,1,31.5000,90.0000,6.0000,0.196800,-0.196900,-0.660400,0.009896,0.861800,-0.208200,0.196807,-0.196923,-0.660433,0.009896,0.861823,-0.208175,3.265275e-05,0.000957
609,1,35.7000,90.0000,6.0000,0.211700,-0.195900,-0.663800,0.009504,0.874400,-0.305300,0.211738,-0.195919,-0.663808,0.009504,0.874359,-0.305302,4.114325e-05,0.001205
610,1,39.9000,90.0000,6.0000,0.224700,-0.196600,-0.676700,0.013440,0.887200,-0.082630,0.224652,-0.196568,-0.676715,0.013445,0.887186,-0.082628,4.826652e-05,0.001414
611,1,44.1000,90.0000,6.0000,0.233600,-0.196000,-0.676800,0.012200,0.899600,-0.193800,0.233557,-0.195982,-0.676801,0.012201,0.899631,-0.193771,4.303477e-05,0.001261
612,1,48.3000,90.0000,6.0000,0.240600,-0.198200,-0.694500,0.015790,0.911900,0.021710,0.240625,-0.198234,-0.694497,0.015786,0.911852,0.021712,4.799204e-05,0.001406
613,1,52.5000,90.0000,6.0000,0.244200,-0.198200,-0.692900,0.013500,0.923400,-0.107100,0.244241,-0.198161,-0.692878,0.013499,0.923411,-0.107146,4.587513e-05,0.001344
614,1,56.7000,90.0000,6.0000,0.246600,-0.201300,-0.712400,0.016400,0.934600,0.100800,0.246615,-0.201327,-0.712369,0.016404,0.934565,0.100826,3.491784e-05,0.001023
615,1,60.9000,90.0000,6.0000,0.246800,-0.201600,-0.709700,0.013760,0.945000,-0.046470,0.246764,-0.201588,-0.709718,0.013764,0.944977,-0.046475,3.551637e-05,0.001041
616,1,65.1000,90.0000,6.0000,0.246000,-0.205000,-0.726800,0.016270,0.954800,0.156200,0.246026,-0.204968,-0.726810,0.016271,0.954799,0.156159,4.137195e-05,0.001212
617,1,69.3000,90.0000,6.0000,0.243900,-0.205600,-0.724000,0.012930,0.963700,-0.008132,0.243919,-0.205589,-0.724015,0.012930,0.963697,-0.008132,1.928939e-05,0.000565
618,1,73.5000,90.0000,6.0000,0.241400,-0.208900,-0.738400,0.015120,0.971900,0.190200,0.241438,-0.208856,-0.738408,0.015115,0.971885,0.190153,4.655096e-05,0.001364
619,1,77.7000,90.0000,6.0000,0.237800,-0.209700,-0.735600,0.011440,0.979100,0.012250,0.237781,-0.209716,-0.735633,0.011441,0.979094,0.012251,3.286338e-05,0.000963
620,1,81.9000,90.0000,6.0000,0.233800,-0.212500,-0.747000,0.013390,0.985500,0.206700,0.233843,-0.212542,-0.746995,0.013392,0.985533,0.206654,4.562638e-05,0.001337
621,1,86.1000,90.0000,6.0000,0.229500,-0.213300,-0.744400,0.009765,0.991000,0.019070,0.229450,-0.213333,-0.744430,0.009765,0.991042,0.019069,4.952648e-05,0.001451
622,1,90.3000,90.0000,6.0000,0.225300,-0.215800,-0.752600,0.011560,0.995800,0.211200,0.225250,-0.215825,-0.752644,0.011565,0.995751,0.211227,4.963812e-05,0.001454
623,1,94.5000,90.0000,6.0000,0.220700,-0.216900,-0.750400,0.007676,0.999500,0.015570,0.220678,-0.216920,-0.750441,0.007676,0.999548,0.015566,4.754042e-05,0.001393
624,1,98.7000,90.0000,6.0000,0.216600,-0.219000,-0.755900,0.009420,1.002000,0.207300,0.216598,-0.219022,-0.755913,0.009420,1.002439,0.207332,4.385818e-04,0.012850
625,1,102.9000,90.0000,6.0000,0.211700,-0.220000,-0.754000,0.005483,1.004000,0.006891,0.211699,-0.220021,-0.754000,0.005483,1.004350,0.006891,3.496997e-04,0.010246
626,1,107.1000,90.0000,6.0000,0.208000,-0.221300,-0.756400,0.007196,1.006000,0.198600,0.207996,-0.221309,-0.756430,0.007196,1.005507,0.198632,4.930271e-04,0.014446
627,1,111.3000,90.0000,6.0000,0.203300,-0.222100,-0.755200,0.003251,1.006000,-0.002763,0.203282,-0.222142,-0.755171,0.003251,1.005803,-0.002763,1.972939e-04,0.005781
628,1,115.5000,90.0000,6.0000,0.200300,-0.222800,-0.754700,0.005308,1.005000,0.189000,0.200316,-0.222798,-0.754672,0.005308,1.005356,0.188994,3.560717e-04,0.010433
629,1,119.7000,90.0000,6.0000,0.195400,-0.223700,-0.754200,0.001202,1.004000,-0.011820,0.195406,-0.223733,-0.754168,0.001202,1.004147,-0.011816,1.465703e-04,0.004294
630,1,123.9000,90.0000,6.0000,0.192900,-0.224000,-0.751400,0.003118,1.002000,0.182200,0.192905,-0.223962,-0.751363,0.003118,1.002037,0.182185,3.752845e-05,0.001100
631,1,128.1000,90.0000,6.0000,0.188300,-0.224800,-0.751000,-0.000561,0.999200,-0.015460,0.188314,-0.224788,-0.751005,-0.000561,0.999185,-0.015460,1.450772e-05,0.000425
632,1,132.3000,90.0000,6.0000,0.185100,-0.224500,-0.745400,0.001438,0.995600,0.181200,0.185140,-0.224495,-0.745419,0.001438,0.995624,0.181235,4.001366e-05,0.001172
633,1,136.5000,90.0000,6.0000,0.180400,-0.225300,-0.745200,-0.002257,0.991400,-0.011130,0.180445,-0.225280,-0.745198,-0.002257,0.991403,-0.011131,4.500305e-05,0.001319
634,1,140.7000,90.0000,6.0000,0.176600,-0.224900,-0.737900,-0.000101,0.986400,0.189700,0.176555,-0.224930,-0.737937,-0.000101,0.986354,0.189743,4.567607e-05,0.001338
635,1,144.9000,90.0000,6.0000,0.171900,-0.225600,-0.738100,-0.003630,0.980900,0.005061,0.171917,-0.225587,-0.738148,-0.003630,0.980921,0.005061,4.845996e-05,0.001420
636,1,149.1000,90.0000,6.0000,0.166500,-0.224600,-0.725900,-0.001236,0.975000,0.210500,0.166510,-0.224581,-0.725882,-0.001236,0.974976,0.210482,2.365416e-05,0.000693
637,1,153.3000,90.0000,6.0000,0.160800,-0.224500,-0.719400,-0.004232,0.969100,0.041460,0.160818,-0.224499,-0.719360,-0.004232,0.969129,0.041462,4.002991e-05,0.001173
638,1,157.5000,90.0000,6.0000,0.154300,-0.232000,-0.761700,-0.002137,0.963800,0.246200,0.154322,-0.232013,-0.761700,-0.002137,0.963760,0.246198,3.968782e-05,0.001163
639,1,161.7000,90.0000,6.0000,0.147000,-0.225600,-0.706300,-0.006657,0.955400,0.044270,0.146952,-0.225581,-0.706279,-0.006657,0.955394,0.044272,4.827544e-05,0.001414
640,1,165.9000,90.0000,6.0000,0.137300,-0.188700,-0.447700,-0.001344,0.946900,0.351700,0.137315,-0.188724,-0.447653,-0.001344,0.946874,0.351714,4.650276e-05,0.001363
641,1,2.1000,102.0000,6.0000,-0.002423,-0.609600,-1.361000,0.028130,1.582000,-0.550300,-0.002423,-0.609559,-1.360557,0.028125,1.581743,-0.550301,4.432606e-04,0.012987
642,1,6.3000,102.0000,6.0000,0.036520,-0.344400,-0.255300,-0.019460,1.194000,-0.497100,0.036522,-0.344365,-0.255290,-0.019461,1.194185,-0.497125,1.848470e-04,0.005416
643,1,10.5000,102.0000,6.0000,0.082760,-0.377400,-0.585300,-0.023730,1.080000,-0.643100,0.082758,-0.377424,-0.585286,-0.023726,1.080007,-0.643122,2.407209e-05,0.000705
644,1,14.7000,102.0000,6.0000,0.120800,-0.350700,-0.444400,-0.028330,1.046000,-0.466500,0.120774,-0.350746,-0.444414,-0.028334,1.046207,-0.466504,2.065260e-04,0.006051
645,1,18.9000,102.0000,6.0000,0.151700,-0.351600,-0.471900,-0.014450,1.041000,-0.515100,0.151739,-0.351566,-0.471929,-0.014452,1.041472,-0.515101,4.724020e-04,0.013841
646,1,23.1000,102.0000,6.0000,0.177400,-0.346900,-0.457600,-0.016100,1.049000,-0.328100,0.177376,-0.346855,-0.457628,-0.016096,1.048875,-0.328084,1.246356e-04,0.003652
647,1,27.3000,102.0000,6.0000,0.197600,-0.345000,-0.460000,-0.002655,1.062000,-0.371900,0.197642,-0.345043,-0.459966,-0.002655,1.061749,-0.371868,2.507074e-04,0.007346
648,1,31.5000,102.0000,6.0000,0.215300,-0.343000,-0.458100,-0.006372,1.077000,-0.190900,0.215282,-0.343016,-0.458077,-0.006372,1.076737,-0.190916,2.625802e-04,0.007694
649,1,35.7000,102.0000,6.0000,0.228000,-0.341600,-0.455500,0.005538,1.093000,-0.237500,0.227983,-0.341602,-0.455540,0.005538,1.092870,-0.237479,1.299072e-04,0.003806
650,1,39.9000,102.0000,6.0000,0.238700,-0.343300,-0.468600,-0.000452,1.109000,-0.065520,0.238699,-0.343344,-0.468609,-0.000452,1.108879,-0.065520,1.214828e-04,0.003559
651,1,44.1000,102.0000,6.0000,0.246100,-0.342800,-0.462800,0.010130,1.125000,-0.126600,0.246123,-0.342783,-0.462804,0.010132,1.125235,-0.126570,2.351248e-04,0.006889
652,1,48.3000,102.0000,6.0000,0.252000,-0.346400,-0.479600,0.002752,1.141000,0.035700,0.252030,-0.346426,-0.479578,0.002752,1.140725,0.035701,2.752835e-04,0.008066
653,1,52.5000,102.0000,6.0000,0.255000,-0.346900,-0.472600,0.012660,1.156000,-0.042470,0.254956,-0.346856,-0.472587,0.012655,1.156119,-0.042473,1.188528e-04,0.003482
654,1,56.7000,102.0000,6.0000,0.256600,-0.351300,-0.490600,0.004329,1.170000,0.110200,0.256645,-0.351333,-0.490600,0.004329,1.170360,0.110192,3.600895e-04,0.010551
655,1,60.9000,102.0000,6.0000,0.256200,-0.352200,-0.483100,0.013760,1.184000,0.014670,0.256232,-0.352158,-0.483091,0.013755,1.184164,0.014668,1.636478e-04,0.004795
656,1,65.1000,102.0000,6.0000,0.255200,-0.356800,-0.499000,0.004494,1.197000,0.159700,0.255216,-0.356842,-0.499043,0.004494,1.196565,0.159723,4.353703e-04,0.012756
657,1,69.3000,102.0000,6.0000,0.252700,-0.358100,-0.492200,0.013790,1.208000,0.048250,0.252660,-0.358062,-0.492169,0.013793,1.208382,0.048254,3.823031e-04,0.011201
658,1,73.5000,102.0000,6.0000,0.250400,-0.362400,-0.505600,0.003711,1.219000,0.187300,0.250382,-0.362390,-0.505611,0.003711,1.218750,0.187326,2.503720e-04,0.007336
659,1,77.7000,102.0000,6.0000,0.246000,-0.364000,-0.499800,0.013040,1.228000,0.063610,0.246033,-0.363983,-0.499793,0.013038,1.228256,0.063605,2.555783e-04,0.007488
660,1,81.9000,102.0000,6.0000,0.242900,-0.367800,-0.510400,0.002927,1.236000,0.197600,0.242889,-0.367781,-0.510428,0.002927,1.236379,0.197627,3.787952e-04,0.011099
661,1,86.1000,102.0000,6.0000,0.238100,-0.369400,-0.505700,0.012190,1.244000,0.064940,0.238139,-0.369351,-0.505674,0.012195,1.243574,0.064938,4.261345e-04,0.012486
662,1,90.3000,102.0000,6.0000,0.233900,-0.372700,-0.513500,0.001569,1.249000,0.195700,0.233881,-0.372679,-0.513457,0.001569,1.249360,0.195737,3.596526e-04,0.010538
663,1,94.5000,102.0000,6.0000,0.229300,-0.374000,-0.509800,0.010920,1.254000,0.055560,0.229270,-0.373968,-0.509759,0.010923,1.254175,0.055557,1.753191e-04,0.005137
664,1,98.7000,102.0000,6.0000,0.225300,-0.376400,-0.514900,0.000108,1.258000,0.185800,0.225274,-0.376385,-0.514949,0.000108,1.257663,0.185789,3.367780e-04,0.009868
665,1,102.9000,102.0000,6.0000,0.220600,-0.377600,-0.512300,0.009451,1.260000,0.041290,0.220551,-0.377618,-0.512349,0.009451,1.260081,0.041294,8.079960e-05,0.002367
666,1,107.1000,102.0000,6.0000,0.216800,-0.379300,-0.514700,-0.001192,1.261000,0.171200,0.216830,-0.379257,-0.514684,-0.001192,1.261377,0.171245,3.773789e-04,0.011057
667,1,111.3000,102.0000,6.0000,0.212700,-0.380100,-0.513400,0.008164,1.262000,0.025980,0.212661,-0.380079,-0.513447,0.008164,1.261654,0.025975,3.461576e-04,0.010142
668,1,115.5000,102.0000,6.0000,0.209400,-0.380800,-0.513200,-0.002589,1.261000,0.156200,0.209378,-0.380822,-0.513183,-0.002589,1.260854,0.156167,1.459088e-04,0.004275
669,1,119.7000,102.0000,6.0000,0.204800,-0.381600,-0.513000,0.006638,1.259000,0.011690,0.204796,-0.381628,-0.513002,0.006638,1.259024,0.011691,2.843009e-05,0.000833
670,1,123.9000,102.0000,6.0000,0.202200,-0.381500,-0.510500,-0.004034,1.256000,0.144200,0.202217,-0.381459,-0.510522,-0.004034,1.256170,0.144156,1.701586e-04,0.004986
671,1,128.1000,102.0000,6.0000,0.197800,-0.382100,-0.511700,0.005343,1.252000,0.002766,0.197781,-0.382066,-0.511727,0.005343,1.252102,0.002766,1.019913e-04,0.002988
672,1,132.3000,102.0000,6.0000,0.194900,-0.381300,-0.506200,-0.004994,1.247000,0.138500,0.194871,-0.381253,-0.506183,-0.004994,1.247165,0.138478,1.652391e-04,0.004841
673,1,136.5000,102.0000,6.0000,0.190400,-0.381600,-0.508000,0.004261,1.241000,0.002526,0.190355,-0.381605,-0.508041,0.004261,1.241329,0.002526,3.293311e-04,0.009649
674,1,140.7000,102.0000,6.0000,0.186600,-0.380400,-0.501500,-0.005983,1.235000,0.142900,0.186580,-0.380402,-0.501511,-0.005983,1.234681,0.142939,3.190903e-04,0.009349
675,1,144.9000,102.0000,6.0000,0.181900,-0.380800,-0.504800,0.003408,1.227000,0.014390,0.181922,-0.380806,-0.504794,0.003408,1.226988,0.014395,2.157403e-05,0.000632
676,1,149.1000,102.0000,6.0000,0.176900,-0.378700,-0.493400,-0.006589,1.219000,0.160500,0.176926,-0.378723,-0.493392,-0.006589,1.218907,0.160483,9.310806e-05,0.002728
677,1,153.3000,102.0000,6.0000,0.171000,-0.377400,-0.483600,0.002454,1.209000,0.044990,0.171035,-0.377354,-0.483577,0.002454,1.208750,0.044993,2.504034e-04,0.007337
678,1,157.5000,102.0000,6.0000,0.165100,-0.385000,-0.536000,-0.007200,1.197000,0.192200,0.165142,-0.385012,-0.536030,-0.007200,1.197476,0.192166,4.762344e-04,0.013954
679,1,161.7000,102.0000,6.0000,0.154900,-0.377500,-0.507800,0.004606,1.195000,0.061010,0.154890,-0.377540,-0.507834,0.004606,1.194618,0.061015,3.815582e-04,0.011180
680,1,165.9000,102.0000,6.0000,0.144500,-0.330400,-0.193300,-0.010140,1.190000,0.298200,0.144483,-0.330380,-0.193299,-0.010144,1.189931,0.298150,6.949676e-05,0.002036
681,1,2.1000,114.0000,6.0000,-0.026340,-0.732200,-3.413000,-0.046160,1.939000,-1.060000,-0.026339,-0.732152,-3.413140,-0.046158,1.938721,-1.059742,2.788780e-04,0.008171
682,1,6.3000,114.0000,6.0000,-0.019870,-0.473600,-1.215000,-0.052620,1.337000,-0.464400,-0.019867,-0.473630,-1.214987,-0.052618,1.337165,-0.464450,1.645357e-04,0.004821
683,1,10.5000,114.0000,6.0000,-0.004184,-0.532200,-1.555000,-0.030820,1.154000,-0.791800,-0.004184,-0.532169,-1.554753,-0.030817,1.154139,-0.791808,2.465309e-04,0.007223
684,1,14.7000,114.0000,6.0000,0.009056,-0.507500,-1.426000,-0.031270,1.114000,-0.292100,0.009056,-0.507548,-1.426470,-0.031265,1.114350,-0.292062,4.697491e-04,0.013764
685,1,18.9000,114.0000,6.0000,0.020500,-0.504400,-1.458000,-0.012440,1.115000,-0.626600,0.020502,-0.504390,-1.457834,-0.012444,1.114700,-0.626552,2.997353e-04,0.008782
686,1,23.1000,114.0000,6.0000,0.031780,-0.498600,-1.471000,-0.017810,1.129000,-0.133400,0.031783,-0.498609,-1.471018,-0.017806,1.128839,-0.133387,1.614355e-04,0.004730
687,1,27.3000,114.0000,6.0000,0.041510,-0.493400,-1.479000,-0.002594,1.145000,-0.482900,0.041510,-0.493446,-1.478966,-0.002594,1.144562,-0.482928,4.384230e-04,0.012846
688,1,31.5000,114.0000,6.0000,0.050580,-0.492000,-1.504000,-0.011070,1.163000,0.010830,0.050575,-0.491993,-1.503828,-0.011072,1.163064,0.010829,1.721999e-04,0.005045
689,1,35.7000,114.0000,6.0000,0.056720,-0.489000,-1.507000,0.002450,1.180000,-0.352000,0.056719,-0.489022,-1.507291,0.002450,1.180440,-0.351956,4.395663e-04,0.012879
690,1,39.9000,114.0000,6.0000,0.061400,-0.492900,-1.550000,-0.007930,1.201000,0.142800,0.061401,-0.492889,-1.550476,-0.007930,1.200556,0.142766,4.758219e-04,0.013941
691,1,44.1000,114.0000,6.0000,0.063920,-0.491500,-1.551000,0.005090,1.218000,-0.247400,0.063919,-0.491513,-1.550950,0.005090,1.218291,-0.247439,2.908030e-04,0.008520
692,1,48.3000,114.0000,6.0000,0.065270,-0.497500,-1.597000,-0.006424,1.238000,0.247300,0.065271,-0.497489,-1.596930,-0.006424,1.237937,0.247301,6.955569e-05,0.002038
693,1,52.5000,114.0000,6.0000,0.064740,-0.497400,-1.596000,0.006631,1.255000,-0.172600,0.064737,-0.497356,-1.595855,0.006631,1.254678,-0.172617,3.219081e-04,0.009432
694,1,56.7000,114.0000,6.0000,0.062650,-0.504700,-1.640000,-0.005478,1.273000,0.322600,0.062653,-0.504652,-1.640301,-0.005478,1.272764,0.322573,3.013330e-04,0.008829
695,1,60.9000,114.0000,6.0000,0.059340,-0.505600,-1.638000,0.007555,1.288000,-0.125600,0.059341,-0.505561,-1.637835,0.007555,1.287692,-0.125570,3.075180e-04,0.009010
696,1,65.1000,114.0000,6.0000,0.055820,-0.512700,-1.676000,-0.005143,1.303000,0.370900,0.055820,-0.512690,-1.676485,-0.005143,1.303174,0.370930,4.853405e-04,0.014220
697,1,69.3000,114.0000,6.0000,0.050660,-0.514100,-1.673000,0.008269,1.316000,-0.102200,0.050656,-0.514130,-1.673351,0.008269,1.315573,-0.102217,4.268095e-04,0.012505
698,1,73.5000,114.0000,6.0000,0.046340,-0.520600,-1.705000,-0.005071,1.328000,0.396400,0.046340,-0.520585,-1.705290,-0.005071,1.328370,0.396369,3.697702e-04,0.010834
699,1,77.7000,114.0000,6.0000,0.040070,-0.522100,-1.702000,0.008466,1.338000,-0.096680,0.040067,-0.522147,-1.702200,0.008466,1.338224,-0.096683,2.240791e-04,0.006565
700,1,81.9000,114.0000,6.0000,0.035520,-0.527700,-1.727000,-0.005009,1.348000,0.403600,0.035518,-0.527712,-1.727273,-0.005009,1.348062,0.403572,2.732300e-04,0.008006
701,1,86.1000,114.0000,6.0000,0.029210,-0.529400,-1.725000,0.008420,1.355000,-0.104700,0.029205,-0.529437,-1.724663,0.008420,1.355369,-0.104685,3.693134e-04,0.010821
702,1,90.3000,114.0000,6.0000,0.024180,-0.533800,-1.742000,-0.005376,1.362000,0.397300,0.024178,-0.533829,-1.742408,-0.005376,1.362208,0.397293,4.075900e-04,0.011942
703,1,94.5000,114.0000,6.0000,0.018760,-0.535300,-1.740000,0.008414,1.367000,-0.122200,0.018757,-0.535284,-1.739945,0.008414,1.367052,-0.122164,5.512422e-05,0.001615
704,1,98.7000,114.0000,6.0000,0.014150,-0.538500,-1.751000,-0.005543,1.371000,0.382900,0.014154,-0.538527,-1.751198,-0.005543,1.371178,0.382899,1.982700e-04,0.005809
705,1,102.9000,114.0000,6.0000,0.009291,-0.539600,-1.749000,0.008283,1.374000,-0.143500,0.009291,-0.539595,-1.748632,0.008283,1.373562,-0.143532,4.380483e-04,0.012835
706,1,107.1000,114.0000,6.0000,0.005067,-0.541600,-1.753000,-0.005628,1.375000,0.363300,0.005067,-0.541566,-1.753139,-0.005628,1.375069,0.363336,1.392570e-04,0.004080
707,1,111.3000,114.0000,6.0000,0.000949,-0.542600,-1.751000,0.008182,1.375000,-0.165200,0.000949,-0.542589,-1.751375,0.008182,1.374980,-0.165229,3.751865e-04,0.010993
708,1,115.5000,114.0000,6.0000,-0.002056,-0.543300,-1.749000,-0.005975,1.374000,0.342100,-0.002056,-0.543259,-1.749498,-0.005975,1.373653,0.342119,4.982659e-04,0.014599
709,1,119.7000,114.0000,6.0000,-0.005789,-0.543900,-1.748000,0.007871,1.371000,-0.184900,-0.005789,-0.543897,-1.748038,0.007871,1.371332,-0.184907,3.316712e-04,0.009718
710,1,123.9000,114.0000,6.0000,-0.008156,-0.543300,-1.740000,-0.006070,1.368000,0.324000,-0.008156,-0.543318,-1.740424,-0.006070,1.367578,0.324005,4.239034e-04,0.012420
711,1,128.1000,114.0000,6.0000,-0.011620,-0.543800,-1.740000,0.007655,1.363000,-0.198200,-0.011617,-0.543756,-1.739673,0.007655,1.363127,-0.198205,3.270173e-04,0.009582
712,1,132.3000,114.0000,6.0000,-0.013280,-0.541800,-1.725000,-0.006108,1.357000,0.311400,-0.013279,-0.541841,-1.725122,-0.006108,1.356928,0.311386,1.215744e-04,0.003562
713,1,136.5000,114.0000,6.0000,-0.016620,-0.542100,-1.724000,0.007496,1.350000,-0.201900,-0.016620,-0.542142,-1.724425,0.007496,1.350273,-0.201861,4.248878e-04,0.012449
714,1,140.7000,114.0000,6.0000,-0.018900,-0.539600,-1.706000,-0.006177,1.342000,0.308800,-0.018898,-0.539552,-1.706176,-0.006177,1.341684,0.308829,3.158702e-04,0.009255
715,1,144.9000,114.0000,6.0000,-0.022100,-0.539600,-1.705000,0.007454,1.333000,-0.192700,-0.022100,-0.539553,-1.705227,0.007454,1.332884,-0.192655,2.270269e-04,0.006652
716,1,149.1000,114.0000,6.0000,-0.024790,-0.534800,-1.672000,-0.006068,1.322000,0.320300,-0.024788,-0.534756,-1.672209,-0.006068,1.322305,0.320295,3.048362e-04,0.008932
717,1,153.3000,114.0000,6.0000,-0.029340,-0.533400,-1.663000,0.006968,1.316000,-0.154300,-0.029338,-0.533447,-1.663058,0.006968,1.315961,-0.154322,5.813180e-05,0.001703
718,1,157.5000,114.0000,6.0000,-0.032190,-0.550400,-1.777000,-0.003734,1.307000,0.344600,-0.032185,-0.550417,-1.776996,-0.003734,1.307034,0.344583,3.358151e-05,0.000984
719,1,161.7000,114.0000,6.0000,-0.036690,-0.525800,-1.594000,0.013110,1.259000,-0.230400,-0.036692,-0.525785,-1.594475,0.013115,1.258724,-0.230357,4.747305e-04,0.013909
720,1,165.9000,114.0000,6.0000,-0.044190,-0.440600,-1.022000,-0.013400,1.239000,0.527100,-0.044191,-0.440628,-1.022461,-0.013396,1.238527,0.527108,4.733529e-04,0.013869
721,1,174.0000,2.0000,6.0000,0.152800,0.083590,-0.800400,0.000835,-0.142800,0.323000,0.152773,0.083591,-0.800362,0.000835,-0.142773,0.322972,3.848448e-05,0.001128
722,1,186.0000,2.0000,6.0000,0.097840,0.085400,-0.724600,-0.002431,-0.101000,0.484500,0.097839,0.085402,-0.724593,-0.002431,-0.100965,0.484510,3.454662e-05,0.001012
723,1,198.0000,2.0000,6.0000,0.017910,0.076380,-0.692700,0.000805,-0.102400,0.703900,0.017915,0.076376,-0.692730,0.000805,-0.102393,0.703910,3.004189e-05,0.000880
724,1,210.0000,2.0000,6.0000,-0.091970,0.049730,-0.748000,-0.001876,-0.109500,0.969900,-0.091970,0.049730,-0.748003,-0.001876,-0.109472,0.969884,2.825146e-05,0.000828
725,1,222.0000,2.0000,6.0000,-0.246300,0.060290,-0.515100,0.005294,-0.076180,1.218000,-0.246278,0.060291,-0.515072,0.005294,-0.076184,1.217814,1.858129e-04,0.005444
726,1,234.0000,2.0000,6.0000,-0.405900,-0.143400,-1.728000,0.008040,-0.295700,1.331000,-0.405909,-0.143435,-1.727929,0.008040,-0.295687,1.330882,1.180780e-04,0.003460
727,1,174.0000,6.0000,6.0000,0.158600,0.082530,-0.762500,-0.001336,0.162700,0.321400,0.158567,0.082525,-0.762498,-0.001336,0.162674,0.321448,4.774614e-05,0.001399
728,1,186.0000,6.0000,6.0000,0.103900,0.084820,-0.680800,0.001623,0.116800,0.484600,0.103898,0.084818,-0.680848,0.001623,0.116816,0.484596,4.814013e-05,0.001410
729,1,198.0000,6.0000,6.0000,0.024280,0.075580,-0.650400,-0.002082,0.117000,0.703500,0.024278,0.075582,-0.650445,-0.002082,0.116966,0.703479,4.499913e-05,0.001318
730,1,210.0000,6.0000,6.0000,-0.086060,0.048850,-0.706000,0.000537,0.119800,0.968900,-0.086057,0.048849,-0.706013,0.000537,0.119826,0.968883,2.643836e-05,0.000775
731,1,222.0000,6.0000,6.0000,-0.238500,0.059570,-0.467700,-0.005769,0.084310,1.218000,-0.238470,0.059568,-0.467657,-0.005769,0.084310,1.218080,8.032825e-05,0.002354
732,1,234.0000,6.0000,6.0000,-0.390900,-0.143400,-1.626000,-0.007219,0.281200,1.323000,-0.390945,-0.143423,-1.625793,-0.007219,0.281184,1.322992,2.068115e-04,0.006060
733,1,174.0000,10.0000,6.0000,0.150200,0.081580,-0.814400,0.000087,-0.098640,0.322000,0.150158,0.081579,-0.814376,0.000087,-0.098644,0.322037,4.233834e-05,0.001241
734,1,186.0000,10.0000,6.0000,0.095230,0.083350,-0.738700,-0.003324,-0.053770,0.483800,0.095235,0.083354,-0.738713,-0.003324,-0.053766,0.483789,1.271088e-05,0.000372
735,1,198.0000,10.0000,6.0000,0.015490,0.074490,-0.705900,0.000012,-0.059970,0.702500,0.015492,0.074485,-0.705890,0.000012,-0.059967,0.702512,1.228647e-05,0.000360
736,1,210.0000,10.0000,6.0000,-0.094180,0.047890,-0.761000,-0.002409,-0.068960,0.968000,-0.094183,0.047890,-0.761025,-0.002409,-0.068959,0.967961,3.878288e-05,0.001136
737,1,222.0000,10.0000,6.0000,-0.248500,0.058940,-0.530300,0.003744,-0.046140,1.215000,-0.248497,0.058936,-0.530292,0.003744,-0.046136,1.214577,4.232334e-04,0.012401
738,1,234.0000,10.0000,6.0000,-0.409500,-0.144300,-1.753000,0.006095,-0.231600,1.330000,-0.409453,-0.144294,-1.753337,0.006095,-0.231581,1.329576,4.240357e-04,0.012424
739,1,174.0000,14.0000,6.0000,0.155100,0.080570,-0.777200,-0.001897,0.174000,0.321600,0.155085,0.080570,-0.777166,-0.001897,0.173972,0.321614,3.412103e-05,0.001000
740,1,186.0000,14.0000,6.0000,0.100300,0.082140,-0.703800,0.000671,0.125400,0.483100,0.100296,0.082142,-0.703823,0.000671,0.125398,0.483106,2.344415e-05,0.000687
741,1,198.0000,14.0000,6.0000,0.020490,0.073630,-0.671800,-0.003022,0.125300,0.701400,0.020495,0.073626,-0.671773,-0.003022,0.125312,0.701377,2.692907e-05,0.000789
742,1,210.0000,14.0000,6.0000,-0.089200,0.047290,-0.726700,-0.000374,0.124000,0.965800,-0.089197,0.047289,-0.726733,-0.000374,0.123955,0.965777,4.499254e-05,0.001318
743,1,222.0000,14.0000,6.0000,-0.242000,0.057900,-0.490000,-0.005306,0.087750,1.212000,-0.241967,0.057896,-0.490021,-0.005306,0.087745,1.212366,3.655311e-04,0.010710
744,1,234.0000,14.0000,6.0000,-0.398200,-0.144400,-1.678000,-0.005654,0.250100,1.323000,-0.398213,-0.144436,-1.677561,-0.005654,0.250065,1.323468,4.676620e-04,0.013702
745,1,174.0000,18.0000,6.0000,0.153500,0.078040,-0.783800,-0.000490,-0.067550,0.320400,0.153464,0.078036,-0.783825,-0.000490,-0.067548,0.320375,3.616958e-05,0.001060
746,1,186.0000,18.0000,6.0000,0.099010,0.079900,-0.708300,-0.004176,-0.025110,0.482200,0.099012,0.079900,-0.708266,-0.004176,-0.025108,0.482155,4.452724e-05,0.001305
747,1,198.0000,18.0000,6.0000,0.019480,0.071110,-0.676300,-0.001116,-0.033130,0.699800,0.019479,0.071113,-0.676284,-0.001116,-0.033130,0.699798,1.575003e-05,0.000461
748,1,210.0000,18.0000,6.0000,-0.090270,0.044810,-0.731400,-0.003564,-0.044890,0.963200,-0.090274,0.044811,-0.731439,-0.003564,-0.044888,0.963203,3.868506e-05,0.001133
749,1,222.0000,18.0000,6.0000,-0.242900,0.055460,-0.499200,0.003189,-0.027750,1.209000,-0.242905,0.055455,-0.499222,0.003189,-0.027754,1.208773,2.273302e-04,0.006661
750,1,234.0000,18.0000,6.0000,-0.399500,-0.146000,-1.684000,0.006688,-0.216100,1.317000,-0.399453,-0.146004,-1.683767,0.006688,-0.216071,1.317107,2.334504e-04,0.006840
751,1,174.0000,22.0000,6.0000,0.153400,0.075120,-0.780000,-0.002342,0.207700,0.319700,0.153361,0.075119,-0.779980,-0.002342,0.207663,0.319713,3.877406e-05,0.001136
752,1,186.0000,22.0000,6.0000,0.098930,0.077030,-0.704200,-0.000066,0.159400,0.480800,0.098930,0.077035,-0.704223,-0.000066,0.159356,0.480812,4.437905e-05,0.001300
753,1,198.0000,22.0000,6.0000,0.019550,0.068310,-0.672000,-0.003824,0.156800,0.697700,0.019550,0.068307,-0.672039,-0.003824,0.156754,0.697742,4.592390e-05,0.001346
754,1,210.0000,22.0000,6.0000,-0.089830,0.042240,-0.726500,-0.001441,0.152200,0.960000,-0.089832,0.042236,-0.726505,-0.001441,0.152169,0.959979,3.105871e-05,0.000910
755,1,222.0000,22.0000,6.0000,-0.241900,0.053020,-0.494700,-0.006174,0.111100,1.204000,-0.241884,0.053020,-0.494723,-0.006174,0.111082,1.204017,2.252016e-05,0.000660
756,1,234.0000,22.0000,6.0000,-0.397900,-0.147600,-1.673000,-0.005953,0.271400,1.311000,-0.397920,-0.147632,-1.673165,-0.005953,0.271380,1.310925,1.654749e-04,0.004848
757,1,174.0000,26.0000,6.0000,0.152600,0.071350,-0.778600,-0.000893,-0.031480,0.319700,0.152648,0.071347,-0.778579,-0.000893,-0.031477,0.319673,4.825444e-05,0.001414
758,1,186.0000,26.0000,6.0000,0.097980,0.073050,-0.705100,-0.005103,0.011460,0.479200,0.097981,0.073053,-0.705131,-0.005103,0.011460,0.479228,3.101944e-05,0.000909
759,1,198.0000,26.0000,6.0000,0.018780,0.064250,-0.672200,-0.001810,0.001409,0.695500,0.018783,0.064247,-0.672186,-0.001810,0.001409,0.695471,2.927127e-05,0.000858
760,1,210.0000,26.0000,6.0000,-0.090310,0.038560,-0.726700,-0.004229,-0.012980,0.956300,-0.090312,0.038564,-0.726699,-0.004229,-0.012976,0.956275,2.490556e-05,0.000730
761,1,222.0000,26.0000,6.0000,-0.242200,0.049360,-0.497300,0.002578,0.000127,1.198000,-0.242217,0.049362,-0.497326,0.002578,0.000127,1.198448,4.479972e-04,0.013126
762,1,234.0000,26.0000,6.0000,-0.397800,-0.150100,-1.673000,0.006510,-0.191100,1.305000,-0.397818,-0.150081,-1.672596,0.006510,-0.191056,1.304507,4.926244e-04,0.014434
763,1,174.0000,30.0000,6.0000,0.155000,0.066790,-0.756100,-0.002254,0.248100,0.319400,0.154992,0.066792,-0.756128,-0.002254,0.248138,0.319375,3.824967e-05,0.001121
764,1,186.0000,30.0000,6.0000,0.098670,0.069030,-0.695000,-0.000962,0.198400,0.477300,0.098671,0.069032,-0.694991,-0.000962,0.198391,0.477305,9.468866e-06,0.000277
765,1,198.0000,30.0000,6.0000,0.019570,0.060240,-0.662400,-0.004429,0.194400,0.693000,0.019573,0.060243,-0.662386,-0.004429,0.194367,0.692964,3.627501e-05,0.001063
766,1,210.0000,30.0000,6.0000,-0.089290,0.034840,-0.715900,-0.002040,0.187600,0.952100,-0.089290,0.034840,-0.715926,-0.002040,0.187550,0.952056,4.987609e-05,0.001461
767,1,222.0000,30.0000,6.0000,-0.240300,0.045890,-0.487000,-0.006441,0.143000,1.192000,-0.240264,0.045888,-0.487014,-0.006441,0.143012,1.192393,3.927377e-04,0.011507
768,1,234.0000,30.0000,6.0000,-0.393600,-0.151700,-1.645000,-0.005726,0.297200,1.297000,-0.393617,-0.151743,-1.644559,-0.005726,0.297179,1.296563,4.413868e-04,0.012933
769,1,174.0000,34.0000,6.0000,0.154500,0.060010,-0.755800,0.000086,0.033840,0.312700,0.154526,0.060013,-0.755757,0.000086,0.033840,0.312658,4.335029e-05,0.001270
770,1,186.0000,34.0000,6.0000,0.099380,0.063520,-0.678500,-0.005266,0.060550,0.476600,0.099375,0.063522,-0.678524,-0.005266,0.060546,0.476606,2.402187e-05,0.000704
771,1,198.0000,34.0000,6.0000,0.019540,0.054330,-0.657200,-0.002572,0.051840,0.689400,0.019537,0.054331,-0.657161,-0.002572,0.051841,0.689409,3.865219e-05,0.001132
772,1,210.0000,34.0000,6.0000,-0.089050,0.029490,-0.709800,-0.004451,0.035160,0.947800,-0.089054,0.029485,-0.709764,-0.004451,0.035158,0.947792,3.648735e-05,0.001069
773,1,222.0000,34.0000,6.0000,-0.239000,0.040650,-0.475900,0.001741,0.042890,1.185000,-0.238998,0.040647,-0.475892,0.001741,0.042886,1.184584,4.161122e-04,0.012192
774,1,234.0000,34.0000,6.0000,-0.392200,-0.155900,-1.636000,0.005999,-0.140600,1.293000,-0.392168,-0.155858,-1.635584,0.005999,-0.140589,1.292538,4.621816e-04,0.013542
775,1,174.0000,38.0000,6.0000,0.130000,0.052690,-0.921900,-0.004811,0.296300,0.306500,0.129981,0.052688,-0.921925,-0.004811,0.296295,0.306474,2.588659e-05,0.000758
776,1,186.0000,38.0000,6.0000,0.088180,0.058180,-0.740800,-0.001345,0.247600,0.476100,0.088179,0.058176,-0.740823,-0.001345,0.247613,0.476055,4.537555e-05,0.001329
777,1,198.0000,38.0000,6.0000,0.010500,0.048420,-0.712100,-0.004741,0.242700,0.685000,0.010504,0.048422,-0.712064,-0.004741,0.242705,0.685033,3.593752e-05,0.001053
778,1,210.0000,38.0000,6.0000,-0.097490,0.024290,-0.760100,-0.002527,0.234400,0.943900,-0.097494,0.024286,-0.760063,-0.002527,0.234437,0.943947,4.695961e-05,0.001376
779,1,222.0000,38.0000,6.0000,-0.248500,0.035620,-0.538900,-0.006868,0.186200,1.176000,-0.248511,0.035621,-0.538873,-0.006868,0.186188,1.175750,2.501145e-04,0.007328
780,1,234.0000,38.0000,6.0000,-0.411900,-0.158900,-1.768000,-0.003358,0.333400,1.286000,-0.411876,-0.158911,-1.768270,-0.003358,0.333404,1.286197,2.699546e-04,0.007910
781,1,174.0000,42.0000,6.0000,0.166600,0.041360,-0.679300,-0.007507,-0.028730,0.339800,0.166645,0.041356,-0.679319,-0.007507,-0.028733,0.339788,4.506019e-05,0.001320
782,1,186.0000,42.0000,6.0000,0.099790,0.048650,-0.668500,-0.007020,0.091180,0.464400,0.099794,0.048650,-0.668546,-0.007020,0.091177,0.464358,4.639987e-05,0.001360
783,1,198.0000,42.0000,6.0000,0.017820,0.040130,-0.646000,-0.001446,0.059780,0.684100,0.017822,0.040126,-0.646041,-0.001446,0.059781,0.684055,4.466908e-05,0.001309
784,1,210.0000,42.0000,6.0000,-0.089880,0.016500,-0.694700,-0.006519,0.044640,0.937000,-0.089884,0.016498,-0.694666,-0.006519,0.044635,0.936974,3.358596e-05,0.000984
785,1,222.0000,42.0000,6.0000,-0.239400,0.025040,-0.498100,0.004275,0.065960,1.175000,-0.239402,0.025038,-0.498120,0.004275,0.065961,1.175152,1.517449e-04,0.004446
786,1,234.0000,42.0000,6.0000,-0.383300,-0.163800,-1.559000,0.012120,-0.214600,1.240000,-0.383307,-0.163823,-1.558926,0.012122,-0.214561,1.240391,3.911595e-04,0.011461
787,1,174.0000,46.0000,6.0000,0.211600,0.021470,-0.454500,0.000415,0.533900,0.319800,0.211567,0.021469,-0.454530,0.000415,0.533864,0.319814,3.633576e-05,0.001065
788,1,186.0000,46.0000,6.0000,0.137700,0.041310,-0.367500,0.004739,0.352900,0.462100,0.137654,0.041308,-0.367455,0.004739,0.352904,0.462100,4.607927e-05,0.001350
789,1,198.0000,46.0000,6.0000,0.055800,0.031170,-0.391300,-0.006626,0.363200,0.680700,0.055800,0.031170,-0.391297,-0.006626,0.363167,0.680706,3.252877e-05,0.000953
790,1,210.0000,46.0000,6.0000,-0.052750,0.008149,-0.435000,-0.001192,0.349500,0.929900,-0.052754,0.008149,-0.434970,-0.001192,0.349503,0.929857,4.289584e-05,0.001257
791,1,222.0000,46.0000,6.0000,-0.192000,0.015620,-0.178700,-0.009846,0.298800,1.172000,-0.191973,0.015620,-0.178744,-0.009846,0.298783,1.171645,3.554078e-04,0.010413
792,1,234.0000,46.0000,6.0000,-0.299200,-0.171100,-0.995500,-0.013680,0.532500,1.225000,-0.299220,-0.171122,-0.995494,-0.013683,0.532461,1.225288,2.878350e-04,0.008433
793,1,174.0000,54.0000,6.0000,0.118100,-0.013630,-1.078000,-0.001307,0.279800,0.280500,0.118073,-0.013635,-1.078191,-0.001307,0.279837,0.280452,1.911216e-04,0.005600
794,1,186.0000,54.0000,6.0000,0.073310,0.017930,-0.735400,-0.005130,0.304500,0.464900,0.073307,0.017934,-0.735391,-0.005130,0.304501,0.464915,1.492907e-05,0.000437
795,1,198.0000,54.0000,6.0000,0.000086,0.004001,-0.745900,-0.003351,0.292600,0.670900,0.000086,0.004001,-0.745934,-0.003351,0.292643,0.670928,4.347773e-05,0.001274
796,1,210.0000,54.0000,6.0000,-0.107200,-0.017580,-0.785600,-0.003732,0.278900,0.922400,-0.107214,-0.017581,-0.785630,-0.003732,0.278905,0.922403,3.011115e-05,0.000882
797,1,222.0000,54.0000,6.0000,-0.258100,-0.005255,-0.576700,-0.001260,0.262800,1.145000,-0.258054,-0.005255,-0.576667,-0.001260,0.262828,1.144956,4.641097e-05,0.001360
798,1,234.0000,54.0000,6.0000,-0.424800,-0.197400,-1.833000,0.000116,0.204700,1.269000,-0.424828,-0.197377,-1.832646,0.000116,0.204679,1.268519,4.813168e-04,0.014102
799,1,174.0000,66.0000,6.0000,0.148800,-0.058510,-0.737000,-0.004978,0.472800,0.304500,0.148817,-0.058509,-0.737035,-0.004978,0.472823,0.304464,3.589895e-05,0.001052
800,1,186.0000,66.0000,6.0000,0.092920,-0.038410,-0.587100,-0.003435,0.462700,0.455500,0.092923,-0.038407,-0.587101,-0.003435,0.462679,0.455527,2.668908e-05,0.000782
801,1,198.0000,66.0000,6.0000,0.014810,-0.049120,-0.589600,-0.003063,0.459400,0.664900,0.014809,-0.049118,-0.589650,-0.003063,0.459416,0.664900,4.989536e-05,0.001462
802,1,210.0000,66.0000,6.0000,-0.091430,-0.069430,-0.630600,-0.002408,0.449600,0.907200,-0.091428,-0.069429,-0.630561,-0.002408,0.449599,0.907239,3.926761e-05,0.001151
803,1,222.0000,66.0000,6.0000,-0.236100,-0.058340,-0.419400,-0.001376,0.426700,1.125000,-0.236086,-0.058338,-0.419422,-0.001376,0.426688,1.125230,2.302642e-04,0.006747
804,1,234.0000,66.0000,6.0000,-0.377300,-0.240500,-1.452000,0.003602,0.397100,1.196000,-0.377349,-0.240484,-1.452016,0.003602,0.397081,1.195986,4.887793e-05,0.001432
805,1,174.0000,78.0000,6.0000,0.134200,-0.133100,-0.748700,-0.003190,0.683600,0.291000,0.134185,-0.133095,-0.748737,-0.003190,0.683566,0.291047,4.679564e-05,0.001371
806,1,186.0000,78.0000,6.0000,0.081690,-0.117800,-0.590600,-0.003087,0.676200,0.451700,0.081692,-0.117754,-0.590585,-0.003087,0.676192,0.451721,4.634429e-05,0.001358
807,1,198.0000,78.0000,6.0000,0.005468,-0.126700,-0.583400,-0.001187,0.672700,0.661900,0.005468,-0.126713,-0.583366,-0.001187,0.672726,0.661944,4.441810e-05,0.001301
808,1,210.0000,78.0000,6.0000,-0.101800,-0.146300,-0.624300,-0.000225,0.672700,0.903300,-0.101817,-0.146257,-0.624342,-0.000225,0.672743,0.903271,4.303036e-05,0.001261
809,1,222.0000,78.0000,6.0000,-0.245900,-0.135700,-0.427200,0.001030,0.665200,1.105000,-0.245940,-0.135661,-0.427232,0.001030,0.665175,1.104924,7.634549e-05,0.002237
810,1,234.0000,78.0000,6.0000,-0.388400,-0.309300,-1.445000,0.001678,0.648100,1.160000,-0.388373,-0.309259,-1.444976,0.001678,0.648060,1.159575,4.245343e-04,0.012439
811,1,174.0000,90.0000,6.0000,0.111600,-0.242000,-0.790100,-0.003856,0.937600,0.275200,0.111579,-0.242047,-0.790139,-0.003856,0.937592,0.275193,4.662309e-05,0.001366
812,1,186.0000,90.0000,6.0000,0.060840,-0.225900,-0.632700,-0.002633,0.920000,0.440400,0.060836,-0.225902,-0.632746,-0.002633,0.920010,0.440449,4.888395e-05,0.001432
813,1,198.0000,90.0000,6.0000,-0.014440,-0.235800,-0.625300,-0.000502,0.914600,0.661400,-0.014445,-0.235828,-0.625295,-0.000502,0.914579,0.661390,2.775545e-05,0.000813
814,1,210.0000,90.0000,6.0000,-0.120800,-0.254400,-0.658900,0.002987,0.934500,0.923800,-0.120846,-0.254445,-0.658886,0.002987,0.934545,0.923803,4.632477e-05,0.001357
815,1,222.0000,90.0000,6.0000,-0.270000,-0.246300,-0.472000,0.001804,0.963900,1.119000,-0.269997,-0.246329,-0.471985,0.001804,0.963933,1.119330,3.304711e-04,0.009683
816,1,234.0000,90.0000,6.0000,-0.414900,-0.414700,-1.501000,0.003799,0.975200,1.138000,-0.414936,-0.414709,-1.501399,0.003799,0.975237,1.137966,3.985838e-04,0.011678
817,1,174.0000,102.0000,6.0000,0.123900,-0.394700,-0.579200,-0.001348,1.160000,0.256300,0.123874,-0.394674,-0.579184,-0.001348,1.160270,0.256278,2.696328e-04,0.007900
818,1,186.0000,102.0000,6.0000,0.071760,-0.371800,-0.421000,-0.001345,1.138000,0.415200,0.071764,-0.371824,-0.420982,-0.001345,1.137552,0.415157,4.479435e-04,0.013125
819,1,198.0000,102.0000,6.0000,-0.004179,-0.380800,-0.428000,0.000931,1.115000,0.652300,-0.004179,-0.380806,-0.428034,0.000931,1.114767,0.652308,2.328482e-04,0.006822
820,1,210.0000,102.0000,6.0000,-0.112900,-0.404100,-0.471900,0.001691,1.128000,0.952700,-0.112873,-0.404117,-0.471917,0.001691,1.127727,0.952660,2.726704e-04,0.007989
821,1,222.0000,102.0000,6.0000,-0.260300,-0.394400,-0.280500,0.006317,1.268000,1.260000,-0.260268,-0.394391,-0.280516,0.006317,1.267563,1.259618,4.365634e-04,0.012791
822,1,234.0000,102.0000,6.0000,-0.380500,-0.585600,-1.056000,-0.017310,1.355000,1.187000,-0.380472,-0.585601,-1.055898,-0.017314,1.354673,1.187421,4.209824e-04,0.012335
823,1,174.0000,114.0000,6.0000,-0.070210,-0.563700,-1.847000,0.000254,1.282000,0.193900,-0.070212,-0.563710,-1.847134,0.000254,1.282024,0.193907,1.337988e-04,0.003920
824,1,186.0000,114.0000,6.0000,-0.111500,-0.514700,-1.459000,0.003758,1.205000,0.382800,-0.111504,-0.514684,-1.459249,0.003758,1.204792,0.382804,2.493751e-04,0.007307
825,1,198.0000,114.0000,6.0000,-0.178800,-0.524900,-1.449000,0.001807,1.165000,0.633300,-0.178831,-0.524889,-1.449249,0.001807,1.165375,0.633311,3.747956e-04,0.010981
826,1,210.0000,114.0000,6.0000,-0.281900,-0.550500,-1.503000,0.003882,1.142000,0.963000,-0.281869,-0.550529,-1.502922,0.003882,1.142000,0.962965,7.816973e-05,0.002290
827,1,222.0000,114.0000,6.0000,-0.451700,-0.515600,-1.056000,-0.017290,1.191000,1.346000,-0.451666,-0.515618,-1.056135,-0.017287,1.190524,1.346387,4.759080e-04,0.013944
828,1,234.0000,114.0000,6.0000,-0.679100,-0.814000,-3.139000,-0.047540,1.947000,1.944000,-0.679082,-0.814036,-3.138541,-0.047541,1.946979,1.944229,4.585981e-04,0.013437
829,0,2.1000,2.0000,14.0000,-0.095160,-0.561100,-0.207200,-0.001125,0.030080,-0.058010,-0.095163,-0.561149,-0.207212,-0.001125,0.030079,-0.058013,4.855239e-05,0.001423
830,0,6.3000,2.0000,14.0000,-0.240000,-0.595400,-0.159000,0.000986,0.017650,-0.108900,-0.239983,-0.595406,-0.158982,0.000986,0.017650,-0.108938,3.800617e-05,0.001114
831,0,10.5000,2.0000,14.0000,-0.387500,-0.646500,-0.153700,-0.000016,0.012730,-0.057770,-0.387455,-0.646528,-0.153733,-0.000016,0.012733,-0.057770,4.485345e-05,0.001314
832,0,14.7000,2.0000,14.0000,-0.499300,-0.691900,-0.166200,-0.000467,0.011300,-0.060110,-0.499253,-0.691892,-0.166162,-0.000467,0.011298,-0.060114,4.746804e-05,0.001391
833,0,18.9000,2.0000,14.0000,-0.594100,-0.726200,-0.163200,-0.000666,0.010870,-0.041030,-0.594058,-0.726191,-0.163196,-0.000666,0.010865,-0.041033,4.240963e-05,0.001243
834,0,23.1000,2.0000,14.0000,-0.677100,-0.758300,-0.165500,-0.000705,0.010500,-0.046300,-0.677072,-0.758335,-0.165451,-0.000705,0.010500,-0.046300,4.896379e-05,0.001435
835,0,27.3000,2.0000,14.0000,-0.749800,-0.785800,-0.164300,-0.000826,0.010430,-0.030930,-0.749840,-0.785820,-0.164290,-0.000826,0.010430,-0.030929,3.997108e-05,0.001171
836,0,31.5000,2.0000,14.0000,-0.812100,-0.810400,-0.165200,-0.000804,0.010300,-0.035040,-0.812136,-0.810449,-0.165192,-0.000804,0.010296,-0.035036,4.886160e-05,0.001432
837,0,35.7000,2.0000,14.0000,-0.864600,-0.831200,-0.164600,-0.000931,0.010340,-0.021230,-0.864578,-0.831246,-0.164639,-0.000931,0.010341,-0.021232,4.578397e-05,0.001341
838,0,39.9000,2.0000,14.0000,-0.907400,-0.849000,-0.165100,-0.000860,0.010440,-0.024820,-0.907355,-0.849040,-0.165128,-0.000860,0.010440,-0.024820,4.506307e-05,0.001320
839,0,44.1000,2.0000,14.0000,-0.941000,-0.863500,-0.165100,-0.000968,0.010590,-0.012070,-0.941036,-0.863482,-0.165085,-0.000968,0.010590,-0.012072,3.626307e-05,0.001062
840,0,48.3000,2.0000,14.0000,-0.966600,-0.875100,-0.165200,-0.000867,0.010800,-0.016280,-0.966573,-0.875111,-0.165233,-0.000867,0.010795,-0.016275,3.310862e-05,0.000970
841,0,52.5000,2.0000,14.0000,-0.984700,-0.884100,-0.165500,-0.000938,0.010960,-0.004380,-0.984729,-0.884141,-0.165495,-0.000938,0.010955,-0.004380,4.088568e-05,0.001198
842,0,56.7000,2.0000,14.0000,-0.996500,-0.890800,-0.165400,-0.000838,0.011170,-0.009744,-0.996457,-0.890768,-0.165428,-0.000838,0.011165,-0.009744,4.284885e-05,0.001255
843,0,60.9000,2.0000,14.0000,-1.003000,-0.895600,-0.165900,-0.000916,0.011300,0.001518,-1.002716,-0.895624,-0.165866,-0.000916,0.011297,0.001518,2.839730e-04,0.008320
844,0,65.1000,2.0000,14.0000,-1.004000,-0.898500,-0.165700,-0.000770,0.011490,-0.005150,-1.004383,-0.898545,-0.165719,-0.000770,0.011491,-0.005150,3.827919e-04,0.011216
845,0,69.3000,2.0000,14.0000,-1.002000,-0.900100,-0.166200,-0.000816,0.011620,0.005741,-1.002109,-0.900122,-0.166151,-0.000816,0.011625,0.005741,1.088547e-04,0.003189
846,0,73.5000,2.0000,14.0000,-0.996800,-0.900300,-0.165900,-0.000701,0.011800,-0.002075,-0.996800,-0.900314,-0.165928,-0.000701,0.011802,-0.002075,2.834386e-05,0.000830
847,0,77.7000,2.0000,14.0000,-0.989000,-0.899800,-0.166300,-0.000751,0.011900,0.008671,-0.988990,-0.899773,-0.166335,-0.000751,0.011905,0.008671,3.529304e-05,0.001034
848,0,81.9000,2.0000,14.0000,-0.979400,-0.898300,-0.166100,-0.000598,0.012040,-0.000258,-0.979406,-0.898264,-0.166132,-0.000599,0.012044,-0.000258,3.550300e-05,0.001040
849,0,86.1000,2.0000,14.0000,-0.968200,-0.896200,-0.166400,-0.000632,0.012100,0.010490,-0.968217,-0.896205,-0.166447,-0.000632,0.012100,0.010491,4.723746e-05,0.001384
850,0,90.3000,2.0000,14.0000,-0.956200,-0.893500,-0.166200,-0.000472,0.012190,0.000743,-0.956186,-0.893486,-0.166230,-0.000472,0.012187,0.000743,2.993011e-05,0.000877
851,0,94.5000,2.0000,14.0000,-0.943300,-0.890400,-0.166500,-0.000485,0.012240,0.011550,-0.943265,-0.890443,-0.166549,-0.000485,0.012235,0.011550,4.931386e-05,0.001445
852,0,98.7000,2.0000,14.0000,-0.930000,-0.886900,-0.166400,-0.000331,0.012310,0.001148,-0.930025,-0.886931,-0.166381,-0.000331,0.012312,0.001148,3.149252e-05,0.000923
853,0,102.9000,2.0000,14.0000,-0.916600,-0.883300,-0.166700,-0.000358,0.012320,0.012120,-0.916578,-0.883334,-0.166695,-0.000358,0.012322,0.012124,3.361596e-05,0.000985
854,0,107.1000,2.0000,14.0000,-0.903100,-0.879400,-0.166500,-0.000239,0.012350,0.001230,-0.903054,-0.879382,-0.166479,-0.000239,0.012351,0.001230,4.626823e-05,0.001356
855,0,111.3000,2.0000,14.0000,-0.889600,-0.875400,-0.166700,-0.000234,0.012360,0.012420,-0.889587,-0.875406,-0.166685,-0.000234,0.012360,0.012424,1.513264e-05,0.000443
856,0,115.5000,2.0000,14.0000,-0.875900,-0.870900,-0.166400,-0.000078,0.012360,0.001173,-0.875876,-0.870944,-0.166382,-0.000078,0.012358,0.001173,4.409589e-05,0.001292
857,0,119.7000,2.0000,14.0000,-0.862300,-0.866500,-0.166600,-0.000094,0.012350,0.012720,-0.862282,-0.866529,-0.166574,-0.000094,0.012352,0.012719,2.895900e-05,0.000848
858,0,123.9000,2.0000,14.0000,-0.848400,-0.861700,-0.166400,0.000060,0.012350,0.001390,-0.848403,-0.861724,-0.166426,0.000060,0.012345,0.001390,2.554898e-05,0.000749
859,0,128.1000,2.0000,14.0000,-0.834100,-0.856600,-0.166400,0.000028,0.012280,0.013320,-0.834121,-0.856634,-0.166418,0.000028,0.012283,0.013324,3.391936e-05,0.000994
860,0,132.3000,2.0000,14.0000,-0.819600,-0.851300,-0.166400,0.000140,0.012250,0.002005,-0.819621,-0.851346,-0.166381,0.000140,0.012253,0.002005,4.610576e-05,0.001351
861,0,136.5000,2.0000,14.0000,-0.804100,-0.845500,-0.166400,0.000162,0.012220,0.014320,-0.804099,-0.845526,-0.166389,0.000162,0.012221,0.014321,2.551952e-05,0.000748
862,0,140.7000,2.0000,14.0000,-0.787700,-0.839200,-0.166300,0.000254,0.012130,0.003145,-0.787735,-0.839211,-0.166288,0.000254,0.012128,0.003145,3.541587e-05,0.001038
863,0,144.9000,2.0000,14.0000,-0.769900,-0.832300,-0.166300,0.000250,0.012030,0.015910,-0.769883,-0.832311,-0.166270,0.000250,0.012026,0.015908,2.951044e-05,0.000865
864,0,149.1000,2.0000,14.0000,-0.749900,-0.824400,-0.166000,0.000373,0.011950,0.005275,-0.749948,-0.824381,-0.165984,0.000373,0.011946,0.005275,4.844821e-05,0.001420
865,0,153.3000,2.0000,14.0000,-0.728100,-0.816000,-0.166600,0.000262,0.012040,0.018360,-0.728095,-0.815951,-0.166561,0.000262,0.012042,0.018358,4.859934e-05,0.001424
866,0,157.5000,2.0000,14.0000,-0.704200,-0.806300,-0.166000,0.000289,0.012410,0.006862,-0.704175,-0.806277,-0.165950,0.000289,0.012405,0.006862,4.964887e-05,0.001455
867,0,161.7000,2.0000,14.0000,-0.675500,-0.793800,-0.163000,-0.000146,0.013730,0.023700,-0.675496,-0.793830,-0.162997,-0.000146,0.013734,0.023702,3.023568e-05,0.000886
868,0,165.9000,2.0000,14.0000,-0.644500,-0.786000,-0.175600,-0.000338,0.019890,0.011610,-0.644466,-0.785965,-0.175628,-0.000338,0.019894,0.011611,3.543935e-05,0.001038
869,0,2.1000,6.0000,14.0000,-0.096450,-0.558900,-0.214300,0.000156,-0.025590,-0.058300,-0.096447,-0.558871,-0.214254,0.000156,-0.025593,-0.058300,4.638204e-05,0.001359
870,0,6.3000,6.0000,14.0000,-0.241100,-0.593300,-0.163400,-0.002530,-0.014000,-0.109800,-0.241076,-0.593287,-0.163421,-0.002530,-0.013997,-0.109795,2.375487e-05,0.000696
871,0,10.5000,6.0000,14.0000,-0.388100,-0.644400,-0.156700,-0.002268,-0.009796,-0.057430,-0.388106,-0.644450,-0.156688,-0.002268,-0.009796,-0.057431,4.992525e-05,0.001463
872,0,14.7000,6.0000,14.0000,-0.499800,-0.689900,-0.169100,-0.002096,-0.008302,-0.060310,-0.499751,-0.689931,-0.169069,-0.002096,-0.008302,-0.060306,4.863077e-05,0.001425
873,0,18.9000,6.0000,14.0000,-0.594500,-0.724300,-0.166100,-0.002264,-0.007775,-0.040690,-0.594511,-0.724262,-0.166084,-0.002264,-0.007775,-0.040694,3.800941e-05,0.001114
874,0,23.1000,6.0000,14.0000,-0.677500,-0.756400,-0.168100,-0.002291,-0.007457,-0.046680,-0.677530,-0.756360,-0.168123,-0.002291,-0.007457,-0.046681,3.975814e-05,0.001165
875,0,27.3000,6.0000,14.0000,-0.750100,-0.783700,-0.167000,-0.002478,-0.007238,-0.030430,-0.750140,-0.783732,-0.167035,-0.002478,-0.007238,-0.030428,3.992023e-05,0.001170
876,0,31.5000,6.0000,14.0000,-0.812400,-0.808300,-0.167800,-0.002525,-0.007080,-0.035520,-0.812431,-0.808321,-0.167832,-0.002525,-0.007080,-0.035520,3.194581e-05,0.000936
877,0,35.7000,6.0000,14.0000,-0.864800,-0.829100,-0.167400,-0.002667,-0.007062,-0.020620,-0.864836,-0.829110,-0.167418,-0.002667,-0.007062,-0.020621,3.591612e-05,0.001052
878,0,39.9000,6.0000,14.0000,-0.907600,-0.846800,-0.167800,-0.002582,-0.007119,-0.025390,-0.907557,-0.846808,-0.167791,-0.002582,-0.007119,-0.025390,4.348953e-05,0.001274
879,0,44.1000,6.0000,14.0000,-0.941300,-0.861300,-0.167900,-0.002708,-0.007149,-0.011380,-0.941283,-0.861283,-0.167947,-0.002708,-0.007149,-0.011382,4.732178e-05,0.001387
880,0,48.3000,6.0000,14.0000,-0.966700,-0.872800,-0.168100,-0.002551,-0.007270,-0.016900,-0.966742,-0.872809,-0.168081,-0.002551,-0.007270,-0.016904,4.173990e-05,0.001223
881,0,52.5000,6.0000,14.0000,-0.984900,-0.881800,-0.168400,-0.002631,-0.007352,-0.003679,-0.984867,-0.881797,-0.168403,-0.002631,-0.007352,-0.003679,3.314746e-05,0.000971
882,0,56.7000,6.0000,14.0000,-0.996700,-0.888400,-0.168400,-0.002468,-0.007520,-0.010390,-0.996650,-0.888403,-0.168374,-0.002468,-0.007520,-0.010393,4.977283e-05,0.001458
883,0,60.9000,6.0000,14.0000,-1.003000,-0.893100,-0.168800,-0.002542,-0.007624,0.002202,-1.002817,-0.893126,-0.168784,-0.002542,-0.007624,0.002202,1.829323e-04,0.005360
884,0,65.1000,6.0000,14.0000,-1.004000,-0.896000,-0.168700,-0.002304,-0.007768,-0.005796,-1.004424,-0.896015,-0.168683,-0.002304,-0.007768,-0.005796,4.242974e-04,0.012432
885,0,69.3000,6.0000,14.0000,-1.002000,-0.897700,-0.169200,-0.002299,-0.007802,0.006443,-1.002265,-0.897725,-0.169225,-0.002299,-0.007802,0.006443,2.654559e-04,0.007778
886,0,73.5000,6.0000,14.0000,-0.997000,-0.897900,-0.169000,-0.002075,-0.007894,-0.002738,-0.996954,-0.897916,-0.169037,-0.002075,-0.007894,-0.002738,4.585143e-05,0.001343
887,0,77.7000,6.0000,14.0000,-0.989100,-0.897300,-0.169400,-0.002074,-0.007974,0.009338,-0.989059,-0.897258,-0.169425,-0.002074,-0.007974,0.009338,4.170326e-05,0.001222
888,0,81.9000,6.0000,14.0000,-0.979500,-0.895700,-0.169200,-0.001810,-0.008079,-0.000862,-0.979467,-0.895715,-0.169248,-0.001810,-0.008079,-0.000862,4.791911e-05,0.001404
889,0,86.1000,6.0000,14.0000,-0.968300,-0.893700,-0.169600,-0.001751,-0.008121,0.011140,-0.968291,-0.893654,-0.169589,-0.001751,-0.008121,0.011137,4.601039e-05,0.001348
890,0,90.3000,6.0000,14.0000,-0.956200,-0.890900,-0.169500,-0.001445,-0.008190,0.000121,-0.956223,-0.890916,-0.169463,-0.001445,-0.008190,0.000121,3.719414e-05,0.001090
891,0,94.5000,6.0000,14.0000,-0.943300,-0.887800,-0.169700,-0.001354,-0.008208,0.012180,-0.943268,-0.887801,-0.169673,-0.001354,-0.008208,0.012178,3.170526e-05,0.000929
892,0,98.7000,6.0000,14.0000,-0.930000,-0.884300,-0.169500,-0.001061,-0.008222,0.000563,-0.930016,-0.884277,-0.169491,-0.001061,-0.008222,0.000563,2.262040e-05,0.000663
893,0,102.9000,6.0000,14.0000,-0.916700,-0.880800,-0.169800,-0.001000,-0.008226,0.012700,-0.916677,-0.880757,-0.169838,-0.001000,-0.008226,0.012705,4.320830e-05,0.001266
894,0,107.1000,6.0000,14.0000,-0.903100,-0.876700,-0.169600,-0.000728,-0.008256,0.000633,-0.903083,-0.876727,-0.169616,-0.000728,-0.008256,0.000633,2.737795e-05,0.000802
895,0,111.3000,6.0000,14.0000,-0.889500,-0.872700,-0.169800,-0.000624,-0.008294,0.012950,-0.889484,-0.872655,-0.169778,-0.000624,-0.008294,0.012950,4.479162e-05,0.001312
896,0,115.5000,6.0000,14.0000,-0.875900,-0.868400,-0.169600,-0.000314,-0.008302,0.000630,-0.875938,-0.868379,-0.169648,-0.000314,-0.008302,0.000630,4.803667e-05,0.001407
897,0,119.7000,6.0000,14.0000,-0.862300,-0.864000,-0.169800,-0.000218,-0.008286,0.013310,-0.862344,-0.863970,-0.169787,-0.000218,-0.008286,0.013310,4.439225e-05,0.001301
898,0,123.9000,6.0000,14.0000,-0.848500,-0.859200,-0.169700,0.000060,-0.008254,0.000880,-0.848506,-0.859177,-0.169674,0.000060,-0.008254,0.000880,2.554875e-05,0.000749
899,0,128.1000,6.0000,14.0000,-0.834300,-0.854100,-0.169700,0.000133,-0.008218,0.013810,-0.834293,-0.854121,-0.169671,0.000133,-0.008218,0.013815,2.861323e-05,0.000838
900,0,132.3000,6.0000,14.0000,-0.819600,-0.848600,-0.169500,0.000360,-0.008164,0.001538,-0.819567,-0.848639,-0.169490,0.000360,-0.008164,0.001538,3.933601e-05,0.001153
901,0,136.5000,6.0000,14.0000,-0.804200,-0.842900,-0.169500,0.000449,-0.008142,0.014770,-0.804175,-0.842919,-0.169489,0.000449,-0.008142,0.014769,2.547454e-05,0.000746
902,0,140.7000,6.0000,14.0000,-0.787800,-0.836600,-0.169400,0.000678,-0.008070,0.002678,-0.787780,-0.836633,-0.169362,0.000678,-0.008070,0.002678,3.843775e-05,0.001126
903,0,144.9000,6.0000,14.0000,-0.769700,-0.829500,-0.169100,0.000744,-0.008002,0.016380,-0.769743,-0.829502,-0.169132,0.000744,-0.008002,0.016376,4.312587e-05,0.001264
904,0,149.1000,6.0000,14.0000,-0.750000,-0.821800,-0.169000,0.000994,-0.007915,0.004821,-0.750029,-0.821797,-0.169033,0.000994,-0.007915,0.004821,3.253645e-05,0.000953
905,0,153.3000,6.0000,14.0000,-0.728200,-0.813400,-0.169500,0.001074,-0.008039,0.018770,-0.728154,-0.813427,-0.169531,0.001074,-0.008039,0.018773,4.644749e-05,0.001361
906,0,157.5000,6.0000,14.0000,-0.704100,-0.803800,-0.169000,0.001480,-0.008508,0.006407,-0.704054,-0.803751,-0.169019,0.001480,-0.008508,0.006407,4.869290e-05,0.001427
907,0,161.7000,6.0000,14.0000,-0.675800,-0.791700,-0.165900,0.002061,-0.010110,0.023960,-0.675761,-0.791728,-0.165908,0.002061,-0.010108,0.023955,3.902930e-05,0.001144
908,0,165.9000,6.0000,14.0000,-0.644500,-0.783900,-0.178100,0.002379,-0.016590,0.011240,-0.644464,-0.783903,-0.178063,0.002379,-0.016593,0.011241,3.685634e-05,0.001080
909,0,2.1000,10.0000,14.0000,-0.093870,-0.557400,-0.204800,-0.001898,0.021940,-0.056750,-0.093872,-0.557417,-0.204770,-0.001898,0.021944,-0.056754,2.987357e-05,0.000875
910,0,6.3000,10.0000,14.0000,-0.238800,-0.591800,-0.158000,-0.001279,0.012970,-0.109500,-0.238830,-0.591755,-0.157967,-0.001279,0.012975,-0.109503,4.515363e-05,0.001323
911,0,10.5000,10.0000,14.0000,-0.386200,-0.642600,-0.152300,-0.002419,0.009903,-0.057260,-0.386223,-0.642553,-0.152329,-0.002419,0.009903,-0.057259,4.668146e-05,0.001368
912,0,14.7000,10.0000,14.0000,-0.498000,-0.687900,-0.165200,-0.003109,0.008879,-0.060230,-0.497965,-0.687863,-0.165160,-0.003109,0.008879,-0.060230,4.035466e-05,0.001182
913,0,18.9000,10.0000,14.0000,-0.592700,-0.722000,-0.162300,-0.003517,0.008560,-0.040600,-0.592661,-0.721991,-0.162272,-0.003517,0.008560,-0.040595,3.931535e-05,0.001152
914,0,23.1000,10.0000,14.0000,-0.675700,-0.754000,-0.164300,-0.003771,0.008390,-0.046660,-0.675674,-0.753981,-0.164339,-0.003771,0.008390,-0.046656,3.861124e-05,0.001131
915,0,27.3000,10.0000,14.0000,-0.748300,-0.781400,-0.163400,-0.003963,0.008441,-0.030270,-0.748275,-0.781396,-0.163396,-0.003963,0.008441,-0.030269,2.528894e-05,0.000741
916,0,31.5000,10.0000,14.0000,-0.810500,-0.805800,-0.164200,-0.004220,0.008436,-0.035540,-0.810459,-0.805816,-0.164171,-0.004220,0.008436,-0.035537,4.111437e-05,0.001205
917,0,35.7000,10.0000,14.0000,-0.862700,-0.826500,-0.163800,-0.004349,0.008475,-0.020450,-0.862735,-0.826462,-0.163785,-0.004349,0.008475,-0.020453,3.847829e-05,0.001127
918,0,39.9000,10.0000,14.0000,-0.905300,-0.844000,-0.164000,-0.004398,0.008626,-0.025450,-0.905312,-0.844002,-0.164036,-0.004398,0.008626,-0.025445,3.614488e-05,0.001059
919,0,44.1000,10.0000,14.0000,-0.938900,-0.858300,-0.164100,-0.004416,0.008780,-0.011190,-0.938945,-0.858335,-0.164134,-0.004416,0.008780,-0.011191,4.469106e-05,0.001309
920,0,48.3000,10.0000,14.0000,-0.964300,-0.869800,-0.164200,-0.004397,0.009011,-0.017000,-0.964344,-0.869830,-0.164211,-0.004397,0.009011,-0.017000,4.426729e-05,0.001297
921,0,52.5000,10.0000,14.0000,-0.982400,-0.878800,-0.164500,-0.004354,0.009170,-0.003512,-0.982388,-0.878833,-0.164517,-0.004354,0.009170,-0.003512,3.297488e-05,0.000966
922,0,56.7000,10.0000,14.0000,-0.994200,-0.885500,-0.164500,-0.004263,0.009362,-0.010510,-0.994168,-0.885465,-0.164495,-0.004263,0.009362,-0.010508,3.509310e-05,0.001028
923,0,60.9000,10.0000,14.0000,-1.000000,-0.890100,-0.164900,-0.004126,0.009457,0.002356,-1.000278,-0.890140,-0.164861,-0.004126,0.009457,0.002356,2.778002e-04,0.008139
924,0,65.1000,10.0000,14.0000,-1.002000,-0.892900,-0.164700,-0.003974,0.009620,-0.005904,-1.001795,-0.892920,-0.164671,-0.003974,0.009620,-0.005904,2.048307e-04,0.006001
925,0,69.3000,10.0000,14.0000,-0.999500,-0.894500,-0.165100,-0.003801,0.009760,0.006616,-0.999522,-0.894534,-0.165067,-0.003801,0.009760,0.006616,3.412513e-05,0.001000
926,0,73.5000,10.0000,14.0000,-0.994100,-0.894700,-0.164800,-0.003588,0.009952,-0.002867,-0.994137,-0.894731,-0.164816,-0.003588,0.009952,-0.002867,3.742067e-05,0.001096
927,0,77.7000,10.0000,14.0000,-0.986300,-0.894100,-0.165300,-0.003366,0.010050,0.009477,-0.986264,-0.894139,-0.165266,-0.003366,0.010049,0.009477,3.923633e-05,0.001150
928,0,81.9000,10.0000,14.0000,-0.976600,-0.892500,-0.165100,-0.003115,0.010140,-0.000957,-0.976612,-0.892527,-0.165080,-0.003115,0.010139,-0.000957,2.657584e-05,0.000779
929,0,86.1000,10.0000,14.0000,-0.965300,-0.890300,-0.165300,-0.002813,0.010180,0.011290,-0.965342,-0.890328,-0.165300,-0.002813,0.010177,0.011290,4.229387e-05,0.001239
930,0,90.3000,10.0000,14.0000,-0.953200,-0.887500,-0.165100,-0.002506,0.010270,0.000025,-0.953201,-0.887537,-0.165136,-0.002506,0.010272,0.000025,3.669598e-05,0.001075
931,0,94.5000,10.0000,14.0000,-0.940400,-0.884500,-0.165500,-0.002212,0.010340,0.012310,-0.940362,-0.884546,-0.165456,-0.002212,0.010344,0.012307,4.641809e-05,0.001360
932,0,98.7000,10.0000,14.0000,-0.927100,-0.881100,-0.165300,-0.001925,0.010430,0.000465,-0.927133,-0.881109,-0.165314,-0.001925,0.010431,0.000465,3.319839e-05,0.000973
933,0,102.9000,10.0000,14.0000,-0.913700,-0.877500,-0.165500,-0.001573,0.010480,0.012820,-0.913674,-0.877450,-0.165503,-0.001573,0.010476,0.012818,4.992167e-05,0.001463
934,0,107.1000,10.0000,14.0000,-0.900100,-0.873400,-0.165300,-0.001251,0.010470,0.000486,-0.900091,-0.873407,-0.165299,-0.001251,0.010470,0.000486,8.848684e-06,0.000259
935,0,111.3000,10.0000,14.0000,-0.886500,-0.869400,-0.165500,-0.000927,0.010460,0.013050,-0.886477,-0.869355,-0.165506,-0.000927,0.010455,0.013046,4.487981e-05,0.001315
936,0,115.5000,10.0000,14.0000,-0.873000,-0.865000,-0.165400,-0.000634,0.010480,0.000580,-0.872957,-0.865046,-0.165398,-0.000634,0.010476,0.000580,4.601909e-05,0.001348
937,0,119.7000,10.0000,14.0000,-0.859400,-0.860600,-0.165500,-0.000309,0.010460,0.013390,-0.859385,-0.860633,-0.165509,-0.000309,0.010457,0.013392,3.300145e-05,0.000967
938,0,123.9000,10.0000,14.0000,-0.845500,-0.855800,-0.165300,-0.000003,0.010440,0.000817,-0.845513,-0.855829,-0.165342,-0.000003,0.010441,0.000817,4.179776e-05,0.001225
939,0,128.1000,10.0000,14.0000,-0.831300,-0.850800,-0.165300,0.000323,0.010470,0.013910,-0.831299,-0.850784,-0.165325,0.000323,0.010468,0.013910,2.491073e-05,0.000730
940,0,132.3000,10.0000,14.0000,-0.816700,-0.845400,-0.165300,0.000566,0.010430,0.001453,-0.816698,-0.845404,-0.165253,0.000566,0.010431,0.001453,4.694190e-05,0.001375
941,0,136.5000,10.0000,14.0000,-0.801300,-0.839600,-0.165300,0.000823,0.010380,0.014820,-0.801296,-0.839594,-0.165273,0.000823,0.010378,0.014823,2.694259e-05,0.000789
942,0,140.7000,10.0000,14.0000,-0.784800,-0.833300,-0.165100,0.001086,0.010310,0.002634,-0.784817,-0.833261,-0.165116,0.001086,0.010308,0.002634,3.943372e-05,0.001155
943,0,144.9000,10.0000,14.0000,-0.767000,-0.826300,-0.165000,0.001358,0.010250,0.016440,-0.766994,-0.826349,-0.165018,0.001358,0.010252,0.016435,4.938655e-05,0.001447
944,0,149.1000,10.0000,14.0000,-0.747200,-0.818600,-0.165000,0.001534,0.010140,0.004719,-0.747233,-0.818587,-0.164966,0.001534,0.010144,0.004719,3.428887e-05,0.001005
945,0,153.3000,10.0000,14.0000,-0.725200,-0.810000,-0.165300,0.001761,0.010190,0.018810,-0.725223,-0.810044,-0.165306,0.001761,0.010194,0.018805,4.359545e-05,0.001277
946,0,157.5000,10.0000,14.0000,-0.701300,-0.800500,-0.165000,0.001787,0.010630,0.006362,-0.701347,-0.800539,-0.165009,0.001787,0.010627,0.006362,4.712624e-05,0.001381
947,0,161.7000,10.0000,14.0000,-0.673000,-0.788400,-0.162100,0.001539,0.012310,0.023950,-0.673014,-0.788378,-0.162062,0.001539,0.012311,0.023951,3.790848e-05,0.001111
948,0,165.9000,10.0000,14.0000,-0.641900,-0.780500,-0.175000,0.001521,0.019170,0.011550,-0.641942,-0.780499,-0.175010,0.001521,0.019175,0.011555,4.156903e-05,0.001218
949,0,2.1000,14.0000,14.0000,-0.095120,-0.553300,-0.211400,-0.000483,-0.017660,-0.057500,-0.095123,-0.553290,-0.211352,-0.000483,-0.017664,-0.057497,4.780377e-05,0.001401
950,0,6.3000,14.0000,14.0000,-0.239800,-0.587900,-0.162500,-0.004041,-0.008568,-0.109100,-0.239777,-0.587874,-0.162478,-0.004041,-0.008568,-0.109141,4.071484e-05,0.001193
951,0,10.5000,14.0000,14.0000,-0.386600,-0.638500,-0.155800,-0.004288,-0.005195,-0.057430,-0.386599,-0.638500,-0.155783,-0.004288,-0.005195,-0.057428,1.662488e-05,0.000487
952,0,14.7000,14.0000,14.0000,-0.498100,-0.683700,-0.168200,-0.004570,-0.003910,-0.059930,-0.498063,-0.683671,-0.168170,-0.004570,-0.003910,-0.059928,3.693953e-05,0.001082
953,0,18.9000,14.0000,14.0000,-0.592700,-0.717700,-0.165200,-0.004923,-0.003395,-0.040720,-0.592657,-0.717706,-0.165220,-0.004923,-0.003395,-0.040716,4.333193e-05,0.001270
954,0,23.1000,14.0000,14.0000,-0.675500,-0.749500,-0.167200,-0.005271,-0.003027,-0.046330,-0.675510,-0.749454,-0.167173,-0.005271,-0.003027,-0.046329,4.575008e-05,0.001340
955,0,27.3000,14.0000,14.0000,-0.748000,-0.776700,-0.166200,-0.005508,-0.002772,-0.030370,-0.747973,-0.776724,-0.166218,-0.005508,-0.002772,-0.030374,2.664721e-05,0.000781
956,0,31.5000,14.0000,14.0000,-0.810100,-0.801100,-0.167000,-0.005826,-0.002562,-0.035240,-0.810115,-0.801117,-0.167037,-0.005826,-0.002562,-0.035243,3.700657e-05,0.001084
957,0,35.7000,14.0000,14.0000,-0.862200,-0.821500,-0.166600,-0.005952,-0.002435,-0.020540,-0.862155,-0.821488,-0.166577,-0.005952,-0.002435,-0.020536,4.491241e-05,0.001316
958,0,39.9000,14.0000,14.0000,-0.904500,-0.838800,-0.166800,-0.006081,-0.002378,-0.025170,-0.904530,-0.838790,-0.166809,-0.006081,-0.002378,-0.025165,3.041837e-05,0.000891
959,0,44.1000,14.0000,14.0000,-0.938200,-0.853200,-0.167100,-0.006079,-0.002315,-0.011280,-0.938222,-0.853188,-0.167074,-0.006079,-0.002315,-0.011278,2.576778e-05,0.000755
960,0,48.3000,14.0000,14.0000,-0.963500,-0.864600,-0.167200,-0.006088,-0.002333,-0.016740,-0.963531,-0.864581,-0.167162,-0.006088,-0.002333,-0.016739,3.826821e-05,0.001121
961,0,52.5000,14.0000,14.0000,-0.981400,-0.873400,-0.167500,-0.005977,-0.002330,-0.003644,-0.981438,-0.873404,-0.167453,-0.005977,-0.002330,-0.003644,4.747581e-05,0.001391
962,0,56.7000,14.0000,14.0000,-0.993100,-0.879900,-0.167500,-0.005899,-0.002401,-0.010260,-0.993085,-0.879875,-0.167456,-0.005899,-0.002401,-0.010264,4.436688e-05,0.001300
963,0,60.9000,14.0000,14.0000,-0.999200,-0.884500,-0.167900,-0.005695,-0.002403,0.002220,-0.999183,-0.884522,-0.167905,-0.005695,-0.002403,0.002220,2.226548e-05,0.000652
964,0,65.1000,14.0000,14.0000,-1.001000,-0.887400,-0.167800,-0.005525,-0.002463,-0.005656,-1.000756,-0.887360,-0.167846,-0.005525,-0.002463,-0.005656,2.439279e-04,0.007147
965,0,69.3000,14.0000,14.0000,-0.998300,-0.888800,-0.168200,-0.005231,-0.002462,0.006467,-0.998339,-0.888831,-0.168195,-0.005231,-0.002462,0.006467,3.867259e-05,0.001133
966,0,73.5000,14.0000,14.0000,-0.992800,-0.888900,-0.167900,-0.004975,-0.002504,-0.002616,-0.992841,-0.888901,-0.167917,-0.004975,-0.002504,-0.002616,4.090058e-05,0.001198
967,0,77.7000,14.0000,14.0000,-0.985000,-0.888300,-0.168400,-0.004624,-0.002518,0.009297,-0.984965,-0.888279,-0.168403,-0.004624,-0.002518,0.009297,3.495100e-05,0.001024
968,0,81.9000,14.0000,14.0000,-0.975300,-0.886700,-0.168300,-0.004329,-0.002573,-0.000722,-0.975308,-0.886666,-0.168322,-0.004329,-0.002573,-0.000722,3.420735e-05,0.001002
969,0,86.1000,14.0000,14.0000,-0.964000,-0.884400,-0.168600,-0.003890,-0.002558,0.011110,-0.963960,-0.884396,-0.168559,-0.003890,-0.002558,0.011114,4.139773e-05,0.001213
970,0,90.3000,14.0000,14.0000,-0.951800,-0.881600,-0.168400,-0.003521,-0.002561,0.000288,-0.951792,-0.881595,-0.168405,-0.003521,-0.002561,0.000288,8.289034e-06,0.000243
971,0,94.5000,14.0000,14.0000,-0.939000,-0.878600,-0.168800,-0.003057,-0.002559,0.012110,-0.939023,-0.878640,-0.168786,-0.003057,-0.002559,0.012112,3.950201e-05,0.001157
972,0,98.7000,14.0000,14.0000,-0.925700,-0.875000,-0.168500,-0.002659,-0.002609,0.000686,-0.925655,-0.875025,-0.168522,-0.002659,-0.002609,0.000686,4.483777e-05,0.001314
973,0,102.9000,14.0000,14.0000,-0.912200,-0.871400,-0.168800,-0.002171,-0.002655,0.012590,-0.912192,-0.871427,-0.168764,-0.002171,-0.002655,0.012594,3.557465e-05,0.001042
974,0,107.1000,14.0000,14.0000,-0.898700,-0.867500,-0.168700,-0.001753,-0.002652,0.000720,-0.898715,-0.867516,-0.168709,-0.001753,-0.002652,0.000720,1.617661e-05,0.000474
975,0,111.3000,14.0000,14.0000,-0.885100,-0.863300,-0.168800,-0.001282,-0.002583,0.012890,-0.885055,-0.863335,-0.168791,-0.001282,-0.002583,0.012887,4.473549e-05,0.001311
976,0,115.5000,14.0000,14.0000,-0.871500,-0.859000,-0.168600,-0.000918,-0.002587,0.000783,-0.871527,-0.858983,-0.168646,-0.000918,-0.002587,0.000783,4.586318e-05,0.001344
977,0,119.7000,14.0000,14.0000,-0.857900,-0.854500,-0.168800,-0.000417,-0.002622,0.013120,-0.857898,-0.854517,-0.168767,-0.000417,-0.002622,0.013123,3.337452e-05,0.000978
978,0,123.9000,14.0000,14.0000,-0.844000,-0.849700,-0.168600,-0.000013,-0.002578,0.001064,-0.844032,-0.849688,-0.168599,-0.000013,-0.002578,0.001064,3.205567e-05,0.000939
979,0,128.1000,14.0000,14.0000,-0.829900,-0.844700,-0.168600,0.000410,-0.002535,0.013700,-0.829903,-0.844709,-0.168621,0.000410,-0.002535,0.013695,2.084630e-05,0.000611
980,0,132.3000,14.0000,14.0000,-0.815300,-0.839400,-0.168500,0.000761,-0.002504,0.001659,-0.815305,-0.839358,-0.168524,0.000761,-0.002504,0.001659,4.153638e-05,0.001217
981,0,136.5000,14.0000,14.0000,-0.799900,-0.833600,-0.168500,0.001185,-0.002496,0.014590,-0.799919,-0.833558,-0.168504,0.001185,-0.002496,0.014587,4.165577e-05,0.001221
982,0,140.7000,14.0000,14.0000,-0.783400,-0.827200,-0.168400,0.001465,-0.002516,0.002824,-0.783450,-0.827212,-0.168362,0.001465,-0.002516,0.002824,4.966017e-05,0.001455
983,0,144.9000,14.0000,14.0000,-0.765700,-0.820300,-0.168300,0.001880,-0.002551,0.016170,-0.765662,-0.820310,-0.168259,0.001880,-0.002551,0.016174,4.108124e-05,0.001204
984,0,149.1000,14.0000,14.0000,-0.745900,-0.812600,-0.168100,0.002162,-0.002479,0.004930,-0.745903,-0.812551,-0.168139,0.002162,-0.002479,0.004930,4.942458e-05,0.001448
985,0,153.3000,14.0000,14.0000,-0.723900,-0.804100,-0.168500,0.002514,-0.002547,0.018580,-0.723906,-0.804083,-0.168451,0.002514,-0.002547,0.018576,4.930247e-05,0.001445
986,0,157.5000,14.0000,14.0000,-0.700100,-0.794700,-0.168200,0.002932,-0.002992,0.006612,-0.700096,-0.794725,-0.168213,0.002932,-0.002992,0.006612,2.454523e-05,0.000719
987,0,161.7000,14.0000,14.0000,-0.671500,-0.782500,-0.164800,0.003870,-0.004934,0.023460,-0.671490,-0.782478,-0.164820,0.003870,-0.004934,0.023461,2.176659e-05,0.000638
988,0,165.9000,14.0000,14.0000,-0.640500,-0.774800,-0.177200,0.004306,-0.012170,0.011690,-0.640504,-0.774846,-0.177153,0.004306,-0.012174,0.011689,4.651041e-05,0.001363
989,0,2.1000,18.0000,14.0000,-0.094330,-0.549200,-0.208200,-0.002225,0.019270,-0.057360,-0.094329,-0.549150,-0.208152,-0.002225,0.019269,-0.057361,4.965597e-05,0.001455
990,0,6.3000,18.0000,14.0000,-0.238400,-0.583500,-0.160100,-0.002897,0.011430,-0.108600,-0.238385,-0.583451,-0.160092,-0.002897,0.011430,-0.108634,4.888393e-05,0.001432
991,0,10.5000,18.0000,14.0000,-0.385100,-0.634000,-0.154300,-0.004480,0.009185,-0.057330,-0.385145,-0.633968,-0.154275,-0.004480,0.009185,-0.057326,4.539471e-05,0.001330
992,0,14.7000,18.0000,14.0000,-0.496500,-0.678800,-0.166800,-0.005410,0.008533,-0.059690,-0.496515,-0.678832,-0.166762,-0.005410,0.008533,-0.059687,3.776585e-05,0.001107
993,0,18.9000,18.0000,14.0000,-0.590900,-0.712500,-0.163800,-0.006012,0.008435,-0.040630,-0.590945,-0.712526,-0.163810,-0.006012,0.008435,-0.040633,4.515875e-05,0.001323
994,0,23.1000,18.0000,14.0000,-0.673700,-0.744100,-0.165800,-0.006498,0.008396,-0.046100,-0.673745,-0.744068,-0.165840,-0.006498,0.008396,-0.046097,4.535257e-05,0.001329
995,0,27.3000,18.0000,14.0000,-0.746000,-0.771100,-0.164900,-0.006929,0.008498,-0.030300,-0.746041,-0.771097,-0.164905,-0.006929,0.008498,-0.030305,4.111759e-05,0.001205
996,0,31.5000,18.0000,14.0000,-0.807900,-0.795200,-0.165600,-0.007293,0.008574,-0.035050,-0.807917,-0.795157,-0.165612,-0.007293,0.008574,-0.035049,4.323826e-05,0.001267
997,0,35.7000,18.0000,14.0000,-0.859800,-0.815400,-0.165100,-0.007505,0.008732,-0.020450,-0.859762,-0.815382,-0.165146,-0.007505,0.008732,-0.020453,4.578643e-05,0.001342
998,0,39.9000,18.0000,14.0000,-0.902200,-0.832700,-0.165500,-0.007712,0.008970,-0.024980,-0.902162,-0.832688,-0.165536,-0.007712,0.008970,-0.024976,3.804576e-05,0.001115
999,0,44.1000,18.0000,14.0000,-0.935600,-0.846800,-0.165700,-0.007797,0.009154,-0.011250,-0.935556,-0.846814,-0.165712,-0.007797,0.009154,-0.011248,4.396859e-05,0.001288
1000,0,48.3000,18.0000,14.0000,-0.960700,-0.858000,-0.165700,-0.007772,0.009381,-0.016590,-0.960708,-0.858043,-0.165746,-0.007772,0.009381,-0.016590,4.572081e-05,0.001340
1001,0,52.5000,18.0000,14.0000,-0.978600,-0.866800,-0.166100,-0.007668,0.009562,-0.003632,-0.978556,-0.866804,-0.166055,-0.007668,0.009562,-0.003632,4.456761e-05,0.001306
1002,0,56.7000,18.0000,14.0000,-0.990000,-0.873200,-0.166000,-0.007533,0.009787,-0.010140,-0.990045,-0.873192,-0.166021,-0.007533,0.009787,-0.010139,4.532578e-05,0.001328
1003,0,60.9000,18.0000,14.0000,-0.996100,-0.877800,-0.166500,-0.007304,0.009926,0.002234,-0.996071,-0.877761,-0.166453,-0.007304,0.009926,0.002234,4.699619e-05,0.001377
1004,0,65.1000,18.0000,14.0000,-0.997500,-0.880400,-0.166300,-0.007058,0.010110,-0.005539,-0.997489,-0.880433,-0.166326,-0.007058,0.010111,-0.005539,3.326685e-05,0.000975
1005,0,69.3000,18.0000,14.0000,-0.995000,-0.881900,-0.166700,-0.006728,0.010220,0.006460,-0.995013,-0.881868,-0.166729,-0.006728,0.010225,0.006460,3.217459e-05,0.000943
1006,0,73.5000,18.0000,14.0000,-0.989500,-0.881900,-0.166500,-0.006385,0.010380,-0.002480,-0.989477,-0.881920,-0.166496,-0.006385,0.010379,-0.002480,2.254217e-05,0.000660
1007,0,77.7000,18.0000,14.0000,-0.981600,-0.881200,-0.166900,-0.005972,0.010500,0.009289,-0.981551,-0.881249,-0.166921,-0.005972,0.010497,0.009289,4.906173e-05,0.001437
1008,0,81.9000,18.0000,14.0000,-0.971800,-0.879600,-0.166800,-0.005516,0.010640,-0.000629,-0.971753,-0.879556,-0.166780,-0.005516,0.010641,-0.000629,4.677432e-05,0.001370
1009,0,86.1000,18.0000,14.0000,-0.960400,-0.877300,-0.167100,-0.004985,0.010710,0.011060,-0.960358,-0.877301,-0.167057,-0.004985,0.010709,0.011063,4.312579e-05,0.001264
1010,0,90.3000,18.0000,14.0000,-0.948200,-0.874500,-0.166900,-0.004502,0.010790,0.000381,-0.948161,-0.874462,-0.166902,-0.004502,0.010793,0.000381,3.888601e-05,0.001139
1011,0,94.5000,18.0000,14.0000,-0.935300,-0.871300,-0.167200,-0.003940,0.010860,0.012090,-0.935255,-0.871335,-0.167169,-0.003940,0.010855,0.012085,4.463262e-05,0.001308
1012,0,98.7000,18.0000,14.0000,-0.922000,-0.867800,-0.167000,-0.003404,0.010930,0.000772,-0.921996,-0.867795,-0.166988,-0.003404,0.010925,0.000771,1.167254e-05,0.000342
1013,0,102.9000,18.0000,14.0000,-0.908400,-0.864100,-0.167200,-0.002816,0.010960,0.012540,-0.908413,-0.864093,-0.167222,-0.002816,0.010962,0.012540,2.150555e-05,0.000630
1014,0,107.1000,18.0000,14.0000,-0.894900,-0.860100,-0.167100,-0.002215,0.011000,0.000829,-0.894881,-0.860098,-0.167104,-0.002215,0.011003,0.000829,1.872771e-05,0.000549
1015,0,111.3000,18.0000,14.0000,-0.881400,-0.856100,-0.167300,-0.001655,0.011010,0.012840,-0.881408,-0.856068,-0.167258,-0.001655,0.011010,0.012843,4.208853e-05,0.001233
1016,0,115.5000,18.0000,14.0000,-0.867700,-0.851600,-0.167000,-0.001127,0.011020,0.000818,-0.867723,-0.851597,-0.167043,-0.001127,0.011025,0.000818,4.293287e-05,0.001258
1017,0,119.7000,18.0000,14.0000,-0.854000,-0.847100,-0.167100,-0.000523,0.011050,0.013060,-0.854047,-0.847064,-0.167128,-0.000523,0.011055,0.013064,4.749986e-05,0.001392
1018,0,123.9000,18.0000,14.0000,-0.840300,-0.842300,-0.167100,0.000012,0.011050,0.001147,-0.840334,-0.842336,-0.167062,0.000012,0.011046,0.001147,3.845572e-05,0.001127
1019,0,128.1000,18.0000,14.0000,-0.826300,-0.837300,-0.167100,0.000525,0.011010,0.013600,-0.826276,-0.837330,-0.167114,0.000525,0.011005,0.013597,2.991665e-05,0.000877
1020,0,132.3000,18.0000,14.0000,-0.811500,-0.831900,-0.167000,0.000997,0.010940,0.001710,-0.811541,-0.831899,-0.166983,0.000997,0.010939,0.001710,4.127903e-05,0.001209
1021,0,136.5000,18.0000,14.0000,-0.796300,-0.826300,-0.167000,0.001511,0.010890,0.014500,-0.796308,-0.826251,-0.167045,0.001511,0.010894,0.014500,4.889919e-05,0.001433
1022,0,140.7000,18.0000,14.0000,-0.779900,-0.819900,-0.166900,0.001938,0.010820,0.002829,-0.779909,-0.819870,-0.166886,0.001938,0.010817,0.002829,3.026799e-05,0.000887
1023,0,144.9000,18.0000,14.0000,-0.762000,-0.812800,-0.166700,0.002386,0.010800,0.016100,-0.761982,-0.812793,-0.166687,0.002386,0.010802,0.016100,1.796802e-05,0.000526
1024,0,149.1000,18.0000,14.0000,-0.742400,-0.805200,-0.166600,0.002746,0.010740,0.004967,-0.742378,-0.805173,-0.166642,0.002746,0.010741,0.004967,4.182294e-05,0.001225
1025,0,153.3000,18.0000,14.0000,-0.720400,-0.796700,-0.166900,0.003085,0.010780,0.018500,-0.720408,-0.796717,-0.166938,0.003085,0.010777,0.018498,3.761195e-05,0.001102
1026,0,157.5000,18.0000,14.0000,-0.696400,-0.787200,-0.166600,0.003274,0.011200,0.006714,-0.696390,-0.787157,-0.166602,0.003274,0.011197,0.006714,4.327247e-05,0.001268
1027,0,161.7000,18.0000,14.0000,-0.668100,-0.775100,-0.163500,0.003110,0.013080,0.023310,-0.668099,-0.775133,-0.163481,0.003110,0.013076,0.023306,3.342015e-05,0.000979
1028,0,165.9000,18.0000,14.0000,-0.637000,-0.767400,-0.175700,0.003270,0.020150,0.011590,-0.636961,-0.767445,-0.175696,0.003270,0.020151,0.011593,4.535169e-05,0.001329
1029,0,2.1000,22.0000,14.0000,-0.094150,-0.543900,-0.208400,-0.001291,-0.016790,-0.056940,-0.094146,-0.543890,-0.208373,-0.001291,-0.016792,-0.056944,2.730562e-05,0.000800
1030,0,6.3000,22.0000,14.0000,-0.237900,-0.578100,-0.160700,-0.005172,-0.007304,-0.108100,-0.237902,-0.578134,-0.160705,-0.005172,-0.007304,-0.108069,3.381565e-05,0.000991
1031,0,10.5000,22.0000,14.0000,-0.384100,-0.628100,-0.154700,-0.005877,-0.003745,-0.057080,-0.384148,-0.628109,-0.154686,-0.005877,-0.003745,-0.057080,4.793211e-05,0.001404
1032,0,14.7000,22.0000,14.0000,-0.495200,-0.672500,-0.167000,-0.006468,-0.002413,-0.059460,-0.495243,-0.672457,-0.166968,-0.006468,-0.002413,-0.059460,4.329641e-05,0.001269
1033,0,18.9000,22.0000,14.0000,-0.589500,-0.705800,-0.164000,-0.007138,-0.001831,-0.040440,-0.589499,-0.705832,-0.164038,-0.007138,-0.001831,-0.040441,3.763455e-05,0.001103
1034,0,23.1000,22.0000,14.0000,-0.672200,-0.737200,-0.166100,-0.007758,-0.001372,-0.045890,-0.672186,-0.737158,-0.166105,-0.007758,-0.001372,-0.045886,4.218404e-05,0.001236
1035,0,27.3000,22.0000,14.0000,-0.744200,-0.763900,-0.165100,-0.008270,-0.001062,-0.030140,-0.744218,-0.763871,-0.165125,-0.008270,-0.001062,-0.030137,2.927553e-05,0.000858
1036,0,31.5000,22.0000,14.0000,-0.805800,-0.787600,-0.165800,-0.008678,-0.000751,-0.034850,-0.805836,-0.787625,-0.165793,-0.008678,-0.000751,-0.034852,3.575595e-05,0.001048
1037,0,35.7000,22.0000,14.0000,-0.857500,-0.807700,-0.165400,-0.008999,-0.000534,-0.020290,-0.857524,-0.807676,-0.165383,-0.008999,-0.000534,-0.020293,2.433625e-05,0.000713
1038,0,39.9000,22.0000,14.0000,-0.899800,-0.824900,-0.165800,-0.009236,-0.000431,-0.024810,-0.899803,-0.824870,-0.165826,-0.009236,-0.000431,-0.024806,2.998617e-05,0.000879
1039,0,44.1000,22.0000,14.0000,-0.932900,-0.838800,-0.165900,-0.009335,-0.000322,-0.011150,-0.932910,-0.838761,-0.165918,-0.009335,-0.000321,-0.011153,3.909552e-05,0.001145
1040,0,48.3000,22.0000,14.0000,-0.957800,-0.849800,-0.165900,-0.009344,-0.000309,-0.016480,-0.957832,-0.849775,-0.165917,-0.009344,-0.000309,-0.016478,3.224566e-05,0.000945
1041,0,52.5000,22.0000,14.0000,-0.975600,-0.858500,-0.166300,-0.009240,-0.000265,-0.003543,-0.975608,-0.858452,-0.166263,-0.009240,-0.000265,-0.003543,4.771118e-05,0.001398
1042,0,56.7000,22.0000,14.0000,-0.986900,-0.864700,-0.166200,-0.009089,-0.000284,-0.010050,-0.986938,-0.864722,-0.166228,-0.009089,-0.000284,-0.010046,3.832074e-05,0.001123
1043,0,60.9000,22.0000,14.0000,-0.992800,-0.869200,-0.166700,-0.008821,-0.000240,0.002312,-0.992822,-0.869192,-0.166666,-0.008821,-0.000240,0.002312,3.401430e-05,0.000997
1044,0,65.1000,22.0000,14.0000,-0.994200,-0.871800,-0.166500,-0.008510,-0.000237,-0.005437,-0.994165,-0.871786,-0.166521,-0.008510,-0.000237,-0.005437,3.514078e-05,0.001030
1045,0,69.3000,22.0000,14.0000,-0.991500,-0.873100,-0.166900,-0.008139,-0.000198,0.006510,-0.991550,-0.873081,-0.166889,-0.008139,-0.000198,0.006510,4.971967e-05,0.001457
1046,0,73.5000,22.0000,14.0000,-0.986000,-0.873100,-0.166700,-0.007725,-0.000257,-0.002408,-0.985956,-0.873064,-0.166726,-0.007725,-0.000257,-0.002408,4.424098e-05,0.001296
1047,0,77.7000,22.0000,14.0000,-0.977900,-0.872300,-0.167200,-0.007215,-0.000274,0.009347,-0.977905,-0.872281,-0.167161,-0.007215,-0.000274,0.009347,3.934254e-05,0.001153
1048,0,81.9000,22.0000,14.0000,-0.968000,-0.870500,-0.166900,-0.006647,-0.000279,-0.000555,-0.967955,-0.870484,-0.166942,-0.006647,-0.000279,-0.000555,4.539835e-05,0.001330
1049,0,86.1000,22.0000,14.0000,-0.956500,-0.868200,-0.167200,-0.006042,-0.000208,0.011090,-0.956549,-0.868220,-0.167250,-0.006042,-0.000208,0.011089,4.998276e-05,0.001464
1050,0,90.3000,22.0000,14.0000,-0.944300,-0.865300,-0.167100,-0.005440,-0.000184,0.000425,-0.944307,-0.865336,-0.167119,-0.005440,-0.000184,0.000425,3.564794e-05,0.001044
1051,0,94.5000,22.0000,14.0000,-0.931400,-0.862200,-0.167400,-0.004796,-0.000193,0.012100,-0.931379,-0.862220,-0.167391,-0.004796,-0.000193,0.012095,2.147043e-05,0.000629
1052,0,98.7000,22.0000,14.0000,-0.918100,-0.858600,-0.167200,-0.004119,-0.000262,0.000809,-0.918086,-0.858642,-0.167243,-0.004119,-0.000262,0.000810,4.299447e-05,0.001260
1053,0,102.9000,22.0000,14.0000,-0.904400,-0.854900,-0.167400,-0.003387,-0.000267,0.012580,-0.904425,-0.854851,-0.167445,-0.003387,-0.000266,0.012577,4.903084e-05,0.001437
1054,0,107.1000,22.0000,14.0000,-0.890900,-0.850900,-0.167300,-0.002715,-0.000233,0.000851,-0.890943,-0.850869,-0.167320,-0.002715,-0.000233,0.000851,4.253614e-05,0.001246
1055,0,111.3000,22.0000,14.0000,-0.877500,-0.846800,-0.167500,-0.002000,-0.000203,0.012810,-0.877465,-0.846821,-0.167528,-0.002000,-0.000203,0.012811,3.511826e-05,0.001029
1056,0,115.5000,22.0000,14.0000,-0.863700,-0.842300,-0.167200,-0.001290,-0.000181,0.000867,-0.863690,-0.842270,-0.167238,-0.001290,-0.000181,0.000867,3.826624e-05,0.001121
1057,0,119.7000,22.0000,14.0000,-0.850100,-0.837700,-0.167300,-0.000628,-0.000171,0.013070,-0.850081,-0.837703,-0.167270,-0.000628,-0.000171,0.013067,2.991941e-05,0.000877
1058,0,123.9000,22.0000,14.0000,-0.836300,-0.832900,-0.167200,0.000013,-0.000180,0.001123,-0.836348,-0.832922,-0.167245,0.000013,-0.000180,0.001123,4.813683e-05,0.001410
1059,0,128.1000,22.0000,14.0000,-0.822300,-0.828000,-0.167400,0.000673,-0.000164,0.013580,-0.822342,-0.827964,-0.167353,0.000673,-0.000164,0.013581,4.653726e-05,0.001364
1060,0,132.3000,22.0000,14.0000,-0.807700,-0.822500,-0.167200,0.001248,-0.000137,0.001706,-0.807691,-0.822513,-0.167215,0.001248,-0.000136,0.001706,1.529426e-05,0.000448
1061,0,136.5000,22.0000,14.0000,-0.792300,-0.816700,-0.167200,0.001825,-0.000177,0.014440,-0.792307,-0.816664,-0.167157,0.001825,-0.000177,0.014443,4.264565e-05,0.001250
1062,0,140.7000,22.0000,14.0000,-0.776100,-0.810500,-0.167100,0.002371,-0.000139,0.002826,-0.776106,-0.810457,-0.167102,0.002371,-0.000139,0.002826,4.328909e-05,0.001268
1063,0,144.9000,22.0000,14.0000,-0.758300,-0.803600,-0.167000,0.002872,-0.000098,0.016060,-0.758314,-0.803562,-0.166985,0.002872,-0.000098,0.016060,3.848144e-05,0.001127
1064,0,149.1000,22.0000,14.0000,-0.738700,-0.795900,-0.167000,0.003324,-0.000083,0.004894,-0.738694,-0.795906,-0.166971,0.003324,-0.000083,0.004894,2.881213e-05,0.000844
1065,0,153.3000,22.0000,14.0000,-0.716700,-0.787400,-0.167200,0.003834,-0.000218,0.018470,-0.716726,-0.787436,-0.167233,0.003834,-0.000218,0.018469,3.611206e-05,0.001058
1066,0,157.5000,22.0000,14.0000,-0.692800,-0.778000,-0.166800,0.004426,-0.000664,0.006758,-0.692773,-0.777956,-0.166833,0.004426,-0.000664,0.006758,4.407385e-05,0.001291
1067,0,161.7000,22.0000,14.0000,-0.664500,-0.765900,-0.163700,0.005338,-0.002543,0.023300,-0.664513,-0.765941,-0.163732,0.005338,-0.002543,0.023300,4.100983e-05,0.001202
1068,0,165.9000,22.0000,14.0000,-0.633200,-0.758200,-0.176000,0.005987,-0.009590,0.011610,-0.633249,-0.758186,-0.175963,0.005987,-0.009590,0.011614,4.858801e-05,0.001424
1069,0,2.1000,26.0000,14.0000,-0.093550,-0.536700,-0.207700,-0.002364,0.021350,-0.056530,-0.093555,-0.536669,-0.207729,-0.002364,0.021347,-0.056528,3.132486e-05,0.000918
1070,0,6.3000,26.0000,14.0000,-0.236700,-0.570700,-0.160500,-0.003546,0.013390,-0.107500,-0.236670,-0.570653,-0.160498,-0.003546,0.013388,-0.107508,4.748807e-05,0.001391
1071,0,10.5000,26.0000,14.0000,-0.382400,-0.620100,-0.154400,-0.005586,0.011190,-0.056810,-0.382402,-0.620064,-0.154409,-0.005586,0.011189,-0.056808,3.610775e-05,0.001058
1072,0,14.7000,26.0000,14.0000,-0.493500,-0.664100,-0.166800,-0.006913,0.010590,-0.059190,-0.493461,-0.664132,-0.166794,-0.006913,0.010589,-0.059192,3.855180e-05,0.001130
1073,0,18.9000,26.0000,14.0000,-0.587500,-0.697200,-0.163900,-0.007876,0.010560,-0.040220,-0.587519,-0.697150,-0.163942,-0.007876,0.010565,-0.040224,4.957767e-05,0.001453
1074,0,23.1000,26.0000,14.0000,-0.669900,-0.728000,-0.166000,-0.008724,0.010580,-0.045650,-0.669880,-0.728018,-0.165961,-0.008724,0.010581,-0.045646,3.906200e-05,0.001145
1075,0,27.3000,26.0000,14.0000,-0.741600,-0.754400,-0.165000,-0.009386,0.010740,-0.029920,-0.741610,-0.754358,-0.164957,-0.009386,0.010740,-0.029918,4.310043e-05,0.001263
1076,0,31.5000,26.0000,14.0000,-0.803000,-0.777900,-0.165700,-0.009944,0.010940,-0.034610,-0.803044,-0.777899,-0.165713,-0.009944,0.010936,-0.034611,4.417396e-05,0.001294
1077,0,35.7000,26.0000,14.0000,-0.854600,-0.797800,-0.165400,-0.010390,0.011180,-0.020110,-0.854590,-0.797768,-0.165391,-0.010390,0.011177,-0.020112,3.230607e-05,0.000947
1078,0,39.9000,26.0000,14.0000,-0.896400,-0.814500,-0.165700,-0.010710,0.011450,-0.024620,-0.896433,-0.814537,-0.165655,-0.010713,0.011453,-0.024618,4.487379e-05,0.001315
1079,0,44.1000,26.0000,14.0000,-0.929300,-0.828200,-0.165700,-0.010870,0.011680,-0.011010,-0.929312,-0.828211,-0.165723,-0.010867,0.011684,-0.011013,2.349674e-05,0.000688
1080,0,48.3000,26.0000,14.0000,-0.954100,-0.839200,-0.165800,-0.010920,0.011960,-0.016330,-0.954096,-0.839155,-0.165824,-0.010915,0.011956,-0.016326,4.542683e-05,0.001331
1081,0,52.5000,26.0000,14.0000,-0.971700,-0.847700,-0.166200,-0.010820,0.012150,-0.003442,-0.971704,-0.847684,-0.166209,-0.010823,0.012149,-0.003442,1.589021e-05,0.000466
1082,0,56.7000,26.0000,14.0000,-0.982800,-0.853700,-0.166100,-0.010640,0.012420,-0.009910,-0.982817,-0.853706,-0.166085,-0.010640,0.012423,-0.009910,1.716680e-05,0.000503
1083,0,60.9000,26.0000,14.0000,-0.988500,-0.858000,-0.166500,-0.010370,0.012640,0.002388,-0.988483,-0.857980,-0.166453,-0.010375,0.012639,0.002388,4.730312e-05,0.001386
1084,0,65.1000,26.0000,14.0000,-0.989700,-0.860600,-0.166400,-0.010030,0.012870,-0.005327,-0.989728,-0.860554,-0.166381,-0.010027,0.012873,-0.005327,4.640830e-05,0.001360
1085,0,69.3000,26.0000,14.0000,-0.987100,-0.861900,-0.166800,-0.009572,0.013040,0.006589,-0.987064,-0.861863,-0.166821,-0.009572,0.013036,0.006589,3.671903e-05,0.001076
1086,0,73.5000,26.0000,14.0000,-0.981300,-0.861800,-0.166600,-0.009064,0.013240,-0.002310,-0.981340,-0.861760,-0.166643,-0.009064,0.013242,-0.002310,4.304189e-05,0.001261
1087,0,77.7000,26.0000,14.0000,-0.973100,-0.860800,-0.167000,-0.008448,0.013370,0.009400,-0.973119,-0.860821,-0.167031,-0.008448,0.013373,0.009400,3.073602e-05,0.000901
1088,0,81.9000,26.0000,14.0000,-0.963100,-0.858900,-0.166800,-0.007808,0.013510,-0.000453,-0.963053,-0.858868,-0.166764,-0.007808,0.013513,-0.000453,4.659599e-05,0.001365
1089,0,86.1000,26.0000,14.0000,-0.951600,-0.856600,-0.167100,-0.007119,0.013590,0.011130,-0.951636,-0.856600,-0.167128,-0.007119,0.013592,0.011134,3.563887e-05,0.001044
1090,0,90.3000,26.0000,14.0000,-0.939400,-0.853800,-0.167100,-0.006408,0.013720,0.000484,-0.939385,-0.853762,-0.167070,-0.006408,0.013716,0.000484,3.809666e-05,0.001116
1091,0,94.5000,26.0000,14.0000,-0.926300,-0.850500,-0.167300,-0.005625,0.013820,0.012090,-0.926304,-0.850472,-0.167296,-0.005625,0.013818,0.012085,2.753721e-05,0.000807
1092,0,98.7000,26.0000,14.0000,-0.912900,-0.846700,-0.167100,-0.004812,0.013890,0.000843,-0.912860,-0.846732,-0.167099,-0.004812,0.013889,0.000843,3.994142e-05,0.001170
1093,0,102.9000,26.0000,14.0000,-0.899300,-0.843000,-0.167300,-0.003987,0.013930,0.012620,-0.899297,-0.843002,-0.167307,-0.003987,0.013926,0.012616,7.082855e-06,0.000208
1094,0,107.1000,26.0000,14.0000,-0.885800,-0.838900,-0.167100,-0.003165,0.014000,0.000881,-0.885760,-0.838944,-0.167136,-0.003165,0.013996,0.000881,4.367080e-05,0.001280
1095,0,111.3000,26.0000,14.0000,-0.872100,-0.834700,-0.167300,-0.002305,0.014030,0.012790,-0.872107,-0.834732,-0.167286,-0.002305,0.014034,0.012788,3.170130e-05,0.000929
1096,0,115.5000,26.0000,14.0000,-0.858500,-0.830300,-0.167100,-0.001501,0.014030,0.000908,-0.858517,-0.830302,-0.167110,-0.001501,0.014026,0.000908,1.693675e-05,0.000496
1097,0,119.7000,26.0000,14.0000,-0.845100,-0.825800,-0.167300,-0.000686,0.014020,0.013050,-0.845054,-0.825844,-0.167278,-0.000686,0.014018,0.013045,4.642770e-05,0.001360
1098,0,123.9000,26.0000,14.0000,-0.831200,-0.821000,-0.167200,0.000075,0.014020,0.001112,-0.831226,-0.820964,-0.167200,0.000075,0.014019,0.001112,3.638786e-05,0.001066
1099,0,128.1000,26.0000,14.0000,-0.817200,-0.815900,-0.167200,0.000814,0.013970,0.013570,-0.817156,-0.815916,-0.167208,0.000814,0.013974,0.013566,4.363235e-05,0.001278
1100,0,132.3000,26.0000,14.0000,-0.802700,-0.810500,-0.167100,0.001552,0.013890,0.001698,-0.802685,-0.810499,-0.167123,0.001552,0.013888,0.001698,2.320814e-05,0.000680
1101,0,136.5000,26.0000,14.0000,-0.787300,-0.804600,-0.167000,0.002199,0.013870,0.014420,-0.787296,-0.804599,-0.167018,0.002199,0.013868,0.014418,1.782687e-05,0.000522
1102,0,140.7000,26.0000,14.0000,-0.771100,-0.798400,-0.166900,0.002787,0.013830,0.002849,-0.771104,-0.798408,-0.166942,0.002787,0.013826,0.002849,4.193701e-05,0.001229
1103,0,144.9000,26.0000,14.0000,-0.753500,-0.791600,-0.166900,0.003421,0.013740,0.015950,-0.753462,-0.791589,-0.166908,0.003421,0.013738,0.015946,3.837921e-05,0.001125
1104,0,149.1000,26.0000,14.0000,-0.733700,-0.783800,-0.166800,0.003940,0.013650,0.004904,-0.733742,-0.783837,-0.166782,0.003940,0.013650,0.004904,4.236376e-05,0.001241
1105,0,153.3000,26.0000,14.0000,-0.711900,-0.775400,-0.167100,0.004400,0.013720,0.018390,-0.711882,-0.775376,-0.167097,0.004400,0.013717,0.018387,2.354477e-05,0.000690
1106,0,157.5000,26.0000,14.0000,-0.688100,-0.766000,-0.166800,0.004655,0.014090,0.006731,-0.688078,-0.766035,-0.166763,0.004655,0.014089,0.006731,3.669392e-05,0.001075
1107,0,161.7000,26.0000,14.0000,-0.659700,-0.754100,-0.163500,0.004562,0.015980,0.023350,-0.659677,-0.754072,-0.163496,0.004562,0.015981,0.023352,2.786305e-05,0.000816
1108,0,165.9000,26.0000,14.0000,-0.628500,-0.746500,-0.175600,0.004807,0.023050,0.011640,-0.628494,-0.746498,-0.175562,0.004807,0.023047,0.011641,3.772756e-05,0.001105
1109,0,2.1000,30.0000,14.0000,-0.092820,-0.526900,-0.207500,-0.001110,-0.013640,-0.056280,-0.092823,-0.526884,-0.207458,-0.001110,-0.013641,-0.056275,4.191219e-05,0.001228
1110,0,6.3000,30.0000,14.0000,-0.235100,-0.560900,-0.160300,-0.005272,-0.004792,-0.107000,-0.235059,-0.560855,-0.160340,-0.005272,-0.004792,-0.106984,4.539521e-05,0.001330
1111,0,10.5000,30.0000,14.0000,-0.380500,-0.610100,-0.154500,-0.006489,-0.001447,-0.056590,-0.380498,-0.610079,-0.154473,-0.006489,-0.001447,-0.056585,2.706975e-05,0.000793
1112,0,14.7000,30.0000,14.0000,-0.491300,-0.653700,-0.166800,-0.007524,-0.000110,-0.058850,-0.491294,-0.653660,-0.166807,-0.007524,-0.000110,-0.058853,4.005924e-05,0.001174
1113,0,18.9000,30.0000,14.0000,-0.585000,-0.686200,-0.163900,-0.008578,0.000565,-0.040000,-0.585008,-0.686197,-0.163913,-0.008578,0.000565,-0.040003,1.316956e-05,0.000386
1114,0,23.1000,30.0000,14.0000,-0.667000,-0.716600,-0.165900,-0.009551,0.001112,-0.045310,-0.667023,-0.716615,-0.165900,-0.009551,0.001112,-0.045309,2.294704e-05,0.000672
1115,0,27.3000,30.0000,14.0000,-0.738500,-0.742500,-0.164900,-0.010390,0.001480,-0.029680,-0.738467,-0.742542,-0.164888,-0.010393,0.001480,-0.029675,4.151225e-05,0.001216
1116,0,31.5000,30.0000,14.0000,-0.799600,-0.765800,-0.165700,-0.011090,0.001849,-0.034310,-0.799641,-0.765771,-0.165677,-0.011087,0.001849,-0.034314,4.114153e-05,0.001205
1117,0,35.7000,30.0000,14.0000,-0.850800,-0.785300,-0.165300,-0.011670,0.002120,-0.019930,-0.850846,-0.785329,-0.165320,-0.011667,0.002120,-0.019932,4.583474e-05,0.001343
1118,0,39.9000,30.0000,14.0000,-0.892400,-0.801900,-0.165600,-0.012020,0.002282,-0.024380,-0.892412,-0.801855,-0.165583,-0.012021,0.002282,-0.024383,4.462682e-05,0.001308
1119,0,44.1000,30.0000,14.0000,-0.925000,-0.815200,-0.165700,-0.012290,0.002443,-0.010880,-0.924989,-0.815248,-0.165678,-0.012290,0.002443,-0.010877,4.765144e-05,0.001396
1120,0,48.3000,30.0000,14.0000,-0.949500,-0.825900,-0.165800,-0.012360,0.002498,-0.016120,-0.949506,-0.825909,-0.165780,-0.012357,0.002498,-0.016116,1.991507e-05,0.000584
1121,0,52.5000,30.0000,14.0000,-0.966800,-0.834200,-0.166100,-0.012290,0.002593,-0.003342,-0.966843,-0.834208,-0.166148,-0.012291,0.002593,-0.003342,4.809871e-05,0.001409
1122,0,56.7000,30.0000,14.0000,-0.977900,-0.840200,-0.166100,-0.012080,0.002625,-0.009741,-0.977855,-0.840198,-0.166097,-0.012080,0.002625,-0.009741,4.520660e-05,0.001325
1123,0,60.9000,30.0000,14.0000,-0.983400,-0.844400,-0.166500,-0.011810,0.002728,0.002470,-0.983387,-0.844411,-0.166496,-0.011809,0.002728,0.002470,1.287098e-05,0.000377
1124,0,65.1000,30.0000,14.0000,-0.984400,-0.846800,-0.166400,-0.011390,0.002755,-0.005185,-0.984367,-0.846761,-0.166359,-0.011391,0.002755,-0.005185,4.133791e-05,0.001211
1125,0,69.3000,30.0000,14.0000,-0.981600,-0.847900,-0.166800,-0.010920,0.002779,0.006660,-0.981553,-0.847937,-0.166803,-0.010924,0.002779,0.006660,4.708178e-05,0.001379
1126,0,73.5000,30.0000,14.0000,-0.975700,-0.847700,-0.166600,-0.010310,0.002763,-0.002156,-0.975672,-0.847678,-0.166582,-0.010307,0.002763,-0.002156,2.797652e-05,0.000820
1127,0,77.7000,30.0000,14.0000,-0.967300,-0.846600,-0.166900,-0.009666,0.002829,0.009439,-0.967316,-0.846627,-0.166944,-0.009666,0.002829,0.009439,4.365061e-05,0.001279
1128,0,81.9000,30.0000,14.0000,-0.957200,-0.844700,-0.166800,-0.008921,0.002855,-0.000348,-0.957200,-0.844699,-0.166772,-0.008921,0.002855,-0.000348,2.815865e-05,0.000825
1129,0,86.1000,30.0000,14.0000,-0.945700,-0.842300,-0.167100,-0.008166,0.002904,0.011150,-0.945677,-0.842318,-0.167112,-0.008166,0.002904,0.011148,2.292984e-05,0.000672
1130,0,90.3000,30.0000,14.0000,-0.933200,-0.839300,-0.166900,-0.007273,0.002901,0.000562,-0.933238,-0.839268,-0.166916,-0.007273,0.002901,0.000562,3.752363e-05,0.001099
1131,0,94.5000,30.0000,14.0000,-0.920100,-0.836000,-0.167200,-0.006388,0.002941,0.012110,-0.920101,-0.836014,-0.167194,-0.006388,0.002941,0.012107,1.350355e-05,0.000396
1132,0,98.7000,30.0000,14.0000,-0.906800,-0.832400,-0.167200,-0.005458,0.002966,0.000919,-0.906761,-0.832388,-0.167151,-0.005458,0.002966,0.000919,4.894422e-05,0.001434
1133,0,102.9000,30.0000,14.0000,-0.893100,-0.828500,-0.167300,-0.004551,0.002951,0.012590,-0.893125,-0.828505,-0.167346,-0.004551,0.002951,0.012591,4.633019e-05,0.001357
1134,0,107.1000,30.0000,14.0000,-0.879400,-0.824300,-0.167100,-0.003544,0.002954,0.000966,-0.879441,-0.824283,-0.167076,-0.003544,0.002954,0.000966,4.124124e-05,0.001208
1135,0,111.3000,30.0000,14.0000,-0.865800,-0.820100,-0.167200,-0.002606,0.003014,0.012770,-0.865807,-0.820073,-0.167208,-0.002606,0.003014,0.012767,2.660559e-05,0.000780
1136,0,115.5000,30.0000,14.0000,-0.852300,-0.815600,-0.167100,-0.001658,0.003034,0.000942,-0.852311,-0.815610,-0.167120,-0.001658,0.003034,0.000942,2.021316e-05,0.000592
1137,0,119.7000,30.0000,14.0000,-0.838800,-0.811100,-0.167300,-0.000754,0.003042,0.013010,-0.838755,-0.811068,-0.167257,-0.000754,0.003042,0.013014,4.491041e-05,0.001316
1138,0,123.9000,30.0000,14.0000,-0.825000,-0.806200,-0.167100,0.000171,0.003050,0.001143,-0.825005,-0.806239,-0.167120,0.000171,0.003050,0.001143,3.894004e-05,0.001141
1139,0,128.1000,30.0000,14.0000,-0.810900,-0.801000,-0.167100,0.000977,0.003016,0.013470,-0.810929,-0.801044,-0.167063,0.000977,0.003016,0.013468,4.433288e-05,0.001299
1140,0,132.3000,30.0000,14.0000,-0.796400,-0.795500,-0.167000,0.001834,0.003064,0.001741,-0.796393,-0.795538,-0.166956,0.001834,0.003064,0.001741,4.417932e-05,0.001294
1141,0,136.5000,30.0000,14.0000,-0.781400,-0.789900,-0.167100,0.002517,0.003089,0.014390,-0.781387,-0.789925,-0.167051,0.002517,0.003089,0.014389,4.946876e-05,0.001449
1142,0,140.7000,30.0000,14.0000,-0.765000,-0.783500,-0.166800,0.003240,0.003057,0.002864,-0.764989,-0.783512,-0.166819,0.003240,0.003057,0.002864,1.919692e-05,0.000562
1143,0,144.9000,30.0000,14.0000,-0.747300,-0.776600,-0.166700,0.003924,0.003084,0.015900,-0.747317,-0.776582,-0.166688,0.003924,0.003084,0.015898,1.843280e-05,0.000540
1144,0,149.1000,30.0000,14.0000,-0.727800,-0.769000,-0.166600,0.004583,0.003095,0.004925,-0.727775,-0.768991,-0.166582,0.004583,0.003095,0.004925,2.533419e-05,0.000742
1145,0,153.3000,30.0000,14.0000,-0.706100,-0.760600,-0.167000,0.005162,0.002889,0.018240,-0.706116,-0.760628,-0.166964,0.005162,0.002889,0.018240,3.601259e-05,0.001055
1146,0,157.5000,30.0000,14.0000,-0.682300,-0.751100,-0.166600,0.005752,0.002513,0.006826,-0.682299,-0.751126,-0.166636,0.005752,0.002513,0.006826,3.622833e-05,0.001061
1147,0,161.7000,30.0000,14.0000,-0.653700,-0.738900,-0.163400,0.006694,0.001042,0.023590,-0.653748,-0.738919,-0.163375,0.006694,0.001042,0.023586,4.755088e-05,0.001393
1148,0,165.9000,30.0000,14.0000,-0.622500,-0.731100,-0.175500,0.007379,-0.005415,0.011890,-0.622496,-0.731129,-0.175545,0.007379,-0.005415,0.011886,4.536180e-05,0.001329
1149,0,2.1000,34.0000,14.0000,-0.091890,-0.514900,-0.209200,-0.002553,0.023500,-0.055470,-0.091887,-0.514873,-0.209162,-0.002553,0.023498,-0.055474,3.773507e-05,0.001106
1150,0,6.3000,34.0000,14.0000,-0.233600,-0.549000,-0.161700,-0.003188,0.015680,-0.106400,-0.233567,-0.549036,-0.161686,-0.003188,0.015678,-0.106443,4.349957e-05,0.001275
1151,0,10.5000,34.0000,14.0000,-0.378400,-0.597600,-0.154900,-0.005662,0.013480,-0.056150,-0.378362,-0.597629,-0.154906,-0.005662,0.013480,-0.056145,3.833348e-05,0.001123
1152,0,14.7000,34.0000,14.0000,-0.488700,-0.640600,-0.167100,-0.007323,0.012870,-0.058640,-0.488661,-0.640600,-0.167092,-0.007323,0.012866,-0.058636,3.877655e-05,0.001136
1153,0,18.9000,34.0000,14.0000,-0.582000,-0.672600,-0.164300,-0.008870,0.012920,-0.039560,-0.582012,-0.672550,-0.164255,-0.008870,0.012921,-0.039558,4.982725e-05,0.001460
1154,0,23.1000,34.0000,14.0000,-0.663700,-0.702500,-0.166200,-0.010060,0.013080,-0.045060,-0.663666,-0.702495,-0.166229,-0.010062,0.013084,-0.045057,3.407649e-05,0.000998
1155,0,27.3000,34.0000,14.0000,-0.734800,-0.728100,-0.165300,-0.011250,0.013320,-0.029280,-0.734826,-0.728100,-0.165287,-0.011248,0.013324,-0.029282,2.565525e-05,0.000752
1156,0,31.5000,34.0000,14.0000,-0.795700,-0.751000,-0.166100,-0.012030,0.013570,-0.034120,-0.795660,-0.750960,-0.166097,-0.012028,0.013569,-0.034116,4.012191e-05,0.001176
1157,0,35.7000,34.0000,14.0000,-0.846500,-0.770100,-0.165700,-0.012860,0.013850,-0.019590,-0.846454,-0.770087,-0.165689,-0.012863,0.013854,-0.019594,4.560109e-05,0.001336
1158,0,39.9000,34.0000,14.0000,-0.887600,-0.786300,-0.165900,-0.013250,0.014180,-0.024260,-0.887610,-0.786275,-0.165921,-0.013246,0.014182,-0.024258,2.476774e-05,0.000726
1159,0,44.1000,34.0000,14.0000,-0.920000,-0.799500,-0.166100,-0.013660,0.014490,-0.010570,-0.919976,-0.799509,-0.166112,-0.013659,0.014491,-0.010573,2.360228e-05,0.000692
1160,0,48.3000,34.0000,14.0000,-0.944100,-0.809900,-0.166100,-0.013710,0.014840,-0.016030,-0.944142,-0.809863,-0.166140,-0.013707,0.014837,-0.016030,4.224610e-05,0.001238
1161,0,52.5000,34.0000,14.0000,-0.961200,-0.818000,-0.166500,-0.013800,0.015100,-0.003069,-0.961173,-0.817956,-0.166493,-0.013801,0.015096,-0.003069,4.424633e-05,0.001296
1162,0,56.7000,34.0000,14.0000,-0.972000,-0.823800,-0.166500,-0.013500,0.015400,-0.009702,-0.972015,-0.823801,-0.166520,-0.013496,0.015403,-0.009702,2.027477e-05,0.000594
1163,0,60.9000,34.0000,14.0000,-0.977300,-0.827800,-0.166900,-0.013300,0.015630,0.002729,-0.977285,-0.827805,-0.166902,-0.013302,0.015631,0.002729,1.490070e-05,0.000437
1164,0,65.1000,34.0000,14.0000,-0.978100,-0.830100,-0.166800,-0.012750,0.015890,-0.005155,-0.978122,-0.830059,-0.166776,-0.012752,0.015889,-0.005155,4.114871e-05,0.001206
1165,0,69.3000,34.0000,14.0000,-0.975100,-0.831000,-0.167200,-0.012330,0.016070,0.006877,-0.975066,-0.831023,-0.167183,-0.012328,0.016071,0.006877,3.440676e-05,0.001008
1166,0,73.5000,34.0000,14.0000,-0.969000,-0.830600,-0.167000,-0.011530,0.016300,-0.002160,-0.969040,-0.830634,-0.166954,-0.011528,0.016299,-0.002160,4.600211e-05,0.001348
1167,0,77.7000,34.0000,14.0000,-0.960600,-0.829600,-0.167400,-0.010910,0.016470,0.009631,-0.960584,-0.829564,-0.167380,-0.010907,0.016473,0.009631,3.569534e-05,0.001046
1168,0,81.9000,34.0000,14.0000,-0.950300,-0.827600,-0.167300,-0.009965,0.016640,-0.000409,-0.950348,-0.827561,-0.167255,-0.009965,0.016642,-0.000409,4.796314e-05,0.001405
1169,0,86.1000,34.0000,14.0000,-0.938700,-0.825100,-0.167600,-0.009217,0.016750,0.011340,-0.938733,-0.825101,-0.167601,-0.009217,0.016751,0.011339,3.305782e-05,0.000969
1170,0,90.3000,34.0000,14.0000,-0.926100,-0.822000,-0.167400,-0.008134,0.016870,0.000503,-0.926145,-0.821962,-0.167377,-0.008134,0.016874,0.000503,4.469806e-05,0.001310
1171,0,94.5000,34.0000,14.0000,-0.912900,-0.818600,-0.167600,-0.007241,0.016960,0.012320,-0.912897,-0.818592,-0.167606,-0.007241,0.016957,0.012321,7.545154e-06,0.000221
1172,0,98.7000,34.0000,14.0000,-0.899500,-0.814800,-0.167500,-0.006029,0.017070,0.000868,-0.899497,-0.814837,-0.167503,-0.006029,0.017074,0.000868,3.728168e-05,0.001092
1173,0,102.9000,34.0000,14.0000,-0.885800,-0.810900,-0.167700,-0.005094,0.017170,0.012730,-0.885823,-0.810885,-0.167739,-0.005094,0.017173,0.012726,3.854643e-05,0.001129
1174,0,107.1000,34.0000,14.0000,-0.872100,-0.806600,-0.167500,-0.003901,0.017230,0.000869,-0.872098,-0.806601,-0.167537,-0.003901,0.017227,0.000869,3.708802e-05,0.001087
1175,0,111.3000,34.0000,14.0000,-0.858500,-0.802400,-0.167700,-0.002950,0.017250,0.012920,-0.858488,-0.802366,-0.167699,-0.002950,0.017250,0.012921,3.417759e-05,0.001001
1176,0,115.5000,34.0000,14.0000,-0.845000,-0.797900,-0.167600,-0.001718,0.017290,0.000831,-0.845009,-0.797926,-0.167597,-0.001718,0.017285,0.000831,2.634189e-05,0.000772
1177,0,119.7000,34.0000,14.0000,-0.831400,-0.793300,-0.167700,-0.000801,0.017270,0.013140,-0.831388,-0.793258,-0.167650,-0.000801,0.017268,0.013139,4.976932e-05,0.001458
1178,0,123.9000,34.0000,14.0000,-0.817700,-0.788400,-0.167500,0.000324,0.017200,0.001006,-0.817739,-0.788358,-0.167546,0.000324,0.017204,0.001006,4.634133e-05,0.001358
1179,0,128.1000,34.0000,14.0000,-0.803800,-0.783300,-0.167600,0.001176,0.017200,0.013550,-0.803834,-0.783282,-0.167610,0.001176,0.017195,0.013550,3.423131e-05,0.001003
1180,0,132.3000,34.0000,14.0000,-0.789300,-0.777800,-0.167400,0.002155,0.017160,0.001606,-0.789281,-0.777790,-0.167449,0.002155,0.017157,0.001606,4.904600e-05,0.001437
1181,0,136.5000,34.0000,14.0000,-0.774300,-0.772100,-0.167500,0.002844,0.017080,0.014480,-0.774345,-0.772124,-0.167540,0.002844,0.017078,0.014484,4.514235e-05,0.001323
1182,0,140.7000,34.0000,14.0000,-0.758100,-0.765700,-0.167400,0.003803,0.017020,0.002724,-0.758051,-0.765697,-0.167367,0.003803,0.017019,0.002724,4.850171e-05,0.001421
1183,0,144.9000,34.0000,14.0000,-0.740400,-0.758800,-0.167200,0.004334,0.016980,0.016040,-0.740355,-0.758760,-0.167196,0.004334,0.016981,0.016041,4.485389e-05,0.001314
1184,0,149.1000,34.0000,14.0000,-0.720900,-0.751200,-0.167000,0.005140,0.016870,0.004737,-0.720928,-0.751234,-0.167041,0.005140,0.016868,0.004737,4.118428e-05,0.001207
1185,0,153.3000,34.0000,14.0000,-0.699300,-0.743000,-0.167100,0.005666,0.016980,0.018340,-0.699317,-0.742959,-0.167115,0.005666,0.016976,0.018337,4.110319e-05,0.001204
1186,0,157.5000,34.0000,14.0000,-0.675800,-0.733500,-0.167500,0.006300,0.017480,0.006820,-0.675825,-0.733548,-0.167460,0.006300,0.017477,0.006820,4.783667e-05,0.001402
1187,0,161.7000,34.0000,14.0000,-0.647900,-0.721200,-0.165800,0.006163,0.018750,0.023220,-0.647910,-0.721197,-0.165816,0.006163,0.018747,0.023223,1.560301e-05,0.000457
1188,0,165.9000,34.0000,14.0000,-0.617000,-0.713300,-0.179600,0.006409,0.025070,0.011770,-0.617041,-0.713344,-0.179593,0.006409,0.025073,0.011765,4.395264e-05,0.001288
1189,0,2.1000,38.0000,14.0000,-0.089790,-0.502200,-0.204300,-0.000644,-0.014630,-0.053130,-0.089793,-0.502237,-0.204298,-0.000644,-0.014632,-0.053128,3.740288e-05,0.001096
1190,0,6.3000,38.0000,14.0000,-0.231400,-0.536000,-0.160700,-0.003972,-0.004411,-0.105900,-0.231395,-0.535992,-0.160748,-0.003972,-0.004411,-0.105874,4.782182e-05,0.001401
1191,0,10.5000,38.0000,14.0000,-0.375900,-0.583300,-0.154800,-0.006212,-0.000014,-0.054960,-0.375874,-0.583261,-0.154753,-0.006212,-0.000014,-0.054956,4.740218e-05,0.001389
1192,0,14.7000,38.0000,14.0000,-0.485400,-0.625400,-0.166800,-0.007162,0.001684,-0.058740,-0.485442,-0.625402,-0.166829,-0.007162,0.001684,-0.058738,4.153028e-05,0.001217
1193,0,18.9000,38.0000,14.0000,-0.578400,-0.656700,-0.163700,-0.009267,0.002388,-0.038800,-0.578357,-0.656701,-0.163699,-0.009267,0.002388,-0.038795,4.263632e-05,0.001249
1194,0,23.1000,38.0000,14.0000,-0.659600,-0.686200,-0.165800,-0.010330,0.002948,-0.045150,-0.659617,-0.686194,-0.165772,-0.010333,0.002948,-0.045146,2.766587e-05,0.000811
1195,0,27.3000,38.0000,14.0000,-0.730300,-0.711200,-0.164800,-0.012070,0.003417,-0.028510,-0.730263,-0.711205,-0.164766,-0.012068,0.003417,-0.028512,3.708025e-05,0.001086
1196,0,31.5000,38.0000,14.0000,-0.790700,-0.733600,-0.165600,-0.012690,0.003870,-0.034230,-0.790675,-0.733623,-0.165573,-0.012686,0.003870,-0.034227,2.722035e-05,0.000798
1197,0,35.7000,38.0000,14.0000,-0.841100,-0.752400,-0.165200,-0.014000,0.004194,-0.018880,-0.841102,-0.752432,-0.165222,-0.014001,0.004194,-0.018880,3.217939e-05,0.000943
1198,0,39.9000,38.0000,14.0000,-0.881800,-0.768200,-0.165400,-0.014160,0.004407,-0.024450,-0.881802,-0.768207,-0.165401,-0.014162,0.004407,-0.024452,6.584812e-06,0.000193
1199,0,44.1000,38.0000,14.0000,-0.913800,-0.781200,-0.165600,-0.015050,0.004614,-0.009894,-0.913788,-0.781168,-0.165605,-0.015047,0.004614,-0.009894,3.194184e-05,0.000936
1200,0,48.3000,38.0000,14.0000,-0.937700,-0.791400,-0.165600,-0.014750,0.004739,-0.016260,-0.937711,-0.791370,-0.165647,-0.014753,0.004739,-0.016262,4.673577e-05,0.001369
1201,0,52.5000,38.0000,14.0000,-0.954400,-0.799100,-0.165900,-0.015290,0.004889,-0.002415,-0.954384,-0.799146,-0.165938,-0.015292,0.004889,-0.002415,4.572608e-05,0.001340
1202,0,56.7000,38.0000,14.0000,-0.964900,-0.804800,-0.165900,-0.014660,0.004934,-0.010010,-0.964917,-0.804755,-0.165933,-0.014660,0.004934,-0.010015,4.531813e-05,0.001328
1203,0,60.9000,38.0000,14.0000,-0.969900,-0.808600,-0.166300,-0.014860,0.005033,0.003360,-0.969913,-0.808642,-0.166341,-0.014857,0.005033,0.003360,4.171708e-05,0.001222
1204,0,65.1000,38.0000,14.0000,-0.970500,-0.810700,-0.166200,-0.013850,0.005029,-0.005513,-0.970523,-0.810724,-0.166188,-0.013852,0.005029,-0.005513,2.436257e-05,0.000714
1205,0,69.3000,38.0000,14.0000,-0.967400,-0.811700,-0.166700,-0.013760,0.005068,0.007495,-0.967369,-0.811673,-0.166702,-0.013758,0.005068,0.007495,3.145700e-05,0.000922
1206,0,73.5000,38.0000,14.0000,-0.961200,-0.811200,-0.166400,-0.012520,0.005091,-0.002563,-0.961165,-0.811178,-0.166415,-0.012517,0.005091,-0.002563,3.535448e-05,0.001036
1207,0,77.7000,38.0000,14.0000,-0.952500,-0.809900,-0.166800,-0.012250,0.005188,0.010230,-0.952470,-0.809945,-0.166777,-0.012248,0.005188,0.010232,4.529095e-05,0.001327
1208,0,81.9000,38.0000,14.0000,-0.942100,-0.807900,-0.166700,-0.010810,0.005235,-0.000843,-0.942118,-0.807864,-0.166687,-0.010810,0.005235,-0.000843,3.638153e-05,0.001066
1209,0,86.1000,38.0000,14.0000,-0.930400,-0.805300,-0.167100,-0.010360,0.005259,0.011920,-0.930389,-0.805332,-0.167079,-0.010356,0.005259,0.011924,3.216202e-05,0.000942
1210,0,90.3000,38.0000,14.0000,-0.917700,-0.802100,-0.166800,-0.008744,0.005238,0.000083,-0.917685,-0.802068,-0.166825,-0.008744,0.005238,0.000083,3.227314e-05,0.000946
1211,0,94.5000,38.0000,14.0000,-0.904300,-0.798500,-0.166900,-0.008166,0.005275,0.012910,-0.904252,-0.798499,-0.166945,-0.008166,0.005275,0.012911,4.845768e-05,0.001420
1212,0,98.7000,38.0000,14.0000,-0.890800,-0.794700,-0.166800,-0.006439,0.005309,0.000404,-0.890760,-0.794665,-0.166811,-0.006439,0.005309,0.000404,4.034795e-05,0.001182
1213,0,102.9000,38.0000,14.0000,-0.877100,-0.790800,-0.167100,-0.005778,0.005387,0.013310,-0.877139,-0.790817,-0.167132,-0.005778,0.005387,0.013312,3.908314e-05,0.001145
1214,0,107.1000,38.0000,14.0000,-0.863400,-0.786500,-0.167000,-0.004012,0.005424,0.000363,-0.863411,-0.786547,-0.166957,-0.004012,0.005424,0.000363,4.716001e-05,0.001382
1215,0,111.3000,38.0000,14.0000,-0.849800,-0.782200,-0.167100,-0.003366,0.005409,0.013450,-0.849764,-0.782189,-0.167119,-0.003366,0.005409,0.013455,3.622684e-05,0.001061
1216,0,115.5000,38.0000,14.0000,-0.836200,-0.777600,-0.166900,-0.001612,0.005402,0.000337,-0.836173,-0.777552,-0.166929,-0.001612,0.005402,0.000337,4.766475e-05,0.001397
1217,0,119.7000,38.0000,14.0000,-0.822700,-0.772900,-0.167000,-0.000995,0.005412,0.013650,-0.822688,-0.772895,-0.167045,-0.000995,0.005412,0.013650,4.489209e-05,0.001315
1218,0,123.9000,38.0000,14.0000,-0.809100,-0.767900,-0.166900,0.000645,0.005432,0.000496,-0.809053,-0.767904,-0.166900,0.000645,0.005432,0.000496,4.725399e-05,0.001385
1219,0,128.1000,38.0000,14.0000,-0.795200,-0.762800,-0.166900,0.001175,0.005442,0.014050,-0.795183,-0.762804,-0.166900,0.001175,0.005442,0.014052,1.665858e-05,0.000488
1220,0,132.3000,38.0000,14.0000,-0.780800,-0.757400,-0.166900,0.002674,0.005436,0.001033,-0.780842,-0.757405,-0.166873,0.002674,0.005436,0.001033,4.153770e-05,0.001217
1221,0,136.5000,38.0000,14.0000,-0.765800,-0.751500,-0.166900,0.003038,0.005439,0.014980,-0.765784,-0.751535,-0.166893,0.003038,0.005439,0.014976,3.533882e-05,0.001035
1222,0,140.7000,38.0000,14.0000,-0.749800,-0.745300,-0.166800,0.004431,0.005509,0.002212,-0.749750,-0.745315,-0.166804,0.004431,0.005509,0.002212,4.977200e-05,0.001458
1223,0,144.9000,38.0000,14.0000,-0.732200,-0.738500,-0.166700,0.004627,0.005507,0.016500,-0.732182,-0.738491,-0.166663,0.004627,0.005507,0.016500,3.689798e-05,0.001081
1224,0,149.1000,38.0000,14.0000,-0.712600,-0.730800,-0.166400,0.005891,0.005648,0.004326,-0.712639,-0.730772,-0.166388,0.005891,0.005648,0.004326,3.873435e-05,0.001135
1225,0,153.3000,38.0000,14.0000,-0.691000,-0.722600,-0.167000,0.006273,0.005690,0.018920,-0.690967,-0.722608,-0.167026,0.006273,0.005690,0.018923,3.268902e-05,0.000958
1226,0,157.5000,38.0000,14.0000,-0.668100,-0.713800,-0.167500,0.008124,0.004367,0.005458,-0.668074,-0.713775,-0.167520,0.008124,0.004367,0.005458,2.558202e-05,0.000750
1227,0,161.7000,38.0000,14.0000,-0.639900,-0.702600,-0.161800,0.007962,-0.000060,0.022380,-0.639868,-0.702604,-0.161817,0.007962,-0.000060,0.022384,3.163301e-05,0.000927
1228,0,165.9000,38.0000,14.0000,-0.607700,-0.696000,-0.171000,0.009080,-0.009737,0.010320,-0.607664,-0.696026,-0.170995,0.009080,-0.009737,0.010318,3.589445e-05,0.001052
1229,0,2.1000,42.0000,14.0000,-0.085640,-0.483600,-0.200900,-0.001452,0.035880,-0.051720,-0.085641,-0.483597,-0.200886,-0.001452,0.035884,-0.051725,1.385858e-05,0.000406
1230,0,6.3000,42.0000,14.0000,-0.227100,-0.516900,-0.155500,0.000884,0.022750,-0.109400,-0.227142,-0.516930,-0.155472,0.000884,0.022749,-0.109412,4.217357e-05,0.001236
1231,0,10.5000,42.0000,14.0000,-0.371800,-0.564000,-0.150600,-0.004842,0.017870,-0.051600,-0.371789,-0.563984,-0.150633,-0.004842,0.017871,-0.051604,3.323285e-05,0.000974
1232,0,14.7000,42.0000,14.0000,-0.480300,-0.605900,-0.164600,-0.005919,0.017810,-0.060080,-0.480316,-0.605869,-0.164647,-0.005919,0.017806,-0.060077,4.674005e-05,0.001369
1233,0,18.9000,42.0000,14.0000,-0.572800,-0.636300,-0.160900,-0.009456,0.018050,-0.036730,-0.572768,-0.636311,-0.160862,-0.009456,0.018048,-0.036729,3.811817e-05,0.001117
1234,0,23.1000,42.0000,14.0000,-0.653600,-0.665300,-0.163200,-0.009901,0.018170,-0.046580,-0.653590,-0.665295,-0.163172,-0.009901,0.018170,-0.046577,2.838778e-05,0.000832
1235,0,27.3000,42.0000,14.0000,-0.723700,-0.689800,-0.162100,-0.012920,0.018480,-0.026340,-0.723660,-0.689821,-0.162141,-0.012921,0.018477,-0.026338,4.127848e-05,0.001209
1236,0,31.5000,42.0000,14.0000,-0.783700,-0.711900,-0.163000,-0.012800,0.018750,-0.035690,-0.783740,-0.711877,-0.163042,-0.012801,0.018749,-0.035689,4.156230e-05,0.001218
1237,0,35.7000,42.0000,14.0000,-0.833600,-0.730200,-0.162700,-0.015340,0.019090,-0.016730,-0.833638,-0.730243,-0.162692,-0.015336,0.019091,-0.016729,4.300125e-05,0.001260
1238,0,39.9000,42.0000,14.0000,-0.874000,-0.745700,-0.162900,-0.014680,0.019500,-0.026020,-0.873979,-0.745724,-0.162870,-0.014680,0.019496,-0.026021,3.024082e-05,0.000886
1239,0,44.1000,42.0000,14.0000,-0.905400,-0.758300,-0.163100,-0.016720,0.019870,-0.007767,-0.905428,-0.758296,-0.163063,-0.016720,0.019867,-0.007767,3.708828e-05,0.001087
1240,0,48.3000,42.0000,14.0000,-0.928900,-0.768100,-0.162900,-0.015510,0.020290,-0.017900,-0.928927,-0.768108,-0.162943,-0.015513,0.020289,-0.017900,4.342536e-05,0.001272
1241,0,52.5000,42.0000,14.0000,-0.945300,-0.775800,-0.163300,-0.017130,0.020660,-0.000244,-0.945341,-0.775820,-0.163344,-0.017126,0.020661,-0.000244,4.393068e-05,0.001287
1242,0,56.7000,42.0000,14.0000,-0.955500,-0.781100,-0.163200,-0.015450,0.021060,-0.011760,-0.955491,-0.781125,-0.163163,-0.015452,0.021060,-0.011761,3.687990e-05,0.001081
1243,0,60.9000,42.0000,14.0000,-0.960100,-0.784700,-0.163600,-0.016730,0.021340,0.005510,-0.960093,-0.784723,-0.163564,-0.016727,0.021343,0.005510,3.629608e-05,0.001063
1244,0,65.1000,42.0000,14.0000,-0.960400,-0.786600,-0.163300,-0.014650,0.021640,-0.007369,-0.960444,-0.786619,-0.163344,-0.014653,0.021641,-0.007369,4.437471e-05,0.001300
1245,0,69.3000,42.0000,14.0000,-0.957000,-0.787400,-0.163900,-0.015610,0.021910,0.009680,-0.957046,-0.787448,-0.163883,-0.015612,0.021912,0.009680,4.803413e-05,0.001407
1246,0,73.5000,42.0000,14.0000,-0.950700,-0.786900,-0.163500,-0.013180,0.022200,-0.004497,-0.950692,-0.786859,-0.163548,-0.013184,0.022204,-0.004497,4.772365e-05,0.001398
1247,0,77.7000,42.0000,14.0000,-0.941800,-0.785600,-0.163900,-0.013940,0.022410,0.012410,-0.941791,-0.785553,-0.163924,-0.013937,0.022405,0.012409,4.723131e-05,0.001384
1248,0,81.9000,42.0000,14.0000,-0.931200,-0.783200,-0.163700,-0.011260,0.022620,-0.002802,-0.931162,-0.783220,-0.163665,-0.011264,0.022617,-0.002802,3.754686e-05,0.001100
1249,0,86.1000,42.0000,14.0000,-0.919300,-0.780600,-0.164100,-0.011850,0.022790,0.014120,-0.919285,-0.780552,-0.164078,-0.011853,0.022787,0.014116,4.840633e-05,0.001418
1250,0,90.3000,42.0000,14.0000,-0.906500,-0.777200,-0.163800,-0.009004,0.022930,-0.001924,-0.906481,-0.777202,-0.163822,-0.009004,0.022926,-0.001924,2.216149e-05,0.000649
1251,0,94.5000,42.0000,14.0000,-0.893000,-0.773600,-0.164000,-0.009419,0.023020,0.015100,-0.892991,-0.773616,-0.164001,-0.009419,0.023016,0.015104,1.563918e-05,0.000458
1252,0,98.7000,42.0000,14.0000,-0.879500,-0.769800,-0.163900,-0.006449,0.023140,-0.001660,-0.879503,-0.769784,-0.163939,-0.006449,0.023142,-0.001660,3.892369e-05,0.001140
1253,0,102.9000,42.0000,14.0000,-0.865600,-0.765700,-0.164100,-0.006809,0.023250,0.015500,-0.865632,-0.765710,-0.164126,-0.006809,0.023251,0.015501,3.163762e-05,0.000927
1254,0,107.1000,42.0000,14.0000,-0.851800,-0.761300,-0.163900,-0.003744,0.023330,-0.001705,-0.851828,-0.761268,-0.163869,-0.003744,0.023327,-0.001705,3.244460e-05,0.000951
1255,0,111.3000,42.0000,14.0000,-0.838300,-0.756900,-0.164100,-0.004127,0.023360,0.015590,-0.838319,-0.756930,-0.164120,-0.004127,0.023357,0.015588,3.031769e-05,0.000888
1256,0,115.5000,42.0000,14.0000,-0.824700,-0.752200,-0.163900,-0.001131,0.023380,-0.001777,-0.824652,-0.752216,-0.163905,-0.001131,0.023383,-0.001777,4.765799e-05,0.001396
1257,0,119.7000,42.0000,14.0000,-0.811200,-0.747500,-0.164000,-0.001522,0.023370,0.015730,-0.811224,-0.747547,-0.164034,-0.001522,0.023373,0.015725,4.702924e-05,0.001378
1258,0,123.9000,42.0000,14.0000,-0.797700,-0.742600,-0.164000,0.001400,0.023340,-0.001594,-0.797716,-0.742642,-0.163951,0.001400,0.023336,-0.001594,4.883881e-05,0.001431
1259,0,128.1000,42.0000,14.0000,-0.783800,-0.737400,-0.163800,0.000881,0.023310,0.016140,-0.783847,-0.737375,-0.163820,0.000881,0.023314,0.016136,4.687009e-05,0.001373
1260,0,132.3000,42.0000,14.0000,-0.769600,-0.731900,-0.163800,0.003626,0.023280,-0.001071,-0.769584,-0.731887,-0.163828,0.003626,0.023278,-0.001071,2.768892e-05,0.000811
1261,0,136.5000,42.0000,14.0000,-0.754700,-0.726200,-0.163900,0.002955,0.023230,0.017020,-0.754726,-0.726176,-0.163938,0.002955,0.023227,0.017015,3.844313e-05,0.001126
1262,0,140.7000,42.0000,14.0000,-0.738700,-0.719800,-0.163800,0.005491,0.023110,0.000102,-0.738685,-0.719828,-0.163797,0.005491,0.023115,0.000102,2.756387e-05,0.000808
1263,0,144.9000,42.0000,14.0000,-0.721200,-0.712700,-0.163500,0.004647,0.023110,0.018580,-0.721203,-0.712747,-0.163539,0.004647,0.023105,0.018582,4.722552e-05,0.001384
1264,0,149.1000,42.0000,14.0000,-0.701500,-0.705000,-0.163400,0.006986,0.023300,0.002661,-0.701540,-0.705026,-0.163356,0.006986,0.023299,0.002661,4.365730e-05,0.001279
1265,0,153.3000,42.0000,14.0000,-0.679800,-0.697400,-0.165500,0.006326,0.022930,0.020580,-0.679841,-0.697424,-0.165490,0.006326,0.022928,0.020576,4.077658e-05,0.001195
1266,0,157.5000,42.0000,14.0000,-0.658100,-0.688200,-0.162400,0.008260,0.021940,0.000865,-0.658139,-0.688181,-0.162366,0.008260,0.021940,0.000865,3.934921e-05,0.001153
1267,0,161.7000,42.0000,14.0000,-0.629900,-0.676800,-0.157000,0.004105,0.028770,0.029220,-0.629919,-0.676827,-0.156978,0.004105,0.028769,0.029223,2.650325e-05,0.000777
1268,0,165.9000,42.0000,14.0000,-0.597400,-0.671900,-0.173600,0.007285,0.044100,0.008961,-0.597375,-0.671851,-0.173558,0.007285,0.044099,0.008961,4.877480e-05,0.001429
1269,0,2.1000,46.0000,14.0000,-0.090100,-0.462700,-0.228900,-0.000811,-0.007050,-0.044440,-0.090105,-0.462747,-0.228923,-0.000811,-0.007050,-0.044445,4.707022e-05,0.001379
1270,0,6.3000,46.0000,14.0000,-0.230400,-0.495100,-0.173400,-0.000187,0.003568,-0.121200,-0.230373,-0.495116,-0.173377,-0.000187,0.003568,-0.121185,2.683028e-05,0.000786
1271,0,10.5000,46.0000,14.0000,-0.373000,-0.541300,-0.160800,-0.004527,0.004620,-0.042910,-0.373014,-0.541315,-0.160823,-0.004527,0.004620,-0.042913,2.269405e-05,0.000665
1272,0,14.7000,46.0000,14.0000,-0.479900,-0.583600,-0.177300,-0.005159,0.006230,-0.066280,-0.479854,-0.583569,-0.177327,-0.005159,0.006230,-0.066283,4.611127e-05,0.001351
1273,0,18.9000,46.0000,14.0000,-0.571700,-0.613300,-0.172000,-0.009239,0.006841,-0.029780,-0.571706,-0.613320,-0.172011,-0.009239,0.006841,-0.029782,1.959044e-05,0.000574
1274,0,23.1000,46.0000,14.0000,-0.652000,-0.642100,-0.174600,-0.009666,0.007406,-0.052770,-0.652047,-0.642068,-0.174580,-0.009666,0.007406,-0.052773,4.656536e-05,0.001364
1275,0,27.3000,46.0000,14.0000,-0.721500,-0.666000,-0.173500,-0.013280,0.007865,-0.019350,-0.721526,-0.666041,-0.173477,-0.013276,0.007865,-0.019350,4.097997e-05,0.001201
1276,0,31.5000,46.0000,14.0000,-0.781000,-0.687600,-0.174200,-0.013120,0.008354,-0.041900,-0.780975,-0.687556,-0.174229,-0.013120,0.008354,-0.041899,4.370591e-05,0.001281
1277,0,35.7000,46.0000,14.0000,-0.830400,-0.705500,-0.174100,-0.016090,0.008759,-0.009707,-0.830381,-0.705530,-0.174081,-0.016093,0.008759,-0.009707,3.035058e-05,0.000889
1278,0,39.9000,46.0000,14.0000,-0.870300,-0.720600,-0.174200,-0.015320,0.008964,-0.032400,-0.870327,-0.720554,-0.174204,-0.015324,0.008964,-0.032400,4.612473e-05,0.001351
1279,0,44.1000,46.0000,14.0000,-0.901300,-0.732900,-0.174800,-0.017800,0.009299,-0.000591,-0.901334,-0.732902,-0.174800,-0.017804,0.009299,-0.000591,3.417151e-05,0.001001
1280,0,48.3000,46.0000,14.0000,-0.924500,-0.742400,-0.174600,-0.016400,0.009422,-0.024550,-0.924537,-0.742411,-0.174647,-0.016400,0.009422,-0.024554,4.684891e-05,0.001373
1281,0,52.5000,46.0000,14.0000,-0.940500,-0.749800,-0.175500,-0.018420,0.009713,0.007090,-0.940461,-0.749768,-0.175451,-0.018425,0.009713,0.007090,4.908682e-05,0.001438
1282,0,56.7000,46.0000,14.0000,-0.950300,-0.754800,-0.175100,-0.016470,0.009788,-0.018650,-0.950333,-0.754777,-0.175145,-0.016466,0.009788,-0.018653,4.458694e-05,0.001306
1283,0,60.9000,46.0000,14.0000,-0.954700,-0.758300,-0.176000,-0.018080,0.010030,0.012980,-0.954730,-0.758313,-0.176011,-0.018081,0.010027,0.012985,3.035099e-05,0.000889
1284,0,65.1000,46.0000,14.0000,-0.954800,-0.759900,-0.175700,-0.015670,0.010080,-0.014520,-0.954828,-0.759926,-0.175702,-0.015674,0.010076,-0.014525,2.840477e-05,0.000832
1285,0,69.3000,46.0000,14.0000,-0.951000,-0.760600,-0.176400,-0.016940,0.010250,0.017300,-0.951043,-0.760552,-0.176425,-0.016943,0.010255,0.017298,4.806466e-05,0.001408
1286,0,73.5000,46.0000,14.0000,-0.944600,-0.759900,-0.176200,-0.014130,0.010270,-0.011840,-0.944625,-0.759896,-0.176175,-0.014129,0.010266,-0.011839,2.492206e-05,0.000730
1287,0,77.7000,46.0000,14.0000,-0.935600,-0.758500,-0.176900,-0.015120,0.010400,0.020110,-0.935597,-0.758498,-0.176898,-0.015121,0.010400,0.020105,4.855982e-06,0.000142
1288,0,81.9000,46.0000,14.0000,-0.924700,-0.755900,-0.176500,-0.012030,0.010460,-0.010260,-0.924735,-0.755934,-0.176468,-0.012034,0.010457,-0.010262,3.521699e-05,0.001032
1289,0,86.1000,46.0000,14.0000,-0.912800,-0.753300,-0.177100,-0.012890,0.010560,0.021910,-0.912768,-0.753279,-0.177084,-0.012893,0.010558,0.021911,3.204429e-05,0.000939
1290,0,90.3000,46.0000,14.0000,-0.899900,-0.749800,-0.176900,-0.009560,0.010560,-0.009497,-0.899883,-0.749824,-0.176872,-0.009560,0.010564,-0.009497,2.757151e-05,0.000808
1291,0,94.5000,46.0000,14.0000,-0.886300,-0.746000,-0.177200,-0.010220,0.010650,0.022890,-0.886261,-0.746035,-0.177175,-0.010222,0.010645,0.022891,3.948684e-05,0.001157
1292,0,98.7000,46.0000,14.0000,-0.872700,-0.742000,-0.177100,-0.006807,0.010660,-0.009323,-0.872675,-0.742024,-0.177080,-0.006807,0.010659,-0.009323,2.478555e-05,0.000726
1293,0,102.9000,46.0000,14.0000,-0.858700,-0.737800,-0.177300,-0.007348,0.010690,0.023270,-0.858674,-0.737806,-0.177277,-0.007348,0.010692,0.023267,2.606097e-05,0.000764
1294,0,107.1000,46.0000,14.0000,-0.844900,-0.733300,-0.177100,-0.003822,0.010750,-0.009392,-0.844853,-0.733293,-0.177139,-0.003822,0.010747,-0.009392,4.740662e-05,0.001389
1295,0,111.3000,46.0000,14.0000,-0.831500,-0.729100,-0.177500,-0.004456,0.010770,0.023370,-0.831499,-0.729059,-0.177477,-0.004456,0.010770,0.023369,4.104771e-05,0.001203
1296,0,115.5000,46.0000,14.0000,-0.817900,-0.724400,-0.177300,-0.000943,0.010760,-0.009477,-0.817859,-0.724416,-0.177252,-0.000943,0.010763,-0.009477,4.814720e-05,0.001411
1297,0,119.7000,46.0000,14.0000,-0.804400,-0.719600,-0.177200,-0.001569,0.010810,0.023410,-0.804377,-0.719560,-0.177200,-0.001569,0.010808,0.023412,3.964479e-05,0.001162
1298,0,123.9000,46.0000,14.0000,-0.790900,-0.714600,-0.177200,0.001734,0.010830,-0.009308,-0.790903,-0.714566,-0.177164,0.001734,0.010829,-0.009308,3.648570e-05,0.001069
1299,0,128.1000,46.0000,14.0000,-0.777300,-0.709500,-0.177100,0.001002,0.010710,0.023710,-0.777266,-0.709500,-0.177144,0.001002,0.010714,0.023714,4.393655e-05,0.001287
1300,0,132.3000,46.0000,14.0000,-0.763000,-0.704000,-0.177200,0.004216,0.010730,-0.008668,-0.763049,-0.704027,-0.177184,0.004216,0.010733,-0.008668,4.938206e-05,0.001447
1301,0,136.5000,46.0000,14.0000,-0.748200,-0.698000,-0.177000,0.003302,0.010720,0.024520,-0.748228,-0.698031,-0.177013,0.003302,0.010715,0.024523,3.135747e-05,0.000919
1302,0,140.7000,46.0000,14.0000,-0.732300,-0.691600,-0.177000,0.006236,0.010700,-0.007496,-0.732303,-0.691646,-0.177014,0.006236,0.010695,-0.007496,4.563337e-05,0.001337
1303,0,144.9000,46.0000,14.0000,-0.715100,-0.684600,-0.176600,0.005118,0.010670,0.026110,-0.715076,-0.684616,-0.176610,0.005118,0.010667,0.026110,2.449246e-05,0.000718
1304,0,149.1000,46.0000,14.0000,-0.695100,-0.676500,-0.176400,0.007762,0.010920,-0.004302,-0.695088,-0.676522,-0.176432,0.007762,0.010919,-0.004302,3.219626e-05,0.000943
1305,0,153.3000,46.0000,14.0000,-0.673300,-0.669200,-0.180000,0.006721,0.010740,0.027480,-0.673305,-0.669187,-0.179986,0.006721,0.010736,0.027477,1.378360e-05,0.000404
1306,0,157.5000,46.0000,14.0000,-0.653100,-0.659000,-0.172900,0.009526,0.009281,-0.009268,-0.653062,-0.659036,-0.172901,0.009526,0.009281,-0.009268,3.803662e-05,0.001114
1307,0,161.7000,46.0000,14.0000,-0.626600,-0.647200,-0.174500,0.007496,0.007880,0.044320,-0.626574,-0.647157,-0.174495,0.007496,0.007880,0.044316,4.274795e-05,0.001253
1308,0,165.9000,46.0000,14.0000,-0.596900,-0.644800,-0.212200,0.011120,-0.001628,-0.000515,-0.596930,-0.644799,-0.212235,0.011123,-0.001628,-0.000515,3.513632e-05,0.001029
1309,0,2.1000,54.0000,14.0000,-0.075640,-0.397900,-0.203000,0.001718,0.024240,-0.031680,-0.075640,-0.397916,-0.203049,0.001718,0.024240,-0.031683,4.928579e-05,0.001444
1310,0,6.3000,54.0000,14.0000,-0.215300,-0.432400,-0.165000,0.002469,0.019310,-0.123900,-0.215289,-0.432419,-0.165039,0.002469,0.019310,-0.123867,3.889471e-05,0.001140
1311,0,10.5000,54.0000,14.0000,-0.357000,-0.475400,-0.153600,-0.000280,0.019450,-0.036280,-0.357017,-0.475448,-0.153633,-0.000280,0.019449,-0.036284,4.782413e-05,0.001401
1312,0,14.7000,54.0000,14.0000,-0.463100,-0.516500,-0.171700,-0.003205,0.019540,-0.070120,-0.463121,-0.516503,-0.171735,-0.003205,0.019544,-0.070124,3.471876e-05,0.001017
1313,0,18.9000,54.0000,14.0000,-0.553600,-0.544400,-0.166100,-0.006694,0.020000,-0.023800,-0.553552,-0.544405,-0.166135,-0.006694,0.020003,-0.023797,4.815187e-05,0.001411
1314,0,23.1000,54.0000,14.0000,-0.632500,-0.571800,-0.169100,-0.009275,0.020570,-0.056560,-0.632538,-0.571828,-0.169116,-0.009275,0.020572,-0.056561,3.816906e-05,0.001118
1315,0,27.3000,54.0000,14.0000,-0.700900,-0.594700,-0.168200,-0.012130,0.021140,-0.013630,-0.700855,-0.594679,-0.168200,-0.012130,0.021139,-0.013628,4.525854e-05,0.001326
1316,0,31.5000,54.0000,14.0000,-0.758700,-0.614900,-0.168800,-0.014050,0.021640,-0.045860,-0.758725,-0.614878,-0.168788,-0.014048,0.021637,-0.045857,2.498361e-05,0.000732
1317,0,35.7000,54.0000,14.0000,-0.806800,-0.631900,-0.168700,-0.016140,0.022140,-0.004008,-0.806781,-0.631853,-0.168733,-0.016137,0.022137,-0.004008,4.721899e-05,0.001384
1318,0,39.9000,54.0000,14.0000,-0.845600,-0.646000,-0.168700,-0.017300,0.022610,-0.036540,-0.845623,-0.646006,-0.168695,-0.017305,0.022612,-0.036544,2.349422e-05,0.000688
1319,0,44.1000,54.0000,14.0000,-0.875300,-0.657500,-0.169300,-0.018670,0.023010,0.005157,-0.875286,-0.657470,-0.169325,-0.018675,0.023008,0.005157,2.960118e-05,0.000867
1320,0,48.3000,54.0000,14.0000,-0.897300,-0.666100,-0.168800,-0.019050,0.023440,-0.029030,-0.897292,-0.666132,-0.168820,-0.019046,0.023443,-0.029031,3.210426e-05,0.000941
1321,0,52.5000,54.0000,14.0000,-0.912100,-0.673000,-0.169800,-0.019740,0.023840,0.012860,-0.912137,-0.672997,-0.169806,-0.019741,0.023836,0.012863,3.743073e-05,0.001097
1322,0,56.7000,54.0000,14.0000,-0.920900,-0.677300,-0.169100,-0.019470,0.024200,-0.023390,-0.920923,-0.677277,-0.169096,-0.019465,0.024202,-0.023386,2.315942e-05,0.000679
1323,0,60.9000,54.0000,14.0000,-0.924500,-0.680400,-0.170100,-0.019530,0.024510,0.018830,-0.924482,-0.680387,-0.170138,-0.019531,0.024507,0.018834,3.821870e-05,0.001120
1324,0,65.1000,54.0000,14.0000,-0.923900,-0.681500,-0.169600,-0.018700,0.024830,-0.019490,-0.923857,-0.681521,-0.169603,-0.018701,0.024827,-0.019489,4.332348e-05,0.001269
1325,0,69.3000,54.0000,14.0000,-0.919200,-0.681700,-0.170300,-0.018330,0.025050,0.023160,-0.919248,-0.681670,-0.170307,-0.018327,0.025055,0.023161,4.755910e-05,0.001393
1326,0,73.5000,54.0000,14.0000,-0.912100,-0.680500,-0.169800,-0.017040,0.025250,-0.016980,-0.912132,-0.680480,-0.169801,-0.017041,0.025254,-0.016983,3.199145e-05,0.000937
1327,0,77.7000,54.0000,14.0000,-0.902600,-0.678800,-0.170600,-0.016230,0.025470,0.026020,-0.902607,-0.678809,-0.170611,-0.016229,0.025467,0.026023,1.126771e-05,0.000330
1328,0,81.9000,54.0000,14.0000,-0.891300,-0.676000,-0.170100,-0.014630,0.025690,-0.015590,-0.891335,-0.675962,-0.170098,-0.014634,0.025693,-0.015590,3.772321e-05,0.001105
1329,0,86.1000,54.0000,14.0000,-0.878800,-0.672900,-0.170700,-0.013620,0.025830,0.027800,-0.878815,-0.672890,-0.170656,-0.013617,0.025825,0.027803,4.405240e-05,0.001291
1330,0,90.3000,54.0000,14.0000,-0.865500,-0.669100,-0.170300,-0.011730,0.025940,-0.014940,-0.865546,-0.669080,-0.170283,-0.011731,0.025945,-0.014939,4.574359e-05,0.001340
1331,0,94.5000,54.0000,14.0000,-0.851700,-0.665200,-0.170700,-0.010470,0.026070,0.028700,-0.851734,-0.665212,-0.170690,-0.010469,0.026073,0.028702,3.435796e-05,0.001007
1332,0,98.7000,54.0000,14.0000,-0.837800,-0.660800,-0.170400,-0.008487,0.026180,-0.014870,-0.837758,-0.660846,-0.170376,-0.008487,0.026183,-0.014873,4.565952e-05,0.001338
1333,0,102.9000,54.0000,14.0000,-0.823700,-0.656500,-0.170600,-0.007107,0.026260,0.029020,-0.823714,-0.656487,-0.170634,-0.007107,0.026256,0.029022,3.438213e-05,0.001007
1334,0,107.1000,54.0000,14.0000,-0.809900,-0.652000,-0.170600,-0.005054,0.026340,-0.015010,-0.809917,-0.651985,-0.170572,-0.005054,0.026342,-0.015014,2.848164e-05,0.000835
1335,0,111.3000,54.0000,14.0000,-0.796400,-0.647400,-0.170700,-0.003757,0.026370,0.029070,-0.796372,-0.647428,-0.170703,-0.003757,0.026366,0.029066,2.831676e-05,0.000830
1336,0,115.5000,54.0000,14.0000,-0.782600,-0.642500,-0.170400,-0.001718,0.026330,-0.015130,-0.782638,-0.642463,-0.170381,-0.001718,0.026327,-0.015126,3.818553e-05,0.001119
1337,0,119.7000,54.0000,14.0000,-0.769500,-0.637800,-0.170500,-0.000383,0.026310,0.029050,-0.769538,-0.637767,-0.170494,-0.000383,0.026315,0.029049,3.788159e-05,0.001110
1338,0,123.9000,54.0000,14.0000,-0.756300,-0.632800,-0.170600,0.001474,0.026290,-0.015020,-0.756282,-0.632833,-0.170628,0.001474,0.026287,-0.015023,3.349821e-05,0.000981
1339,0,128.1000,54.0000,14.0000,-0.742600,-0.627500,-0.170400,0.002607,0.026240,0.029230,-0.742629,-0.627453,-0.170399,0.002607,0.026235,0.029231,4.664979e-05,0.001367
1340,0,132.3000,54.0000,14.0000,-0.728700,-0.622000,-0.170600,0.004359,0.026190,-0.014330,-0.728744,-0.621992,-0.170569,0.004359,0.026194,-0.014329,4.414595e-05,0.001293
1341,0,136.5000,54.0000,14.0000,-0.714300,-0.616100,-0.170400,0.005266,0.026170,0.029940,-0.714308,-0.616099,-0.170400,0.005266,0.026167,0.029937,8.415768e-06,0.000247
1342,0,140.7000,54.0000,14.0000,-0.698700,-0.609800,-0.170600,0.006697,0.026090,-0.013090,-0.698708,-0.609796,-0.170566,0.006697,0.026091,-0.013092,3.364427e-05,0.000986
1343,0,144.9000,54.0000,14.0000,-0.681800,-0.602700,-0.170100,0.007439,0.025970,0.031310,-0.681831,-0.602695,-0.170072,0.007439,0.025968,0.031312,3.126509e-05,0.000916
1344,0,149.1000,54.0000,14.0000,-0.662400,-0.594700,-0.169900,0.008579,0.025740,-0.010080,-0.662392,-0.594668,-0.169875,0.008579,0.025744,-0.010078,3.206764e-05,0.000940
1345,0,153.3000,54.0000,14.0000,-0.641100,-0.587100,-0.173000,0.008744,0.025910,0.033220,-0.641104,-0.587120,-0.172992,0.008744,0.025909,0.033223,2.003463e-05,0.000587
1346,0,157.5000,54.0000,14.0000,-0.620400,-0.577000,-0.167600,0.009498,0.026840,-0.013620,-0.620419,-0.577002,-0.167566,0.009498,0.026836,-0.013623,3.409873e-05,0.000999
1347,0,161.7000,54.0000,14.0000,-0.591400,-0.564100,-0.162300,0.010200,0.026500,0.046690,-0.591402,-0.564091,-0.162337,0.010196,0.026495,0.046694,3.746024e-05,0.001098
1348,0,165.9000,54.0000,14.0000,-0.558200,-0.561900,-0.190700,0.010770,0.028270,-0.006737,-0.558164,-0.561914,-0.190740,0.010766,0.028272,-0.006737,3.971582e-05,0.001164
1349,0,2.1000,66.0000,14.0000,-0.066080,-0.266500,-0.202600,0.008725,0.032620,-0.030190,-0.066079,-0.266523,-0.202575,0.008725,0.032621,-0.030187,2.518651e-05,0.000738
1350,0,6.3000,66.0000,14.0000,-0.194100,-0.298800,-0.166300,0.011290,0.026260,-0.110900,-0.194077,-0.298849,-0.166335,0.011295,0.026264,-0.110876,4.881539e-05,0.001430
1351,0,10.5000,66.0000,14.0000,-0.328300,-0.338000,-0.154900,0.008213,0.026650,-0.037460,-0.328279,-0.338024,-0.154945,0.008213,0.026654,-0.037465,4.500265e-05,0.001319
1352,0,14.7000,66.0000,14.0000,-0.431000,-0.375200,-0.169900,0.002986,0.027370,-0.064840,-0.431014,-0.375239,-0.169875,0.002986,0.027375,-0.064844,3.856538e-05,0.001130
1353,0,18.9000,66.0000,14.0000,-0.518700,-0.400700,-0.164900,-0.001343,0.028120,-0.024950,-0.518675,-0.400742,-0.164895,-0.001343,0.028120,-0.024949,4.239830e-05,0.001242
1354,0,23.1000,66.0000,14.0000,-0.595000,-0.425700,-0.167500,-0.006120,0.028850,-0.051660,-0.595042,-0.425737,-0.167505,-0.006120,0.028850,-0.051663,4.210762e-05,0.001234
1355,0,27.3000,66.0000,14.0000,-0.660800,-0.446600,-0.166600,-0.009661,0.029540,-0.015060,-0.660785,-0.446574,-0.166609,-0.009661,0.029541,-0.015062,2.605725e-05,0.000763
1356,0,31.5000,66.0000,14.0000,-0.716100,-0.464900,-0.167100,-0.013460,0.030180,-0.041270,-0.716083,-0.464937,-0.167078,-0.013457,0.030183,-0.041267,3.737130e-05,0.001095
1357,0,35.7000,66.0000,14.0000,-0.761600,-0.480300,-0.167000,-0.015880,0.030810,-0.005509,-0.761595,-0.480271,-0.166972,-0.015885,0.030807,-0.005509,2.888204e-05,0.000846
1358,0,39.9000,66.0000,14.0000,-0.798000,-0.492900,-0.166900,-0.018540,0.031370,-0.032090,-0.797977,-0.492873,-0.166874,-0.018544,0.031372,-0.032088,2.656792e-05,0.000778
1359,0,44.1000,66.0000,14.0000,-0.825400,-0.502900,-0.167400,-0.019850,0.031890,0.003441,-0.825394,-0.502944,-0.167408,-0.019848,0.031890,0.003441,4.376262e-05,0.001282
1360,0,48.3000,66.0000,14.0000,-0.845300,-0.510300,-0.167000,-0.021450,0.032380,-0.024700,-0.845272,-0.510344,-0.166962,-0.021450,0.032384,-0.024702,4.356768e-05,0.001277
1361,0,52.5000,66.0000,14.0000,-0.858100,-0.516000,-0.167800,-0.021790,0.032820,0.010860,-0.858112,-0.515960,-0.167771,-0.021794,0.032824,0.010860,4.044861e-05,0.001185
1362,0,56.7000,66.0000,14.0000,-0.865100,-0.519200,-0.167200,-0.022480,0.033230,-0.019170,-0.865087,-0.519169,-0.167162,-0.022477,0.033228,-0.019168,3.750325e-05,0.001099
1363,0,60.9000,66.0000,14.0000,-0.867000,-0.521200,-0.168100,-0.021960,0.033630,0.016540,-0.866960,-0.521225,-0.168090,-0.021957,0.033627,0.016544,4.001867e-05,0.001173
1364,0,65.1000,66.0000,14.0000,-0.864900,-0.521400,-0.167700,-0.021890,0.034010,-0.015320,-0.864854,-0.521439,-0.167652,-0.021894,0.034010,-0.015321,4.805330e-05,0.001408
1365,0,69.3000,66.0000,14.0000,-0.858900,-0.520700,-0.168300,-0.020690,0.034340,0.020650,-0.858899,-0.520667,-0.168293,-0.020688,0.034343,0.020647,3.326333e-05,0.000975
1366,0,73.5000,66.0000,14.0000,-0.850700,-0.518700,-0.168000,-0.020030,0.034610,-0.012900,-0.850716,-0.518730,-0.167968,-0.020034,0.034611,-0.012895,3.162007e-05,0.000926
1367,0,77.7000,66.0000,14.0000,-0.840100,-0.516200,-0.168600,-0.018270,0.034870,0.023300,-0.840117,-0.516240,-0.168630,-0.018266,0.034871,0.023298,4.037479e-05,0.001183
1368,0,81.9000,66.0000,14.0000,-0.827900,-0.512700,-0.168200,-0.017190,0.035120,-0.011640,-0.827914,-0.512707,-0.168179,-0.017190,0.035116,-0.011637,2.130167e-05,0.000624
1369,0,86.1000,66.0000,14.0000,-0.814700,-0.509100,-0.168700,-0.015070,0.035310,0.024840,-0.814718,-0.509057,-0.168711,-0.015072,0.035312,0.024840,4.328638e-05,0.001268
1370,0,90.3000,66.0000,14.0000,-0.800800,-0.504700,-0.168300,-0.013680,0.035470,-0.011110,-0.800808,-0.504710,-0.168339,-0.013683,0.035470,-0.011108,3.893184e-05,0.001141
1371,0,94.5000,66.0000,14.0000,-0.786500,-0.500400,-0.168700,-0.011320,0.035610,0.025500,-0.786500,-0.500355,-0.168707,-0.011324,0.035608,0.025503,4.463152e-05,0.001308
1372,0,98.7000,66.0000,14.0000,-0.772200,-0.495600,-0.168400,-0.009771,0.035720,-0.011130,-0.772157,-0.495635,-0.168445,-0.009771,0.035723,-0.011131,4.462638e-05,0.001308
1373,0,102.9000,66.0000,14.0000,-0.758000,-0.491000,-0.168700,-0.007299,0.035810,0.025700,-0.758006,-0.491024,-0.168733,-0.007299,0.035810,0.025702,3.296862e-05,0.000966
1374,0,107.1000,66.0000,14.0000,-0.744000,-0.486200,-0.168600,-0.005719,0.035860,-0.011370,-0.744044,-0.486165,-0.168568,-0.005719,0.035861,-0.011372,4.400654e-05,0.001289
1375,0,111.3000,66.0000,14.0000,-0.730500,-0.481400,-0.168700,-0.003263,0.035870,0.025570,-0.730489,-0.481417,-0.168664,-0.003263,0.035873,0.025569,3.595518e-05,0.001053
1376,0,115.5000,66.0000,14.0000,-0.716900,-0.476400,-0.168500,-0.001723,0.035850,-0.011660,-0.716904,-0.476407,-0.168481,-0.001723,0.035847,-0.011661,1.865762e-05,0.000547
1377,0,119.7000,66.0000,14.0000,-0.703900,-0.471500,-0.168600,0.000685,0.035820,0.025450,-0.703934,-0.471544,-0.168574,0.000685,0.035824,0.025450,4.403109e-05,0.001290
1378,0,123.9000,66.0000,14.0000,-0.691000,-0.466600,-0.168700,0.002112,0.035800,-0.011640,-0.691018,-0.466597,-0.168695,0.002112,0.035795,-0.011636,1.821762e-05,0.000534
1379,0,128.1000,66.0000,14.0000,-0.677800,-0.461300,-0.168500,0.004328,0.035720,0.025530,-0.677773,-0.461275,-0.168474,0.004328,0.035724,0.025527,2.707788e-05,0.000793
1380,0,132.3000,66.0000,14.0000,-0.664300,-0.455900,-0.168600,0.005550,0.035650,-0.011100,-0.664323,-0.455890,-0.168608,0.005550,0.035649,-0.011098,2.264872e-05,0.000664
1381,0,136.5000,66.0000,14.0000,-0.650400,-0.450200,-0.168400,0.007491,0.035540,0.026150,-0.650448,-0.450159,-0.168437,0.007491,0.035537,0.026154,4.768938e-05,0.001397
1382,0,140.7000,66.0000,14.0000,-0.635400,-0.444000,-0.168500,0.008406,0.035370,-0.009875,-0.635430,-0.443989,-0.168533,0.008406,0.035365,-0.009875,3.345641e-05,0.000980
1383,0,144.9000,66.0000,14.0000,-0.619200,-0.437100,-0.168100,0.010070,0.035210,0.027370,-0.619201,-0.437132,-0.168136,0.010074,0.035212,0.027369,3.590153e-05,0.001052
1384,0,149.1000,66.0000,14.0000,-0.600700,-0.429400,-0.167700,0.010680,0.035040,-0.007536,-0.600729,-0.429429,-0.167719,0.010684,0.035036,-0.007536,2.890609e-05,0.000847
1385,0,153.3000,66.0000,14.0000,-0.580200,-0.421400,-0.169000,0.011920,0.034750,0.029900,-0.580195,-0.421439,-0.168998,0.011923,0.034749,0.029897,3.895742e-05,0.001141
1386,0,157.5000,66.0000,14.0000,-0.559200,-0.412300,-0.168300,0.012090,0.034440,-0.007760,-0.559151,-0.412269,-0.168262,0.012092,0.034440,-0.007760,4.851268e-05,0.001421
1387,0,161.7000,66.0000,14.0000,-0.530700,-0.398100,-0.160700,0.013500,0.033900,0.037170,-0.530750,-0.398130,-0.160694,0.013502,0.033904,0.037170,4.973865e-05,0.001457
1388,0,165.9000,66.0000,14.0000,-0.498600,-0.394500,-0.187500,0.012820,0.032390,0.002667,-0.498588,-0.394534,-0.187517,0.012819,0.032394,0.002667,3.395629e-05,0.000995
1389,0,2.1000,78.0000,14.0000,-0.049840,-0.064030,-0.195800,0.014750,0.059090,-0.019390,-0.049838,-0.064031,-0.195753,0.014753,0.059088,-0.019390,4.703689e-05,0.001378
1390,0,6.3000,78.0000,14.0000,-0.161800,-0.093530,-0.170400,0.023730,0.046040,-0.099060,-0.161777,-0.093535,-0.170382,0.023734,0.046042,-0.099060,2.335923e-05,0.000684
1391,0,10.5000,78.0000,14.0000,-0.285200,-0.126900,-0.157200,0.020050,0.044160,-0.034770,-0.285213,-0.126937,-0.157221,0.020045,0.044158,-0.034770,3.707244e-05,0.001086
1392,0,14.7000,78.0000,14.0000,-0.383000,-0.160100,-0.170800,0.013120,0.044240,-0.060660,-0.382964,-0.160118,-0.170833,0.013124,0.044239,-0.060658,3.606747e-05,0.001057
1393,0,18.9000,78.0000,14.0000,-0.466500,-0.182800,-0.166100,0.006161,0.044920,-0.023690,-0.466498,-0.182774,-0.166142,0.006161,0.044916,-0.023691,4.173786e-05,0.001223
1394,0,23.1000,78.0000,14.0000,-0.539100,-0.205200,-0.168400,-0.000421,0.045740,-0.048360,-0.539116,-0.205182,-0.168435,-0.000421,0.045744,-0.048356,3.459700e-05,0.001014
1395,0,27.3000,78.0000,14.0000,-0.601100,-0.223800,-0.167600,-0.006118,0.046580,-0.014100,-0.601101,-0.223846,-0.167615,-0.006118,0.046579,-0.014101,4.647670e-05,0.001362
1396,0,31.5000,78.0000,14.0000,-0.652900,-0.240200,-0.168000,-0.011050,0.047360,-0.038180,-0.652855,-0.240238,-0.168005,-0.011055,0.047363,-0.038182,4.535419e-05,0.001329
1397,0,35.7000,78.0000,14.0000,-0.694800,-0.253700,-0.167900,-0.014980,0.048130,-0.004676,-0.694843,-0.253716,-0.167902,-0.014982,0.048131,-0.004676,4.328204e-05,0.001268
1398,0,39.9000,78.0000,14.0000,-0.727800,-0.264600,-0.167800,-0.018220,0.048880,-0.029170,-0.727828,-0.264566,-0.167762,-0.018216,0.048882,-0.029172,3.791142e-05,0.001111
1399,0,44.1000,78.0000,14.0000,-0.752300,-0.273100,-0.168300,-0.020550,0.049630,0.004151,-0.752306,-0.273066,-0.168340,-0.020549,0.049626,0.004151,3.985726e-05,0.001168
1400,0,48.3000,78.0000,14.0000,-0.769400,-0.278900,-0.168000,-0.022340,0.050340,-0.021970,-0.769406,-0.278920,-0.167958,-0.022340,0.050338,-0.021972,4.213397e-05,0.001235
1401,0,52.5000,78.0000,14.0000,-0.779500,-0.282900,-0.168700,-0.023360,0.050960,0.011310,-0.779514,-0.282924,-0.168722,-0.023359,0.050960,0.011309,2.356722e-05,0.000691
1402,0,56.7000,78.0000,14.0000,-0.784200,-0.284700,-0.168200,-0.023860,0.051540,-0.016630,-0.784165,-0.284691,-0.168224,-0.023862,0.051544,-0.016631,3.508913e-05,0.001028
1403,0,60.9000,78.0000,14.0000,-0.783900,-0.285300,-0.169100,-0.023740,0.052140,0.016780,-0.783894,-0.285260,-0.169147,-0.023742,0.052143,0.016777,4.667827e-05,0.001368
1404,0,65.1000,78.0000,14.0000,-0.779700,-0.284000,-0.168700,-0.023370,0.052700,-0.012960,-0.779748,-0.284021,-0.168689,-0.023367,0.052700,-0.012957,4.833581e-05,0.001416
1405,0,69.3000,78.0000,14.0000,-0.772100,-0.281900,-0.169300,-0.022470,0.053190,0.020630,-0.772064,-0.281942,-0.169299,-0.022469,0.053186,0.020632,4.191635e-05,0.001228
1406,0,73.5000,78.0000,14.0000,-0.762400,-0.278800,-0.169100,-0.021340,0.053630,-0.010780,-0.762378,-0.278833,-0.169098,-0.021342,0.053633,-0.010784,3.317649e-05,0.000972
1407,0,77.7000,78.0000,14.0000,-0.750400,-0.275200,-0.169700,-0.019790,0.054040,0.023040,-0.750398,-0.275160,-0.169735,-0.019789,0.054040,0.023037,3.982624e-05,0.001167
1408,0,81.9000,78.0000,14.0000,-0.737000,-0.270500,-0.169200,-0.018170,0.054400,-0.009697,-0.736989,-0.270540,-0.169227,-0.018167,0.054403,-0.009697,4.017910e-05,0.001177
1409,0,86.1000,78.0000,14.0000,-0.722900,-0.266000,-0.169800,-0.016210,0.054710,0.024360,-0.722920,-0.265977,-0.169756,-0.016208,0.054712,0.024357,4.396195e-05,0.001288
1410,0,90.3000,78.0000,14.0000,-0.708200,-0.260800,-0.169400,-0.014230,0.054970,-0.009402,-0.708228,-0.260802,-0.169368,-0.014234,0.054969,-0.009402,3.179206e-05,0.000931
1411,0,94.5000,78.0000,14.0000,-0.693400,-0.255800,-0.169800,-0.012030,0.055170,0.024730,-0.693358,-0.255769,-0.169758,-0.012032,0.055172,0.024733,4.207510e-05,0.001233
1412,0,98.7000,78.0000,14.0000,-0.678500,-0.250500,-0.169500,-0.009886,0.055330,-0.009630,-0.678540,-0.250464,-0.169511,-0.009886,0.055325,-0.009630,3.982070e-05,0.001167
1413,0,102.9000,78.0000,14.0000,-0.664200,-0.245500,-0.169900,-0.007559,0.055420,0.024730,-0.664249,-0.245509,-0.169884,-0.007559,0.055423,0.024728,4.853855e-05,0.001422
1414,0,107.1000,78.0000,14.0000,-0.650200,-0.240400,-0.169800,-0.005334,0.055490,-0.010070,-0.650153,-0.240359,-0.169753,-0.005334,0.055493,-0.010072,4.697067e-05,0.001376
1415,0,111.3000,78.0000,14.0000,-0.636600,-0.235300,-0.169800,-0.002997,0.055550,0.024440,-0.636576,-0.235314,-0.169798,-0.002997,0.055552,0.024444,2.438776e-05,0.000715
1416,0,115.5000,78.0000,14.0000,-0.623200,-0.230200,-0.169600,-0.000859,0.055540,-0.010550,-0.623163,-0.230198,-0.169615,-0.000859,0.055540,-0.010553,3.676859e-05,0.001077
1417,0,119.7000,78.0000,14.0000,-0.610300,-0.225300,-0.169600,0.001381,0.055450,0.024120,-0.610349,-0.225346,-0.169612,0.001381,0.055446,0.024118,4.930034e-05,0.001444
1418,0,123.9000,78.0000,14.0000,-0.597800,-0.220500,-0.169700,0.003400,0.055340,-0.010690,-0.597840,-0.220538,-0.169695,0.003400,0.055335,-0.010686,4.006660e-05,0.001174
1419,0,128.1000,78.0000,14.0000,-0.585200,-0.215500,-0.169600,0.005446,0.055230,0.023990,-0.585216,-0.215542,-0.169560,0.005446,0.055225,0.023990,4.218087e-05,0.001236
1420,0,132.3000,78.0000,14.0000,-0.572300,-0.210500,-0.169600,0.007212,0.055080,-0.010350,-0.572335,-0.210474,-0.169635,0.007212,0.055083,-0.010354,3.536332e-05,0.001036
1421,0,136.5000,78.0000,14.0000,-0.559200,-0.205100,-0.169400,0.008922,0.054850,0.024460,-0.559167,-0.205144,-0.169409,0.008922,0.054848,0.024457,4.428588e-05,0.001298
1422,0,140.7000,78.0000,14.0000,-0.545100,-0.199600,-0.169600,0.010380,0.054550,-0.009267,-0.545125,-0.199636,-0.169627,0.010378,0.054553,-0.009267,3.625289e-05,0.001062
1423,0,144.9000,78.0000,14.0000,-0.529900,-0.193400,-0.169300,0.011790,0.054280,0.025600,-0.529858,-0.193440,-0.169258,0.011789,0.054285,0.025600,4.236378e-05,0.001241
1424,0,149.1000,78.0000,14.0000,-0.512300,-0.186500,-0.169000,0.012840,0.054060,-0.007059,-0.512342,-0.186462,-0.168995,0.012839,0.054061,-0.007059,4.227580e-05,0.001239
1425,0,153.3000,78.0000,14.0000,-0.492900,-0.179300,-0.169800,0.013790,0.053820,0.027860,-0.492919,-0.179270,-0.169812,0.013794,0.053819,0.027861,2.984206e-05,0.000874
1426,0,157.5000,78.0000,14.0000,-0.472500,-0.171500,-0.169600,0.014340,0.053520,-0.006839,-0.472523,-0.171478,-0.169591,0.014344,0.053517,-0.006839,2.333402e-05,0.000684
1427,0,161.7000,78.0000,14.0000,-0.446300,-0.159400,-0.162400,0.014830,0.053190,0.034250,-0.446350,-0.159404,-0.162393,0.014828,0.053186,0.034253,4.959833e-05,0.001453
1428,0,165.9000,78.0000,14.0000,-0.415800,-0.156800,-0.185800,0.014880,0.053160,0.002729,-0.415835,-0.156761,-0.185817,0.014879,0.053158,0.002729,3.886491e-05,0.001139
1429,0,2.1000,90.0000,14.0000,-0.026150,0.224300,-0.185900,0.024090,0.075660,-0.001647,-0.026146,0.224290,-0.185851,0.024094,0.075657,-0.001647,4.932220e-05,0.001445
1430,0,6.3000,90.0000,14.0000,-0.117200,0.197200,-0.176700,0.039930,0.057520,-0.086150,-0.117178,0.197211,-0.176747,0.039935,0.057523,-0.086150,4.663024e-05,0.001366
1431,0,10.5000,90.0000,14.0000,-0.225400,0.173500,-0.158600,0.034410,0.055840,-0.029930,-0.225378,0.173530,-0.158604,0.034411,0.055842,-0.029932,3.006801e-05,0.000881
1432,0,14.7000,90.0000,14.0000,-0.314900,0.144700,-0.171100,0.024500,0.056350,-0.057140,-0.314872,0.144670,-0.171129,0.024496,0.056350,-0.057143,2.987564e-05,0.000875
1433,0,18.9000,90.0000,14.0000,-0.392300,0.124400,-0.166000,0.014400,0.057160,-0.021370,-0.392252,0.124403,-0.166050,0.014395,0.057156,-0.021367,4.957635e-05,0.001453
1434,0,23.1000,90.0000,14.0000,-0.459400,0.103700,-0.168000,0.005505,0.057960,-0.045770,-0.459394,0.103654,-0.168031,0.005505,0.057958,-0.045772,4.604688e-05,0.001349
1435,0,27.3000,90.0000,14.0000,-0.516200,0.086400,-0.167200,-0.002171,0.058780,-0.011780,-0.516159,0.086397,-0.167211,-0.002171,0.058776,-0.011781,4.116398e-05,0.001206
1436,0,31.5000,90.0000,14.0000,-0.563100,0.071500,-0.167500,-0.008264,0.059610,-0.035640,-0.563111,0.071503,-0.167468,-0.008264,0.059605,-0.035640,3.150923e-05,0.000923
1437,0,35.7000,90.0000,14.0000,-0.600500,0.059610,-0.167500,-0.013270,0.060480,-0.002314,-0.600504,0.059605,-0.167464,-0.013265,0.060480,-0.002314,3.633145e-05,0.001065
1438,0,39.9000,90.0000,14.0000,-0.629200,0.050590,-0.167300,-0.016940,0.061350,-0.026770,-0.629216,0.050587,-0.167284,-0.016943,0.061351,-0.026768,1.570132e-05,0.000460
1439,0,44.1000,90.0000,14.0000,-0.649800,0.043990,-0.168000,-0.019820,0.062210,0.006416,-0.649783,0.043994,-0.167954,-0.019816,0.062205,0.006416,4.585750e-05,0.001344
1440,0,48.3000,90.0000,14.0000,-0.663400,0.040170,-0.167600,-0.021630,0.063010,-0.019740,-0.663353,0.040174,-0.167603,-0.021627,0.063009,-0.019737,4.720174e-05,0.001383
1441,0,52.5000,90.0000,14.0000,-0.670100,0.038400,-0.168300,-0.022910,0.063760,0.013400,-0.670078,0.038400,-0.168347,-0.022913,0.063760,0.013401,4.669370e-05,0.001368
1442,0,56.7000,90.0000,14.0000,-0.671800,0.038880,-0.167800,-0.023300,0.064490,-0.014620,-0.671763,0.038879,-0.167812,-0.023297,0.064494,-0.014621,3.663508e-05,0.001073
1443,0,60.9000,90.0000,14.0000,-0.668900,0.040390,-0.168800,-0.023350,0.065260,0.018660,-0.668925,0.040394,-0.168842,-0.023354,0.065260,0.018661,4.182817e-05,0.001226
1444,0,65.1000,90.0000,14.0000,-0.662400,0.043740,-0.168400,-0.022790,0.065950,-0.011230,-0.662405,0.043742,-0.168386,-0.022786,0.065954,-0.011234,1.354224e-05,0.000397
1445,0,69.3000,90.0000,14.0000,-0.652600,0.047930,-0.168900,-0.022000,0.066540,0.022180,-0.652556,0.047935,-0.168940,-0.022004,0.066543,0.022184,4.435915e-05,0.001300
1446,0,73.5000,90.0000,14.0000,-0.640900,0.053020,-0.168700,-0.020640,0.067070,-0.009410,-0.640924,0.053020,-0.168705,-0.020642,0.067074,-0.009410,2.412195e-05,0.000707
1447,0,77.7000,90.0000,14.0000,-0.627400,0.058420,-0.169400,-0.019240,0.067570,0.024280,-0.627387,0.058423,-0.169407,-0.019239,0.067570,0.024285,1.341194e-05,0.000393
1448,0,81.9000,90.0000,14.0000,-0.612600,0.064680,-0.168900,-0.017400,0.068020,-0.008599,-0.612606,0.064683,-0.168884,-0.017395,0.068016,-0.008599,1.597681e-05,0.000468
1449,0,86.1000,90.0000,14.0000,-0.597400,0.070650,-0.169400,-0.015610,0.068390,0.025330,-0.597438,0.070646,-0.169446,-0.015609,0.068388,0.025328,4.565897e-05,0.001338
1450,0,90.3000,90.0000,14.0000,-0.581900,0.077000,-0.169100,-0.013420,0.068700,-0.008615,-0.581863,0.077001,-0.169116,-0.013423,0.068700,-0.008615,3.697500e-05,0.001083
1451,0,94.5000,90.0000,14.0000,-0.566300,0.083050,-0.169500,-0.011380,0.068980,0.025380,-0.566330,0.083050,-0.169523,-0.011376,0.068977,0.025377,3.032458e-05,0.000889
1452,0,98.7000,90.0000,14.0000,-0.550900,0.089310,-0.169100,-0.009043,0.069190,-0.009194,-0.550854,0.089312,-0.169127,-0.009043,0.069190,-0.009194,4.561579e-05,0.001337
1453,0,102.9000,90.0000,14.0000,-0.536200,0.094950,-0.169500,-0.006916,0.069310,0.024990,-0.536212,0.094949,-0.169485,-0.006916,0.069310,0.024995,1.532063e-05,0.000449
1454,0,107.1000,90.0000,14.0000,-0.522100,0.100400,-0.169500,-0.004511,0.069370,-0.009966,-0.522126,0.100407,-0.169500,-0.004511,0.069365,-0.009966,2.564108e-05,0.000751
1455,0,111.3000,90.0000,14.0000,-0.508500,0.105600,-0.169500,-0.002337,0.069420,0.024440,-0.508506,0.105595,-0.169525,-0.002337,0.069422,0.024440,2.549694e-05,0.000747
1456,0,115.5000,90.0000,14.0000,-0.495300,0.110600,-0.169400,-0.000048,0.069400,-0.010700,-0.495303,0.110649,-0.169394,-0.000048,0.069403,-0.010703,4.906510e-05,0.001438
1457,0,119.7000,90.0000,14.0000,-0.482900,0.115300,-0.169400,0.002005,0.069290,0.023830,-0.482905,0.115321,-0.169435,0.002005,0.069286,0.023833,3.457394e-05,0.001013
1458,0,123.9000,90.0000,14.0000,-0.470800,0.119800,-0.169500,0.004227,0.069160,-0.011120,-0.470835,0.119797,-0.169462,0.004227,0.069159,-0.011119,3.819132e-05,0.001119
1459,0,128.1000,90.0000,14.0000,-0.458800,0.124300,-0.169200,0.006075,0.068980,0.023440,-0.458808,0.124276,-0.169225,0.006075,0.068983,0.023441,2.548767e-05,0.000747
1460,0,132.3000,90.0000,14.0000,-0.446700,0.128600,-0.169300,0.008059,0.068760,-0.011020,-0.446729,0.128633,-0.169250,0.008059,0.068763,-0.011019,4.959814e-05,0.001453
1461,0,136.5000,90.0000,14.0000,-0.434600,0.133100,-0.169000,0.009576,0.068460,0.023630,-0.434555,0.133071,-0.169009,0.009576,0.068463,0.023627,4.453017e-05,0.001305
1462,0,140.7000,90.0000,14.0000,-0.421600,0.137600,-0.169300,0.011190,0.068090,-0.010200,-0.421564,0.137570,-0.169262,0.011192,0.068091,-0.010198,3.826301e-05,0.001121
1463,0,144.9000,90.0000,14.0000,-0.407500,0.142600,-0.168900,0.012430,0.067740,0.024580,-0.407484,0.142614,-0.168892,0.012432,0.067737,0.024583,1.611333e-05,0.000472
1464,0,149.1000,90.0000,14.0000,-0.391300,0.148300,-0.168600,0.013610,0.067370,-0.008064,-0.391274,0.148316,-0.168610,0.013609,0.067374,-0.008064,2.587756e-05,0.000758
1465,0,153.3000,90.0000,14.0000,-0.373400,0.154200,-0.169400,0.014250,0.066940,0.026690,-0.373366,0.154189,-0.169433,0.014253,0.066935,0.026692,3.390049e-05,0.000993
1466,0,157.5000,90.0000,14.0000,-0.354400,0.160800,-0.169300,0.014940,0.066530,-0.007915,-0.354389,0.160781,-0.169271,0.014942,0.066527,-0.007915,2.898036e-05,0.000849
1467,0,161.7000,90.0000,14.0000,-0.329500,0.172000,-0.162000,0.015130,0.066200,0.032790,-0.329512,0.171981,-0.162023,0.015131,0.066203,0.032790,2.252950e-05,0.000660
1468,0,165.9000,90.0000,14.0000,-0.300400,0.173900,-0.185400,0.015080,0.065610,0.001678,-0.300363,0.173906,-0.185426,0.015077,0.065614,0.001678,3.650065e-05,0.001069
1469,0,2.1000,102.0000,14.0000,0.013600,0.647000,-0.181500,0.030960,0.126500,0.026110,0.013604,0.647018,-0.181473,0.030958,0.126492,0.026108,2.746817e-05,0.000805
1470,0,6.3000,102.0000,14.0000,-0.046040,0.625800,-0.188200,0.052350,0.098760,-0.078900,-0.046035,0.625833,-0.188179,0.052355,0.098756,-0.078895,3.275556e-05,0.000960
1471,0,10.5000,102.0000,14.0000,-0.136100,0.606000,-0.159700,0.042650,0.090640,-0.023300,-0.136092,0.606008,-0.159650,0.042654,0.090645,-0.023303,4.997700e-05,0.001464
1472,0,14.7000,102.0000,14.0000,-0.215100,0.574100,-0.172900,0.030400,0.088460,-0.057370,-0.215125,0.574073,-0.172871,0.030403,0.088463,-0.057373,2.884160e-05,0.000845
1473,0,18.9000,102.0000,14.0000,-0.283900,0.551600,-0.167100,0.017120,0.088390,-0.016150,-0.283928,0.551609,-0.167140,0.017120,0.088388,-0.016149,4.033709e-05,0.001182
1474,0,23.1000,102.0000,14.0000,-0.343800,0.529700,-0.168900,0.008334,0.089040,-0.046080,-0.343764,0.529727,-0.168942,0.008334,0.089036,-0.046084,4.168319e-05,0.001221
1475,0,27.3000,102.0000,14.0000,-0.393700,0.512600,-0.168600,-0.000622,0.090070,-0.005702,-0.393739,0.512565,-0.168581,-0.000622,0.090070,-0.005702,3.861481e-05,0.001131
1476,0,31.5000,102.0000,14.0000,-0.434700,0.499100,-0.168800,-0.005370,0.091270,-0.035770,-0.434671,0.499052,-0.168820,-0.005370,0.091269,-0.035768,4.771668e-05,0.001398
1477,0,35.7000,102.0000,14.0000,-0.466400,0.489400,-0.169200,-0.011050,0.092600,0.004146,-0.466403,0.489408,-0.169203,-0.011054,0.092596,0.004146,8.154992e-06,0.000239
1478,0,39.9000,102.0000,14.0000,-0.490100,0.483500,-0.168900,-0.013110,0.093980,-0.027080,-0.490068,0.483471,-0.168863,-0.013107,0.093981,-0.027085,3.668330e-05,0.001075
1479,0,44.1000,102.0000,14.0000,-0.505900,0.480300,-0.169900,-0.016760,0.095350,0.012890,-0.505868,0.480280,-0.169861,-0.016761,0.095346,0.012894,3.856148e-05,0.001130
1480,0,48.3000,102.0000,14.0000,-0.515300,0.480200,-0.169400,-0.016980,0.096660,-0.020340,-0.515275,0.480235,-0.169404,-0.016982,0.096662,-0.020335,3.478690e-05,0.001019
1481,0,52.5000,102.0000,14.0000,-0.518200,0.482200,-0.170400,-0.019190,0.097950,0.019840,-0.518188,0.482232,-0.170374,-0.019194,0.097946,0.019841,3.150181e-05,0.000923
1482,0,56.7000,102.0000,14.0000,-0.516500,0.486600,-0.169700,-0.018160,0.099180,-0.015580,-0.516507,0.486584,-0.169717,-0.018155,0.099185,-0.015581,1.745400e-05,0.000511
1483,0,60.9000,102.0000,14.0000,-0.510600,0.491800,-0.171000,-0.019420,0.100400,0.024880,-0.510574,0.491807,-0.170964,-0.019415,0.100372,0.024881,3.583715e-05,0.001050
1484,0,65.1000,102.0000,14.0000,-0.501300,0.498800,-0.170400,-0.017530,0.101500,-0.012690,-0.501302,0.498845,-0.170420,-0.017534,0.101472,-0.012690,4.543156e-05,0.001331
1485,0,69.3000,102.0000,14.0000,-0.489000,0.506400,-0.171200,-0.018170,0.102400,0.028120,-0.488956,0.506410,-0.171179,-0.018171,0.102444,0.028116,4.442256e-05,0.001302
1486,0,73.5000,102.0000,14.0000,-0.475200,0.514700,-0.170800,-0.015660,0.103300,-0.011310,-0.475180,0.514736,-0.170797,-0.015661,0.103309,-0.011313,3.635688e-05,0.001065
1487,0,77.7000,102.0000,14.0000,-0.459900,0.522900,-0.171800,-0.015800,0.104100,0.029850,-0.459910,0.522932,-0.171768,-0.015801,0.104125,0.029848,3.205542e-05,0.000939
1488,0,81.9000,102.0000,14.0000,-0.443500,0.531800,-0.171200,-0.012910,0.104800,-0.011020,-0.443533,0.531835,-0.171171,-0.012911,0.104846,-0.011023,4.562163e-05,0.001337
1489,0,86.1000,102.0000,14.0000,-0.427000,0.540100,-0.171800,-0.012810,0.105400,0.030490,-0.426968,0.540120,-0.171783,-0.012808,0.105445,0.030492,4.474393e-05,0.001311
1490,0,90.3000,102.0000,14.0000,-0.410300,0.548500,-0.171400,-0.009646,0.105900,-0.011550,-0.410312,0.548494,-0.171425,-0.009646,0.105939,-0.011547,3.897625e-05,0.001142
1491,0,94.5000,102.0000,14.0000,-0.393900,0.556100,-0.171900,-0.009389,0.106300,0.030150,-0.393946,0.556103,-0.171863,-0.009389,0.106317,0.030153,4.613987e-05,0.001352
1492,0,98.7000,102.0000,14.0000,-0.377900,0.563500,-0.171500,-0.006083,0.106600,-0.012630,-0.377913,0.563548,-0.171460,-0.006083,0.106618,-0.012627,4.817396e-05,0.001411
1493,0,102.9000,102.0000,14.0000,-0.362800,0.570100,-0.171800,-0.005756,0.106900,0.029340,-0.362824,0.570080,-0.171842,-0.005756,0.106860,0.029345,4.239904e-05,0.001242
1494,0,107.1000,102.0000,14.0000,-0.348600,0.576100,-0.171800,-0.002471,0.107000,-0.013790,-0.348636,0.576075,-0.171834,-0.002471,0.106954,-0.013792,4.565326e-05,0.001338
1495,0,111.3000,102.0000,14.0000,-0.334900,0.581600,-0.171800,-0.002098,0.107000,0.028350,-0.334912,0.581551,-0.171783,-0.002098,0.106954,0.028354,4.859243e-05,0.001424
1496,0,115.5000,102.0000,14.0000,-0.321900,0.586500,-0.171700,0.001181,0.106900,-0.014930,-0.321919,0.586475,-0.171650,0.001181,0.106906,-0.014931,4.966154e-05,0.001455
1497,0,119.7000,102.0000,14.0000,-0.310000,0.590600,-0.171700,0.001390,0.106700,0.027370,-0.309956,0.590610,-0.171708,0.001390,0.106730,0.027373,4.401915e-05,0.001290
1498,0,123.9000,102.0000,14.0000,-0.298500,0.594200,-0.171800,0.004578,0.106500,-0.015710,-0.298530,0.594194,-0.171781,0.004578,0.106461,-0.015712,3.932407e-05,0.001152
1499,0,128.1000,102.0000,14.0000,-0.287400,0.597500,-0.171500,0.004674,0.106100,0.026560,-0.287384,0.597502,-0.171517,0.004674,0.106134,0.026556,3.398448e-05,0.000996
1500,0,132.3000,102.0000,14.0000,-0.276200,0.600400,-0.171600,0.007640,0.105700,-0.015960,-0.276236,0.600356,-0.171619,0.007640,0.105711,-0.015957,4.354010e-05,0.001276
1501,0,136.5000,102.0000,14.0000,-0.265300,0.603000,-0.171300,0.007556,0.105200,0.026360,-0.265308,0.603037,-0.171344,0.007556,0.105216,0.026361,4.378187e-05,0.001283
1502,0,140.7000,102.0000,14.0000,-0.253500,0.605600,-0.171500,0.010250,0.104700,-0.015380,-0.253548,0.605645,-0.171535,0.010246,0.104665,-0.015380,4.817220e-05,0.001411
1503,0,144.9000,102.0000,14.0000,-0.241000,0.608500,-0.171000,0.009852,0.104000,0.026970,-0.241000,0.608533,-0.170968,0.009852,0.104001,0.026968,3.255767e-05,0.000954
1504,0,149.1000,102.0000,14.0000,-0.226400,0.611900,-0.170600,0.012180,0.103300,-0.013460,-0.226423,0.611870,-0.170612,0.012180,0.103286,-0.013464,2.981108e-05,0.000873
1505,0,153.3000,102.0000,14.0000,-0.210300,0.615200,-0.171600,0.011420,0.102500,0.028920,-0.210290,0.615216,-0.171608,0.011424,0.102527,0.028925,2.718189e-05,0.000796
1506,0,157.5000,102.0000,14.0000,-0.193900,0.618900,-0.171800,0.013360,0.101500,-0.014010,-0.193913,0.618939,-0.171762,0.013359,0.101501,-0.014007,3.942058e-05,0.001155
1507,0,161.7000,102.0000,14.0000,-0.170500,0.628300,-0.161900,0.011610,0.100400,0.035190,-0.170494,0.628267,-0.161914,0.011607,0.100435,0.035191,3.508095e-05,0.001028
1508,0,165.9000,102.0000,14.0000,-0.142000,0.625900,-0.189800,0.013040,0.100200,-0.002111,-0.141951,0.625872,-0.189807,0.013041,0.100156,-0.002111,4.934095e-05,0.001446
1509,0,2.1000,114.0000,14.0000,0.096880,1.117000,-0.165400,0.020360,0.074840,0.060670,0.096877,1.116610,-0.165402,0.020362,0.074842,0.060666,3.901141e-04,0.011430
1510,0,6.3000,114.0000,14.0000,0.050210,1.091000,-0.185000,0.031660,0.064140,-0.100400,0.050207,1.090983,-0.184994,0.031655,0.064144,-0.100413,1.723918e-05,0.000505
1511,0,10.5000,114.0000,14.0000,-0.032830,1.059000,-0.140900,0.024150,0.056550,-0.012360,-0.032832,1.058553,-0.140932,0.024148,0.056549,-0.012357,4.469265e-04,0.013095
1512,0,14.7000,114.0000,14.0000,-0.104200,1.011000,-0.159400,0.016310,0.053340,-0.070090,-0.104187,1.010831,-0.159374,0.016305,0.053335,-0.070094,1.689152e-04,0.004949
1513,0,18.9000,114.0000,14.0000,-0.163800,0.980900,-0.154700,0.008226,0.052800,0.000239,-0.163780,0.980874,-0.154739,0.008226,0.052800,0.000239,3.905451e-05,0.001144
1514,0,23.1000,114.0000,14.0000,-0.215900,0.956300,-0.156500,0.004122,0.053070,-0.057900,-0.215865,0.956292,-0.156523,0.004122,0.053071,-0.057901,3.451369e-05,0.001011
1515,0,27.3000,114.0000,14.0000,-0.259300,0.939100,-0.157000,-0.000594,0.053750,0.011840,-0.259326,0.939094,-0.157017,-0.000594,0.053752,0.011838,2.639692e-05,0.000773
1516,0,31.5000,114.0000,14.0000,-0.294700,0.927900,-0.156700,-0.002166,0.054460,-0.047850,-0.294656,0.927917,-0.156681,-0.002166,0.054460,-0.047850,4.426191e-05,0.001297
1517,0,35.7000,114.0000,14.0000,-0.321500,0.921400,-0.157700,-0.005123,0.055320,0.022300,-0.321460,0.921376,-0.157672,-0.005123,0.055323,0.022300,3.970125e-05,0.001163
1518,0,39.9000,114.0000,14.0000,-0.340700,0.919700,-0.156500,-0.005374,0.056130,-0.039650,-0.340695,0.919727,-0.156541,-0.005374,0.056129,-0.039654,4.147758e-05,0.001215
1519,0,44.1000,114.0000,14.0000,-0.352500,0.920900,-0.158100,-0.007433,0.057030,0.031580,-0.352454,0.920879,-0.158109,-0.007433,0.057025,0.031578,4.583100e-05,0.001343
1520,0,48.3000,114.0000,14.0000,-0.358300,0.925800,-0.156900,-0.006864,0.057800,-0.033570,-0.358283,0.925773,-0.156939,-0.006864,0.057797,-0.033574,3.883289e-05,0.001138
1521,0,52.5000,114.0000,14.0000,-0.357900,0.932400,-0.158400,-0.008355,0.058650,0.038830,-0.357875,0.932355,-0.158437,-0.008355,0.058647,0.038827,4.457138e-05,0.001306
1522,0,56.7000,114.0000,14.0000,-0.353100,0.941700,-0.157000,-0.007260,0.059350,-0.029610,-0.353072,0.941664,-0.157035,-0.007260,0.059349,-0.029610,3.615339e-05,0.001059
1523,0,60.9000,114.0000,14.0000,-0.344400,0.951300,-0.158700,-0.008368,0.060100,0.044010,-0.344363,0.951281,-0.158724,-0.008368,0.060100,0.044012,3.667295e-05,0.001075
1524,0,65.1000,114.0000,14.0000,-0.332600,0.962800,-0.157500,-0.006882,0.060730,-0.027510,-0.332570,0.962826,-0.157507,-0.006882,0.060732,-0.027509,2.999167e-05,0.000879
1525,0,69.3000,114.0000,14.0000,-0.318000,0.974300,-0.158600,-0.007767,0.061360,0.047320,-0.318017,0.974271,-0.158643,-0.007767,0.061364,0.047317,4.280046e-05,0.001254
1526,0,73.5000,114.0000,14.0000,-0.302400,0.986400,-0.157700,-0.006043,0.061850,-0.026870,-0.302362,0.986450,-0.157707,-0.006043,0.061852,-0.026874,4.993737e-05,0.001463
1527,0,77.7000,114.0000,14.0000,-0.285400,0.997900,-0.159000,-0.006752,0.062400,0.048920,-0.285366,0.997851,-0.158965,-0.006752,0.062400,0.048922,4.896441e-05,0.001435
1528,0,81.9000,114.0000,14.0000,-0.267500,1.010000,-0.158000,-0.004871,0.062810,-0.027390,-0.267466,1.009817,-0.157950,-0.004871,0.062814,-0.027385,1.834609e-04,0.005375
1529,0,86.1000,114.0000,14.0000,-0.249600,1.021000,-0.158700,-0.005466,0.063210,0.049390,-0.249637,1.020549,-0.158738,-0.005466,0.063208,0.049395,4.513767e-04,0.013225
1530,0,90.3000,114.0000,14.0000,-0.232000,1.031000,-0.158100,-0.003474,0.063500,-0.028530,-0.232015,1.031079,-0.158083,-0.003474,0.063496,-0.028528,7.854400e-05,0.002301
1531,0,94.5000,114.0000,14.0000,-0.214900,1.040000,-0.158700,-0.004066,0.063710,0.048860,-0.214920,1.040363,-0.158702,-0.004066,0.063711,0.048858,3.628879e-04,0.010633
1532,0,98.7000,114.0000,14.0000,-0.198400,1.049000,-0.158100,-0.002000,0.063870,-0.030110,-0.198389,1.049184,-0.158145,-0.002000,0.063866,-0.030114,1.842201e-04,0.005398
1533,0,102.9000,114.0000,14.0000,-0.182900,1.057000,-0.158600,-0.002562,0.064030,0.047740,-0.182931,1.056559,-0.158614,-0.002562,0.064034,0.047742,4.406084e-04,0.012910
1534,0,107.1000,114.0000,14.0000,-0.168400,1.063000,-0.158400,-0.000531,0.064090,-0.031780,-0.168393,1.063178,-0.158420,-0.000531,0.064092,-0.031776,1.779404e-04,0.005214
1535,0,111.3000,114.0000,14.0000,-0.154800,1.069000,-0.158500,-0.001066,0.064100,0.046400,-0.154823,1.068694,-0.158464,-0.001066,0.064097,0.046399,3.061972e-04,0.008971
1536,0,115.5000,114.0000,14.0000,-0.142100,1.073000,-0.158400,0.000976,0.064080,-0.033300,-0.142108,1.073247,-0.158368,0.000975,0.064078,-0.033297,2.473057e-04,0.007246
1537,0,119.7000,114.0000,14.0000,-0.130400,1.077000,-0.158400,0.000336,0.063950,0.044980,-0.130414,1.076780,-0.158356,0.000336,0.063954,0.044976,2.204747e-04,0.006460
1538,0,123.9000,114.0000,14.0000,-0.119700,1.079000,-0.158700,0.002351,0.063780,-0.034350,-0.119661,1.079249,-0.158669,0.002351,0.063779,-0.034355,2.486391e-04,0.007285
1539,0,128.1000,114.0000,14.0000,-0.109200,1.081000,-0.158200,0.001705,0.063570,0.043750,-0.109193,1.081268,-0.158168,0.001705,0.063571,0.043754,2.676858e-04,0.007843
1540,0,132.3000,114.0000,14.0000,-0.098920,1.082000,-0.158500,0.003607,0.063310,-0.034840,-0.098919,1.082383,-0.158454,0.003607,0.063312,-0.034837,3.826492e-04,0.011212
1541,0,136.5000,114.0000,14.0000,-0.089090,1.083000,-0.158100,0.002923,0.062970,0.043030,-0.089094,1.083003,-0.158071,0.002923,0.062973,0.043035,2.869872e-05,0.000841
1542,0,140.7000,114.0000,14.0000,-0.078720,1.083000,-0.158600,0.004692,0.062650,-0.034370,-0.078718,1.082980,-0.158632,0.004692,0.062648,-0.034374,3.160348e-05,0.000926
1543,0,144.9000,114.0000,14.0000,-0.067530,1.083000,-0.157700,0.003840,0.062210,0.043130,-0.067532,1.083342,-0.157740,0.003840,0.062211,0.043127,3.423597e-04,0.010031
1544,0,149.1000,114.0000,14.0000,-0.054300,1.084000,-0.157800,0.005549,0.061860,-0.032140,-0.054295,1.083734,-0.157770,0.005549,0.061857,-0.032136,2.658530e-04,0.007789
1545,0,153.3000,114.0000,14.0000,-0.040040,1.083000,-0.160100,0.004709,0.061190,0.044250,-0.040039,1.083351,-0.160061,0.004709,0.061192,0.044254,3.509835e-04,0.010284
1546,0,157.5000,114.0000,14.0000,-0.027060,1.084000,-0.158200,0.006211,0.059940,-0.036140,-0.027065,1.083680,-0.158154,0.006211,0.059941,-0.036137,3.199792e-04,0.009375
1547,0,161.7000,114.0000,14.0000,-0.006086,1.091000,-0.145200,0.004257,0.060370,0.055080,-0.006086,1.090782,-0.145242,0.004257,0.060366,0.055080,2.181322e-04,0.006391
1548,0,165.9000,114.0000,14.0000,0.021160,1.080000,-0.191100,0.005496,0.061440,-0.018990,0.021159,1.079842,-0.191071,0.005496,0.061438,-0.018989,1.583255e-04,0.004639
1549,0,174.0000,2.0000,14.0000,-0.561200,-0.751600,-0.169900,0.000457,0.025150,0.026270,-0.561248,-0.751592,-0.169852,0.000457,0.025150,0.026273,4.771091e-05,0.001398
1550,0,186.0000,2.0000,14.0000,-0.397000,-0.688000,-0.167600,0.000914,0.022230,0.034810,-0.397005,-0.687992,-0.167557,0.000914,0.022233,0.034815,4.276777e-05,0.001253
1551,0,198.0000,2.0000,14.0000,-0.157700,-0.598500,-0.168700,0.000847,0.020940,0.053640,-0.157718,-0.598517,-0.168721,0.000847,0.020945,0.053638,2.132728e-05,0.000625
1552,0,210.0000,2.0000,14.0000,0.172400,-0.476300,-0.168400,0.000742,0.020840,0.066960,0.172381,-0.476272,-0.168434,0.000742,0.020845,0.066960,3.395944e-05,0.000995
1553,0,222.0000,2.0000,14.0000,0.632600,-0.309900,-0.170500,-0.000211,0.025360,0.103400,0.632643,-0.309857,-0.170525,-0.000211,0.025357,0.103369,4.337492e-05,0.001271
1554,0,234.0000,2.0000,14.0000,1.104000,-0.136300,-0.157000,-0.000508,0.046030,0.061870,1.104039,-0.136344,-0.157022,-0.000508,0.046033,0.061865,4.437817e-05,0.001300
1555,0,174.0000,6.0000,14.0000,-0.561000,-0.749500,-0.171500,0.001950,-0.022190,0.026300,-0.561020,-0.749495,-0.171536,0.001950,-0.022190,0.026302,3.611093e-05,0.001058
1556,0,186.0000,6.0000,14.0000,-0.396900,-0.686200,-0.169500,0.001899,-0.019270,0.034790,-0.396934,-0.686171,-0.169493,0.001899,-0.019268,0.034790,3.353772e-05,0.000983
1557,0,198.0000,6.0000,14.0000,-0.157700,-0.596800,-0.170600,0.002367,-0.018150,0.053590,-0.157729,-0.596794,-0.170616,0.002367,-0.018153,0.053585,2.888510e-05,0.000846
1558,0,210.0000,6.0000,14.0000,0.172300,-0.474600,-0.170300,0.002490,-0.018350,0.066870,0.172278,-0.474614,-0.170251,0.002490,-0.018349,0.066870,4.906051e-05,0.001437
1559,0,222.0000,6.0000,14.0000,0.632300,-0.308000,-0.172700,0.002875,-0.023050,0.103200,0.632291,-0.308007,-0.172659,0.002875,-0.023049,0.103218,4.063828e-05,0.001191
1560,0,234.0000,6.0000,14.0000,1.103000,-0.134600,-0.161200,0.001586,-0.042750,0.062100,1.102723,-0.134632,-0.161234,0.001586,-0.042751,0.062098,2.767518e-04,0.008109
1561,0,174.0000,10.0000,14.0000,-0.558700,-0.746200,-0.168900,0.002754,0.024840,0.026180,-0.558699,-0.746207,-0.168857,0.002754,0.024838,0.026180,4.278935e-05,0.001254
1562,0,186.0000,10.0000,14.0000,-0.394600,-0.683000,-0.166600,0.003698,0.021540,0.034750,-0.394630,-0.683047,-0.166602,0.003698,0.021537,0.034748,4.681856e-05,0.001372
1563,0,198.0000,10.0000,14.0000,-0.155600,-0.594000,-0.167800,0.004010,0.020190,0.053500,-0.155630,-0.593983,-0.167783,0.004010,0.020188,0.053495,3.018884e-05,0.000885
1564,0,210.0000,10.0000,14.0000,0.174100,-0.472100,-0.167500,0.004052,0.019900,0.066730,0.174086,-0.472128,-0.167482,0.004052,0.019898,0.066734,2.806657e-05,0.000822
1565,0,222.0000,10.0000,14.0000,0.633700,-0.306200,-0.169400,0.002757,0.023570,0.103100,0.633688,-0.306229,-0.169366,0.002757,0.023568,0.103067,3.366952e-05,0.000987
1566,0,234.0000,10.0000,14.0000,1.104000,-0.133200,-0.155200,0.000842,0.041120,0.061660,1.104265,-0.133197,-0.155179,0.000842,0.041123,0.061662,2.648890e-04,0.007761
1567,0,174.0000,14.0000,14.0000,-0.557300,-0.741000,-0.171200,0.004152,-0.017930,0.026090,-0.557307,-0.740966,-0.171218,0.004152,-0.017935,0.026087,3.351336e-05,0.000982
1568,0,186.0000,14.0000,14.0000,-0.393500,-0.678200,-0.169000,0.004608,-0.015010,0.034710,-0.393486,-0.678175,-0.169008,0.004608,-0.015006,0.034706,2.507664e-05,0.000735
1569,0,198.0000,14.0000,14.0000,-0.154600,-0.589400,-0.170200,0.005465,-0.014130,0.053380,-0.154648,-0.589443,-0.170162,0.005465,-0.014132,0.053384,4.785550e-05,0.001402
1570,0,210.0000,14.0000,14.0000,0.174700,-0.468000,-0.169800,0.005756,-0.014580,0.066640,0.174698,-0.467969,-0.169758,0.005756,-0.014582,0.066642,4.206248e-05,0.001232
1571,0,222.0000,14.0000,14.0000,0.633300,-0.302500,-0.172200,0.005472,-0.019190,0.102900,0.633267,-0.302538,-0.172221,0.005472,-0.019190,0.102855,4.455499e-05,0.001305
1572,0,234.0000,14.0000,14.0000,1.102000,-0.130200,-0.160200,0.002638,-0.036960,0.061660,1.102087,-0.130152,-0.160197,0.002638,-0.036963,0.061660,8.693453e-05,0.002547
1573,0,174.0000,18.0000,14.0000,-0.553900,-0.733800,-0.169900,0.004797,0.025760,0.026030,-0.553895,-0.733831,-0.169912,0.004797,0.025757,0.026031,3.089469e-05,0.000905
1574,0,186.0000,18.0000,14.0000,-0.390200,-0.671400,-0.167700,0.006224,0.022510,0.034630,-0.390234,-0.671394,-0.167685,0.006224,0.022509,0.034633,3.397559e-05,0.000995
1575,0,198.0000,18.0000,14.0000,-0.151700,-0.583100,-0.168900,0.006938,0.021010,0.053260,-0.151675,-0.583080,-0.168875,0.006938,0.021012,0.053263,2.514922e-05,0.000737
1576,0,210.0000,18.0000,14.0000,0.177100,-0.462200,-0.168500,0.007089,0.020490,0.066490,0.177092,-0.462190,-0.168456,0.007089,0.020492,0.066489,4.420133e-05,0.001295
1577,0,222.0000,18.0000,14.0000,0.634800,-0.297400,-0.170400,0.005289,0.023540,0.102500,0.634801,-0.297374,-0.170447,0.005289,0.023541,0.102472,4.701819e-05,0.001378
1578,0,234.0000,18.0000,14.0000,1.103000,-0.125700,-0.157600,0.001962,0.039700,0.061430,1.102594,-0.125700,-0.157579,0.001962,0.039702,0.061432,4.057156e-04,0.011887
1579,0,174.0000,22.0000,14.0000,-0.550400,-0.724900,-0.170400,0.006107,-0.015330,0.025970,-0.550375,-0.724852,-0.170385,0.006107,-0.015333,0.025966,4.772287e-05,0.001398
1580,0,186.0000,22.0000,14.0000,-0.386800,-0.662600,-0.168000,0.007038,-0.012540,0.034550,-0.386761,-0.662634,-0.168029,0.007038,-0.012543,0.034548,3.893545e-05,0.001141
1581,0,198.0000,22.0000,14.0000,-0.148500,-0.574800,-0.169100,0.008191,-0.011800,0.053110,-0.148530,-0.574786,-0.169082,0.008191,-0.011797,0.053112,3.015203e-05,0.000883
1582,0,210.0000,22.0000,14.0000,0.179400,-0.454800,-0.168900,0.008540,-0.012460,0.066250,0.179417,-0.454819,-0.168897,0.008540,-0.012462,0.066251,1.875820e-05,0.000550
1583,0,222.0000,22.0000,14.0000,0.635800,-0.291000,-0.171000,0.007859,-0.017280,0.102100,0.635773,-0.291027,-0.171047,0.007859,-0.017285,0.102063,4.700607e-05,0.001377
1584,0,234.0000,22.0000,14.0000,1.102000,-0.120300,-0.158400,0.003692,-0.035300,0.061160,1.101765,-0.120323,-0.158390,0.003692,-0.035299,0.061162,2.352481e-04,0.006893
1585,0,174.0000,26.0000,14.0000,-0.545500,-0.713300,-0.169900,0.006620,0.028450,0.025860,-0.545469,-0.713292,-0.169877,0.006620,0.028453,0.025863,3.080099e-05,0.000902
1586,0,186.0000,26.0000,14.0000,-0.382200,-0.651500,-0.167800,0.008529,0.025060,0.034460,-0.382156,-0.651476,-0.167759,0.008529,0.025057,0.034460,4.392314e-05,0.001287
1587,0,198.0000,26.0000,14.0000,-0.144400,-0.564200,-0.168800,0.009455,0.023450,0.052930,-0.144389,-0.564180,-0.168810,0.009455,0.023449,0.052926,1.994589e-05,0.000584
1588,0,210.0000,26.0000,14.0000,0.182900,-0.445000,-0.168500,0.009667,0.022710,0.065990,0.182881,-0.445011,-0.168537,0.009667,0.022711,0.065986,3.653304e-05,0.001070
1589,0,222.0000,26.0000,14.0000,0.637700,-0.282400,-0.170600,0.007462,0.025450,0.101600,0.637710,-0.282441,-0.170587,0.007462,0.025448,0.101616,4.070484e-05,0.001193
1590,0,234.0000,26.0000,14.0000,1.102000,-0.112900,-0.157700,0.002867,0.041350,0.060880,1.101770,-0.112877,-0.157746,0.002867,0.041351,0.060880,2.298788e-04,0.006735
1591,0,174.0000,30.0000,14.0000,-0.539200,-0.698000,-0.169400,0.007743,-0.011320,0.025670,-0.539187,-0.698003,-0.169438,0.007743,-0.011325,0.025668,3.805855e-05,0.001115
1592,0,186.0000,30.0000,14.0000,-0.376300,-0.637100,-0.167200,0.009105,-0.009096,0.034290,-0.376276,-0.637139,-0.167233,0.009105,-0.009096,0.034293,3.913721e-05,0.001147
1593,0,198.0000,30.0000,14.0000,-0.139300,-0.550800,-0.168700,0.010480,-0.008486,0.052770,-0.139270,-0.550803,-0.168687,0.010480,-0.008486,0.052766,2.964419e-05,0.000869
1594,0,210.0000,30.0000,14.0000,0.187200,-0.432500,-0.168400,0.010820,-0.009324,0.065730,0.187174,-0.432512,-0.168360,0.010823,-0.009324,0.065733,3.985886e-05,0.001168
1595,0,222.0000,30.0000,14.0000,0.640400,-0.271100,-0.170300,0.009692,-0.014390,0.101100,0.640355,-0.271130,-0.170286,0.009692,-0.014393,0.101103,4.452337e-05,0.001305
1596,0,234.0000,30.0000,14.0000,1.102000,-0.102500,-0.157800,0.004479,-0.032150,0.060640,1.102242,-0.102549,-0.157751,0.004479,-0.032149,0.060637,2.417165e-04,0.007082
1597,0,174.0000,34.0000,14.0000,-0.533700,-0.680700,-0.173200,0.007915,0.031130,0.025910,-0.533673,-0.680708,-0.173229,0.007915,0.031134,0.025915,2.912958e-05,0.000853
1598,0,186.0000,34.0000,14.0000,-0.370200,-0.620200,-0.169100,0.010330,0.028450,0.034050,-0.370198,-0.620212,-0.169100,0.010331,0.028451,0.034046,1.215190e-05,0.000356
1599,0,198.0000,34.0000,14.0000,-0.133600,-0.534500,-0.169800,0.011400,0.026600,0.052570,-0.133638,-0.534546,-0.169793,0.011405,0.026596,0.052569,4.559205e-05,0.001336
1600,0,210.0000,34.0000,14.0000,0.191900,-0.417400,-0.169400,0.011470,0.025680,0.065430,0.191918,-0.417431,-0.169444,0.011467,0.025676,0.065435,4.436275e-05,0.001300
1601,0,222.0000,34.0000,14.0000,0.643100,-0.257500,-0.171800,0.009009,0.028290,0.100500,0.643090,-0.257501,-0.171775,0.009009,0.028294,0.100534,3.429029e-05,0.001005
1602,0,234.0000,34.0000,14.0000,1.102000,-0.090440,-0.160700,0.003677,0.043280,0.060050,1.102006,-0.090438,-0.160719,0.003677,0.043278,0.060053,1.883641e-05,0.000552
1603,0,174.0000,38.0000,14.0000,-0.524400,-0.662900,-0.166500,0.008692,-0.014250,0.026860,-0.524446,-0.662850,-0.166521,0.008692,-0.014247,0.026858,4.988211e-05,0.001462
1604,0,186.0000,38.0000,14.0000,-0.362100,-0.601800,-0.167500,0.010610,-0.008767,0.033770,-0.362107,-0.601847,-0.167544,0.010606,-0.008767,0.033768,4.654026e-05,0.001364
1605,0,198.0000,38.0000,14.0000,-0.126800,-0.516600,-0.168900,0.012080,-0.007716,0.052330,-0.126817,-0.516565,-0.168868,0.012079,-0.007716,0.052330,3.501544e-05,0.001026
1606,0,210.0000,38.0000,14.0000,0.198000,-0.400400,-0.168500,0.012240,-0.008558,0.065140,0.198039,-0.400436,-0.168496,0.012241,-0.008558,0.065138,3.876333e-05,0.001136
1607,0,222.0000,38.0000,14.0000,0.647100,-0.242700,-0.170900,0.010950,-0.014420,0.099700,0.647118,-0.242650,-0.170861,0.010954,-0.014422,0.099698,4.976151e-05,0.001458
1608,0,234.0000,38.0000,14.0000,1.104000,-0.078660,-0.156900,0.005146,-0.035840,0.058940,1.103686,-0.078657,-0.156947,0.005146,-0.035841,0.058939,3.139115e-04,0.009198
1609,0,174.0000,42.0000,14.0000,-0.513200,-0.636200,-0.162600,0.009564,0.046860,0.026560,-0.513157,-0.636221,-0.162582,0.009564,0.046857,0.026564,4.321512e-05,0.001266
1610,0,186.0000,42.0000,14.0000,-0.349400,-0.575800,-0.160600,0.012110,0.037480,0.033190,-0.349416,-0.575792,-0.160580,0.012112,0.037483,0.033192,1.987961e-05,0.000582
1611,0,198.0000,42.0000,14.0000,-0.116100,-0.492700,-0.162300,0.012690,0.034540,0.052150,-0.116117,-0.492730,-0.162258,0.012692,0.034540,0.052146,4.219285e-05,0.001236
1612,0,210.0000,42.0000,14.0000,0.208200,-0.377700,-0.161800,0.012580,0.033310,0.064900,0.208189,-0.377694,-0.161843,0.012579,0.033312,0.064896,4.319260e-05,0.001266
1613,0,222.0000,42.0000,14.0000,0.656000,-0.220900,-0.161700,0.009300,0.036210,0.098830,0.656037,-0.220922,-0.161694,0.009300,0.036210,0.098829,3.698987e-05,0.001084
1614,0,234.0000,42.0000,14.0000,1.111000,-0.058490,-0.145300,0.003196,0.056800,0.059630,1.111196,-0.058489,-0.145306,0.003196,0.056800,0.059627,1.962354e-04,0.005750
1615,0,174.0000,46.0000,14.0000,-0.513000,-0.605800,-0.192900,0.010220,-0.008363,0.028480,-0.513047,-0.605770,-0.192895,0.010225,-0.008363,0.028484,4.693803e-05,0.001375
1616,0,186.0000,46.0000,14.0000,-0.347700,-0.546000,-0.189200,0.011480,0.001316,0.031660,-0.347696,-0.546039,-0.189213,0.011484,0.001316,0.031663,3.879735e-05,0.001137
1617,0,198.0000,46.0000,14.0000,-0.115100,-0.464400,-0.187400,0.012890,0.001589,0.052230,-0.115113,-0.464353,-0.187372,0.012889,0.001589,0.052226,4.735145e-05,0.001387
1618,0,210.0000,46.0000,14.0000,0.208800,-0.350400,-0.186900,0.012700,0.000757,0.064400,0.208789,-0.350386,-0.186943,0.012705,0.000757,0.064403,4.309769e-05,0.001263
1619,0,222.0000,46.0000,14.0000,0.652700,-0.194000,-0.191900,0.010990,-0.002887,0.098720,0.652711,-0.194042,-0.191853,0.010991,-0.002887,0.098722,4.736726e-05,0.001388
1620,0,234.0000,46.0000,14.0000,1.100000,-0.033020,-0.194400,0.004641,-0.020060,0.060660,1.099511,-0.033023,-0.194442,0.004641,-0.020058,0.060665,4.891662e-04,0.014332
1621,0,174.0000,54.0000,14.0000,-0.472900,-0.521400,-0.163200,0.011590,0.029880,0.029950,-0.472867,-0.521388,-0.163164,0.011592,0.029876,0.029947,3.590714e-05,0.001052
1622,0,186.0000,54.0000,14.0000,-0.311700,-0.465400,-0.169900,0.012210,0.027150,0.030890,-0.311718,-0.465388,-0.169856,0.012210,0.027151,0.030885,4.388912e-05,0.001286
1623,0,198.0000,54.0000,14.0000,-0.081040,-0.385000,-0.169300,0.012320,0.026250,0.051980,-0.081040,-0.384988,-0.169319,0.012318,0.026248,0.051978,1.942119e-05,0.000569
1624,0,210.0000,54.0000,14.0000,0.241200,-0.274100,-0.169000,0.011970,0.025200,0.063430,0.241170,-0.274132,-0.169033,0.011972,0.025200,0.063427,3.274714e-05,0.000959
1625,0,222.0000,54.0000,14.0000,0.682500,-0.122600,-0.169900,0.010000,0.024150,0.097500,0.682487,-0.122630,-0.169928,0.010002,0.024154,0.097505,2.989697e-05,0.000876
1626,0,234.0000,54.0000,14.0000,1.131000,0.038670,-0.153000,0.004384,0.025720,0.057470,1.131318,0.038668,-0.153006,0.004384,0.025718,0.057469,3.175876e-04,0.009305
1627,0,174.0000,66.0000,14.0000,-0.417400,-0.358400,-0.170300,0.013040,0.031540,0.027200,-0.417428,-0.358370,-0.170282,0.013039,0.031540,0.027199,2.955311e-05,0.000866
1628,0,186.0000,66.0000,14.0000,-0.256700,-0.302700,-0.170700,0.011650,0.032020,0.031440,-0.256691,-0.302724,-0.170713,0.011654,0.032019,0.031440,2.412852e-05,0.000707
1629,0,198.0000,66.0000,14.0000,-0.026690,-0.225500,-0.170800,0.009849,0.031990,0.051030,-0.026689,-0.225546,-0.170824,0.009849,0.031987,0.051027,4.559472e-05,0.001336
1630,0,210.0000,66.0000,14.0000,0.293800,-0.119300,-0.170600,0.008514,0.031250,0.062760,0.293784,-0.119281,-0.170625,0.008514,0.031253,0.062758,2.535498e-05,0.000743
1631,0,222.0000,66.0000,14.0000,0.730400,0.026600,-0.172300,0.007259,0.029170,0.095060,0.730354,0.026604,-0.172347,0.007259,0.029170,0.095059,4.729520e-05,0.001386
1632,0,234.0000,66.0000,14.0000,1.168000,0.179500,-0.161900,0.003500,0.025280,0.056650,1.167543,0.179478,-0.161894,0.003500,0.025277,0.056651,4.573859e-04,0.013401
1633,0,174.0000,78.0000,14.0000,-0.336200,-0.122600,-0.169500,0.013850,0.052880,0.026240,-0.336159,-0.122625,-0.169504,0.013848,0.052878,0.026240,4.062962e-05,0.001190
1634,0,186.0000,78.0000,14.0000,-0.179000,-0.068080,-0.170700,0.010590,0.051860,0.031410,-0.178991,-0.068079,-0.170719,0.010593,0.051856,0.031415,1.907710e-05,0.000559
1635,0,198.0000,78.0000,14.0000,0.050240,0.008179,-0.171200,0.005784,0.051420,0.050630,0.050239,0.008179,-0.171191,0.005784,0.051421,0.050634,8.711211e-06,0.000255
1636,0,210.0000,78.0000,14.0000,0.371400,0.111000,-0.171000,0.001106,0.051350,0.062660,0.371409,0.111036,-0.170995,0.001106,0.051347,0.062664,3.599262e-05,0.001055
1637,0,222.0000,78.0000,14.0000,0.807600,0.250000,-0.171800,-0.000304,0.051170,0.093120,0.807639,0.250003,-0.171793,-0.000304,0.051174,0.093117,3.859920e-05,0.001131
1638,0,234.0000,78.0000,14.0000,1.240000,0.395700,-0.159900,0.000336,0.051700,0.054860,1.239725,0.395665,-0.159873,0.000336,0.051705,0.054863,2.747891e-04,0.008051
1639,0,174.0000,90.0000,14.0000,-0.224100,0.205800,-0.169300,0.013900,0.064510,0.025020,-0.224117,0.205817,-0.169315,0.013895,0.064510,0.025017,1.737751e-05,0.000509
1640,0,186.0000,90.0000,14.0000,-0.071840,0.258000,-0.170700,0.009746,0.063710,0.030570,-0.071836,0.257958,-0.170655,0.009746,0.063708,0.030573,4.497134e-05,0.001318
1641,0,198.0000,90.0000,14.0000,0.153900,0.334400,-0.171200,0.001654,0.063510,0.050500,0.153856,0.334401,-0.171169,0.001654,0.063510,0.050497,4.385837e-05,0.001285
1642,0,210.0000,90.0000,14.0000,0.477800,0.439700,-0.171200,-0.008183,0.065090,0.064250,0.477751,0.439705,-0.171234,-0.008183,0.065087,0.064247,4.852067e-05,0.001422
1643,0,222.0000,90.0000,14.0000,0.921500,0.576000,-0.173000,-0.013660,0.066880,0.094090,0.921491,0.576021,-0.173029,-0.013656,0.066878,0.094088,2.880028e-05,0.000844
1644,0,234.0000,90.0000,14.0000,1.360000,0.713700,-0.159300,-0.006718,0.064350,0.054300,1.360028,0.713742,-0.159342,-0.006718,0.064348,0.054297,4.245588e-05,0.001244
1645,0,174.0000,102.0000,14.0000,-0.071000,0.654000,-0.170300,0.011730,0.098790,0.023730,-0.071000,0.654025,-0.170295,0.011734,0.098792,0.023732,2.504060e-05,0.000734
1646,0,186.0000,102.0000,14.0000,0.075290,0.700400,-0.172300,0.008492,0.096090,0.028280,0.075289,0.700402,-0.172311,0.008492,0.096093,0.028283,1.113166e-05,0.000326
1647,0,198.0000,102.0000,14.0000,0.293800,0.775600,-0.172000,0.000411,0.093930,0.050200,0.293791,0.775632,-0.171972,0.000411,0.093930,0.050199,3.156912e-05,0.000925
1648,0,210.0000,102.0000,14.0000,0.615100,0.887900,-0.173000,-0.013370,0.094780,0.066020,0.615051,0.887893,-0.173004,-0.013367,0.094784,0.066020,4.911603e-05,0.001439
1649,0,222.0000,102.0000,14.0000,1.083000,1.049000,-0.173200,-0.026310,0.104100,0.103500,1.083495,1.048603,-0.173151,-0.026309,0.104096,0.103450,4.949129e-04,0.014501
1650,0,234.0000,102.0000,14.0000,1.557000,1.201000,-0.165000,-0.018390,0.123200,0.063180,1.556689,1.201275,-0.165007,-0.018389,0.123189,0.063181,3.107463e-04,0.009105
1651,0,174.0000,114.0000,14.0000,0.091890,1.109000,-0.153400,0.005127,0.058120,0.025150,0.091886,1.108551,-0.153365,0.005127,0.058120,0.025151,4.492442e-04,0.013163
1652,0,186.0000,114.0000,14.0000,0.229300,1.142000,-0.161800,0.004068,0.057150,0.024180,0.229265,1.142069,-0.161757,0.004068,0.057153,0.024177,6.894599e-05,0.002020
1653,0,198.0000,114.0000,14.0000,0.440200,1.211000,-0.160000,0.000695,0.055230,0.050640,0.440207,1.211172,-0.159978,0.000695,0.055232,0.050640,1.719176e-04,0.005037
1654,0,210.0000,114.0000,14.0000,0.753400,1.329000,-0.159200,-0.006544,0.054580,0.063480,0.753385,1.329176,-0.159233,-0.006544,0.054585,0.063477,1.756520e-04,0.005147
1655,0,222.0000,114.0000,14.0000,1.237000,1.524000,-0.165000,-0.018350,0.063420,0.122600,1.236789,1.524099,-0.164988,-0.018347,0.063415,0.122568,2.109854e-04,0.006182
1656,0,234.0000,114.0000,14.0000,1.804000,1.771000,-0.144400,-0.015780,0.078830,0.078610,1.803945,1.770555,-0.144369,-0.015775,0.078833,0.078613,4.454576e-04,0.013052
1657,2,-114.0000,4.0000,-2.0000,0.019190,0.103400,-0.001313,0.000569,0.000109,0.006122,0.019188,0.103438,-0.001313,0.000569,0.000109,0.006122,3.764693e-05,0.001103
1658,2,-102.0000,4.0000,-2.0000,0.060510,0.111700,-0.000539,0.001393,0.000042,0.010310,0.060509,0.111687,-0.000539,0.001393,0.000042,0.010305,1.342983e-05,0.000393
1659,2,-90.0000,4.0000,-2.0000,0.102100,0.126100,0.001156,0.001949,0.000013,0.005518,0.102072,0.126134,0.001156,0.001949,0.000013,0.005518,3.364574e-05,0.000986
1660,2,-78.0000,4.0000,-2.0000,0.116000,0.132200,-0.000824,0.002344,-0.000007,0.002440,0.116025,0.132229,-0.000824,0.002344,-0.000007,0.002440,2.880409e-05,0.000844
1661,2,-66.0000,4.0000,-2.0000,0.130900,0.142800,-0.000375,0.002618,-0.000028,0.005230,0.130937,0.142830,-0.000375,0.002618,-0.000028,0.005230,3.728132e-05,0.001092
1662,2,-54.0000,4.0000,-2.0000,0.153500,0.158500,-0.000640,0.002788,-0.000045,0.005853,0.153463,0.158528,-0.000640,0.002788,-0.000045,0.005853,3.656998e-05,0.001071
1663,2,-42.0000,4.0000,-2.0000,0.173100,0.175500,0.001181,0.002860,-0.000056,0.004246,0.173119,0.175518,0.001181,0.002860,-0.000056,0.004246,1.897939e-05,0.000556
1664,2,-30.0000,4.0000,-2.0000,0.174900,0.184000,-0.002976,0.002871,-0.000059,0.000818,0.174942,0.184007,-0.002976,0.002871,-0.000059,0.000818,4.223102e-05,0.001237
1665,2,-114.0000,12.0000,-2.0000,0.019130,0.102900,-0.001310,0.001707,0.000324,0.006099,0.019127,0.102902,-0.001310,0.001707,0.000324,0.006099,2.664696e-06,0.000078
1666,2,-102.0000,12.0000,-2.0000,0.060330,0.111200,-0.000542,0.004174,0.000126,0.010280,0.060328,0.111180,-0.000542,0.004174,0.000126,0.010276,2.036743e-05,0.000597
1667,2,-90.0000,12.0000,-2.0000,0.101800,0.125600,0.001129,0.005837,0.000041,0.005497,0.101763,0.125610,0.001129,0.005837,0.000041,0.005497,3.740953e-05,0.001096
1668,2,-78.0000,12.0000,-2.0000,0.115700,0.131700,-0.000850,0.007023,-0.000024,0.002433,0.115663,0.131723,-0.000850,0.007023,-0.000024,0.002433,3.678022e-05,0.001078
1669,2,-66.0000,12.0000,-2.0000,0.130500,0.142300,-0.000387,0.007847,-0.000083,0.005207,0.130527,0.142342,-0.000387,0.007847,-0.000083,0.005207,4.216770e-05,0.001236
1670,2,-54.0000,12.0000,-2.0000,0.153000,0.158000,-0.000646,0.008356,-0.000137,0.005837,0.153000,0.158037,-0.000646,0.008356,-0.000137,0.005837,3.729339e-05,0.001093
1671,2,-42.0000,12.0000,-2.0000,0.172600,0.175000,0.001168,0.008575,-0.000173,0.004240,0.172609,0.175030,0.001168,0.008575,-0.000173,0.004240,3.011866e-05,0.000882
1672,2,-30.0000,12.0000,-2.0000,0.174500,0.183600,-0.002947,0.008611,-0.000177,0.000832,0.174476,0.183601,-0.002947,0.008611,-0.000176,0.000832,2.374401e-05,0.000696
1673,2,-114.0000,20.0000,-2.0000,0.018980,0.101800,-0.001334,0.002845,0.000541,0.006055,0.018979,0.101791,-0.001334,0.002845,0.000542,0.006055,9.036056e-06,0.000265
1674,2,-102.0000,20.0000,-2.0000,0.059970,0.110200,-0.000539,0.006938,0.000207,0.010220,0.059969,0.110164,-0.000539,0.006938,0.000207,0.010215,3.591488e-05,0.001052
1675,2,-90.0000,20.0000,-2.0000,0.101200,0.124600,0.001123,0.009701,0.000065,0.005457,0.101176,0.124599,0.001123,0.009701,0.000065,0.005457,2.365927e-05,0.000693
1676,2,-78.0000,20.0000,-2.0000,0.115000,0.130700,-0.000864,0.011680,-0.000044,0.002416,0.114969,0.130739,-0.000864,0.011679,-0.000044,0.002416,3.903717e-05,0.001144
1677,2,-66.0000,20.0000,-2.0000,0.129700,0.141400,-0.000400,0.013050,-0.000141,0.005163,0.129723,0.141366,-0.000399,0.013048,-0.000141,0.005163,3.447742e-05,0.001010
1678,2,-54.0000,20.0000,-2.0000,0.152100,0.157000,-0.000635,0.013900,-0.000232,0.005801,0.152081,0.157048,-0.000635,0.013897,-0.000232,0.005801,4.846608e-05,0.001420
1679,2,-42.0000,20.0000,-2.0000,0.171600,0.174000,0.001160,0.014280,-0.000298,0.004221,0.171599,0.174043,0.001160,0.014278,-0.000297,0.004221,4.337712e-05,0.001271
1680,2,-30.0000,20.0000,-2.0000,0.173500,0.182700,-0.002914,0.014350,-0.000309,0.000856,0.173521,0.182732,-0.002914,0.014349,-0.000309,0.000856,3.180358e-05,0.000932
1681,2,-114.0000,28.0000,-2.0000,0.018790,0.100100,-0.001341,0.003970,0.000757,0.005993,0.018788,0.100136,-0.001341,0.003970,0.000757,0.005993,3.627553e-05,0.001063
1682,2,-102.0000,28.0000,-2.0000,0.059420,0.108600,-0.000536,0.009672,0.000287,0.010120,0.059424,0.108622,-0.000536,0.009672,0.000287,0.010123,2.174893e-05,0.000637
1683,2,-90.0000,28.0000,-2.0000,0.100300,0.123100,0.001144,0.013520,0.000082,0.005400,0.100308,0.123094,0.001144,0.013521,0.000082,0.005400,8.359627e-06,0.000245
1684,2,-78.0000,28.0000,-2.0000,0.114000,0.129300,-0.000829,0.016280,-0.000069,0.002388,0.113961,0.129281,-0.000829,0.016282,-0.000069,0.002388,3.879325e-05,0.001137
1685,2,-66.0000,28.0000,-2.0000,0.128600,0.139900,-0.000368,0.018200,-0.000204,0.005097,0.128554,0.139898,-0.000368,0.018196,-0.000204,0.005097,4.554193e-05,0.001334
1686,2,-54.0000,28.0000,-2.0000,0.150700,0.155500,-0.000594,0.019390,-0.000336,0.005748,0.150710,0.155534,-0.000594,0.019390,-0.000336,0.005748,3.429704e-05,0.001005
1687,2,-42.0000,28.0000,-2.0000,0.170100,0.172500,0.001151,0.019950,-0.000440,0.004189,0.170064,0.172470,0.001151,0.019950,-0.000440,0.004189,3.606503e-05,0.001057
1688,2,-30.0000,28.0000,-2.0000,0.172100,0.181300,-0.002880,0.020090,-0.000470,0.000879,0.172063,0.181287,-0.002880,0.020086,-0.000470,0.000879,3.737235e-05,0.001095
1689,2,-114.0000,36.0000,-2.0000,0.018490,0.097900,-0.001412,0.005072,0.000961,0.005913,0.018494,0.097904,-0.001412,0.005072,0.000961,0.005913,4.265458e-06,0.000125
1690,2,-102.0000,36.0000,-2.0000,0.058710,0.106600,-0.000565,0.012350,0.000359,0.009995,0.058706,0.106556,-0.000565,0.012352,0.000359,0.009995,4.402006e-05,0.001290
1691,2,-90.0000,36.0000,-2.0000,0.099100,0.121000,0.001100,0.017280,0.000091,0.005325,0.099099,0.121048,0.001100,0.017283,0.000091,0.005325,4.757630e-05,0.001394
1692,2,-78.0000,36.0000,-2.0000,0.112600,0.127300,-0.000828,0.020800,-0.000107,0.002341,0.112593,0.127317,-0.000828,0.020803,-0.000107,0.002341,1.734225e-05,0.000508
1693,2,-66.0000,36.0000,-2.0000,0.127000,0.137900,-0.000399,0.023250,-0.000285,0.005009,0.126963,0.137864,-0.000399,0.023250,-0.000285,0.005009,3.713339e-05,0.001088
1694,2,-54.0000,36.0000,-2.0000,0.148800,0.153400,-0.000645,0.024800,-0.000466,0.005671,0.148811,0.153372,-0.000645,0.024796,-0.000466,0.005671,2.836190e-05,0.000831
1695,2,-42.0000,36.0000,-2.0000,0.168000,0.170200,0.001091,0.025550,-0.000622,0.004143,0.167981,0.170244,0.001091,0.025554,-0.000622,0.004143,4.431530e-05,0.001298
1696,2,-30.0000,36.0000,-2.0000,0.170100,0.179200,-0.002909,0.025790,-0.000679,0.000900,0.170070,0.179152,-0.002909,0.025786,-0.000679,0.000900,4.826574e-05,0.001414
1697,2,-114.0000,44.0000,-2.0000,0.018350,0.095230,-0.001252,0.006121,0.001223,0.005822,0.018348,0.095232,-0.001252,0.006121,0.001223,0.005822,2.130517e-06,0.000062
1698,2,-102.0000,44.0000,-2.0000,0.057930,0.104100,-0.000409,0.014990,0.000504,0.009828,0.057928,0.104055,-0.000409,0.014992,0.000504,0.009828,4.494501e-05,0.001317
1699,2,-90.0000,44.0000,-2.0000,0.097680,0.118600,0.001236,0.020950,0.000172,0.005231,0.097684,0.118570,0.001236,0.020952,0.000172,0.005231,3.017397e-05,0.000884
1700,2,-78.0000,44.0000,-2.0000,0.110900,0.124900,-0.000682,0.025200,-0.000083,0.002273,0.110939,0.124859,-0.000682,0.025198,-0.000083,0.002273,4.146108e-05,0.001215
1701,2,-66.0000,44.0000,-2.0000,0.125100,0.135300,-0.000250,0.028160,-0.000314,0.004900,0.125060,0.135309,-0.000250,0.028159,-0.000314,0.004900,4.044191e-05,0.001185
1702,2,-54.0000,44.0000,-2.0000,0.146600,0.150600,-0.000461,0.030050,-0.000548,0.005560,0.146560,0.150632,-0.000461,0.030052,-0.000548,0.005560,3.960577e-05,0.001160
1703,2,-42.0000,44.0000,-2.0000,0.165500,0.167300,0.001279,0.031030,-0.000761,0.004074,0.165505,0.167333,0.001279,0.031030,-0.000761,0.004074,3.287975e-05,0.000963
1704,2,-30.0000,44.0000,-2.0000,0.167700,0.176200,-0.002657,0.031390,-0.000864,0.000903,0.167671,0.176221,-0.002657,0.031394,-0.000864,0.000903,2.898929e-05,0.000849
1705,3,-114.0000,4.0000,-7.7500,0.010540,0.106100,0.009447,0.000474,0.000366,0.024650,0.010538,0.106073,0.009447,0.000474,0.000366,0.024653,2.688937e-05,0.000788
1706,3,-102.0000,4.0000,-7.7500,0.056890,0.111400,-0.001508,0.001258,0.000180,0.029810,0.056894,0.111360,-0.001508,0.001258,0.000180,0.029810,4.027544e-05,0.001180
1707,3,-90.0000,4.0000,-7.7500,0.055450,0.104700,-0.008585,0.001848,0.000083,0.010540,0.055448,0.104672,-0.008585,0.001848,0.000083,0.010539,2.803585e-05,0.000821
1708,3,-78.0000,4.0000,-7.7500,0.055550,0.109400,0.000415,0.002312,0.000014,0.009290,0.055552,0.109404,0.000415,0.002312,0.000014,0.009290,3.538510e-06,0.000104
1709,3,-66.0000,4.0000,-7.7500,0.056710,0.114500,0.000505,0.002678,-0.000049,0.013450,0.056712,0.114462,0.000505,0.002678,-0.000049,0.013453,3.778787e-05,0.001107
1710,3,-54.0000,4.0000,-7.7500,0.060780,0.122400,-0.001903,0.002960,-0.000106,0.016770,0.060780,0.122433,-0.001903,0.002960,-0.000106,0.016767,3.326469e-05,0.000975
1711,3,-42.0000,4.0000,-7.7500,0.063770,0.131800,-0.005109,0.003174,-0.000145,0.010930,0.063772,0.131789,-0.005109,0.003174,-0.000145,0.010928,1.097163e-05,0.000321
1712,3,-30.0000,4.0000,-7.7500,0.041740,0.132600,-0.009003,0.003363,-0.000131,-0.009865,0.041742,0.132557,-0.009003,0.003363,-0.000131,-0.009865,4.320439e-05,0.001266
1713,3,-114.0000,12.0000,-7.7500,0.010510,0.105500,0.009420,0.001425,0.001095,0.024580,0.010511,0.105526,0.009420,0.001425,0.001095,0.024576,2.590098e-05,0.000759
1714,3,-102.0000,12.0000,-7.7500,0.056740,0.110900,-0.001503,0.003772,0.000538,0.029720,0.056737,0.110855,-0.001503,0.003772,0.000538,0.029722,4.529200e-05,0.001327
1715,3,-90.0000,12.0000,-7.7500,0.055300,0.104200,-0.008559,0.005538,0.000246,0.010500,0.055302,0.104231,-0.008559,0.005538,0.000246,0.010499,3.143535e-05,0.000921
1716,3,-78.0000,12.0000,-7.7500,0.055400,0.109000,0.000412,0.006928,0.000036,0.009253,0.055397,0.108992,0.000412,0.006928,0.000036,0.009253,8.439659e-06,0.000247
1717,3,-66.0000,12.0000,-7.7500,0.056550,0.114100,0.000503,0.008026,-0.000151,0.013400,0.056546,0.114077,0.000503,0.008026,-0.000151,0.013399,2.324841e-05,0.000681
1718,3,-54.0000,12.0000,-7.7500,0.060610,0.122100,-0.001902,0.008874,-0.000322,0.016720,0.060605,0.122059,-0.001902,0.008874,-0.000322,0.016717,4.083398e-05,0.001196
1719,3,-42.0000,12.0000,-7.7500,0.063600,0.131400,-0.005107,0.009512,-0.000441,0.010910,0.063596,0.131431,-0.005107,0.009512,-0.000441,0.010911,3.074466e-05,0.000901
1720,3,-30.0000,12.0000,-7.7500,0.041690,0.132200,-0.009000,0.010070,-0.000405,-0.009777,0.041688,0.132248,-0.009000,0.010071,-0.000405,-0.009777,4.841347e-05,0.001419
1721,3,-114.0000,20.0000,-7.7500,0.010450,0.104400,0.009357,0.002371,0.001814,0.024420,0.010449,0.104412,0.009357,0.002371,0.001814,0.024425,1.169184e-05,0.000343
1722,3,-102.0000,20.0000,-7.7500,0.056420,0.109800,-0.001500,0.006271,0.000889,0.029550,0.056423,0.109838,-0.001500,0.006271,0.000889,0.029546,3.831418e-05,0.001123
1723,3,-90.0000,20.0000,-7.7500,0.055000,0.103400,-0.008518,0.009210,0.000401,0.010420,0.055005,0.103353,-0.008518,0.009210,0.000401,0.010418,4.722377e-05,0.001384
1724,3,-78.0000,20.0000,-7.7500,0.055090,0.108200,0.000404,0.011520,0.000048,0.009177,0.055090,0.108174,0.000404,0.011522,0.000048,0.009177,2.560968e-05,0.000750
1725,3,-66.0000,20.0000,-7.7500,0.056220,0.113300,0.000494,0.013340,-0.000266,0.013290,0.056216,0.113301,0.000494,0.013345,-0.000266,0.013292,4.504894e-06,0.000132
1726,3,-54.0000,20.0000,-7.7500,0.060250,0.121300,-0.001908,0.014760,-0.000558,0.016610,0.060246,0.121293,-0.001908,0.014757,-0.000558,0.016612,6.855296e-06,0.000201
1727,3,-42.0000,20.0000,-7.7500,0.063230,0.130700,-0.005106,0.015830,-0.000763,0.010870,0.063232,0.130682,-0.005106,0.015827,-0.000763,0.010875,1.842411e-05,0.000540
1728,3,-30.0000,20.0000,-7.7500,0.041570,0.131600,-0.008966,0.016740,-0.000723,-0.009618,0.041574,0.131631,-0.008966,0.016744,-0.000723,-0.009618,3.103676e-05,0.000909
1729,3,-114.0000,28.0000,-7.7500,0.010370,0.102700,0.009268,0.003312,0.002522,0.024200,0.010371,0.102741,0.009268,0.003312,0.002522,0.024200,4.140459e-05,0.001213
1730,3,-102.0000,28.0000,-7.7500,0.055940,0.108300,-0.001519,0.008748,0.001235,0.029280,0.055940,0.108293,-0.001519,0.008748,0.001235,0.029277,6.844181e-06,0.000201
1731,3,-90.0000,28.0000,-7.7500,0.054540,0.102000,-0.008484,0.012850,0.000544,0.010290,0.054538,0.102014,-0.008484,0.012850,0.000544,0.010293,1.425689e-05,0.000418
1732,3,-78.0000,28.0000,-7.7500,0.054610,0.106900,0.000367,0.016070,0.000045,0.009057,0.054607,0.106921,0.000367,0.016073,0.000045,0.009057,2.090154e-05,0.000612
1733,3,-66.0000,28.0000,-7.7500,0.055710,0.112100,0.000456,0.018610,-0.000403,0.013120,0.055709,0.112105,0.000456,0.018613,-0.000403,0.013124,5.323245e-06,0.000156
1734,3,-54.0000,28.0000,-7.7500,0.059710,0.120100,-0.001919,0.020590,-0.000829,0.016440,0.059706,0.120127,-0.001919,0.020587,-0.000829,0.016444,2.664621e-05,0.000781
1735,3,-42.0000,28.0000,-7.7500,0.062700,0.129500,-0.005079,0.022090,-0.001140,0.010810,0.062696,0.129549,-0.005079,0.022092,-0.001140,0.010805,4.946004e-05,0.001449
1736,3,-30.0000,28.0000,-7.7500,0.041350,0.130600,-0.008930,0.023360,-0.001118,-0.009407,0.041352,0.130630,-0.008930,0.023365,-0.001118,-0.009407,3.041634e-05,0.000891
1737,3,-114.0000,36.0000,-7.7500,0.010260,0.100500,0.009155,0.004240,0.003229,0.023900,0.010255,0.100510,0.009155,0.004240,0.003229,0.023903,9.727545e-06,0.000285
1738,3,-102.0000,36.0000,-7.7500,0.055350,0.106300,-0.001501,0.011180,0.001588,0.028910,0.055352,0.106261,-0.001501,0.011181,0.001588,0.028913,3.905437e-05,0.001144
1739,3,-90.0000,36.0000,-7.7500,0.053920,0.100200,-0.008425,0.016440,0.000692,0.010120,0.053923,0.100238,-0.008425,0.016441,0.000692,0.010125,3.770294e-05,0.001105
1740,3,-78.0000,36.0000,-7.7500,0.053970,0.105300,0.000338,0.020550,0.000038,0.008884,0.053973,0.105257,0.000338,0.020554,0.000038,0.008884,4.282227e-05,0.001255
1741,3,-66.0000,36.0000,-7.7500,0.055050,0.110500,0.000423,0.023800,-0.000552,0.012890,0.055046,0.110502,0.000423,0.023801,-0.000552,0.012891,3.522102e-06,0.000103
1742,3,-54.0000,36.0000,-7.7500,0.058990,0.118500,-0.001921,0.026330,-0.001130,0.016200,0.058989,0.118547,-0.001921,0.026330,-0.001130,0.016200,4.665564e-05,0.001367
1743,3,-42.0000,36.0000,-7.7500,0.061960,0.128000,-0.005045,0.028270,-0.001579,0.010680,0.061961,0.127964,-0.005045,0.028270,-0.001579,0.010685,3.592288e-05,0.001053
1744,3,-30.0000,36.0000,-7.7500,0.041020,0.129200,-0.008873,0.029910,-0.001609,-0.009167,0.041021,0.129204,-0.008873,0.029907,-0.001609,-0.009167,4.119402e-06,0.000121
1745,3,-114.0000,44.0000,-7.7500,0.010230,0.097690,0.009096,0.005116,0.003936,0.023540,0.010232,0.097687,0.009096,0.005116,0.003936,0.023540,3.137090e-06,0.000092
1746,3,-102.0000,44.0000,-7.7500,0.054600,0.103700,-0.001439,0.013600,0.001942,0.028440,0.054605,0.103656,-0.001439,0.013601,0.001942,0.028443,4.414963e-05,0.001294
1747,3,-90.0000,44.0000,-7.7500,0.053170,0.098000,-0.008274,0.019960,0.000831,0.009910,0.053166,0.098002,-0.008274,0.019958,0.000831,0.009910,4.210431e-06,0.000123
1748,3,-78.0000,44.0000,-7.7500,0.053190,0.103100,0.000362,0.024930,0.000011,0.008652,0.053193,0.103138,0.000362,0.024929,0.000011,0.008652,3.832918e-05,0.001123
1749,3,-66.0000,44.0000,-7.7500,0.054220,0.108400,0.000438,0.028870,-0.000743,0.012580,0.054223,0.108435,0.000438,0.028868,-0.000743,0.012584,3.531257e-05,0.001035
1750,3,-54.0000,44.0000,-7.7500,0.058080,0.116500,-0.001866,0.031940,-0.001501,0.015860,0.058081,0.116453,-0.001866,0.031940,-0.001501,0.015856,4.690741e-05,0.001374
1751,3,-42.0000,44.0000,-7.7500,0.061040,0.125800,-0.004929,0.034310,-0.002132,0.010480,0.061036,0.125833,-0.004929,0.034313,-0.002132,0.010482,3.316893e-05,0.000972
1752,3,-30.0000,44.0000,-7.7500,0.040580,0.127200,-0.008738,0.036340,-0.002283,-0.008937,0.040578,0.127194,-0.008738,0.036341,-0.002283,-0.008937,6.306856e-06,0.000185
1753,3,-114.0000,4.0000,-15.2500,0.073170,0.147000,0.046370,0.000399,0.000604,0.061180,0.073174,0.147000,0.046370,0.000399,0.000604,0.061182,4.227804e-06,0.000124
1754,3,-102.0000,4.0000,-15.2500,0.026470,0.087350,-0.033640,0.001127,0.000377,0.017350,0.026470,0.087350,-0.033642,0.001127,0.000377,0.017345,4.910803e-06,0.000144
1755,3,-90.0000,4.0000,-15.2500,0.000543,0.083110,-0.009450,0.001751,0.000232,0.006477,0.000543,0.083107,-0.009450,0.001751,0.000232,0.006477,3.420398e-06,0.000100
1756,3,-78.0000,4.0000,-15.2500,-0.022810,0.078610,0.000146,0.002295,0.000132,0.006970,-0.022815,0.078605,0.000146,0.002295,0.000133,0.006970,4.779609e-06,0.000140
1757,3,-66.0000,4.0000,-15.2500,-0.042950,0.076700,0.003406,0.002780,0.000044,0.013400,-0.042947,0.076704,0.003406,0.002780,0.000044,0.013398,4.386725e-06,0.000129
1758,3,-54.0000,4.0000,-15.2500,-0.060430,0.075320,-0.002861,0.003209,-0.000038,0.019420,-0.060433,0.075323,-0.002861,0.003209,-0.000038,0.019420,3.091372e-06,0.000091
1759,3,-42.0000,4.0000,-15.2500,-0.073570,0.074920,-0.017950,0.003590,-0.000093,0.013000,-0.073570,0.074922,-0.017955,0.003590,-0.000093,0.012996,4.928799e-06,0.000144
1760,3,-30.0000,4.0000,-15.2500,-0.091690,0.069680,-0.046150,0.003942,-0.000050,-0.031850,-0.091688,0.069682,-0.046147,0.003942,-0.000050,-0.031853,3.383159e-06,0.000099
1761,3,-114.0000,12.0000,-15.2500,0.072980,0.146300,0.046220,0.001197,0.001808,0.061010,0.072978,0.146325,0.046220,0.001197,0.001808,0.061009,2.513414e-05,0.000736
1762,3,-102.0000,12.0000,-15.2500,0.026410,0.086910,-0.033560,0.003377,0.001125,0.017290,0.026413,0.086908,-0.033564,0.003377,0.001125,0.017288,3.638519e-06,0.000107
1763,3,-90.0000,12.0000,-15.2500,0.000555,0.082720,-0.009449,0.005249,0.000691,0.006446,0.000555,0.082724,-0.009449,0.005249,0.000691,0.006446,3.656706e-06,0.000107
1764,3,-78.0000,12.0000,-15.2500,-0.022730,0.078300,0.000128,0.006881,0.000392,0.006935,-0.022732,0.078296,0.000128,0.006881,0.000392,0.006935,4.451626e-06,0.000130
1765,3,-66.0000,12.0000,-15.2500,-0.042810,0.076450,0.003378,0.008332,0.000126,0.013340,-0.042805,0.076448,0.003378,0.008332,0.000126,0.013344,4.851176e-06,0.000142
1766,3,-54.0000,12.0000,-15.2500,-0.060240,0.075100,-0.002872,0.009618,-0.000125,0.019360,-0.060240,0.075104,-0.002872,0.009618,-0.000125,0.019359,3.845992e-06,0.000113
1767,3,-42.0000,12.0000,-15.2500,-0.073330,0.074740,-0.017910,0.010760,-0.000292,0.012980,-0.073328,0.074744,-0.017910,0.010758,-0.000292,0.012978,3.963638e-06,0.000116
1768,3,-30.0000,12.0000,-15.2500,-0.091350,0.069550,-0.046000,0.011800,-0.000176,-0.031650,-0.091353,0.069552,-0.046001,0.011802,-0.000176,-0.031655,4.976776e-06,0.000146
1769,3,-114.0000,20.0000,-15.2500,0.072590,0.145000,0.045920,0.001989,0.003003,0.060660,0.072590,0.144968,0.045918,0.001989,0.003003,0.060664,3.216054e-05,0.000942
1770,3,-102.0000,20.0000,-15.2500,0.026300,0.086020,-0.033410,0.005617,0.001866,0.017180,0.026303,0.086021,-0.033409,0.005617,0.001866,0.017178,2.669923e-06,0.000078
1771,3,-90.0000,20.0000,-15.2500,0.000594,0.081980,-0.009431,0.008736,0.001140,0.006383,0.000594,0.081976,-0.009431,0.008736,0.001140,0.006383,3.583428e-06,0.000105
1772,3,-78.0000,20.0000,-15.2500,-0.022560,0.077690,0.000097,0.011450,0.000638,0.006860,-0.022559,0.077686,0.000097,0.011452,0.000638,0.006860,4.433076e-06,0.000130
1773,3,-66.0000,20.0000,-15.2500,-0.042530,0.075930,0.003316,0.013860,0.000189,0.013230,-0.042528,0.075930,0.003316,0.013859,0.000188,0.013231,2.188399e-06,0.000064
1774,3,-54.0000,20.0000,-15.2500,-0.059860,0.074670,-0.002893,0.015990,-0.000241,0.019230,-0.059858,0.074667,-0.002893,0.015994,-0.000241,0.019230,3.577561e-06,0.000105
1775,3,-42.0000,20.0000,-15.2500,-0.072860,0.074380,-0.017830,0.017890,-0.000534,0.012930,-0.072858,0.074379,-0.017833,0.017888,-0.000534,0.012934,4.359259e-06,0.000128
1776,3,-30.0000,20.0000,-15.2500,-0.090710,0.069290,-0.045730,0.019600,-0.000375,-0.031290,-0.090714,0.069292,-0.045730,0.019601,-0.000375,-0.031287,4.077348e-06,0.000119
1777,3,-114.0000,28.0000,-15.2500,0.072030,0.142900,0.045470,0.002777,0.004184,0.060150,0.072029,0.142937,0.045472,0.002777,0.004184,0.060154,3.721061e-05,0.001090
1778,3,-102.0000,28.0000,-15.2500,0.026150,0.084690,-0.033170,0.007845,0.002599,0.017010,0.026149,0.084687,-0.033174,0.007845,0.002599,0.017013,3.556986e-06,0.000104
1779,3,-90.0000,28.0000,-15.2500,0.000659,0.080850,-0.009402,0.012200,0.001579,0.006286,0.000659,0.080854,-0.009402,0.012205,0.001579,0.006286,4.872759e-06,0.000143
1780,3,-78.0000,28.0000,-15.2500,-0.022310,0.076760,0.000040,0.015990,0.000864,0.006739,-0.022310,0.076758,0.000040,0.015995,0.000864,0.006739,4.826165e-06,0.000141
1781,3,-66.0000,28.0000,-15.2500,-0.042110,0.075160,0.003230,0.019350,0.000219,0.013050,-0.042107,0.075161,0.003230,0.019345,0.000219,0.013049,4.570065e-06,0.000134
1782,3,-54.0000,28.0000,-15.2500,-0.059280,0.074030,-0.002923,0.022320,-0.000404,0.019030,-0.059283,0.074032,-0.002923,0.022318,-0.000404,0.019025,4.962712e-06,0.000145
1783,3,-42.0000,28.0000,-15.2500,-0.072150,0.073860,-0.017710,0.024950,-0.000848,0.012850,-0.072154,0.073861,-0.017714,0.024951,-0.000848,0.012854,4.116831e-06,0.000121
1784,3,-30.0000,28.0000,-15.2500,-0.089800,0.068910,-0.045350,0.027310,-0.000687,-0.030780,-0.089798,0.068908,-0.045349,0.027309,-0.000687,-0.030783,3.244350e-06,0.000095
1785,3,-114.0000,36.0000,-15.2500,0.071270,0.140200,0.044870,0.003553,0.005338,0.059480,0.071265,0.140203,0.044872,0.003553,0.005338,0.059483,4.570016e-06,0.000134
1786,3,-102.0000,36.0000,-15.2500,0.025990,0.082920,-0.032830,0.010050,0.003317,0.016790,0.025992,0.082916,-0.032829,0.010050,0.003317,0.016788,3.506934e-06,0.000103
1787,3,-90.0000,36.0000,-15.2500,0.000748,0.079350,-0.009356,0.015650,0.001999,0.006146,0.000748,0.079351,-0.009356,0.015646,0.001999,0.006146,4.079220e-06,0.000120
1788,3,-78.0000,36.0000,-15.2500,-0.021970,0.075520,-0.000028,0.020490,0.001062,0.006564,-0.021974,0.075520,-0.000028,0.020491,0.001062,0.006564,4.475099e-06,0.000131
1789,3,-66.0000,36.0000,-15.2500,-0.041550,0.074130,0.003123,0.024770,0.000205,0.012790,-0.041547,0.074133,0.003123,0.024772,0.000205,0.012789,3.062710e-06,0.000090
1790,3,-54.0000,36.0000,-15.2500,-0.058520,0.073190,-0.002953,0.028570,-0.000634,0.018720,-0.058522,0.073190,-0.002953,0.028567,-0.000634,0.018722,3.388257e-06,0.000099
1791,3,-42.0000,36.0000,-15.2500,-0.071240,0.073160,-0.017560,0.031930,-0.001271,0.012710,-0.071243,0.073160,-0.017564,0.031925,-0.001271,0.012706,4.942970e-06,0.000145
1792,3,-30.0000,36.0000,-15.2500,-0.088630,0.068400,-0.044870,0.034910,-0.001161,-0.030180,-0.088625,0.068397,-0.044869,0.034908,-0.001161,-0.030180,4.967275e-06,0.000146
1793,3,-114.0000,44.0000,-15.2500,0.070560,0.136900,0.044290,0.004275,0.006443,0.058660,0.070564,0.136855,0.044288,0.004275,0.006443,0.058659,4.473054e-05,0.001311
1794,3,-102.0000,44.0000,-15.2500,0.025760,0.080640,-0.032420,0.012270,0.004004,0.016490,0.025758,0.080637,-0.032423,0.012271,0.004004,0.016492,2.919935e-06,0.000086
1795,3,-90.0000,44.0000,-15.2500,0.000850,0.077470,-0.009305,0.019040,0.002381,0.005949,0.000850,0.077472,-0.009305,0.019045,0.002381,0.005949,4.969370e-06,0.000146
1796,3,-78.0000,44.0000,-15.2500,-0.021560,0.073960,-0.000127,0.024920,0.001207,0.006318,-0.021565,0.073960,-0.000127,0.024922,0.001207,0.006318,4.812221e-06,0.000141
1797,3,-66.0000,44.0000,-15.2500,-0.040870,0.072830,0.002959,0.030120,0.000113,0.012430,-0.040866,0.072827,0.002959,0.030118,0.000113,0.012431,3.981923e-06,0.000117
1798,3,-54.0000,44.0000,-15.2500,-0.057610,0.072100,-0.003045,0.034720,-0.000981,0.018290,-0.057614,0.072102,-0.003045,0.034723,-0.000981,0.018287,4.377653e-06,0.000128
1799,3,-42.0000,44.0000,-15.2500,-0.070170,0.072250,-0.017460,0.038790,-0.001871,0.012440,-0.070173,0.072245,-0.017462,0.038789,-0.001871,0.012442,4.649148e-06,0.000136
1800,3,-30.0000,44.0000,-15.2500,-0.087240,0.067720,-0.044380,0.042390,-0.001884,-0.029530,-0.087243,0.067723,-0.044384,0.042388,-0.001884,-0.029532,4.013192e-06,0.000118
1801,4,-114.0000,4.0000,-36.5000,0.017160,0.022590,0.004527,0.000051,0.000260,0.006177,0.017159,0.022587,0.004527,0.000051,0.000260,0.006177,2.526875e-06,0.000074
1802,4,-102.0000,4.0000,-36.5000,0.004978,0.014850,0.000499,0.000150,0.000212,0.000323,0.004978,0.014848,0.000499,0.000150,0.000212,0.000323,2.277729e-06,0.000067
1803,4,-90.0000,4.0000,-36.5000,-0.004969,0.008823,-0.003354,0.000240,0.000184,-0.003802,-0.004969,0.008823,-0.003354,0.000240,0.000184,-0.003802,4.487179e-07,0.000013
1804,4,-78.0000,4.0000,-36.5000,-0.013720,0.003809,-0.007490,0.000321,0.000173,-0.008413,-0.013722,0.003809,-0.007490,0.000321,0.000173,-0.008413,1.609352e-06,0.000047
1805,4,-66.0000,4.0000,-36.5000,-0.021840,-0.000736,-0.012500,0.000397,0.000180,-0.013970,-0.021837,-0.000736,-0.012499,0.000397,0.000180,-0.013971,3.436644e-06,0.000101
1806,4,-54.0000,4.0000,-36.5000,-0.029200,-0.004976,-0.018730,0.000467,0.000206,-0.021190,-0.029205,-0.004976,-0.018728,0.000467,0.000206,-0.021185,4.846689e-06,0.000142
1807,4,-42.0000,4.0000,-36.5000,-0.034860,-0.008613,-0.026240,0.000532,0.000258,-0.031000,-0.034855,-0.008613,-0.026242,0.000532,0.000258,-0.031001,4.920696e-06,0.000144
1808,4,-30.0000,4.0000,-36.5000,-0.035980,-0.010250,-0.034230,0.000589,0.000343,-0.044420,-0.035979,-0.010253,-0.034231,0.000589,0.000343,-0.044420,2.888159e-06,0.000085
1809,4,-114.0000,12.0000,-36.5000,0.017100,0.022480,0.004496,0.000153,0.000778,0.006158,0.017104,0.022477,0.004496,0.000153,0.000778,0.006158,3.809005e-06,0.000112
1810,4,-102.0000,12.0000,-36.5000,0.004961,0.014770,0.000484,0.000449,0.000634,0.000322,0.004961,0.014772,0.000484,0.000449,0.000634,0.000322,1.863175e-06,0.000055
1811,4,-90.0000,12.0000,-36.5000,-0.004956,0.008775,-0.003354,0.000718,0.000551,-0.003790,-0.004956,0.008775,-0.003354,0.000718,0.000551,-0.003790,4.930060e-07,0.000014
1812,4,-78.0000,12.0000,-36.5000,-0.013680,0.003788,-0.007472,0.000962,0.000518,-0.008387,-0.013679,0.003788,-0.007472,0.000962,0.000518,-0.008387,1.261693e-06,0.000037
1813,4,-66.0000,12.0000,-36.5000,-0.021770,-0.000732,-0.012460,0.001190,0.000538,-0.013930,-0.021765,-0.000732,-0.012460,0.001190,0.000538,-0.013927,4.706614e-06,0.000138
1814,4,-54.0000,12.0000,-36.5000,-0.029110,-0.004953,-0.018670,0.001401,0.000618,-0.021120,-0.029109,-0.004953,-0.018667,0.001401,0.000618,-0.021118,2.557874e-06,0.000075
1815,4,-42.0000,12.0000,-36.5000,-0.034740,-0.008573,-0.026160,0.001594,0.000771,-0.030900,-0.034742,-0.008573,-0.026156,0.001594,0.000771,-0.030901,4.140522e-06,0.000121
1816,4,-30.0000,12.0000,-36.5000,-0.035860,-0.010210,-0.034120,0.001765,0.001024,-0.044270,-0.035864,-0.010208,-0.034119,0.001765,0.001024,-0.044272,4.149710e-06,0.000122
1817,4,-114.0000,20.0000,-36.5000,0.017000,0.022260,0.004434,0.000255,0.001292,0.006118,0.016995,0.022256,0.004434,0.000255,0.001292,0.006118,4.554793e-06,0.000133
1818,4,-102.0000,20.0000,-36.5000,0.004927,0.014620,0.000454,0.000747,0.001053,0.000320,0.004927,0.014619,0.000454,0.000747,0.001053,0.000320,1.182782e-06,0.000035
1819,4,-90.0000,20.0000,-36.5000,-0.004926,0.008680,-0.003352,0.001196,0.000914,-0.003767,-0.004926,0.008680,-0.003352,0.001196,0.000914,-0.003767,4.804681e-07,0.000014
1820,4,-78.0000,20.0000,-36.5000,-0.013590,0.003746,-0.007435,0.001603,0.000861,-0.008336,-0.013592,0.003746,-0.007435,0.001603,0.000861,-0.008336,1.796084e-06,0.000053
1821,4,-66.0000,20.0000,-36.5000,-0.021630,-0.000728,-0.012390,0.001980,0.000895,-0.013840,-0.021625,-0.000728,-0.012385,0.001980,0.000895,-0.013841,4.932992e-06,0.000145
1822,4,-54.0000,20.0000,-36.5000,-0.028920,-0.004906,-0.018550,0.002329,0.001026,-0.020990,-0.028919,-0.004906,-0.018546,0.002329,0.001026,-0.020986,4.228190e-06,0.000124
1823,4,-42.0000,20.0000,-36.5000,-0.034510,-0.008491,-0.025980,0.002649,0.001279,-0.030700,-0.034514,-0.008491,-0.025982,0.002649,0.001279,-0.030703,4.159831e-06,0.000122
1824,4,-30.0000,20.0000,-36.5000,-0.035630,-0.010110,-0.033890,0.002931,0.001693,-0.043980,-0.035633,-0.010112,-0.033893,0.002931,0.001693,-0.043981,3.083710e-06,0.000090
1825,4,-114.0000,28.0000,-36.5000,0.016840,0.021930,0.004342,0.000355,0.001798,0.006059,0.016836,0.021926,0.004342,0.000355,0.001798,0.006059,4.290028e-06,0.000126
1826,4,-102.0000,28.0000,-36.5000,0.004877,0.014390,0.000409,0.001044,0.001466,0.000316,0.004877,0.014388,0.000408,0.001044,0.001466,0.000316,1.689094e-06,0.000049
1827,4,-90.0000,28.0000,-36.5000,-0.004881,0.008537,-0.003348,0.001671,0.001274,-0.003732,-0.004881,0.008537,-0.003348,0.001671,0.001274,-0.003732,4.949854e-07,0.000015
1828,4,-78.0000,28.0000,-36.5000,-0.013460,0.003682,-0.007381,0.002240,0.001201,-0.008259,-0.013462,0.003682,-0.007381,0.002240,0.001201,-0.008259,2.315912e-06,0.000068
1829,4,-66.0000,28.0000,-36.5000,-0.021410,-0.000718,-0.012270,0.002766,0.001248,-0.013710,-0.021415,-0.000718,-0.012271,0.002766,0.001248,-0.013712,4.834492e-06,0.000142
1830,4,-54.0000,28.0000,-36.5000,-0.028630,-0.004831,-0.018360,0.003251,0.001429,-0.020790,-0.028634,-0.004831,-0.018363,0.003251,0.001429,-0.020789,4.323654e-06,0.000127
1831,4,-42.0000,28.0000,-36.5000,-0.034170,-0.008363,-0.025720,0.003694,0.001778,-0.030410,-0.034174,-0.008363,-0.025721,0.003694,0.001778,-0.030411,3.785203e-06,0.000111
1832,4,-30.0000,28.0000,-36.5000,-0.035280,-0.009958,-0.033550,0.004083,0.002347,-0.043550,-0.035285,-0.009958,-0.033553,0.004083,0.002347,-0.043552,4.975645e-06,0.000146
1833,4,-114.0000,36.0000,-36.5000,0.016620,0.021480,0.004217,0.000454,0.002293,0.005981,0.016623,0.021484,0.004217,0.000454,0.002293,0.005981,4.218900e-06,0.000124
1834,4,-102.0000,36.0000,-36.5000,0.004819,0.014080,0.000351,0.001339,0.001870,0.000311,0.004819,0.014082,0.000351,0.001339,0.001870,0.000311,2.497028e-06,0.000073
1835,4,-90.0000,36.0000,-36.5000,-0.004820,0.008348,-0.003344,0.002145,0.001627,-0.003686,-0.004820,0.008348,-0.003344,0.002145,0.001627,-0.003686,3.354858e-07,0.000010
1836,4,-78.0000,36.0000,-36.5000,-0.013290,0.003600,-0.007307,0.002873,0.001536,-0.008156,-0.013288,0.003600,-0.007307,0.002873,0.001536,-0.008156,2.228250e-06,0.000065
1837,4,-66.0000,36.0000,-36.5000,-0.021130,-0.000701,-0.012120,0.003544,0.001597,-0.013540,-0.021133,-0.000701,-0.012117,0.003544,0.001597,-0.013543,2.759771e-06,0.000081
1838,4,-54.0000,36.0000,-36.5000,-0.028250,-0.004723,-0.018120,0.004163,0.001828,-0.020530,-0.028254,-0.004723,-0.018117,0.004163,0.001828,-0.020530,3.698221e-06,0.000108
1839,4,-42.0000,36.0000,-36.5000,-0.033720,-0.008179,-0.025370,0.004728,0.002268,-0.030030,-0.033718,-0.008179,-0.025369,0.004728,0.002268,-0.030029,1.838176e-06,0.000054
1840,4,-30.0000,36.0000,-36.5000,-0.034820,-0.009736,-0.033100,0.005218,0.002982,-0.042990,-0.034818,-0.009736,-0.033097,0.005218,0.002982,-0.042994,3.531949e-06,0.000103
1841,4,-114.0000,44.0000,-36.5000,0.016390,0.020940,0.004075,0.000544,0.002771,0.005885,0.016390,0.020939,0.004075,0.000544,0.002771,0.005885,1.426924e-06,0.000042
1842,4,-102.0000,44.0000,-36.5000,0.004741,0.013690,0.000272,0.001639,0.002262,0.000306,0.004741,0.013691,0.000272,0.001639,0.002262,0.000306,1.107540e-06,0.000032
1843,4,-90.0000,44.0000,-36.5000,-0.004742,0.008114,-0.003338,0.002616,0.001972,-0.003627,-0.004742,0.008114,-0.003338,0.002616,0.001972,-0.003627,4.538116e-07,0.000013
1844,4,-78.0000,44.0000,-36.5000,-0.013070,0.003501,-0.007212,0.003500,0.001866,-0.008028,-0.013068,0.003501,-0.007212,0.003500,0.001866,-0.008028,2.407040e-06,0.000071
1845,4,-66.0000,44.0000,-36.5000,-0.020780,-0.000675,-0.011920,0.004315,0.001944,-0.013330,-0.020776,-0.000675,-0.011921,0.004315,0.001944,-0.013332,3.548582e-06,0.000104
1846,4,-54.0000,44.0000,-36.5000,-0.027770,-0.004577,-0.017800,0.005066,0.002225,-0.020210,-0.027773,-0.004577,-0.017802,0.005066,0.002225,-0.020212,2.749680e-06,0.000081
1847,4,-42.0000,44.0000,-36.5000,-0.033140,-0.007930,-0.024920,0.005749,0.002752,-0.029560,-0.033143,-0.007930,-0.024922,0.005749,0.002752,-0.029562,3.117703e-06,0.000091
1848,4,-30.0000,44.0000,-36.5000,-0.034230,-0.009431,-0.032520,0.006336,0.003602,-0.042310,-0.034228,-0.009431,-0.032518,0.006336,0.003602,-0.042313,3.349231e-06,0.000098
1849,2,-114.0000,54.0000,-2.0000,0.017960,0.091030,-0.001186,0.007480,0.001377,0.005675,0.017955,0.091029,-0.001186,0.007480,0.001377,0.005675,4.905125e-06,0.000144
1850,2,-102.0000,54.0000,-2.0000,0.056530,0.100100,-0.000395,0.018140,0.000508,0.009568,0.056535,0.100108,-0.000395,0.018141,0.000508,0.009568,7.747385e-06,0.000227
1851,2,-90.0000,54.0000,-2.0000,0.095330,0.114600,0.001205,0.025310,0.000102,0.005076,0.095334,0.114604,0.001205,0.025307,0.000102,0.005076,3.598467e-06,0.000105
1852,2,-78.0000,54.0000,-2.0000,0.108200,0.120900,-0.000675,0.030400,-0.000217,0.002160,0.108225,0.120889,-0.000676,0.030404,-0.000217,0.002160,2.496267e-05,0.000731
1853,2,-66.0000,54.0000,-2.0000,0.121900,0.131100,-0.000235,0.033980,-0.000513,0.004715,0.121947,0.131107,-0.000235,0.033978,-0.000513,0.004715,4.749316e-05,0.001392
1854,2,-54.0000,54.0000,-2.0000,0.142900,0.146000,-0.000415,0.036290,-0.000831,0.005349,0.142895,0.145982,-0.000415,0.036289,-0.000831,0.005349,1.808765e-05,0.000530
1855,2,-42.0000,54.0000,-2.0000,0.161400,0.162100,0.001267,0.037540,-0.001143,0.003917,0.161382,0.162104,0.001267,0.037536,-0.001143,0.003917,1.776605e-05,0.000521
1856,2,-30.0000,54.0000,-2.0000,0.163600,0.170600,-0.002509,0.038070,-0.001354,0.000825,0.163589,0.170649,-0.002509,0.038074,-0.001354,0.000825,4.891197e-05,0.001433
1857,2,-114.0000,66.0000,-2.0000,0.017230,0.084960,-0.001276,0.008902,0.001689,0.005459,0.017227,0.084964,-0.001276,0.008902,0.001689,0.005459,4.093518e-06,0.000120
1858,2,-102.0000,66.0000,-2.0000,0.054430,0.094490,-0.000518,0.021650,0.000657,0.009190,0.054429,0.094489,-0.000518,0.021653,0.000657,0.009190,3.268556e-06,0.000096
1859,2,-90.0000,66.0000,-2.0000,0.091860,0.108900,0.001001,0.030150,0.000155,0.004845,0.091861,0.108901,0.001001,0.030151,0.000155,0.004845,1.085227e-06,0.000032
1860,2,-78.0000,66.0000,-2.0000,0.104200,0.115100,-0.000803,0.036150,-0.000247,0.001987,0.104232,0.115133,-0.000803,0.036148,-0.000247,0.001987,3.309981e-05,0.000970
1861,2,-66.0000,66.0000,-2.0000,0.117400,0.124900,-0.000369,0.040340,-0.000637,0.004429,0.117352,0.124862,-0.000369,0.040344,-0.000637,0.004429,4.811401e-05,0.001410
1862,2,-54.0000,66.0000,-2.0000,0.137400,0.138800,-0.000556,0.043060,-0.001071,0.005015,0.137425,0.138791,-0.000556,0.043060,-0.001071,0.005015,2.505760e-05,0.000734
1863,2,-42.0000,66.0000,-2.0000,0.155200,0.153700,0.001064,0.044560,-0.001534,0.003614,0.155152,0.153717,0.001064,0.044558,-0.001534,0.003614,4.794665e-05,0.001405
1864,2,-30.0000,66.0000,-2.0000,0.157100,0.161000,-0.002556,0.045210,-0.001966,0.000553,0.157084,0.161040,-0.002556,0.045214,-0.001966,0.000553,3.979759e-05,0.001166
1865,2,-114.0000,78.0000,-2.0000,0.016500,0.077960,-0.001235,0.010200,0.001928,0.005207,0.016500,0.077958,-0.001235,0.010204,0.001928,0.005207,4.029112e-06,0.000118
1866,2,-102.0000,78.0000,-2.0000,0.052040,0.088040,-0.000507,0.024760,0.000744,0.008732,0.052045,0.088039,-0.000507,0.024759,0.000744,0.008732,4.600607e-06,0.000135
1867,2,-90.0000,78.0000,-2.0000,0.087810,0.102300,0.000926,0.034420,0.000152,0.004553,0.087812,0.102346,0.000926,0.034417,0.000152,0.004553,4.614992e-05,0.001352
1868,2,-78.0000,78.0000,-2.0000,0.099500,0.108400,-0.000803,0.041150,-0.000332,0.001755,0.099498,0.108397,-0.000803,0.041150,-0.000332,0.001755,3.369135e-06,0.000099
1869,2,-66.0000,78.0000,-2.0000,0.111800,0.117400,-0.000392,0.045760,-0.000810,0.004056,0.111805,0.117353,-0.000392,0.045765,-0.000810,0.004056,4.736710e-05,0.001388
1870,2,-54.0000,78.0000,-2.0000,0.130800,0.129900,-0.000584,0.048660,-0.001365,0.004572,0.130755,0.129865,-0.000584,0.048663,-0.001365,0.004572,4.455865e-05,0.001306
1871,2,-42.0000,78.0000,-2.0000,0.147400,0.142800,0.000984,0.050190,-0.001985,0.003159,0.147423,0.142812,0.000984,0.050188,-0.001985,0.003159,2.270721e-05,0.000665
1872,2,-30.0000,78.0000,-2.0000,0.148700,0.147900,-0.002440,0.050750,-0.002647,0.000040,0.148664,0.147878,-0.002440,0.050746,-0.002647,0.000040,3.572738e-05,0.001047
1873,2,-114.0000,90.0000,-2.0000,0.015740,0.070180,-0.001134,0.011310,0.002174,0.004893,0.015741,0.070178,-0.001134,0.011307,0.002174,0.004893,3.366863e-06,0.000099
1874,2,-102.0000,90.0000,-2.0000,0.049330,0.080900,-0.000474,0.027390,0.000867,0.008215,0.049329,0.080899,-0.000474,0.027391,0.000867,0.008215,1.187150e-06,0.000035
1875,2,-90.0000,90.0000,-2.0000,0.083260,0.095140,0.000928,0.037960,0.000200,0.004200,0.083258,0.095137,0.000928,0.037961,0.000200,0.004200,3.370772e-06,0.000099
1876,2,-78.0000,90.0000,-2.0000,0.094020,0.100900,-0.000739,0.045240,-0.000362,0.001459,0.094023,0.100905,-0.000739,0.045244,-0.000362,0.001459,4.812410e-06,0.000141
1877,2,-66.0000,90.0000,-2.0000,0.105200,0.108900,-0.000337,0.050030,-0.000923,0.003598,0.105237,0.108921,-0.000337,0.050033,-0.000924,0.003598,3.692418e-05,0.001082
1878,2,-54.0000,90.0000,-2.0000,0.122700,0.119600,-0.000561,0.052760,-0.001573,0.004020,0.122703,0.119648,-0.000561,0.052760,-0.001573,0.004020,4.793337e-05,0.001404
1879,2,-42.0000,90.0000,-2.0000,0.138000,0.130000,0.000969,0.053860,-0.002279,0.002587,0.138026,0.130017,0.000970,0.053855,-0.002279,0.002587,2.614782e-05,0.000766
1880,2,-30.0000,90.0000,-2.0000,0.138300,0.131900,-0.002463,0.053960,-0.003052,-0.000559,0.138277,0.131851,-0.002463,0.053963,-0.003052,-0.000559,4.865455e-05,0.001426
1881,2,-114.0000,102.0000,-2.0000,0.014450,0.061480,-0.001426,0.012210,0.002169,0.004565,0.014448,0.061479,-0.001426,0.012208,0.002169,0.004565,2.164508e-06,0.000063
1882,2,-102.0000,102.0000,-2.0000,0.046190,0.073040,-0.000699,0.029400,0.000764,0.007651,0.046193,0.073042,-0.000699,0.029402,0.000764,0.007651,2.666123e-06,0.000078
1883,2,-90.0000,102.0000,-2.0000,0.078020,0.087160,0.000604,0.040710,0.000048,0.003804,0.078017,0.087161,0.000604,0.040705,0.000048,0.003804,4.681369e-06,0.000137
1884,2,-78.0000,102.0000,-2.0000,0.087650,0.092680,-0.000980,0.048330,-0.000582,0.001104,0.087650,0.092677,-0.000980,0.048329,-0.000582,0.001104,2.528465e-06,0.000074
1885,2,-66.0000,102.0000,-2.0000,0.097390,0.099640,-0.000648,0.053090,-0.001225,0.003073,0.097388,0.099638,-0.000648,0.053093,-0.001225,0.003073,2.545585e-06,0.000075
1886,2,-54.0000,102.0000,-2.0000,0.112900,0.108600,-0.000930,0.055360,-0.001937,0.003419,0.112906,0.108579,-0.000930,0.055362,-0.001937,0.003419,2.124665e-05,0.000623
1887,2,-42.0000,102.0000,-2.0000,0.126400,0.116400,0.000455,0.055470,-0.002597,0.002058,0.126415,0.116367,0.000455,0.055467,-0.002597,0.002058,3.327608e-05,0.000975
1888,2,-30.0000,102.0000,-2.0000,0.126300,0.115200,-0.002893,0.054550,-0.003134,-0.000840,0.126345,0.115195,-0.002893,0.054547,-0.003134,-0.000840,4.486582e-05,0.001315
1889,2,-114.0000,114.0000,-2.0000,0.014550,0.053920,-0.000394,0.012620,0.003203,0.004248,0.014545,0.053923,-0.000394,0.012621,0.003203,0.004248,4.979229e-06,0.000146
1890,2,-102.0000,114.0000,-2.0000,0.043800,0.066130,0.000021,0.030880,0.001701,0.007066,0.043801,0.066134,0.000020,0.030880,0.001701,0.007066,3.822829e-06,0.000112
1891,2,-90.0000,114.0000,-2.0000,0.073410,0.080360,0.001358,0.042590,0.000931,0.003375,0.073409,0.080361,0.001358,0.042591,0.000931,0.003375,1.496514e-06,0.000044
1892,2,-78.0000,114.0000,-2.0000,0.081850,0.085610,-0.000053,0.050360,0.000275,0.000731,0.081851,0.085609,-0.000053,0.050360,0.000275,0.000731,1.102175e-06,0.000032
1893,2,-66.0000,114.0000,-2.0000,0.090000,0.091650,0.000389,0.055060,-0.000361,0.002530,0.090001,0.091648,0.000389,0.055058,-0.000361,0.002530,2.010836e-06,0.000059
1894,2,-54.0000,114.0000,-2.0000,0.103400,0.099260,0.000263,0.056940,-0.000948,0.002924,0.103358,0.099260,0.000263,0.056942,-0.000948,0.002924,4.220328e-05,0.001237
1895,2,-42.0000,114.0000,-2.0000,0.115400,0.106000,0.001513,0.056310,-0.001315,0.001994,0.115405,0.106018,0.001513,0.056306,-0.001315,0.001994,1.795864e-05,0.000526
1896,2,-30.0000,114.0000,-2.0000,0.115700,0.104000,-0.001992,0.054160,-0.001079,-0.000062,0.115665,0.104048,-0.001992,0.054161,-0.001079,-0.000062,4.783903e-05,0.001402
1897,3,-114.0000,54.0000,-7.7500,0.010000,0.093280,0.008808,0.006303,0.004683,0.022960,0.010000,0.093281,0.008808,0.006303,0.004683,0.022956,3.521728e-06,0.000103
1898,3,-102.0000,54.0000,-7.7500,0.053390,0.099690,-0.001442,0.016510,0.002273,0.027710,0.053391,0.099693,-0.001442,0.016506,0.002273,0.027711,4.477919e-06,0.000131
1899,3,-90.0000,54.0000,-7.7500,0.051960,0.094560,-0.008147,0.024170,0.000907,0.009552,0.051963,0.094556,-0.008147,0.024174,0.000907,0.009552,4.493953e-06,0.000132
1900,3,-78.0000,54.0000,-7.7500,0.051930,0.099820,0.000279,0.030180,-0.000124,0.008267,0.051934,0.099815,0.000279,0.030180,-0.000124,0.008267,4.670127e-06,0.000137
1901,3,-66.0000,54.0000,-7.7500,0.052890,0.105100,0.000351,0.034950,-0.001093,0.012070,0.052891,0.105136,0.000351,0.034950,-0.001093,0.012068,3.636967e-05,0.001066
1902,3,-54.0000,54.0000,-7.7500,0.056610,0.113000,-0.001886,0.038690,-0.002109,0.015240,0.056606,0.113042,-0.001886,0.038685,-0.002109,0.015244,4.178020e-05,0.001224
1903,3,-42.0000,54.0000,-7.7500,0.059450,0.122200,-0.004900,0.041580,-0.003052,0.010020,0.059452,0.122193,-0.004900,0.041581,-0.003052,0.010021,6.653588e-06,0.000195
1904,3,-30.0000,54.0000,-7.7500,0.039660,0.123500,-0.008719,0.044060,-0.003527,-0.008834,0.039657,0.123477,-0.008719,0.044061,-0.003527,-0.008834,2.286842e-05,0.000670
1905,3,-114.0000,66.0000,-7.7500,0.009521,0.086960,0.008260,0.007531,0.005605,0.022120,0.009521,0.086957,0.008260,0.007531,0.005605,0.022115,4.631621e-06,0.000136
1906,3,-102.0000,66.0000,-7.7500,0.051610,0.094090,-0.001538,0.019790,0.002734,0.026650,0.051613,0.094089,-0.001538,0.019791,0.002734,0.026651,3.225720e-06,0.000095
1907,3,-90.0000,66.0000,-7.7500,0.050210,0.089640,-0.008070,0.028930,0.001060,0.008996,0.050212,0.089637,-0.008070,0.028930,0.001060,0.008996,3.242452e-06,0.000095
1908,3,-78.0000,66.0000,-7.7500,0.050110,0.095040,0.000083,0.036080,-0.000239,0.007663,0.050111,0.095042,0.000083,0.036084,-0.000239,0.007663,4.285508e-06,0.000126
1909,3,-66.0000,66.0000,-7.7500,0.050960,0.100300,0.000154,0.041780,-0.001506,0.011250,0.050956,0.100304,0.000154,0.041781,-0.001506,0.011249,4.036890e-06,0.000118
1910,3,-54.0000,66.0000,-7.7500,0.054390,0.107900,-0.002030,0.046260,-0.002887,0.014240,0.054385,0.107865,-0.002030,0.046259,-0.002887,0.014243,3.511547e-05,0.001029
1911,3,-42.0000,66.0000,-7.7500,0.056950,0.116500,-0.004982,0.049720,-0.004310,0.009112,0.056951,0.116489,-0.004982,0.049720,-0.004310,0.009112,1.090514e-05,0.000320
1912,3,-30.0000,66.0000,-7.7500,0.037810,0.117300,-0.008827,0.052570,-0.005449,-0.009191,0.037811,0.117289,-0.008827,0.052571,-0.005449,-0.009191,1.087095e-05,0.000319
1913,3,-114.0000,78.0000,-7.7500,0.009136,0.079550,0.007809,0.008682,0.006441,0.021120,0.009136,0.079548,0.007809,0.008682,0.006441,0.021120,2.192203e-06,0.000064
1914,3,-102.0000,78.0000,-7.7500,0.049610,0.087520,-0.001521,0.022750,0.003156,0.025370,0.049608,0.087517,-0.001521,0.022746,0.003156,0.025367,4.335764e-06,0.000127
1915,3,-90.0000,78.0000,-7.7500,0.048230,0.083890,-0.007839,0.033220,0.001199,0.008282,0.048227,0.083889,-0.007839,0.033219,0.001199,0.008282,2.656514e-06,0.000078
1916,3,-78.0000,78.0000,-7.7500,0.048030,0.089370,-0.000007,0.041400,-0.000362,0.006864,0.048031,0.089375,-0.000007,0.041398,-0.000362,0.006864,4.715101e-06,0.000138
1917,3,-66.0000,78.0000,-7.7500,0.048690,0.094430,0.000059,0.047910,-0.001920,0.010160,0.048692,0.094427,0.000059,0.047909,-0.001920,0.010162,2.510637e-06,0.000074
1918,3,-54.0000,78.0000,-7.7500,0.051750,0.101400,-0.002030,0.053040,-0.003665,0.012890,0.051754,0.101426,-0.002030,0.053038,-0.003665,0.012885,2.617087e-05,0.000767
1919,3,-42.0000,78.0000,-7.7500,0.053830,0.109200,-0.004870,0.056990,-0.005586,0.007710,0.053825,0.109184,-0.004870,0.056987,-0.005586,0.007710,1.647606e-05,0.000483
1920,3,-30.0000,78.0000,-7.7500,0.034810,0.109000,-0.008659,0.059960,-0.007513,-0.010290,0.034806,0.109033,-0.008659,0.059956,-0.007513,-0.010293,3.258030e-05,0.000955
1921,3,-114.0000,90.0000,-7.7500,0.008628,0.071130,0.007099,0.009676,0.007145,0.019960,0.008628,0.071130,0.007099,0.009676,0.007145,0.019964,3.628046e-06,0.000106
1922,3,-102.0000,90.0000,-7.7500,0.047280,0.080090,-0.001698,0.025300,0.003507,0.023890,0.047277,0.080090,-0.001698,0.025301,0.003507,0.023890,2.518595e-06,0.000074
1923,3,-90.0000,90.0000,-7.7500,0.045980,0.077390,-0.007735,0.036880,0.001299,0.007410,0.045982,0.077387,-0.007735,0.036881,0.001299,0.007410,3.423992e-06,0.000100
1924,3,-78.0000,90.0000,-7.7500,0.045630,0.082870,-0.000273,0.045950,-0.000503,0.005866,0.045628,0.082871,-0.000273,0.045951,-0.000503,0.005866,2.093256e-06,0.000061
1925,3,-66.0000,90.0000,-7.7500,0.046030,0.087590,-0.000187,0.053150,-0.002330,0.008824,0.046029,0.087590,-0.000187,0.053145,-0.002330,0.008824,4.908823e-06,0.000144
1926,3,-54.0000,90.0000,-7.7500,0.048610,0.093800,-0.002191,0.058810,-0.004364,0.011230,0.048610,0.093800,-0.002191,0.058810,-0.004364,0.011233,2.844420e-06,0.000083
1927,3,-42.0000,90.0000,-7.7500,0.050040,0.100500,-0.004832,0.063170,-0.006541,0.006001,0.050043,0.100470,-0.004832,0.063167,-0.006541,0.006001,3.017259e-05,0.000884
1928,3,-30.0000,90.0000,-7.7500,0.030420,0.099250,-0.008358,0.066190,-0.008842,-0.011900,0.030417,0.099247,-0.008358,0.066189,-0.008842,-0.011903,3.318920e-06,0.000097
1929,3,-114.0000,102.0000,-7.7500,0.008209,0.062360,0.006679,0.010480,0.007927,0.018690,0.008209,0.062364,0.006679,0.010477,0.007927,0.018686,3.843265e-06,0.000113
1930,3,-102.0000,102.0000,-7.7500,0.045290,0.072560,-0.001375,0.027260,0.004014,0.022290,0.045294,0.072556,-0.001375,0.027262,0.004014,0.022292,4.338068e-06,0.000127
1931,3,-90.0000,102.0000,-7.7500,0.043950,0.070680,-0.007237,0.039800,0.001627,0.006405,0.043945,0.070676,-0.007237,0.039803,0.001627,0.006405,4.561552e-06,0.000134
1932,3,-78.0000,102.0000,-7.7500,0.043450,0.076180,-0.000098,0.049570,-0.000372,0.004695,0.043451,0.076179,-0.000098,0.049567,-0.000372,0.004695,2.567214e-06,0.000075
1933,3,-66.0000,102.0000,-7.7500,0.043560,0.080440,0.000055,0.057320,-0.002400,0.007302,0.043561,0.080437,0.000055,0.057320,-0.002400,0.007302,3.108156e-06,0.000091
1934,3,-54.0000,102.0000,-7.7500,0.045700,0.085820,-0.001700,0.063470,-0.004544,0.009499,0.045705,0.085815,-0.001700,0.063467,-0.004544,0.009499,4.893412e-06,0.000143
1935,3,-42.0000,102.0000,-7.7500,0.046640,0.091510,-0.003845,0.068270,-0.006462,0.004572,0.046641,0.091511,-0.003845,0.068265,-0.006462,0.004572,4.760201e-06,0.000139
1936,3,-30.0000,102.0000,-7.7500,0.026480,0.089960,-0.006682,0.071880,-0.007800,-0.012670,0.026480,0.089959,-0.006682,0.071875,-0.007800,-0.012665,4.863040e-06,0.000142
1937,3,-114.0000,114.0000,-7.7500,0.008216,0.052520,0.006550,0.010780,0.008592,0.017440,0.008216,0.052525,0.006550,0.010778,0.008592,0.017438,4.528069e-06,0.000133
1938,3,-102.0000,114.0000,-7.7500,0.042920,0.063730,-0.001211,0.028750,0.004469,0.020600,0.042921,0.063735,-0.001211,0.028753,0.004469,0.020595,4.664285e-06,0.000137
1939,3,-90.0000,114.0000,-7.7500,0.041600,0.063030,-0.006759,0.041860,0.001931,0.005316,0.041599,0.063026,-0.006759,0.041860,0.001931,0.005316,3.585117e-06,0.000105
1940,3,-78.0000,114.0000,-7.7500,0.041030,0.068360,0.000031,0.052070,-0.000204,0.003400,0.041032,0.068357,0.000031,0.052067,-0.000204,0.003400,3.311073e-06,0.000097
1941,3,-66.0000,114.0000,-7.7500,0.040980,0.071970,0.000372,0.060290,-0.002356,0.005695,0.040977,0.071967,0.000372,0.060290,-0.002356,0.005695,3.444567e-06,0.000101
1942,3,-54.0000,114.0000,-7.7500,0.042770,0.076240,-0.000974,0.066960,-0.004427,0.007979,0.042769,0.076243,-0.000974,0.066961,-0.004427,0.007979,2.903827e-06,0.000085
1943,3,-42.0000,114.0000,-7.7500,0.043750,0.081050,-0.002364,0.072550,-0.005652,0.004310,0.043754,0.081047,-0.002364,0.072552,-0.005652,0.004310,4.018409e-06,0.000118
1944,3,-30.0000,114.0000,-7.7500,0.025200,0.080020,-0.004304,0.078270,-0.004395,-0.009796,0.025195,0.080015,-0.004304,0.078270,-0.004395,-0.009796,4.679626e-06,0.000137
1945,3,-114.0000,54.0000,-15.2500,0.069150,0.131500,0.043100,0.005371,0.007768,0.057340,0.069151,0.131460,0.043100,0.005371,0.007768,0.057343,3.953979e-05,0.001159
1946,3,-102.0000,54.0000,-15.2500,0.025380,0.077190,-0.031830,0.014980,0.004810,0.016000,0.025378,0.077191,-0.031830,0.014977,0.004810,0.015996,3.978430e-06,0.000117
1947,3,-90.0000,54.0000,-15.2500,0.001013,0.074570,-0.009267,0.023170,0.002817,0.005608,0.001013,0.074568,-0.009267,0.023173,0.002817,0.005608,3.063215e-06,0.000090
1948,3,-78.0000,54.0000,-15.2500,-0.020910,0.071530,-0.000318,0.030310,0.001332,0.005899,-0.020910,0.071534,-0.000318,0.030315,0.001332,0.005899,4.601796e-06,0.000135
1949,3,-66.0000,54.0000,-15.2500,-0.039790,0.070780,0.002683,0.036640,-0.000082,0.011810,-0.039787,0.070777,0.002683,0.036639,-0.000082,0.011813,3.288702e-06,0.000096
1950,3,-54.0000,54.0000,-15.2500,-0.056200,0.070390,-0.003204,0.042250,-0.001547,0.017500,-0.056197,0.070388,-0.003204,0.042249,-0.001547,0.017499,3.032969e-06,0.000089
1951,3,-42.0000,54.0000,-15.2500,-0.068540,0.070810,-0.017340,0.047190,-0.002869,0.011830,-0.068539,0.070810,-0.017344,0.047186,-0.002869,0.011825,4.542284e-06,0.000133
1952,3,-30.0000,54.0000,-15.2500,-0.085170,0.066630,-0.043750,0.051520,-0.003274,-0.028830,-0.085166,0.066629,-0.043747,0.051517,-0.003274,-0.028834,3.981854e-06,0.000117
1953,3,-114.0000,66.0000,-15.2500,0.067040,0.123800,0.041330,0.006477,0.009292,0.055450,0.067038,0.123794,0.041330,0.006477,0.009292,0.055454,6.401410e-06,0.000188
1954,3,-102.0000,66.0000,-15.2500,0.024870,0.072300,-0.031000,0.018090,0.005733,0.015250,0.024873,0.072301,-0.030999,0.018093,0.005733,0.015251,3.351493e-06,0.000098
1955,3,-90.0000,66.0000,-15.2500,0.001313,0.070430,-0.009210,0.027940,0.003304,0.005060,0.001313,0.070433,-0.009210,0.027943,0.003304,0.005060,3.018810e-06,0.000088
1956,3,-78.0000,66.0000,-15.2500,-0.019880,0.068050,-0.000569,0.036550,0.001437,0.005221,-0.019884,0.068053,-0.000569,0.036555,0.001437,0.005221,4.640614e-06,0.000136
1957,3,-66.0000,66.0000,-15.2500,-0.038140,0.067810,0.002336,0.044220,-0.000399,0.010820,-0.038136,0.067808,0.002336,0.044217,-0.000399,0.010817,4.403071e-06,0.000129
1958,3,-54.0000,66.0000,-15.2500,-0.054080,0.067890,-0.003374,0.051050,-0.002381,0.016190,-0.054082,0.067886,-0.003374,0.051046,-0.002381,0.016188,4.496999e-06,0.000132
1959,3,-42.0000,66.0000,-15.2500,-0.066200,0.068730,-0.017140,0.057020,-0.004380,0.010590,-0.066203,0.068734,-0.017142,0.057024,-0.004380,0.010588,4.093830e-06,0.000120
1960,3,-30.0000,66.0000,-15.2500,-0.082370,0.065110,-0.042860,0.062100,-0.005694,-0.028550,-0.082365,0.065114,-0.042856,0.062104,-0.005694,-0.028553,4.661463e-06,0.000137
1961,3,-114.0000,78.0000,-15.2500,0.064770,0.114700,0.039300,0.007550,0.010680,0.053250,0.064765,0.114709,0.039300,0.007550,0.010682,0.053254,9.441734e-06,0.000277
1962,3,-102.0000,78.0000,-15.2500,0.024350,0.066440,-0.030080,0.020980,0.006593,0.014320,0.024351,0.066444,-0.030075,0.020978,0.006593,0.014324,4.989252e-06,0.000146
1963,3,-90.0000,78.0000,-15.2500,0.001750,0.065470,-0.009190,0.032380,0.003754,0.004315,0.001750,0.065468,-0.009190,0.032378,0.003754,0.004315,1.727674e-06,0.000051
1964,3,-78.0000,78.0000,-15.2500,-0.018530,0.063800,-0.000884,0.042400,0.001508,0.004283,-0.018532,0.063795,-0.000884,0.042398,0.001508,0.004283,4.966451e-06,0.000146
1965,3,-66.0000,78.0000,-15.2500,-0.036030,0.064050,0.001912,0.051400,-0.000753,0.009467,-0.036033,0.064047,0.001912,0.051403,-0.000753,0.009467,3.306070e-06,0.000097
1966,3,-54.0000,78.0000,-15.2500,-0.051450,0.064600,-0.003587,0.059520,-0.003250,0.014400,-0.051455,0.064595,-0.003587,0.059517,-0.003250,0.014401,4.915327e-06,0.000144
1967,3,-42.0000,78.0000,-15.2500,-0.063440,0.065970,-0.016890,0.066650,-0.005963,0.008670,-0.063444,0.065972,-0.016894,0.066649,-0.005963,0.008670,4.104213e-06,0.000120
1968,3,-30.0000,78.0000,-15.2500,-0.079530,0.063200,-0.041750,0.072460,-0.008555,-0.029460,-0.079534,0.063202,-0.041752,0.072459,-0.008555,-0.029463,3.602315e-06,0.000106
1969,3,-114.0000,90.0000,-15.2500,0.062410,0.104500,0.037110,0.008508,0.011990,0.050760,0.062406,0.104497,0.037109,0.008508,0.011987,0.050763,3.759299e-06,0.000110
1970,3,-102.0000,90.0000,-15.2500,0.023970,0.059900,-0.028980,0.023540,0.007450,0.013210,0.023971,0.059896,-0.028976,0.023540,0.007450,0.013213,4.226724e-06,0.000124
1971,3,-90.0000,90.0000,-15.2500,0.002589,0.059900,-0.009034,0.036310,0.004256,0.003367,0.002589,0.059898,-0.009034,0.036310,0.004256,0.003367,2.285492e-06,0.000067
1972,3,-78.0000,90.0000,-15.2500,-0.016590,0.058900,-0.001078,0.047660,0.001658,0.003074,-0.016585,0.058896,-0.001078,0.047664,0.001658,0.003074,4.550018e-06,0.000133
1973,3,-66.0000,90.0000,-15.2500,-0.033120,0.059570,0.001669,0.058020,-0.000985,0.007770,-0.033123,0.059572,0.001669,0.058016,-0.000985,0.007770,4.462725e-06,0.000131
1974,3,-54.0000,90.0000,-15.2500,-0.047840,0.060510,-0.003460,0.067550,-0.003866,0.012230,-0.047840,0.060512,-0.003460,0.067552,-0.003866,0.012234,4.404468e-06,0.000129
1975,3,-42.0000,90.0000,-15.2500,-0.059660,0.062480,-0.015970,0.076130,-0.006945,0.006335,-0.059661,0.062483,-0.015975,0.076127,-0.006945,0.006335,4.741811e-06,0.000139
1976,3,-30.0000,90.0000,-15.2500,-0.076290,0.060960,-0.039590,0.083040,-0.010330,-0.031480,-0.076288,0.060957,-0.039590,0.083040,-0.010327,-0.031483,3.348249e-06,0.000098
1977,3,-114.0000,102.0000,-15.2500,0.059610,0.093030,0.034470,0.009277,0.013190,0.048090,0.059612,0.093028,0.034472,0.009277,0.013193,0.048089,2.675808e-06,0.000078
1978,3,-102.0000,102.0000,-15.2500,0.023810,0.052600,-0.027810,0.025540,0.008284,0.011950,0.023815,0.052596,-0.027812,0.025543,0.008284,0.011947,4.700407e-06,0.000138
1979,3,-90.0000,102.0000,-15.2500,0.003705,0.053450,-0.008950,0.039550,0.004809,0.002231,0.003705,0.053450,-0.008950,0.039553,0.004809,0.002231,3.209806e-06,0.000094
1980,3,-78.0000,102.0000,-15.2500,-0.014090,0.053080,-0.001293,0.052070,0.001924,0.001612,-0.014091,0.053078,-0.001293,0.052068,0.001924,0.001612,1.841035e-06,0.000054
1981,3,-66.0000,102.0000,-15.2500,-0.029350,0.053930,0.001501,0.063720,-0.001022,0.005790,-0.029346,0.053934,0.001501,0.063717,-0.001022,0.005790,4.206638e-06,0.000123
1982,3,-54.0000,102.0000,-15.2500,-0.042990,0.054940,-0.003008,0.074830,-0.004082,0.009936,-0.042992,0.054944,-0.003008,0.074834,-0.004082,0.009936,4.214971e-06,0.000123
1983,3,-42.0000,102.0000,-15.2500,-0.054300,0.057270,-0.014140,0.085340,-0.006825,0.004408,-0.054301,0.057274,-0.014139,0.085344,-0.006825,0.004408,4.124992e-06,0.000121
1984,3,-30.0000,102.0000,-15.2500,-0.071880,0.057070,-0.035860,0.094470,-0.008790,-0.032610,-0.071882,0.057072,-0.035858,0.094468,-0.008790,-0.032607,3.087150e-06,0.000090
1985,3,-114.0000,114.0000,-15.2500,0.058680,0.081750,0.033240,0.009444,0.014310,0.045510,0.058677,0.081753,0.033239,0.009444,0.014311,0.045508,2.985455e-06,0.000087
1986,3,-102.0000,114.0000,-15.2500,0.024270,0.044970,-0.026090,0.027070,0.009099,0.010660,0.024272,0.044965,-0.026086,0.027072,0.009099,0.010662,4.946183e-06,0.000145
1987,3,-90.0000,114.0000,-15.2500,0.005615,0.047020,-0.008263,0.041880,0.005417,0.000998,0.005615,0.047017,-0.008263,0.041878,0.005417,0.000998,2.809165e-06,0.000082
1988,3,-78.0000,114.0000,-15.2500,-0.010510,0.047030,-0.000889,0.055210,0.002312,0.000030,-0.010506,0.047033,-0.000889,0.055213,0.002312,0.000030,3.950782e-06,0.000116
1989,3,-66.0000,114.0000,-15.2500,-0.023970,0.047680,0.002125,0.067970,-0.000879,0.003769,-0.023969,0.047684,0.002125,0.067968,-0.000879,0.003769,3.984277e-06,0.000117
1990,3,-54.0000,114.0000,-15.2500,-0.035850,0.048160,-0.001289,0.080660,-0.004026,0.007961,-0.035852,0.048163,-0.001289,0.080664,-0.004026,0.007961,3.560047e-06,0.000104
1991,3,-42.0000,114.0000,-15.2500,-0.045630,0.050060,-0.010080,0.093550,-0.005928,0.004019,-0.045633,0.050062,-0.010075,0.093545,-0.005928,0.004019,4.826870e-06,0.000141
1992,3,-30.0000,114.0000,-15.2500,-0.062200,0.050530,-0.027800,0.106700,-0.003500,-0.028560,-0.062200,0.050533,-0.027804,0.106674,-0.003500,-0.028561,2.552494e-05,0.000748
1993,4,-114.0000,54.0000,-36.5000,0.015980,0.020040,0.003812,0.000694,0.003342,0.005738,0.015978,0.020045,0.003812,0.000694,0.003342,0.005738,4.513879e-06,0.000132
1994,4,-102.0000,54.0000,-36.5000,0.004621,0.013100,0.000154,0.002008,0.002733,0.000301,0.004621,0.013100,0.000154,0.002008,0.002733,0.000301,4.148060e-07,0.000012
1995,4,-90.0000,54.0000,-36.5000,-0.004616,0.007756,-0.003324,0.003190,0.002391,-0.003533,-0.004616,0.007756,-0.003324,0.003190,0.002391,-0.003533,4.447848e-07,0.000013
1996,4,-78.0000,54.0000,-36.5000,-0.012710,0.003351,-0.007058,0.004268,0.002274,-0.007826,-0.012714,0.003351,-0.007058,0.004268,0.002274,-0.007826,4.391412e-06,0.000129
1997,4,-66.0000,54.0000,-36.5000,-0.020210,-0.000629,-0.011610,0.005261,0.002381,-0.013000,-0.020211,-0.000629,-0.011608,0.005261,0.002381,-0.013002,2.422534e-06,0.000071
1998,4,-54.0000,54.0000,-36.5000,-0.027010,-0.004340,-0.017300,0.006178,0.002730,-0.019720,-0.027014,-0.004340,-0.017302,0.006178,0.002730,-0.019723,3.853197e-06,0.000113
1999,4,-42.0000,54.0000,-36.5000,-0.032230,-0.007514,-0.024210,0.007008,0.003365,-0.028850,-0.032234,-0.007514,-0.024208,0.007008,0.003365,-0.028854,3.873019e-06,0.000113
2000,4,-30.0000,54.0000,-36.5000,-0.033290,-0.008898,-0.031590,0.007710,0.004370,-0.041290,-0.033286,-0.008898,-0.031593,0.007710,0.004370,-0.041295,4.536903e-06,0.000133
2001,4,-114.0000,66.0000,-36.5000,0.015400,0.018800,0.003445,0.000843,0.003976,0.005535,0.015397,0.018800,0.003445,0.000843,0.003976,0.005535,3.346207e-06,0.000098
2002,4,-102.0000,66.0000,-36.5000,0.004456,0.012250,-0.000016,0.002435,0.003264,0.000298,0.004456,0.012255,-0.000016,0.002435,0.003264,0.000298,4.819993e-06,0.000141
2003,4,-90.0000,66.0000,-36.5000,-0.004418,0.007249,-0.003296,0.003864,0.002874,-0.003393,-0.004418,0.007249,-0.003296,0.003864,0.002874,-0.003393,4.352308e-07,0.000013
2004,4,-78.0000,66.0000,-36.5000,-0.012190,0.003142,-0.006823,0.005169,0.002757,-0.007527,-0.012185,0.003142,-0.006823,0.005169,0.002757,-0.007527,4.946738e-06,0.000145
2005,4,-66.0000,66.0000,-36.5000,-0.019370,-0.000555,-0.011140,0.006379,0.002914,-0.012520,-0.019370,-0.000555,-0.011136,0.006379,0.002914,-0.012521,3.596731e-06,0.000105
2006,4,-54.0000,66.0000,-36.5000,-0.025890,-0.003979,-0.016550,0.007501,0.003364,-0.019020,-0.025890,-0.003979,-0.016553,0.007501,0.003364,-0.019015,4.524406e-06,0.000133
2007,4,-42.0000,66.0000,-36.5000,-0.030890,-0.006863,-0.023140,0.008512,0.004146,-0.027850,-0.030889,-0.006863,-0.023138,0.008512,0.004146,-0.027855,4.656053e-06,0.000136
2008,4,-30.0000,66.0000,-36.5000,-0.031880,-0.008005,-0.030190,0.009347,0.005328,-0.039900,-0.031879,-0.008005,-0.030194,0.009347,0.005328,-0.039898,3.764985e-06,0.000110
2009,4,-114.0000,78.0000,-36.5000,0.014750,0.017320,0.003016,0.000990,0.004546,0.005304,0.014751,0.017324,0.003016,0.000990,0.004546,0.005304,3.775230e-06,0.000111
2010,4,-102.0000,78.0000,-36.5000,0.004291,0.011260,-0.000210,0.002838,0.003750,0.000305,0.004291,0.011256,-0.000210,0.002838,0.003750,0.000305,4.466325e-06,0.000131
2011,4,-90.0000,78.0000,-36.5000,-0.004151,0.006648,-0.003251,0.004499,0.003328,-0.003213,-0.004151,0.006648,-0.003251,0.004499,0.003328,-0.003213,4.082813e-07,0.000012
2012,4,-78.0000,78.0000,-36.5000,-0.011510,0.002886,-0.006524,0.006029,0.003230,-0.007153,-0.011513,0.002886,-0.006524,0.006029,0.003230,-0.007153,3.137815e-06,0.000092
2013,4,-66.0000,78.0000,-36.5000,-0.018320,-0.000482,-0.010550,0.007463,0.003465,-0.011920,-0.018317,-0.000482,-0.010546,0.007463,0.003465,-0.011917,3.851095e-06,0.000113
2014,4,-54.0000,78.0000,-36.5000,-0.024490,-0.003565,-0.015620,0.008810,0.004060,-0.018130,-0.024494,-0.003565,-0.015618,0.008810,0.004060,-0.018135,4.818614e-06,0.000141
2015,4,-42.0000,78.0000,-36.5000,-0.029230,-0.006074,-0.021800,0.010030,0.005051,-0.026640,-0.029230,-0.006074,-0.021799,0.010031,0.005051,-0.026641,1.252590e-06,0.000037
2016,4,-30.0000,78.0000,-36.5000,-0.030130,-0.006824,-0.028420,0.011030,0.006464,-0.038290,-0.030131,-0.006824,-0.028418,0.011028,0.006464,-0.038292,2.273754e-06,0.000067
2017,4,-114.0000,90.0000,-36.5000,0.014040,0.015630,0.002519,0.001124,0.005032,0.005050,0.014041,0.015630,0.002519,0.001124,0.005032,0.005050,8.017085e-07,0.000023
2018,4,-102.0000,90.0000,-36.5000,0.004132,0.010110,-0.000428,0.003200,0.004173,0.000325,0.004132,0.010113,-0.000428,0.003200,0.004173,0.000325,3.381024e-06,0.000099
2019,4,-90.0000,90.0000,-36.5000,-0.003797,0.005950,-0.003186,0.005073,0.003739,-0.002988,-0.003797,0.005950,-0.003186,0.005073,0.003739,-0.002988,4.079125e-07,0.000012
2020,4,-78.0000,90.0000,-36.5000,-0.010680,0.002562,-0.006160,0.006820,0.003681,-0.006690,-0.010679,0.002562,-0.006160,0.006820,0.003681,-0.006690,9.800855e-07,0.000029
2021,4,-66.0000,90.0000,-36.5000,-0.017020,-0.000456,-0.009833,0.008489,0.004025,-0.011160,-0.017022,-0.000456,-0.009833,0.008489,0.004025,-0.011163,2.595043e-06,0.000076
2022,4,-54.0000,90.0000,-36.5000,-0.022790,-0.003182,-0.014490,0.010090,0.004829,-0.017020,-0.022794,-0.003182,-0.014493,0.010095,0.004829,-0.017018,4.682543e-06,0.000137
2023,4,-42.0000,90.0000,-36.5000,-0.027240,-0.005283,-0.020190,0.011590,0.006153,-0.025100,-0.027238,-0.005283,-0.020188,0.011589,0.006153,-0.025103,3.075524e-06,0.000090
2024,4,-30.0000,90.0000,-36.5000,-0.028040,-0.005524,-0.026250,0.012830,0.008000,-0.036340,-0.028042,-0.005524,-0.026249,0.012834,0.008000,-0.036341,4.350353e-06,0.000127
2025,4,-114.0000,102.0000,-36.5000,0.013280,0.013750,0.001960,0.001231,0.005417,0.004780,0.013277,0.013755,0.001960,0.001231,0.005417,0.004780,4.504314e-06,0.000132
2026,4,-102.0000,102.0000,-36.5000,0.004024,0.008866,-0.000647,0.003489,0.004519,0.000358,0.004024,0.008866,-0.000647,0.003489,0.004519,0.000358,2.548392e-07,0.000007
2027,4,-90.0000,102.0000,-36.5000,-0.003344,0.005159,-0.003100,0.005552,0.004088,-0.002717,-0.003344,0.005159,-0.003100,0.005552,0.004088,-0.002717,3.933325e-07,0.000012
2028,4,-78.0000,102.0000,-36.5000,-0.009663,0.002159,-0.005728,0.007495,0.004084,-0.006132,-0.009663,0.002159,-0.005728,0.007495,0.004084,-0.006132,4.280995e-07,0.000013
2029,4,-66.0000,102.0000,-36.5000,-0.015450,-0.000525,-0.008998,0.009397,0.004559,-0.010230,-0.015452,-0.000525,-0.008998,0.009397,0.004559,-0.010231,2.499118e-06,0.000073
2030,4,-54.0000,102.0000,-36.5000,-0.020730,-0.002937,-0.013180,0.011300,0.005622,-0.015590,-0.020733,-0.002937,-0.013177,0.011296,0.005622,-0.015591,3.504512e-06,0.000103
2031,4,-42.0000,102.0000,-36.5000,-0.024860,-0.004719,-0.018310,0.013150,0.007428,-0.023050,-0.024860,-0.004719,-0.018315,0.013151,0.007428,-0.023055,4.623276e-06,0.000135
2032,4,-30.0000,102.0000,-36.5000,-0.025650,-0.004556,-0.023740,0.014800,0.010090,-0.033660,-0.025648,-0.004556,-0.023743,0.014805,0.010090,-0.033662,4.682790e-06,0.000137
2033,4,-114.0000,114.0000,-36.5000,0.012690,0.011790,0.001447,0.001246,0.005658,0.004497,0.012691,0.011790,0.001447,0.001246,0.005658,0.004497,9.479977e-07,0.000028
2034,4,-102.0000,114.0000,-36.5000,0.003955,0.007483,-0.000900,0.003704,0.004751,0.000408,0.003955,0.007483,-0.000900,0.003704,0.004751,0.000408,3.513210e-07,0.000010
2035,4,-90.0000,114.0000,-36.5000,-0.002805,0.004300,-0.003000,0.005898,0.004340,-0.002403,-0.002805,0.004300,-0.003000,0.005898,0.004340,-0.002403,4.583938e-07,0.000013
2036,4,-78.0000,114.0000,-36.5000,-0.008481,0.001677,-0.005245,0.007980,0.004391,-0.005486,-0.008481,0.001677,-0.005245,0.007980,0.004391,-0.005486,4.660197e-07,0.000014
2037,4,-66.0000,114.0000,-36.5000,-0.013610,-0.000725,-0.008063,0.010080,0.004988,-0.009128,-0.013608,-0.000725,-0.008063,0.010078,0.004988,-0.009128,2.012240e-06,0.000059
2038,4,-54.0000,114.0000,-36.5000,-0.018280,-0.002941,-0.011700,0.012270,0.006301,-0.013830,-0.018275,-0.002941,-0.011701,0.012269,0.006301,-0.013827,4.591482e-06,0.000135
2039,4,-42.0000,114.0000,-36.5000,-0.021990,-0.004634,-0.016210,0.014550,0.008633,-0.020340,-0.021992,-0.004634,-0.016213,0.014550,0.008633,-0.020342,2.841989e-06,0.000083
2040,4,-30.0000,114.0000,-36.5000,-0.022900,-0.004597,-0.021020,0.016800,0.012430,-0.029710,-0.022905,-0.004597,-0.021024,0.016797,0.012433,-0.029710,4.550054e-06,0.000133
2041,2,-114.0000,132.0000,-2.0000,0.012740,0.041530,-0.000625,0.013220,0.002254,0.003670,0.012744,0.041526,-0.000625,0.013221,0.002254,0.003670,3.859391e-06,0.000113
2042,2,-102.0000,132.0000,-2.0000,0.038980,0.055740,-0.000326,0.031270,0.000777,0.006123,0.038984,0.055740,-0.000326,0.031271,0.000777,0.006123,4.117235e-06,0.000121
2043,2,-90.0000,132.0000,-2.0000,0.065850,0.069900,0.000950,0.042780,0.000012,0.002660,0.065846,0.069898,0.000950,0.042785,0.000012,0.002660,4.852889e-06,0.000142
2044,2,-78.0000,132.0000,-2.0000,0.072710,0.074390,-0.000302,0.050610,-0.000680,-0.000007,0.072706,0.074386,-0.000302,0.050606,-0.000680,-0.000007,3.953102e-06,0.000116
2045,2,-66.0000,132.0000,-2.0000,0.078060,0.078660,0.000056,0.055510,-0.001405,0.001451,0.078058,0.078658,0.000056,0.055513,-0.001405,0.001451,3.405100e-06,0.000100
2046,2,-54.0000,132.0000,-2.0000,0.087730,0.084620,0.000000,0.057570,-0.002112,0.001936,0.087726,0.084621,0.000000,0.057566,-0.002112,0.001936,3.857314e-06,0.000113
2047,2,-42.0000,132.0000,-2.0000,0.097780,0.091400,0.000650,0.056940,-0.002583,0.001684,0.097781,0.091398,0.000650,0.056937,-0.002583,0.001684,2.542410e-06,0.000074
2048,2,-30.0000,132.0000,-2.0000,0.101800,0.095580,-0.000904,0.054600,-0.001963,0.000451,0.101788,0.095577,-0.000904,0.054600,-0.001963,0.000451,1.226232e-05,0.000359
2049,2,-114.0000,156.0000,-2.0000,0.009646,0.030320,-0.002501,0.011570,0.003684,0.003054,0.009646,0.030319,-0.002501,0.011574,0.003684,0.003054,4.135763e-06,0.000121
2050,2,-102.0000,156.0000,-2.0000,0.033590,0.047700,-0.001946,0.027320,0.002281,0.005074,0.033595,0.047700,-0.001946,0.027318,0.002281,0.005074,4.642975e-06,0.000136
2051,2,-90.0000,156.0000,-2.0000,0.058330,0.061640,-0.000605,0.037470,0.001683,0.001843,0.058331,0.061640,-0.000605,0.037469,0.001683,0.001843,1.402416e-06,0.000041
2052,2,-78.0000,156.0000,-2.0000,0.063630,0.064740,-0.001779,0.044990,0.001153,-0.000948,0.063632,0.064737,-0.001779,0.044989,0.001153,-0.000948,3.339324e-06,0.000098
2053,2,-66.0000,156.0000,-2.0000,0.065590,0.066610,-0.001575,0.050420,0.000600,0.000066,0.065594,0.066614,-0.001575,0.050417,0.000600,0.000066,3.832198e-06,0.000112
2054,2,-54.0000,156.0000,-2.0000,0.070370,0.070360,-0.001625,0.053640,0.000027,0.000557,0.070366,0.070364,-0.001625,0.053639,0.000027,0.000557,4.381871e-06,0.000128
2055,2,-42.0000,156.0000,-2.0000,0.077130,0.077070,-0.001311,0.054600,-0.000365,0.000976,0.077126,0.077068,-0.001311,0.054597,-0.000365,0.000976,4.027424e-06,0.000118
2056,2,-30.0000,156.0000,-2.0000,0.084520,0.087220,-0.000491,0.054080,-0.000251,0.001009,0.084521,0.087223,-0.000490,0.054084,-0.000251,0.001009,3.959156e-06,0.000116
2057,2,-114.0000,180.0000,-2.0000,0.011760,0.033880,-0.000719,0.007722,0.002754,0.002737,0.011763,0.033881,-0.000719,0.007722,0.002754,0.002737,2.989261e-06,0.000088
2058,2,-102.0000,180.0000,-2.0000,0.035350,0.053200,0.000042,0.018180,0.001916,0.004588,0.035355,0.053198,0.000042,0.018184,0.001916,0.004588,4.997029e-06,0.000146
2059,2,-90.0000,180.0000,-2.0000,0.059560,0.066220,0.001176,0.026320,0.001668,0.001440,0.059557,0.066222,0.001176,0.026323,0.001668,0.001440,3.418828e-06,0.000100
2060,2,-78.0000,180.0000,-2.0000,0.064400,0.067960,0.000110,0.033660,0.001437,-0.001534,0.064397,0.067965,0.000110,0.033662,0.001437,-0.001534,4.695437e-06,0.000138
2061,2,-66.0000,180.0000,-2.0000,0.064230,0.067730,0.000294,0.040300,0.001134,-0.000862,0.064233,0.067727,0.000294,0.040298,0.001134,-0.000862,2.639581e-06,0.000077
2062,2,-54.0000,180.0000,-2.0000,0.065330,0.068990,0.000209,0.045930,0.000691,-0.000507,0.065326,0.068988,0.000209,0.045932,0.000691,-0.000507,3.713213e-06,0.000109
2063,2,-42.0000,180.0000,-2.0000,0.068380,0.073070,0.000097,0.050330,0.000114,0.000200,0.068377,0.073067,0.000097,0.050334,0.000114,0.000200,4.012997e-06,0.000118
2064,2,-30.0000,180.0000,-2.0000,0.074240,0.080450,0.000444,0.053590,-0.000727,0.001099,0.074240,0.080445,0.000444,0.053594,-0.000726,0.001099,4.961020e-06,0.000145
2065,2,-114.0000,204.0000,-2.0000,0.011790,0.030350,-0.000210,0.001296,-0.000298,0.002501,0.011794,0.030348,-0.000210,0.001296,-0.000298,0.002501,4.270464e-06,0.000125
2066,2,-102.0000,204.0000,-2.0000,0.035080,0.047390,0.001128,0.006129,-0.000398,0.004339,0.035081,0.047391,0.001128,0.006129,-0.000397,0.004339,1.441153e-06,0.000042
2067,2,-90.0000,204.0000,-2.0000,0.059610,0.059050,0.002858,0.012300,-0.000398,0.001367,0.059606,0.059046,0.002858,0.012298,-0.000397,0.001367,4.091314e-06,0.000120
2068,2,-78.0000,204.0000,-2.0000,0.063950,0.059440,0.001810,0.019470,-0.000393,-0.001788,0.063954,0.059444,0.001810,0.019471,-0.000393,-0.001788,4.421743e-06,0.000130
2069,2,-66.0000,204.0000,-2.0000,0.062020,0.057880,0.001821,0.026910,-0.000487,-0.001352,0.062023,0.057880,0.001821,0.026907,-0.000487,-0.001352,2.803082e-06,0.000082
2070,2,-54.0000,204.0000,-2.0000,0.060690,0.057420,0.001570,0.033780,-0.000683,-0.001272,0.060690,0.057420,0.001570,0.033779,-0.000683,-0.001272,6.800511e-07,0.000020
2071,2,-42.0000,204.0000,-2.0000,0.061180,0.058770,0.001386,0.039550,-0.001009,-0.000816,0.061178,0.058774,0.001386,0.039547,-0.001009,-0.000816,4.477618e-06,0.000131
2072,2,-30.0000,204.0000,-2.0000,0.064670,0.062440,0.001574,0.043680,-0.001455,-0.000249,0.064672,0.062440,0.001574,0.043683,-0.001455,-0.000249,3.427395e-06,0.000100
2073,2,-114.0000,228.0000,-2.0000,0.006923,0.013450,-0.001841,-0.001418,-0.002718,0.002267,0.006923,0.013453,-0.001841,-0.001418,-0.002718,0.002267,2.626858e-06,0.000077
2074,2,-102.0000,228.0000,-2.0000,0.023090,0.020110,-0.002908,-0.001811,-0.003161,0.004469,0.023091,0.020106,-0.002908,-0.001811,-0.003161,0.004469,4.304698e-06,0.000126
2075,2,-90.0000,228.0000,-2.0000,0.042650,0.026790,-0.001869,0.001289,-0.003437,0.001565,0.042648,0.026788,-0.001869,0.001289,-0.003437,0.001565,2.048899e-06,0.000060
2076,2,-78.0000,228.0000,-2.0000,0.043480,0.025710,-0.003171,0.006214,-0.003440,-0.002191,0.043479,0.025707,-0.003171,0.006214,-0.003440,-0.002191,2.959815e-06,0.000087
2077,2,-66.0000,228.0000,-2.0000,0.039510,0.024530,-0.002898,0.011070,-0.003399,-0.002189,0.039512,0.024529,-0.002898,0.011066,-0.003399,-0.002189,4.079610e-06,0.000120
2078,2,-54.0000,228.0000,-2.0000,0.037210,0.024180,-0.002936,0.015170,-0.003480,-0.002528,0.037211,0.024178,-0.002936,0.015165,-0.003480,-0.002528,4.970563e-06,0.000146
2079,2,-42.0000,228.0000,-2.0000,0.037210,0.024500,-0.002993,0.018450,-0.003717,-0.002465,0.037208,0.024497,-0.002993,0.018445,-0.003717,-0.002465,4.523537e-06,0.000133
2080,2,-30.0000,228.0000,-2.0000,0.040170,0.026040,-0.002833,0.020900,-0.004124,-0.002250,0.040172,0.026039,-0.002833,0.020904,-0.004124,-0.002250,3.643184e-06,0.000107
2081,3,-114.0000,132.0000,-7.7500,0.007400,0.039300,0.005064,0.011510,0.009420,0.015360,0.007400,0.039298,0.005064,0.011514,0.009420,0.015356,4.289208e-06,0.000126
2082,3,-102.0000,132.0000,-7.7500,0.039860,0.053260,-0.001606,0.029250,0.005249,0.017930,0.039858,0.053258,-0.001606,0.029251,0.005249,0.017931,1.887996e-06,0.000055
2083,3,-90.0000,132.0000,-7.7500,0.039230,0.053880,-0.006782,0.042240,0.002694,0.003392,0.039231,0.053882,-0.006782,0.042237,0.002694,0.003392,3.378757e-06,0.000099
2084,3,-78.0000,132.0000,-7.7500,0.039070,0.058580,-0.000502,0.052640,0.000513,0.000963,0.039069,0.058580,-0.000502,0.052639,0.000513,0.000963,1.068072e-06,0.000031
2085,3,-66.0000,132.0000,-7.7500,0.039090,0.060740,0.000006,0.061340,-0.001737,0.002525,0.039093,0.060740,0.000006,0.061345,-0.001737,0.002525,4.823223e-06,0.000141
2086,3,-54.0000,132.0000,-7.7500,0.040820,0.063160,-0.000717,0.068740,-0.003855,0.004847,0.040815,0.063162,-0.000717,0.068740,-0.003855,0.004847,4.709222e-06,0.000138
2087,3,-42.0000,132.0000,-7.7500,0.043380,0.066070,-0.001929,0.075570,-0.004777,0.003581,0.043376,0.066073,-0.001929,0.075571,-0.004777,0.003581,4.405434e-06,0.000129
2088,3,-30.0000,132.0000,-7.7500,0.037010,0.065730,-0.003826,0.084660,-0.001551,-0.004009,0.037009,0.065732,-0.003826,0.084664,-0.001551,-0.004009,4.289630e-06,0.000126
2089,3,-114.0000,156.0000,-7.7500,0.006261,0.025460,0.003808,0.009803,0.010050,0.013110,0.006261,0.025458,0.003808,0.009803,0.010051,0.013114,4.261314e-06,0.000125
2090,3,-102.0000,156.0000,-7.7500,0.037190,0.043420,-0.001501,0.025420,0.006364,0.015070,0.037195,0.043423,-0.001501,0.025417,0.006364,0.015073,4.894433e-06,0.000143
2091,3,-90.0000,156.0000,-7.7500,0.038300,0.045560,-0.006137,0.036900,0.004412,0.001147,0.038295,0.045555,-0.006137,0.036903,0.004412,0.001147,4.908300e-06,0.000144
2092,3,-78.0000,156.0000,-7.7500,0.039000,0.049210,-0.000426,0.046560,0.002768,-0.002064,0.039005,0.049206,-0.000426,0.046556,0.002768,-0.002064,4.539346e-06,0.000133
2093,3,-66.0000,156.0000,-7.7500,0.039210,0.049470,0.000264,0.055010,0.001001,-0.001549,0.039212,0.049474,0.000264,0.055015,0.001001,-0.001549,4.572199e-06,0.000134
2094,3,-54.0000,156.0000,-7.7500,0.040510,0.049550,0.000188,0.062390,-0.000831,0.000606,0.040511,0.049546,0.000188,0.062391,-0.000831,0.000606,4.122806e-06,0.000121
2095,3,-42.0000,156.0000,-7.7500,0.044150,0.050320,-0.000520,0.068780,-0.002093,0.001930,0.044152,0.050323,-0.000520,0.068784,-0.002093,0.001930,4.169138e-06,0.000122
2096,3,-30.0000,156.0000,-7.7500,0.049170,0.050740,-0.001701,0.074750,-0.001643,0.001583,0.049167,0.050739,-0.001701,0.074750,-0.001643,0.001583,2.674341e-06,0.000078
2097,3,-114.0000,180.0000,-7.7500,0.004751,0.020010,-0.000351,0.006498,0.011440,0.012100,0.004751,0.020013,-0.000351,0.006498,0.011439,0.012098,2.593272e-06,0.000076
2098,3,-102.0000,180.0000,-7.7500,0.036480,0.040930,-0.004160,0.016710,0.009096,0.013830,0.036482,0.040931,-0.004160,0.016710,0.009096,0.013827,3.052861e-06,0.000089
2099,3,-90.0000,180.0000,-7.7500,0.039260,0.043180,-0.008715,0.025650,0.008123,0.000019,0.039260,0.043183,-0.008715,0.025646,0.008123,0.000019,3.736743e-06,0.000109
2100,3,-78.0000,180.0000,-7.7500,0.040880,0.045680,-0.003267,0.034180,0.007327,-0.003950,0.040885,0.045685,-0.003267,0.034180,0.007327,-0.003950,4.925386e-06,0.000144
2101,3,-66.0000,180.0000,-7.7500,0.041050,0.044370,-0.002468,0.042380,0.006318,-0.004327,0.041047,0.044373,-0.002468,0.042383,0.006318,-0.004327,3.446526e-06,0.000101
2102,3,-54.0000,180.0000,-7.7500,0.041410,0.042730,-0.002200,0.049980,0.004978,-0.002607,0.041413,0.042726,-0.002200,0.049984,0.004978,-0.002607,4.436864e-06,0.000130
2103,3,-42.0000,180.0000,-7.7500,0.044070,0.042250,-0.002051,0.056630,0.003296,-0.000407,0.044074,0.042254,-0.002051,0.056626,0.003296,-0.000407,4.097678e-06,0.000120
2104,3,-30.0000,180.0000,-7.7500,0.049340,0.042990,-0.001976,0.061940,0.001181,0.002052,0.049341,0.042992,-0.001976,0.061937,0.001181,0.002052,2.911953e-06,0.000085
2105,3,-114.0000,204.0000,-7.7500,0.011320,0.030150,0.002978,0.000874,-0.000541,0.011550,0.011324,0.030153,0.002978,0.000874,-0.000541,0.011555,4.544797e-06,0.000133
2106,3,-102.0000,204.0000,-7.7500,0.043110,0.048150,-0.001276,0.005345,-0.000792,0.013590,0.043113,0.048155,-0.001276,0.005345,-0.000792,0.013585,4.874743e-06,0.000143
2107,3,-90.0000,204.0000,-7.7500,0.046520,0.048570,-0.006290,0.011520,-0.000745,-0.000257,0.046522,0.048570,-0.006290,0.011516,-0.000745,-0.000257,3.608857e-06,0.000106
2108,3,-78.0000,204.0000,-7.7500,0.047810,0.049630,-0.001307,0.018910,-0.000687,-0.004749,0.047814,0.049635,-0.001307,0.018908,-0.000687,-0.004749,4.512572e-06,0.000132
2109,3,-66.0000,204.0000,-7.7500,0.047160,0.047680,-0.000720,0.026600,-0.000888,-0.005923,0.047159,0.047682,-0.000720,0.026598,-0.000888,-0.005923,1.976779e-06,0.000058
2110,3,-54.0000,204.0000,-7.7500,0.046420,0.045780,-0.000517,0.033840,-0.001455,-0.005074,0.046419,0.045781,-0.000517,0.033835,-0.001455,-0.005074,4.508466e-06,0.000132
2111,3,-42.0000,204.0000,-7.7500,0.047840,0.045150,-0.000230,0.040060,-0.002492,-0.003733,0.047842,0.045147,-0.000230,0.040062,-0.002492,-0.003733,3.104251e-06,0.000091
2112,3,-30.0000,204.0000,-7.7500,0.051560,0.045720,-0.000018,0.044710,-0.004013,-0.002169,0.051556,0.045720,-0.000018,0.044712,-0.004013,-0.002169,3.838356e-06,0.000112
2113,3,-114.0000,228.0000,-7.7500,0.001780,0.007019,0.002335,-0.000671,-0.010360,0.011280,0.001780,0.007019,0.002335,-0.000671,-0.010360,0.011276,4.418133e-06,0.000129
2114,3,-102.0000,228.0000,-7.7500,0.032850,0.021050,-0.001485,-0.001763,-0.011650,0.014650,0.032852,0.021046,-0.001485,-0.001763,-0.011647,0.014646,4.295309e-06,0.000126
2115,3,-90.0000,228.0000,-7.7500,0.031620,0.017900,-0.008220,0.000975,-0.011870,-0.000000,0.031622,0.017895,-0.008220,0.000975,-0.011867,-0.000000,4.577192e-06,0.000134
2116,3,-78.0000,228.0000,-7.7500,0.029590,0.018590,-0.003311,0.005238,-0.011730,-0.005763,0.029588,0.018593,-0.003311,0.005238,-0.011729,-0.005763,2.531442e-06,0.000074
2117,3,-66.0000,228.0000,-7.7500,0.027330,0.017590,-0.002564,0.009611,-0.011560,-0.008328,0.027330,0.017594,-0.002564,0.009611,-0.011559,-0.008328,4.023421e-06,0.000118
2118,3,-54.0000,228.0000,-7.7500,0.026210,0.016720,-0.002128,0.013430,-0.011750,-0.008790,0.026213,0.016720,-0.002128,0.013426,-0.011752,-0.008790,3.865620e-06,0.000113
2119,3,-42.0000,228.0000,-7.7500,0.027890,0.016450,-0.001611,0.016520,-0.012410,-0.008693,0.027893,0.016449,-0.001611,0.016520,-0.012411,-0.008693,2.504086e-06,0.000073
2120,3,-30.0000,228.0000,-7.7500,0.032130,0.016890,-0.001028,0.018870,-0.013520,-0.008131,0.032127,0.016894,-0.001028,0.018870,-0.013519,-0.008131,3.685795e-06,0.000108
2121,3,-114.0000,132.0000,-15.2500,0.054610,0.063180,0.028560,0.010580,0.015700,0.041450,0.054613,0.063184,0.028560,0.010585,0.015697,0.041451,4.605526e-06,0.000135
2122,3,-102.0000,132.0000,-15.2500,0.024370,0.033440,-0.025070,0.027840,0.010360,0.008429,0.024370,0.033444,-0.025069,0.027836,0.010359,0.008429,4.137181e-06,0.000121
2123,3,-90.0000,132.0000,-15.2500,0.008793,0.036710,-0.008737,0.042610,0.006688,-0.001341,0.008793,0.036712,-0.008737,0.042613,0.006688,-0.001341,2.715784e-06,0.000080
2124,3,-78.0000,132.0000,-15.2500,-0.003845,0.036660,-0.001746,0.056410,0.003549,-0.003180,-0.003845,0.036660,-0.001746,0.056413,0.003549,-0.003180,3.399781e-06,0.000100
2125,3,-66.0000,132.0000,-15.2500,-0.013540,0.035960,0.001585,0.070160,0.000280,-0.000574,-0.013542,0.035959,0.001585,0.070158,0.000280,-0.000574,2.280542e-06,0.000067
2126,3,-54.0000,132.0000,-15.2500,-0.021240,0.034020,-0.000156,0.084500,-0.002896,0.003233,-0.021237,0.034025,-0.000156,0.084504,-0.002896,0.003233,4.723354e-06,0.000138
2127,3,-42.0000,132.0000,-15.2500,-0.026250,0.031760,-0.006096,0.100200,-0.004185,0.002418,-0.026247,0.031757,-0.006096,0.100174,-0.004185,0.002418,2.628290e-05,0.000770
2128,3,-30.0000,132.0000,-15.2500,-0.032070,0.027380,-0.017830,0.118900,0.002041,-0.014070,-0.032075,0.027376,-0.017830,0.118905,0.002041,-0.014068,4.946524e-06,0.000145
2129,3,-114.0000,156.0000,-15.2500,0.050590,0.043860,0.023480,0.008664,0.017690,0.037040,0.050587,0.043862,0.023483,0.008664,0.017686,0.037043,3.794109e-06,0.000111
2130,3,-102.0000,156.0000,-15.2500,0.026450,0.023000,-0.023380,0.023810,0.013050,0.006063,0.026449,0.022998,-0.023381,0.023813,0.013052,0.006063,2.836982e-06,0.000083
2131,3,-90.0000,156.0000,-15.2500,0.015130,0.027430,-0.008698,0.036920,0.010270,-0.004067,0.015131,0.027433,-0.008698,0.036915,0.010275,-0.004067,4.975422e-06,0.000146
2132,3,-78.0000,156.0000,-15.2500,0.007002,0.026960,-0.002190,0.049380,0.007929,-0.007206,0.007002,0.026957,-0.002190,0.049378,0.007929,-0.007206,3.200587e-06,0.000094
2133,3,-66.0000,156.0000,-15.2500,0.001921,0.024490,0.001486,0.061850,0.005391,-0.006216,0.001921,0.024489,0.001486,0.061847,0.005391,-0.006216,3.351497e-06,0.000098
2134,3,-54.0000,156.0000,-15.2500,-0.000984,0.019730,0.001610,0.074550,0.002731,-0.003106,-0.000984,0.019729,0.001610,0.074553,0.002731,-0.003106,2.543344e-06,0.000075
2135,3,-42.0000,156.0000,-15.2500,-0.000910,0.013120,-0.000784,0.087440,0.000845,-0.000634,-0.000910,0.013121,-0.000784,0.087445,0.000845,-0.000634,4.913302e-06,0.000144
2136,3,-30.0000,156.0000,-15.2500,0.003230,0.003777,-0.005651,0.100200,0.001775,-0.000568,0.003230,0.003777,-0.005651,0.100219,0.001775,-0.000568,1.894137e-05,0.000555
2137,3,-114.0000,180.0000,-15.2500,0.049370,0.033210,0.019520,0.005218,0.016030,0.035780,0.049367,0.033214,0.019519,0.005218,0.016032,0.035778,3.575233e-06,0.000105
2138,3,-102.0000,180.0000,-15.2500,0.029170,0.017010,-0.024090,0.015130,0.013330,0.005468,0.029169,0.017013,-0.024085,0.015125,0.013328,0.005468,4.705910e-06,0.000138
2139,3,-90.0000,180.0000,-15.2500,0.021210,0.021970,-0.010260,0.025030,0.012050,-0.005304,0.021210,0.021970,-0.010261,0.025029,0.012053,-0.005304,2.547766e-06,0.000075
2140,3,-78.0000,180.0000,-15.2500,0.016220,0.021070,-0.003990,0.035210,0.010990,-0.009589,0.016216,0.021066,-0.003990,0.035207,0.010989,-0.009589,4.223591e-06,0.000124
2141,3,-66.0000,180.0000,-15.2500,0.013900,0.017860,-0.000046,0.045600,0.009627,-0.009878,0.013895,0.017857,-0.000046,0.045598,0.009627,-0.009878,4.548753e-06,0.000133
2142,3,-54.0000,180.0000,-15.2500,0.013330,0.012570,0.001392,0.055900,0.007829,-0.007488,0.013331,0.012565,0.001392,0.055904,0.007829,-0.007488,4.998065e-06,0.000146
2143,3,-42.0000,180.0000,-15.2500,0.015060,0.006069,0.001929,0.065610,0.005537,-0.004075,0.015059,0.006069,0.001929,0.065610,0.005537,-0.004075,8.100666e-07,0.000024
2144,3,-30.0000,180.0000,-15.2500,0.019680,-0.001662,0.001835,0.073950,0.002413,-0.000392,0.019684,-0.001662,0.001835,0.073950,0.002413,-0.000392,4.102198e-06,0.000120
2145,3,-114.0000,204.0000,-15.2500,0.050100,0.043160,0.007562,0.000497,0.011510,0.036100,0.050101,0.043158,0.007562,0.000497,0.011508,0.036104,3.544945e-06,0.000104
2146,3,-102.0000,204.0000,-15.2500,0.031990,0.024940,-0.036240,0.004183,0.010720,0.005762,0.031992,0.024943,-0.036236,0.004183,0.010719,0.005762,4.077570e-06,0.000119
2147,3,-90.0000,204.0000,-15.2500,0.024830,0.027530,-0.023860,0.010440,0.010730,-0.005470,0.024828,0.027530,-0.023858,0.010435,0.010731,-0.005470,4.739437e-06,0.000139
2148,3,-78.0000,204.0000,-15.2500,0.020430,0.025550,-0.018310,0.018180,0.010780,-0.010580,0.020431,0.025550,-0.018310,0.018178,0.010781,-0.010580,2.384415e-06,0.000070
2149,3,-66.0000,204.0000,-15.2500,0.018550,0.022440,-0.014750,0.026420,0.010640,-0.012050,0.018553,0.022438,-0.014746,0.026418,0.010637,-0.012048,3.916414e-06,0.000115
2150,3,-54.0000,204.0000,-15.2500,0.018260,0.018300,-0.013470,0.034400,0.010080,-0.010980,0.018258,0.018301,-0.013466,0.034403,0.010084,-0.010977,3.821015e-06,0.000112
2151,3,-42.0000,204.0000,-15.2500,0.019950,0.014060,-0.012830,0.041520,0.008983,-0.008836,0.019948,0.014059,-0.012834,0.041517,0.008983,-0.008836,4.122482e-06,0.000121
2152,3,-30.0000,204.0000,-15.2500,0.023830,0.009869,-0.012600,0.047120,0.007241,-0.006509,0.023827,0.009869,-0.012599,0.047118,0.007241,-0.006509,3.289766e-06,0.000096
2153,3,-114.0000,228.0000,-15.2500,0.069750,0.065870,0.031090,-0.002392,-0.028430,0.041080,0.069755,0.065868,0.031091,-0.002392,-0.028431,0.041080,4.952457e-06,0.000145
2154,3,-102.0000,228.0000,-15.2500,0.049680,0.042990,-0.015760,-0.002976,-0.026930,0.008090,0.049680,0.042986,-0.015762,-0.002976,-0.026925,0.008090,4.571145e-06,0.000134
2155,3,-90.0000,228.0000,-15.2500,0.038290,0.043760,-0.004785,-0.000322,-0.025740,-0.004665,0.038293,0.043758,-0.004785,-0.000322,-0.025742,-0.004665,3.461049e-06,0.000101
2156,3,-78.0000,228.0000,-15.2500,0.030580,0.041810,-0.000087,0.003647,-0.024630,-0.011490,0.030585,0.041809,-0.000087,0.003647,-0.024628,-0.011486,4.801306e-06,0.000141
2157,3,-66.0000,228.0000,-15.2500,0.027320,0.040240,0.003206,0.007892,-0.023900,-0.014910,0.027321,0.040239,0.003206,0.007892,-0.023902,-0.014909,1.769187e-06,0.000052
2158,3,-54.0000,228.0000,-15.2500,0.027420,0.038730,0.004734,0.011750,-0.023810,-0.015770,0.027419,0.038732,0.004734,0.011750,-0.023809,-0.015769,1.926498e-06,0.000056
2159,3,-42.0000,228.0000,-15.2500,0.030780,0.037820,0.006063,0.014960,-0.024530,-0.015430,0.030782,0.037822,0.006063,0.014962,-0.024533,-0.015427,3.020492e-06,0.000088
2160,3,-30.0000,228.0000,-15.2500,0.037250,0.037900,0.007739,0.017440,-0.026050,-0.014660,0.037246,0.037899,0.007739,0.017437,-0.026051,-0.014663,4.377239e-06,0.000128
2161,4,-114.0000,132.0000,-36.5000,0.011610,0.008737,0.000495,0.001443,0.005706,0.004081,0.011610,0.008737,0.000495,0.001443,0.005706,0.004081,4.891893e-07,0.000014
2162,4,-102.0000,132.0000,-36.5000,0.003926,0.005507,-0.001266,0.003836,0.004834,0.000496,0.003926,0.005507,-0.001266,0.003836,0.004834,0.000496,4.852861e-07,0.000014
2163,4,-90.0000,132.0000,-36.5000,-0.001736,0.003050,-0.002782,0.006031,0.004458,-0.001897,-0.001736,0.003050,-0.002782,0.006031,0.004458,-0.001897,4.427744e-07,0.000013
2164,4,-78.0000,132.0000,-36.5000,-0.006253,0.000899,-0.004399,0.008202,0.004550,-0.004434,-0.006253,0.000899,-0.004399,0.008202,0.004550,-0.004434,4.309970e-07,0.000013
2165,4,-66.0000,132.0000,-36.5000,-0.010140,-0.001235,-0.006471,0.010480,0.005207,-0.007287,-0.010139,-0.001235,-0.006471,0.010481,0.005207,-0.007287,1.236712e-06,0.000036
2166,4,-54.0000,132.0000,-36.5000,-0.013520,-0.003434,-0.009194,0.012980,0.006640,-0.010760,-0.013522,-0.003434,-0.009194,0.012979,0.006640,-0.010764,4.217410e-06,0.000124
2167,4,-42.0000,132.0000,-36.5000,-0.016110,-0.005557,-0.012620,0.015760,0.009264,-0.015290,-0.016108,-0.005557,-0.012617,0.015758,0.009264,-0.015293,2.981273e-06,0.000087
2168,4,-30.0000,132.0000,-36.5000,-0.016790,-0.006990,-0.016410,0.018790,0.013880,-0.021340,-0.016790,-0.006990,-0.016413,0.018789,0.013876,-0.021339,3.668379e-06,0.000107
2169,4,-114.0000,156.0000,-36.5000,0.010320,0.005223,-0.000739,0.001161,0.005156,0.003564,0.010321,0.005223,-0.000739,0.001161,0.005156,0.003564,7.784874e-07,0.000023
2170,4,-102.0000,156.0000,-36.5000,0.004100,0.003396,-0.001675,0.003248,0.004449,0.000597,0.004100,0.003396,-0.001675,0.003248,0.004449,0.000597,3.441692e-07,0.000010
2171,4,-90.0000,156.0000,-36.5000,-0.000174,0.001746,-0.002487,0.005195,0.004163,-0.001276,-0.000174,0.001746,-0.002487,0.005195,0.004163,-0.001276,2.703731e-07,0.000008
2172,4,-78.0000,156.0000,-36.5000,-0.003254,0.000115,-0.003347,0.007136,0.004274,-0.003145,-0.003254,0.000115,-0.003347,0.007136,0.004274,-0.003145,4.783939e-07,0.000014
2173,4,-66.0000,156.0000,-36.5000,-0.005626,-0.001709,-0.004514,0.009163,0.004853,-0.005032,-0.005626,-0.001709,-0.004514,0.009163,0.004853,-0.005032,4.783923e-07,0.000014
2174,4,-54.0000,156.0000,-36.5000,-0.007475,-0.003841,-0.006115,0.011310,0.006049,-0.007024,-0.007475,-0.003841,-0.006115,0.011311,0.006049,-0.007024,8.822182e-07,0.000026
2175,4,-42.0000,156.0000,-36.5000,-0.008763,-0.006353,-0.008198,0.013550,0.008110,-0.009191,-0.008763,-0.006353,-0.008198,0.013550,0.008110,-0.009191,4.137657e-07,0.000012
2176,4,-30.0000,156.0000,-36.5000,-0.009223,-0.009271,-0.010710,0.015750,0.011360,-0.011450,-0.009223,-0.009271,-0.010712,0.015754,0.011360,-0.011450,4.274965e-06,0.000125
2177,4,-114.0000,180.0000,-36.5000,0.010350,0.003930,-0.001183,0.000630,0.003739,0.003139,0.010352,0.003930,-0.001183,0.000630,0.003739,0.003139,1.817067e-06,0.000053
2178,4,-102.0000,180.0000,-36.5000,0.004901,0.002750,-0.001793,0.002014,0.003296,0.000638,0.004901,0.002750,-0.001793,0.002014,0.003296,0.000638,4.863609e-07,0.000014
2179,4,-90.0000,180.0000,-36.5000,0.001548,0.001571,-0.002181,0.003469,0.003118,-0.000856,0.001548,0.001571,-0.002181,0.003469,0.003118,-0.000856,4.659551e-07,0.000014
2180,4,-78.0000,180.0000,-36.5000,-0.000593,0.000271,-0.002563,0.005011,0.003192,-0.002259,-0.000593,0.000271,-0.002563,0.005011,0.003192,-0.002259,4.532434e-07,0.000013
2181,4,-66.0000,180.0000,-36.5000,-0.001995,-0.001208,-0.003101,0.006624,0.003546,-0.003507,-0.001995,-0.001208,-0.003101,0.006624,0.003546,-0.003507,4.893118e-07,0.000014
2182,4,-54.0000,180.0000,-36.5000,-0.002922,-0.002943,-0.003881,0.008260,0.004231,-0.004587,-0.002922,-0.002943,-0.003881,0.008260,0.004231,-0.004587,3.963780e-07,0.000012
2183,4,-42.0000,180.0000,-36.5000,-0.003514,-0.005039,-0.004950,0.009837,0.005292,-0.005486,-0.003514,-0.005039,-0.004950,0.009837,0.005292,-0.005486,4.498555e-07,0.000013
2184,4,-30.0000,180.0000,-36.5000,-0.003816,-0.007595,-0.006316,0.011230,0.006731,-0.006154,-0.003816,-0.007595,-0.006316,0.011235,0.006731,-0.006154,4.509503e-06,0.000132
2185,4,-114.0000,204.0000,-36.5000,0.011720,0.006162,-0.000728,0.000056,0.001591,0.002887,0.011723,0.006162,-0.000728,0.000056,0.001591,0.002887,2.567703e-06,0.000075
2186,4,-102.0000,204.0000,-36.5000,0.006698,0.004821,-0.001363,0.000499,0.001432,0.000568,0.006698,0.004821,-0.001363,0.000499,0.001432,0.000568,3.504804e-07,0.000010
2187,4,-90.0000,204.0000,-36.5000,0.003584,0.003420,-0.001833,0.001384,0.001339,-0.000755,0.003584,0.003420,-0.001833,0.001384,0.001339,-0.000755,3.671957e-07,0.000011
2188,4,-78.0000,204.0000,-36.5000,0.001749,0.002155,-0.002126,0.002494,0.001351,-0.001956,0.001749,0.002155,-0.002126,0.002494,0.001351,-0.001956,4.252200e-07,0.000012
2189,4,-66.0000,204.0000,-36.5000,0.000726,0.000966,-0.002395,0.003693,0.001481,-0.002958,0.000726,0.000966,-0.002395,0.003693,0.001481,-0.002958,4.560059e-07,0.000013
2190,4,-54.0000,204.0000,-36.5000,0.000265,-0.000189,-0.002692,0.004873,0.001733,-0.003729,0.000265,-0.000189,-0.002692,0.004873,0.001733,-0.003729,4.690995e-07,0.000014
2191,4,-42.0000,204.0000,-36.5000,0.000189,-0.001389,-0.003055,0.005940,0.002102,-0.004275,0.000189,-0.001389,-0.003055,0.005940,0.002102,-0.004275,3.272011e-07,0.000010
2192,4,-30.0000,204.0000,-36.5000,0.000404,-0.002685,-0.003487,0.006802,0.002572,-0.004628,0.000404,-0.002685,-0.003487,0.006802,0.002572,-0.004628,4.728038e-07,0.000014
2193,4,-114.0000,228.0000,-36.5000,0.017420,0.015290,0.002694,-0.000656,-0.001248,0.002730,0.017422,0.015294,0.002694,-0.000656,-0.001248,0.002730,3.671008e-06,0.000108
2194,4,-102.0000,228.0000,-36.5000,0.011090,0.012380,0.000868,-0.000569,-0.001251,0.000397,0.011093,0.012382,0.000868,-0.000569,-0.001251,0.000397,3.028797e-06,0.000089
2195,4,-90.0000,228.0000,-36.5000,0.007019,0.010380,-0.000278,-0.000187,-0.001287,-0.000966,0.007019,0.010384,-0.000278,-0.000187,-0.001287,-0.000966,3.906841e-06,0.000114
2196,4,-78.0000,228.0000,-36.5000,0.004548,0.008922,-0.000975,0.000377,-0.001344,-0.002252,0.004548,0.008922,-0.000975,0.000377,-0.001344,-0.002252,4.671305e-07,0.000014
2197,4,-66.0000,228.0000,-36.5000,0.003332,0.007968,-0.001324,0.000980,-0.001419,-0.003365,0.003332,0.007968,-0.001324,0.000980,-0.001419,-0.003365,4.702788e-07,0.000014
2198,4,-54.0000,228.0000,-36.5000,0.003103,0.007433,-0.001401,0.001539,-0.001506,-0.004249,0.003103,0.007433,-0.001401,0.001539,-0.001506,-0.004249,4.324720e-07,0.000013
2199,4,-42.0000,228.0000,-36.5000,0.003607,0.007199,-0.001290,0.002010,-0.001600,-0.004897,0.003607,0.007199,-0.001290,0.002010,-0.001600,-0.004897,4.513706e-07,0.000013
2200,4,-30.0000,228.0000,-36.5000,0.004664,0.007225,-0.001021,0.002376,-0.001697,-0.005333,0.004664,0.007225,-0.001021,0.002376,-0.001697,-0.005333,4.608153e-07,0.000014
2201,2,-21.0000,4.0000,-2.0000,0.168800,0.196300,0.015140,0.002883,-0.000060,0.001395,0.168820,0.196305,0.015141,0.002883,-0.000060,0.001395,2.007574e-05,0.000588
2202,2,-15.0000,4.0000,-2.0000,0.143100,0.167000,-0.045430,0.002880,-0.000104,0.003477,0.143100,0.167032,-0.045430,0.002880,-0.000104,0.003477,3.179629e-05,0.000932
2203,2,-9.0000,4.0000,-2.0000,0.141500,0.263300,0.183300,0.003047,-0.000160,0.027840,0.141523,0.263310,0.183265,0.003047,-0.000160,0.027838,3.512600e-05,0.001029
2204,2,-3.0000,4.0000,-2.0000,-0.491800,-0.467000,-1.024000,0.003370,0.003173,-0.541400,-0.491789,-0.467045,-1.024393,0.003370,0.003173,-0.541396,3.934704e-04,0.011529
2205,2,-21.0000,12.0000,-2.0000,0.168400,0.195900,0.015050,0.008621,-0.000173,0.001406,0.168409,0.195896,0.015046,0.008621,-0.000173,0.001406,9.073345e-06,0.000266
2206,2,-15.0000,12.0000,-2.0000,0.142900,0.166900,-0.045020,0.008618,-0.000191,0.003443,0.142877,0.166935,-0.045022,0.008618,-0.000191,0.003443,3.485576e-05,0.001021
2207,2,-9.0000,12.0000,-2.0000,0.141000,0.262100,0.181300,0.008724,-0.000060,0.027470,0.140954,0.262067,0.181280,0.008724,-0.000060,0.027467,4.584428e-05,0.001343
2208,2,-3.0000,12.0000,-2.0000,-0.485200,-0.460900,-1.013000,0.009051,0.000292,-0.536100,-0.485217,-0.460945,-1.012943,0.009051,0.000292,-0.536064,5.652967e-05,0.001656
2209,2,-21.0000,20.0000,-2.0000,0.167500,0.195000,0.014900,0.014360,-0.000304,0.001408,0.167527,0.195049,0.014897,0.014358,-0.000304,0.001408,4.939997e-05,0.001447
2210,2,-15.0000,20.0000,-2.0000,0.142200,0.166400,-0.044700,0.014390,-0.000323,0.003457,0.142233,0.166386,-0.044704,0.014392,-0.000323,0.003457,3.342045e-05,0.000979
2211,2,-9.0000,20.0000,-2.0000,0.140600,0.261100,0.180100,0.014540,-0.000249,0.027410,0.140589,0.261091,0.180096,0.014536,-0.000249,0.027410,1.114389e-05,0.000327
2212,2,-3.0000,20.0000,-2.0000,-0.481800,-0.456800,-1.007000,0.014880,0.001545,-0.532300,-0.481846,-0.456822,-1.006824,0.014883,0.001545,-0.532281,1.762982e-04,0.005165
2213,2,-21.0000,28.0000,-2.0000,0.166300,0.193700,0.014740,0.020140,-0.000458,0.001434,0.166256,0.193723,0.014740,0.020138,-0.000458,0.001434,4.427819e-05,0.001297
2214,2,-15.0000,28.0000,-2.0000,0.141300,0.165500,-0.044130,0.020130,-0.000493,0.003461,0.141255,0.165523,-0.044133,0.020127,-0.000493,0.003461,4.474833e-05,0.001311
2215,2,-9.0000,28.0000,-2.0000,0.139800,0.259200,0.177800,0.020410,-0.000305,0.027160,0.139771,0.259239,0.177752,0.020408,-0.000305,0.027164,4.849384e-05,0.001421
2216,2,-3.0000,28.0000,-2.0000,-0.475100,-0.449500,-0.994600,0.021110,0.002175,-0.525500,-0.475070,-0.449510,-0.994588,0.021112,0.002175,-0.525463,3.703309e-05,0.001085
2217,2,-21.0000,36.0000,-2.0000,0.164500,0.191600,0.014430,0.025900,-0.000672,0.001472,0.164475,0.191616,0.014433,0.025902,-0.000672,0.001472,2.484089e-05,0.000728
2218,2,-15.0000,36.0000,-2.0000,0.140000,0.164300,-0.043410,0.025990,-0.000737,0.003405,0.140019,0.164253,-0.043407,0.025990,-0.000737,0.003405,4.662008e-05,0.001366
2219,2,-9.0000,36.0000,-2.0000,0.138000,0.255900,0.174000,0.026250,-0.000727,0.026470,0.137990,0.255930,0.174027,0.026253,-0.000728,0.026467,3.044565e-05,0.000892
2220,2,-3.0000,36.0000,-2.0000,-0.462700,-0.438000,-0.972100,0.026870,0.004046,-0.514900,-0.462692,-0.437968,-0.972075,0.026869,0.004046,-0.514942,4.176364e-05,0.001224
2221,2,-21.0000,44.0000,-2.0000,0.162400,0.188700,0.014430,0.031610,-0.000891,0.001478,0.162362,0.188671,0.014432,0.031605,-0.000891,0.001478,3.751429e-05,0.001099
2222,2,-15.0000,44.0000,-2.0000,0.138200,0.161600,-0.042770,0.031790,-0.000918,0.003496,0.138239,0.161614,-0.042765,0.031786,-0.000918,0.003496,3.908581e-05,0.001145
2223,2,-9.0000,44.0000,-2.0000,0.137000,0.253200,0.172900,0.031950,-0.000935,0.026220,0.136974,0.253164,0.172871,0.031950,-0.000935,0.026225,3.611065e-05,0.001058
2224,2,-3.0000,44.0000,-2.0000,-0.462100,-0.436800,-0.969300,0.032550,-0.003979,-0.511200,-0.462107,-0.436759,-0.969279,0.032554,-0.003979,-0.511239,4.127602e-05,0.001209
2225,3,-21.0000,4.0000,-7.7500,-0.016940,0.112700,-0.023140,0.003549,-0.000071,-0.036620,-0.016943,0.112680,-0.023141,0.003549,-0.000071,-0.036623,2.004681e-05,0.000587
2226,3,-15.0000,4.0000,-7.7500,-0.094140,0.089530,-0.021010,0.003786,0.000051,-0.079240,-0.094145,0.089534,-0.021006,0.003786,0.000051,-0.079235,4.936124e-06,0.000145
2227,3,-9.0000,4.0000,-7.7500,-0.310000,-0.077950,-0.242700,0.004307,0.000555,-0.271700,-0.310046,-0.077950,-0.242697,0.004307,0.000555,-0.271690,4.622933e-05,0.001355
2228,3,-3.0000,4.0000,-7.7500,-0.287100,-0.340200,-0.942800,0.004727,0.002505,-0.484700,-0.287072,-0.340210,-0.942774,0.004727,0.002505,-0.484745,4.522888e-05,0.001325
2229,3,-21.0000,12.0000,-7.7500,-0.016690,0.112500,-0.023070,0.010600,-0.000222,-0.036430,-0.016688,0.112480,-0.023071,0.010602,-0.000222,-0.036427,2.045179e-05,0.000599
2230,3,-15.0000,12.0000,-7.7500,-0.093480,0.089300,-0.021070,0.011160,0.000148,-0.078840,-0.093482,0.089298,-0.021070,0.011159,0.000148,-0.078838,2.261699e-06,0.000066
2231,3,-9.0000,12.0000,-7.7500,-0.307700,-0.077300,-0.241100,0.011890,0.001157,-0.270000,-0.307665,-0.077295,-0.241139,0.011885,0.001157,-0.269972,3.925404e-05,0.001150
2232,3,-3.0000,12.0000,-7.7500,-0.285300,-0.339300,-0.936000,0.012300,0.003156,-0.481200,-0.285319,-0.339281,-0.935984,0.012297,0.003156,-0.481186,1.933573e-05,0.000567
2233,3,-21.0000,20.0000,-7.7500,-0.016250,0.112100,-0.022920,0.017580,-0.000438,-0.036030,-0.016246,0.112108,-0.022923,0.017576,-0.000438,-0.036034,8.321755e-06,0.000244
2234,3,-15.0000,20.0000,-7.7500,-0.092300,0.089180,-0.020890,0.018400,0.000140,-0.078030,-0.092297,0.089184,-0.020887,0.018401,0.000140,-0.078034,4.436777e-06,0.000130
2235,3,-9.0000,20.0000,-7.7500,-0.304800,-0.075910,-0.239100,0.019500,0.001493,-0.267500,-0.304761,-0.075913,-0.239070,0.019505,0.001493,-0.267484,3.906841e-05,0.001145
2236,3,-3.0000,20.0000,-7.7500,-0.282400,-0.334800,-0.928100,0.019990,0.004293,-0.477200,-0.282421,-0.334778,-0.928149,0.019988,0.004293,-0.477236,4.924958e-05,0.001443
2237,3,-21.0000,28.0000,-7.7500,-0.015720,0.111500,-0.022750,0.024490,-0.000766,-0.035480,-0.015722,0.111453,-0.022748,0.024486,-0.000766,-0.035479,4.730486e-05,0.001386
2238,3,-15.0000,28.0000,-7.7500,-0.090790,0.088870,-0.020770,0.025590,-0.000038,-0.076950,-0.090790,0.088869,-0.020768,0.025587,-0.000038,-0.076946,4.331878e-06,0.000127
2239,3,-9.0000,28.0000,-7.7500,-0.300500,-0.074130,-0.236100,0.027090,0.001956,-0.263900,-0.300517,-0.074126,-0.236132,0.027090,0.001956,-0.263932,3.205133e-05,0.000939
2240,3,-3.0000,28.0000,-7.7500,-0.278300,-0.329400,-0.916200,0.028050,0.006377,-0.471100,-0.278279,-0.329428,-0.916200,0.028055,0.006377,-0.471125,2.829250e-05,0.000829
2241,3,-21.0000,36.0000,-7.7500,-0.015110,0.110500,-0.022530,0.031330,-0.001208,-0.034800,-0.015106,0.110504,-0.022527,0.031333,-0.001208,-0.034795,4.641048e-06,0.000136
2242,3,-15.0000,36.0000,-7.7500,-0.089060,0.088300,-0.020780,0.032650,-0.000385,-0.075660,-0.089060,0.088301,-0.020780,0.032653,-0.000385,-0.075663,3.006960e-06,0.000088
2243,3,-9.0000,36.0000,-7.7500,-0.295100,-0.072020,-0.232700,0.034430,0.001554,-0.259700,-0.295068,-0.072020,-0.232711,0.034433,0.001554,-0.259696,3.157230e-05,0.000925
2244,3,-3.0000,36.0000,-7.7500,-0.274000,-0.325100,-0.901700,0.035420,0.006409,-0.462800,-0.274038,-0.325054,-0.901738,0.035418,0.006409,-0.462802,4.589094e-05,0.001345
2245,3,-21.0000,44.0000,-7.7500,-0.014420,0.109000,-0.022220,0.038140,-0.001903,-0.034020,-0.014425,0.108997,-0.022219,0.038139,-0.001903,-0.034021,4.749734e-06,0.000139
2246,3,-15.0000,44.0000,-7.7500,-0.086910,0.087690,-0.020340,0.039780,-0.000949,-0.074160,-0.086914,0.087692,-0.020344,0.039780,-0.000949,-0.074162,4.328907e-06,0.000127
2247,3,-9.0000,44.0000,-7.7500,-0.290300,-0.069600,-0.229800,0.041580,0.001135,-0.255600,-0.290259,-0.069604,-0.229832,0.041578,0.001135,-0.255572,4.135155e-05,0.001212
2248,3,-3.0000,44.0000,-7.7500,-0.267900,-0.315400,-0.889700,0.042600,0.004152,-0.456100,-0.267868,-0.315412,-0.889725,0.042602,0.004152,-0.456088,3.202253e-05,0.000938
2249,3,-21.0000,4.0000,-15.2500,-0.118800,0.057760,-0.076860,0.004205,0.000117,-0.111400,-0.118767,0.057758,-0.076865,0.004205,0.000117,-0.111378,3.290090e-05,0.000964
2250,3,-15.0000,4.0000,-15.2500,-0.200000,-0.011510,-0.189400,0.004418,0.000449,-0.223100,-0.199985,-0.011505,-0.189413,0.004418,0.000449,-0.223091,1.450143e-05,0.000425
2251,3,-9.0000,4.0000,-15.2500,-0.256300,-0.134500,-0.462400,0.004622,0.001045,-0.349600,-0.256300,-0.134465,-0.462354,0.004622,0.001045,-0.349632,4.571897e-05,0.001340
2252,3,-3.0000,4.0000,-15.2500,-0.259200,-0.276300,-0.836500,0.004607,0.001811,-0.353100,-0.259238,-0.276269,-0.836543,0.004607,0.001811,-0.353072,4.334992e-05,0.001270
2253,3,-21.0000,12.0000,-15.2500,-0.118300,0.057650,-0.076630,0.012560,0.000301,-0.110800,-0.118285,0.057649,-0.076630,0.012559,0.000301,-0.110813,1.502305e-05,0.000440
2254,3,-15.0000,12.0000,-15.2500,-0.198900,-0.011270,-0.188500,0.013100,0.001193,-0.221900,-0.198944,-0.011271,-0.188547,0.013096,0.001193,-0.221937,4.729216e-05,0.001386
2255,3,-9.0000,12.0000,-15.2500,-0.254900,-0.133700,-0.460000,0.013520,0.002728,-0.347800,-0.254922,-0.133699,-0.459960,0.013525,0.002728,-0.347796,3.996415e-05,0.001171
2256,3,-3.0000,12.0000,-15.2500,-0.258100,-0.275200,-0.832300,0.013400,0.004675,-0.351300,-0.258067,-0.275186,-0.832315,0.013396,0.004675,-0.351287,3.279576e-05,0.000961
2257,3,-21.0000,20.0000,-15.2500,-0.117400,0.057520,-0.076120,0.020810,0.000355,-0.109700,-0.117359,0.057522,-0.076123,0.020809,0.000355,-0.109743,4.340054e-05,0.001272
2258,3,-15.0000,20.0000,-15.2500,-0.197300,-0.010830,-0.187100,0.021610,0.001719,-0.219900,-0.197294,-0.010830,-0.187093,0.021615,0.001719,-0.219885,1.503876e-05,0.000441
2259,3,-9.0000,20.0000,-15.2500,-0.252700,-0.132200,-0.456100,0.022270,0.004020,-0.344600,-0.252744,-0.132207,-0.456078,0.022271,0.004020,-0.344648,4.760528e-05,0.001395
2260,3,-3.0000,20.0000,-15.2500,-0.255700,-0.272300,-0.825000,0.022070,0.006940,-0.348200,-0.255710,-0.272334,-0.825012,0.022067,0.006940,-0.348192,3.433397e-05,0.001006
2261,3,-21.0000,28.0000,-15.2500,-0.116100,0.057290,-0.075470,0.028940,0.000238,-0.108200,-0.116115,0.057291,-0.075472,0.028942,0.000238,-0.108248,4.826198e-05,0.001414
2262,3,-15.0000,28.0000,-15.2500,-0.195000,-0.010170,-0.185100,0.030040,0.002010,-0.217000,-0.194979,-0.010169,-0.185082,0.030041,0.002010,-0.217009,2.073153e-05,0.000607
2263,3,-9.0000,28.0000,-15.2500,-0.249800,-0.130100,-0.450800,0.030890,0.005017,-0.340200,-0.249776,-0.130145,-0.450792,0.030887,0.005017,-0.340225,4.502259e-05,0.001319
2264,3,-3.0000,28.0000,-15.2500,-0.252700,-0.268700,-0.815300,0.030670,0.008846,-0.343800,-0.252744,-0.268693,-0.815281,0.030665,0.008846,-0.343802,4.387135e-05,0.001285
2265,3,-21.0000,36.0000,-15.2500,-0.114500,0.057040,-0.074630,0.036950,-0.000067,-0.106400,-0.114527,0.057043,-0.074632,0.036951,-0.000067,-0.106385,2.684814e-05,0.000787
2266,3,-15.0000,36.0000,-15.2500,-0.192200,-0.009357,-0.182700,0.038270,0.002060,-0.213400,-0.192155,-0.009357,-0.182689,0.038274,0.002060,-0.213438,4.465291e-05,0.001308
2267,3,-9.0000,36.0000,-15.2500,-0.246000,-0.127400,-0.444500,0.039320,0.005591,-0.334700,-0.245986,-0.127352,-0.444450,0.039317,0.005591,-0.334709,4.953396e-05,0.001451
2268,3,-3.0000,36.0000,-15.2500,-0.249100,-0.263900,-0.803600,0.039070,0.010170,-0.338100,-0.249149,-0.263936,-0.803632,0.039070,0.010169,-0.338122,4.903542e-05,0.001437
2269,3,-21.0000,44.0000,-15.2500,-0.112600,0.056710,-0.073730,0.044870,-0.000659,-0.104200,-0.112646,0.056710,-0.073730,0.044875,-0.000659,-0.104186,4.601458e-05,0.001348
2270,3,-15.0000,44.0000,-15.2500,-0.189000,-0.008403,-0.180100,0.046490,0.001892,-0.209200,-0.189001,-0.008403,-0.180143,0.046494,0.001892,-0.209219,4.330397e-05,0.001269
2271,3,-9.0000,44.0000,-15.2500,-0.241800,-0.123900,-0.437500,0.047750,0.006253,-0.328200,-0.241796,-0.123925,-0.437546,0.047752,0.006253,-0.328211,4.602899e-05,0.001349
2272,3,-3.0000,44.0000,-15.2500,-0.244400,-0.257100,-0.790200,0.047410,0.011790,-0.331400,-0.244353,-0.257080,-0.790162,0.047410,0.011791,-0.331398,4.673756e-05,0.001369
2273,4,-21.0000,4.0000,-36.5000,-0.032040,-0.009151,-0.039620,0.000622,0.000431,-0.057540,-0.032044,-0.009151,-0.039624,0.000622,0.000431,-0.057540,3.792980e-06,0.000111
2274,4,-15.0000,4.0000,-36.5000,-0.022610,-0.004626,-0.040780,0.000637,0.000511,-0.066170,-0.022615,-0.004626,-0.040777,0.000637,0.000511,-0.066175,4.556695e-06,0.000134
2275,4,-9.0000,4.0000,-36.5000,-0.007737,0.003118,-0.039420,0.000640,0.000600,-0.071190,-0.007737,0.003118,-0.039419,0.000640,0.000600,-0.071195,4.935248e-06,0.000145
2276,4,-3.0000,4.0000,-36.5000,0.009426,0.012260,-0.036880,0.000629,0.000690,-0.070060,0.009426,0.012256,-0.036883,0.000629,0.000690,-0.070060,4.408556e-06,0.000129
2277,4,-21.0000,12.0000,-36.5000,-0.031940,-0.009114,-0.039500,0.001862,0.001286,-0.057340,-0.031945,-0.009114,-0.039496,0.001862,0.001286,-0.057342,4.619467e-06,0.000135
2278,4,-15.0000,12.0000,-36.5000,-0.022560,-0.004618,-0.040650,0.001904,0.001518,-0.065940,-0.022558,-0.004618,-0.040653,0.001904,0.001518,-0.065943,3.186678e-06,0.000093
2279,4,-9.0000,12.0000,-36.5000,-0.007750,0.003083,-0.039310,0.001914,0.001780,-0.070950,-0.007750,0.003083,-0.039313,0.001914,0.001780,-0.070946,3.562733e-06,0.000104
2280,4,-3.0000,12.0000,-36.5000,0.009339,0.012180,-0.036800,0.001881,0.002048,-0.069820,0.009339,0.012175,-0.036797,0.001881,0.002048,-0.069822,4.505740e-06,0.000132
2281,4,-21.0000,20.0000,-36.5000,-0.031750,-0.009032,-0.039240,0.003089,0.002120,-0.056950,-0.031747,-0.009032,-0.039239,0.003089,0.002120,-0.056955,4.526260e-06,0.000133
2282,4,-15.0000,20.0000,-36.5000,-0.022440,-0.004580,-0.040400,0.003156,0.002497,-0.065490,-0.022439,-0.004580,-0.040400,0.003156,0.002497,-0.065491,7.917303e-07,0.000023
2283,4,-9.0000,20.0000,-36.5000,-0.007756,0.003045,-0.039090,0.003171,0.002922,-0.070460,-0.007756,0.003045,-0.039086,0.003171,0.002922,-0.070461,3.650719e-06,0.000107
2284,4,-3.0000,20.0000,-36.5000,0.009190,0.012050,-0.036610,0.003119,0.003355,-0.069360,0.009190,0.012049,-0.036608,0.003119,0.003355,-0.069356,4.439008e-06,0.000130
2285,4,-21.0000,28.0000,-36.5000,-0.031450,-0.008893,-0.038850,0.004298,0.002931,-0.056390,-0.031449,-0.008893,-0.038853,0.004298,0.002931,-0.056387,3.212532e-06,0.000094
2286,4,-15.0000,28.0000,-36.5000,-0.022250,-0.004500,-0.040010,0.004390,0.003444,-0.064830,-0.022251,-0.004500,-0.040013,0.004390,0.003444,-0.064831,2.816679e-06,0.000083
2287,4,-9.0000,28.0000,-36.5000,-0.007744,0.003027,-0.038730,0.004411,0.004019,-0.069750,-0.007744,0.003027,-0.038732,0.004411,0.004019,-0.069753,3.323960e-06,0.000097
2288,4,-3.0000,28.0000,-36.5000,0.009004,0.011920,-0.036300,0.004338,0.004608,-0.068670,0.009004,0.011917,-0.036299,0.004338,0.004608,-0.068673,3.396966e-06,0.000100
2289,4,-21.0000,36.0000,-36.5000,-0.031040,-0.008684,-0.038330,0.005487,0.003714,-0.055650,-0.031043,-0.008684,-0.038332,0.005487,0.003714,-0.055650,3.216305e-06,0.000094
2290,4,-15.0000,36.0000,-36.5000,-0.021990,-0.004357,-0.039490,0.005602,0.004355,-0.063980,-0.021985,-0.004357,-0.039488,0.005602,0.004355,-0.063977,4.806308e-06,0.000141
2291,4,-9.0000,36.0000,-36.5000,-0.007698,0.003053,-0.038240,0.005627,0.005076,-0.068840,-0.007698,0.003053,-0.038241,0.005627,0.005076,-0.068836,3.940500e-06,0.000115
2292,4,-3.0000,36.0000,-36.5000,0.008799,0.011810,-0.035860,0.005535,0.005815,-0.067790,0.008799,0.011807,-0.035861,0.005535,0.005815,-0.067787,3.349730e-06,0.000098
2293,4,-21.0000,44.0000,-36.5000,-0.030520,-0.008384,-0.037670,0.006656,0.004474,-0.054750,-0.030524,-0.008384,-0.037671,0.006656,0.004474,-0.054752,3.702118e-06,0.000108
2294,4,-15.0000,44.0000,-36.5000,-0.021640,-0.004135,-0.038820,0.006791,0.005240,-0.062940,-0.021635,-0.004135,-0.038819,0.006791,0.005240,-0.062935,4.920734e-06,0.000144
2295,4,-9.0000,44.0000,-36.5000,-0.007617,0.003134,-0.037620,0.006819,0.006102,-0.067720,-0.007617,0.003134,-0.037615,0.006819,0.006102,-0.067715,4.916956e-06,0.000144
2296,4,-3.0000,44.0000,-36.5000,0.008569,0.011710,-0.035300,0.006705,0.006986,-0.066700,0.008569,0.011715,-0.035303,0.006705,0.006986,-0.066704,4.802657e-06,0.000141
2297,2,-21.0000,54.0000,-2.0000,0.158400,0.182600,0.014000,0.038420,-0.001501,0.001325,0.158426,0.182596,0.014001,0.038417,-0.001501,0.001325,2.648259e-05,0.000776
2298,2,-15.0000,54.0000,-2.0000,0.135000,0.156300,-0.041270,0.038580,-0.001768,0.003258,0.134987,0.156331,-0.041271,0.038583,-0.001768,0.003258,3.085569e-05,0.000904
2299,2,-9.0000,54.0000,-2.0000,0.133900,0.245000,0.167500,0.039410,-0.001483,0.025320,0.133880,0.245003,0.167454,0.039410,-0.001483,0.025321,4.614362e-05,0.001352
2300,2,-3.0000,54.0000,-2.0000,-0.445300,-0.421600,-0.936700,0.040950,0.007801,-0.494100,-0.445260,-0.421609,-0.936745,0.040948,0.007801,-0.494076,4.465680e-05,0.001308
2301,2,-21.0000,66.0000,-2.0000,0.151800,0.171400,0.013030,0.045600,-0.002323,0.000936,0.151760,0.171416,0.013034,0.045604,-0.002323,0.000936,3.953254e-05,0.001158
2302,2,-15.0000,66.0000,-2.0000,0.129200,0.146000,-0.038880,0.045870,-0.002755,0.002610,0.129224,0.146035,-0.038880,0.045872,-0.002755,0.002610,3.539875e-05,0.001037
2303,2,-9.0000,66.0000,-2.0000,0.126700,0.227400,0.156100,0.046790,-0.002906,0.023350,0.126659,0.227391,0.156051,0.046792,-0.002906,0.023355,4.863767e-05,0.001425
2304,2,-3.0000,66.0000,-2.0000,-0.412700,-0.395700,-0.871900,0.048520,0.001412,-0.462000,-0.412715,-0.395749,-0.871931,0.048517,0.001412,-0.461996,4.850828e-05,0.001421
2305,2,-21.0000,78.0000,-2.0000,0.142500,0.155500,0.012090,0.050760,-0.003216,0.000299,0.142490,0.155462,0.012092,0.050758,-0.003216,0.000299,3.817200e-05,0.001118
2306,2,-15.0000,78.0000,-2.0000,0.120600,0.129400,-0.036820,0.050910,-0.003715,0.001726,0.120572,0.129439,-0.036821,0.050908,-0.003715,0.001726,3.890934e-05,0.001140
2307,2,-9.0000,78.0000,-2.0000,0.117900,0.204600,0.148800,0.051430,-0.003936,0.021180,0.117892,0.204636,0.148794,0.051434,-0.003936,0.021176,3.647936e-05,0.001069
2308,2,-3.0000,78.0000,-2.0000,-0.394900,-0.388600,-0.825600,0.052460,0.000559,-0.439600,-0.394927,-0.388638,-0.825557,0.052456,0.000559,-0.439612,4.300921e-05,0.001260
2309,2,-21.0000,90.0000,-2.0000,0.131500,0.137200,0.011770,0.053680,-0.003555,-0.000255,0.131541,0.137152,0.011770,0.053682,-0.003555,-0.000255,4.837523e-05,0.001417
2310,2,-15.0000,90.0000,-2.0000,0.108700,0.109900,-0.035690,0.052690,-0.003855,0.001353,0.108728,0.109867,-0.035690,0.052688,-0.003855,0.001353,3.302059e-05,0.000967
2311,2,-9.0000,90.0000,-2.0000,0.104800,0.178700,0.140100,0.052770,-0.004210,0.020940,0.104790,0.178729,0.140081,0.052769,-0.004210,0.020936,2.910797e-05,0.000853
2312,2,-3.0000,90.0000,-2.0000,-0.392100,-0.395900,-0.802500,0.053850,-0.002997,-0.421100,-0.392135,-0.395906,-0.802453,0.053846,-0.002997,-0.421053,4.697644e-05,0.001376
2313,2,-21.0000,102.0000,-2.0000,0.120300,0.118300,0.011930,0.054260,-0.003374,-0.000792,0.120270,0.118344,0.011932,0.054264,-0.003374,-0.000792,4.408738e-05,0.001292
2314,2,-15.0000,102.0000,-2.0000,0.098600,0.092360,-0.036190,0.054570,-0.003109,-0.000132,0.098598,0.092356,-0.036191,0.054574,-0.003109,-0.000132,4.392778e-06,0.000129
2315,2,-9.0000,102.0000,-2.0000,0.092680,0.164000,0.147800,0.051360,-0.001354,0.018780,0.092681,0.164016,0.147836,0.051357,-0.001354,0.018780,3.575787e-05,0.001048
2316,2,-3.0000,102.0000,-2.0000,-0.384500,-0.402900,-0.766000,0.046050,0.002967,-0.426400,-0.384515,-0.402906,-0.766049,0.046054,0.002967,-0.426429,4.913397e-05,0.001440
2317,2,-21.0000,114.0000,-2.0000,0.112900,0.106000,0.011210,0.053560,-0.000644,0.001310,0.112949,0.106015,0.011207,0.053557,-0.000644,0.001310,4.861239e-05,0.001424
2318,2,-15.0000,114.0000,-2.0000,0.091340,0.074180,-0.037570,0.054640,-0.001546,0.004878,0.091338,0.074184,-0.037572,0.054642,-0.001546,0.004878,3.713900e-06,0.000109
2319,2,-9.0000,114.0000,-2.0000,0.088470,0.145700,0.146700,0.055710,-0.012130,0.019740,0.088473,0.145676,0.146675,0.055711,-0.012133,0.019745,2.531163e-05,0.000742
2320,2,-3.0000,114.0000,-2.0000,-0.545200,-0.549200,-0.996000,0.057050,-0.068390,-0.492000,-0.545221,-0.549178,-0.995954,0.057048,-0.068391,-0.492036,4.585589e-05,0.001344
2321,3,-21.0000,54.0000,-7.7500,-0.013460,0.105800,-0.021860,0.046340,-0.003355,-0.033170,-0.013461,0.105807,-0.021863,0.046339,-0.003355,-0.033166,7.434620e-06,0.000218
2322,3,-15.0000,54.0000,-7.7500,-0.083460,0.085060,-0.020130,0.048710,-0.002284,-0.071940,-0.083455,0.085064,-0.020127,0.048707,-0.002284,-0.071945,4.843018e-06,0.000142
2323,3,-9.0000,54.0000,-7.7500,-0.279900,-0.067080,-0.222500,0.052180,0.001512,-0.247000,-0.279903,-0.067078,-0.222467,0.052176,0.001512,-0.247032,3.265662e-05,0.000957
2324,3,-3.0000,54.0000,-7.7500,-0.258300,-0.304600,-0.859700,0.054110,0.011470,-0.440600,-0.258336,-0.304562,-0.859673,0.054106,0.011467,-0.440633,3.787566e-05,0.001110
2325,3,-21.0000,66.0000,-7.7500,-0.012890,0.099830,-0.021450,0.055030,-0.005892,-0.032690,-0.012891,0.099829,-0.021450,0.055032,-0.005892,-0.032690,1.839917e-06,0.000054
2326,3,-15.0000,66.0000,-7.7500,-0.079490,0.079060,-0.020000,0.057560,-0.005306,-0.069680,-0.079487,0.079056,-0.019999,0.057560,-0.005306,-0.069677,3.757498e-06,0.000110
2327,3,-9.0000,66.0000,-7.7500,-0.264500,-0.065950,-0.210000,0.060950,-0.002192,-0.235000,-0.264495,-0.065947,-0.209999,0.060955,-0.002192,-0.235010,9.886129e-06,0.000290
2328,3,-3.0000,66.0000,-7.7500,-0.245500,-0.294100,-0.809400,0.062890,0.005789,-0.417300,-0.245524,-0.294130,-0.809356,0.062885,0.005789,-0.417305,4.423200e-05,0.001296
2329,3,-21.0000,78.0000,-7.7500,-0.014270,0.091210,-0.020640,0.061890,-0.008804,-0.033190,-0.014275,0.091207,-0.020644,0.061892,-0.008804,-0.033189,4.945250e-06,0.000145
2330,3,-15.0000,78.0000,-7.7500,-0.078230,0.069710,-0.019260,0.063690,-0.009103,-0.068650,-0.078225,0.069708,-0.019262,0.063687,-0.009103,-0.068653,4.646230e-06,0.000136
2331,3,-9.0000,78.0000,-7.7500,-0.254400,-0.069950,-0.199600,0.066280,-0.007714,-0.225700,-0.254394,-0.069954,-0.199577,0.066278,-0.007714,-0.225655,4.509268e-05,0.001321
2332,3,-3.0000,78.0000,-7.7500,-0.238100,-0.288800,-0.769400,0.067320,-0.002658,-0.399400,-0.238142,-0.288821,-0.769382,0.067321,-0.002658,-0.399352,4.784089e-05,0.001402
2333,3,-21.0000,90.0000,-7.7500,-0.018790,0.080970,-0.019690,0.067190,-0.010560,-0.034670,-0.018790,0.080973,-0.019689,0.067189,-0.010560,-0.034671,2.689665e-06,0.000079
2334,3,-15.0000,90.0000,-7.7500,-0.082710,0.058320,-0.018080,0.066870,-0.011490,-0.069480,-0.082711,0.058317,-0.018078,0.066869,-0.011493,-0.069478,3.131538e-06,0.000092
2335,3,-9.0000,90.0000,-7.7500,-0.253500,-0.079670,-0.189700,0.066220,-0.010930,-0.221100,-0.253474,-0.079668,-0.189677,0.066220,-0.010934,-0.221101,2.607307e-05,0.000764
2336,3,-3.0000,90.0000,-7.7500,-0.234700,-0.292500,-0.731300,0.065800,-0.007486,-0.389300,-0.234683,-0.292490,-0.731284,0.065799,-0.007486,-0.389265,3.497677e-05,0.001025
2337,3,-21.0000,102.0000,-7.7500,-0.024500,0.072330,-0.018430,0.073300,-0.008534,-0.035470,-0.024504,0.072327,-0.018428,0.073305,-0.008534,-0.035471,4.664416e-06,0.000137
2338,3,-15.0000,102.0000,-7.7500,-0.092460,0.051660,-0.018340,0.071680,-0.010060,-0.071830,-0.092463,0.051662,-0.018343,0.071679,-0.010063,-0.071828,3.078348e-06,0.000090
2339,3,-9.0000,102.0000,-7.7500,-0.275000,-0.090350,-0.200000,0.065340,-0.017350,-0.230000,-0.274989,-0.090349,-0.200023,0.065340,-0.017354,-0.230034,3.413121e-05,0.001000
2340,3,-3.0000,102.0000,-7.7500,-0.277600,-0.329900,-0.773500,0.055830,-0.034300,-0.403400,-0.277574,-0.329881,-0.773477,0.055828,-0.034303,-0.403385,2.604447e-05,0.000763
2341,3,-21.0000,114.0000,-7.7500,-0.023580,0.066510,-0.014020,0.084460,-0.001460,-0.029890,-0.023580,0.066514,-0.014018,0.084460,-0.001460,-0.029894,3.682423e-06,0.000108
2342,3,-15.0000,114.0000,-7.7500,-0.091370,0.056680,-0.013790,0.089520,0.001502,-0.067420,-0.091370,0.056676,-0.013793,0.089518,0.001502,-0.067415,4.860761e-06,0.000142
2343,3,-9.0000,114.0000,-7.7500,-0.285700,-0.063770,-0.212100,0.092630,0.001635,-0.235100,-0.285664,-0.063773,-0.212053,0.092630,0.001635,-0.235054,4.672297e-05,0.001369
2344,3,-3.0000,114.0000,-7.7500,-0.288700,-0.244800,-0.839800,0.091250,-0.014530,-0.442400,-0.288691,-0.244824,-0.839782,0.091254,-0.014527,-0.442398,2.355325e-05,0.000690
2345,3,-21.0000,54.0000,-15.2500,-0.109700,0.056030,-0.072490,0.054540,-0.002117,-0.101100,-0.109696,0.056032,-0.072495,0.054541,-0.002117,-0.101059,4.075511e-05,0.001194
2346,3,-15.0000,54.0000,-15.2500,-0.183300,-0.006903,-0.175500,0.056670,0.000946,-0.202500,-0.183307,-0.006903,-0.175526,0.056671,0.000946,-0.202548,4.827248e-05,0.001414
2347,3,-9.0000,54.0000,-15.2500,-0.234000,-0.118500,-0.424100,0.058430,0.006577,-0.317500,-0.234039,-0.118528,-0.424139,0.058433,0.006577,-0.317469,3.911829e-05,0.001146
2348,3,-3.0000,54.0000,-15.2500,-0.236100,-0.247100,-0.764400,0.057940,0.013990,-0.320600,-0.236140,-0.247095,-0.764412,0.057942,0.013990,-0.320622,3.988856e-05,0.001169
2349,3,-21.0000,66.0000,-15.2500,-0.105800,0.055090,-0.070820,0.065430,-0.005324,-0.097700,-0.105791,0.055087,-0.070818,0.065430,-0.005324,-0.097704,9.333106e-06,0.000273
2350,3,-15.0000,66.0000,-15.2500,-0.175300,-0.004745,-0.168800,0.067700,-0.002765,-0.194300,-0.175260,-0.004745,-0.168799,0.067703,-0.002765,-0.194330,4.011095e-05,0.001175
2351,3,-9.0000,66.0000,-15.2500,-0.223400,-0.111300,-0.405000,0.069450,0.002415,-0.303700,-0.223401,-0.111342,-0.404963,0.069451,0.002415,-0.303666,4.155652e-05,0.001218
2352,3,-3.0000,66.0000,-15.2500,-0.226300,-0.235300,-0.729100,0.068730,0.009187,-0.307200,-0.226348,-0.235296,-0.729110,0.068726,0.009187,-0.307217,4.845288e-05,0.001420
2353,3,-21.0000,78.0000,-15.2500,-0.102400,0.054070,-0.068700,0.075660,-0.009805,-0.096300,-0.102392,0.054066,-0.068699,0.075664,-0.009805,-0.096297,7.622884e-06,0.000223
2354,3,-15.0000,78.0000,-15.2500,-0.168500,-0.002784,-0.161800,0.077430,-0.009158,-0.189000,-0.168531,-0.002784,-0.161757,0.077427,-0.009158,-0.188952,4.766893e-05,0.001397
2355,3,-9.0000,78.0000,-15.2500,-0.213600,-0.103700,-0.385000,0.078670,-0.006539,-0.293600,-0.213606,-0.103707,-0.385045,0.078673,-0.006539,-0.293629,4.479402e-05,0.001312
2356,3,-3.0000,78.0000,-15.2500,-0.214800,-0.220300,-0.691100,0.077630,-0.002552,-0.297900,-0.214760,-0.220296,-0.691072,0.077628,-0.002552,-0.297879,4.026544e-05,0.001180
2357,3,-21.0000,90.0000,-15.2500,-0.100100,0.053020,-0.065490,0.086060,-0.013200,-0.097720,-0.100106,0.053023,-0.065492,0.086062,-0.013195,-0.097719,5.772931e-06,0.000169
2358,3,-15.0000,90.0000,-15.2500,-0.165700,-0.001808,-0.155400,0.086730,-0.015670,-0.189100,-0.165737,-0.001808,-0.155392,0.086729,-0.015673,-0.189092,3.671187e-05,0.001076
2359,3,-9.0000,90.0000,-15.2500,-0.213000,-0.102900,-0.373200,0.085710,-0.019160,-0.292500,-0.213013,-0.102889,-0.373156,0.085713,-0.019163,-0.292543,4.383915e-05,0.001284
2360,3,-3.0000,90.0000,-15.2500,-0.219400,-0.223600,-0.674000,0.083580,-0.024140,-0.299000,-0.219353,-0.223556,-0.673973,0.083585,-0.024143,-0.299038,4.724122e-05,0.001384
2361,3,-21.0000,102.0000,-15.2500,-0.097900,0.051880,-0.060180,0.098860,-0.009977,-0.099060,-0.097904,0.051879,-0.060175,0.098863,-0.009977,-0.099057,4.885663e-06,0.000143
2362,3,-15.0000,102.0000,-15.2500,-0.168900,-0.000897,-0.152400,0.099130,-0.012330,-0.193100,-0.168859,-0.000897,-0.152383,0.099128,-0.012325,-0.193069,4.128456e-05,0.001210
2363,3,-9.0000,102.0000,-15.2500,-0.221200,-0.097710,-0.377400,0.096760,-0.018980,-0.301700,-0.221186,-0.097708,-0.377430,0.096759,-0.018984,-0.301682,2.996197e-05,0.000878
2364,3,-3.0000,102.0000,-15.2500,-0.234100,-0.214600,-0.691100,0.092490,-0.030410,-0.312200,-0.234084,-0.214646,-0.691073,0.092495,-0.030405,-0.312171,4.577051e-05,0.001341
2365,3,-21.0000,114.0000,-15.2500,-0.089610,0.047310,-0.049930,0.116900,0.003656,-0.090440,-0.089608,0.047309,-0.049934,0.116898,0.003656,-0.090437,3.537747e-06,0.000104
2366,3,-15.0000,114.0000,-15.2500,-0.162900,0.001665,-0.141500,0.123200,0.014930,-0.182400,-0.162917,0.001665,-0.141493,0.123178,0.014926,-0.182381,2.217256e-05,0.000650
2367,3,-9.0000,114.0000,-15.2500,-0.226900,-0.086200,-0.374600,0.127100,0.031120,-0.295000,-0.226875,-0.086197,-0.374620,0.127121,0.031119,-0.295026,2.580318e-05,0.000756
2368,3,-3.0000,114.0000,-15.2500,-0.244300,-0.184600,-0.708000,0.124400,0.045990,-0.317700,-0.244277,-0.184593,-0.708011,0.124440,0.045989,-0.317657,4.262773e-05,0.001249
2369,4,-21.0000,54.0000,-36.5000,-0.029690,-0.007841,-0.036620,0.008086,0.005391,-0.053410,-0.029686,-0.007841,-0.036615,0.008086,0.005391,-0.053408,4.541406e-06,0.000133
2370,4,-15.0000,54.0000,-36.5000,-0.021060,-0.003714,-0.037760,0.008242,0.006286,-0.061370,-0.021063,-0.003714,-0.037762,0.008242,0.006286,-0.061373,3.169243e-06,0.000093
2371,4,-9.0000,54.0000,-36.5000,-0.007474,0.003322,-0.036640,0.008267,0.007291,-0.066040,-0.007474,0.003322,-0.036642,0.008267,0.007291,-0.066042,2.367180e-06,0.000069
2372,4,-3.0000,54.0000,-36.5000,0.008218,0.011620,-0.034460,0.008121,0.008308,-0.065100,0.008218,0.011622,-0.034457,0.008121,0.008308,-0.065105,4.632653e-06,0.000136
2373,4,-21.0000,66.0000,-36.5000,-0.028400,-0.006858,-0.035000,0.009767,0.006488,-0.051600,-0.028401,-0.006858,-0.035004,0.009767,0.006488,-0.051601,4.356179e-06,0.000128
2374,4,-15.0000,66.0000,-36.5000,-0.020120,-0.002846,-0.036130,0.009929,0.007474,-0.059290,-0.020124,-0.002846,-0.036129,0.009929,0.007474,-0.059293,3.593806e-06,0.000105
2375,4,-9.0000,66.0000,-36.5000,-0.007093,0.003932,-0.035100,0.009939,0.008562,-0.063840,-0.007093,0.003932,-0.035102,0.009939,0.008562,-0.063837,2.831458e-06,0.000083
2376,4,-3.0000,66.0000,-36.5000,0.007976,0.011930,-0.033050,0.009758,0.009650,-0.063020,0.007976,0.011926,-0.033051,0.009758,0.009650,-0.063023,4.380918e-06,0.000128
2377,4,-21.0000,78.0000,-36.5000,-0.026750,-0.005414,-0.032920,0.011500,0.007768,-0.049640,-0.026751,-0.005414,-0.032916,0.011495,0.007768,-0.049637,4.872904e-06,0.000143
2378,4,-15.0000,78.0000,-36.5000,-0.018790,-0.001366,-0.033940,0.011650,0.008787,-0.057120,-0.018790,-0.001366,-0.033941,0.011654,0.008787,-0.057119,3.536667e-06,0.000104
2379,4,-9.0000,78.0000,-36.5000,-0.006269,0.005308,-0.032930,0.011640,0.009852,-0.061600,-0.006269,0.005308,-0.032928,0.011635,0.009852,-0.061605,4.907633e-06,0.000144
2380,4,-3.0000,78.0000,-36.5000,0.008226,0.013130,-0.030950,0.011420,0.010870,-0.060960,0.008226,0.013128,-0.030952,0.011417,0.010873,-0.060960,3.491585e-06,0.000102
2381,4,-21.0000,90.0000,-36.5000,-0.024740,-0.003650,-0.030300,0.013420,0.009626,-0.047440,-0.024738,-0.003650,-0.030299,0.013416,0.009626,-0.047437,4.109632e-06,0.000120
2382,4,-15.0000,90.0000,-36.5000,-0.016970,0.000759,-0.031030,0.013610,0.010780,-0.054860,-0.016966,0.000759,-0.031033,0.013606,0.010780,-0.054857,4.389340e-06,0.000129
2383,4,-9.0000,90.0000,-36.5000,-0.004699,0.007827,-0.029740,0.013570,0.011890,-0.059430,-0.004699,0.007827,-0.029744,0.013571,0.011889,-0.059434,4.134225e-06,0.000121
2384,4,-3.0000,90.0000,-36.5000,0.009610,0.016120,-0.027460,0.013320,0.012880,-0.059050,0.009610,0.016118,-0.027457,0.013318,0.012875,-0.059054,4.522351e-06,0.000133
2385,4,-21.0000,102.0000,-36.5000,-0.022540,-0.002244,-0.027260,0.015670,0.012530,-0.044450,-0.022544,-0.002244,-0.027265,0.015671,0.012534,-0.044445,4.897080e-06,0.000143
2386,4,-15.0000,102.0000,-36.5000,-0.014940,0.002702,-0.027540,0.016010,0.014330,-0.051880,-0.014945,0.002702,-0.027538,0.016007,0.014325,-0.051879,4.812948e-06,0.000141
2387,4,-9.0000,102.0000,-36.5000,-0.002729,0.010570,-0.025650,0.016060,0.016070,-0.056660,-0.002729,0.010572,-0.025649,0.016056,0.016072,-0.056659,4.472099e-06,0.000131
2388,4,-3.0000,102.0000,-36.5000,0.011670,0.019860,-0.022670,0.015800,0.017680,-0.056630,0.011672,0.019856,-0.022665,0.015796,0.017680,-0.056629,4.713359e-06,0.000138
2389,4,-21.0000,114.0000,-36.5000,-0.020350,-0.002485,-0.024120,0.018230,0.016340,-0.039470,-0.020354,-0.002485,-0.024116,0.018229,0.016345,-0.039466,4.823880e-06,0.000141
2390,4,-15.0000,114.0000,-36.5000,-0.013530,0.002292,-0.024150,0.018910,0.019750,-0.046430,-0.013525,0.002292,-0.024152,0.018913,0.019750,-0.046430,4.539047e-06,0.000133
2391,4,-9.0000,114.0000,-36.5000,-0.002081,0.010130,-0.021940,0.019210,0.023480,-0.051180,-0.002081,0.010128,-0.021937,0.019210,0.023475,-0.051182,4.549709e-06,0.000133
2392,4,-3.0000,114.0000,-36.5000,0.011820,0.019640,-0.018440,0.019000,0.027180,-0.051540,0.011817,0.019644,-0.018437,0.018996,0.027179,-0.051541,4.361269e-06,0.000128
2393,2,-21.0000,132.0000,-2.0000,0.101900,0.101000,0.005464,0.053220,-0.001318,0.000522,0.101907,0.101027,0.005464,0.053216,-0.001318,0.000522,2.661921e-05,0.000780
2394,2,-15.0000,132.0000,-2.0000,0.093310,0.091090,-0.016820,0.051990,-0.000919,0.001823,0.093309,0.091087,-0.016823,0.051985,-0.000919,0.001823,4.775028e-06,0.000140
2395,2,-9.0000,132.0000,-2.0000,0.095990,0.132000,0.070850,0.057980,0.011000,0.011420,0.095989,0.132000,0.070852,0.057980,0.011004,0.011424,3.833819e-06,0.000112
2396,2,-3.0000,132.0000,-2.0000,-0.155200,-0.149400,-0.402200,0.072470,0.108800,-0.209500,-0.155158,-0.149431,-0.402153,0.072469,0.108752,-0.209519,4.828621e-05,0.001415
2397,2,-21.0000,156.0000,-2.0000,0.088310,0.096330,0.000553,0.054280,0.000032,0.000214,0.088305,0.096330,0.000553,0.054279,0.000032,0.000214,4.760653e-06,0.000139
2398,2,-15.0000,156.0000,-2.0000,0.092340,0.104600,0.001572,0.055740,-0.000941,-0.001156,0.092337,0.104602,0.001572,0.055737,-0.000941,-0.001156,3.332590e-06,0.000098
2399,2,-9.0000,156.0000,-2.0000,0.093180,0.104400,-0.005888,0.057690,-0.008766,0.001591,0.093178,0.104442,-0.005888,0.057695,-0.008766,0.001591,4.161680e-05,0.001219
2400,2,-3.0000,156.0000,-2.0000,0.195500,0.195400,0.145800,0.058940,-0.046760,0.051210,0.195502,0.195427,0.145792,0.058943,-0.046757,0.051209,2.651036e-05,0.000777
2401,2,-21.0000,180.0000,-2.0000,0.079640,0.086170,-0.000257,0.055450,-0.001237,0.001563,0.079641,0.086165,-0.000257,0.055450,-0.001237,0.001563,4.678464e-06,0.000137
2402,2,-15.0000,180.0000,-2.0000,0.083020,0.087870,-0.001157,0.055880,-0.000456,0.002430,0.083016,0.087867,-0.001157,0.055879,-0.000456,0.002430,4.159321e-06,0.000122
2403,2,-9.0000,180.0000,-2.0000,0.087780,0.090500,-0.004049,0.053640,0.004007,0.001548,0.087777,0.090496,-0.004049,0.053636,0.004007,0.001548,4.458638e-06,0.000131
2404,2,-3.0000,180.0000,-2.0000,0.058110,0.070260,-0.052480,0.050800,0.019600,-0.009262,0.058108,0.070259,-0.052480,0.050805,0.019599,-0.009262,4.855897e-06,0.000142
2405,2,-21.0000,204.0000,-2.0000,0.069070,0.066890,0.001954,0.045430,-0.001895,-0.000238,0.069071,0.066891,0.001954,0.045427,-0.001895,-0.000238,2.949667e-06,0.000086
2406,2,-15.0000,204.0000,-2.0000,0.073720,0.072890,0.002680,0.045750,-0.002731,-0.000170,0.073724,0.072889,0.002680,0.045748,-0.002731,-0.000170,4.187908e-06,0.000123
2407,2,-9.0000,204.0000,-2.0000,0.079060,0.081490,0.006034,0.047310,-0.005246,0.000069,0.079058,0.081485,0.006034,0.047315,-0.005246,0.000069,4.970480e-06,0.000146
2408,2,-3.0000,204.0000,-2.0000,0.094480,0.094880,0.021000,0.049390,-0.011630,0.002359,0.094479,0.094881,0.021003,0.049386,-0.011630,0.002359,4.345167e-06,0.000127
2409,2,-21.0000,228.0000,-2.0000,0.043620,0.027630,-0.002945,0.022320,-0.004483,-0.002310,0.043623,0.027628,-0.002945,0.022318,-0.004483,-0.002310,3.457465e-06,0.000101
2410,2,-15.0000,228.0000,-2.0000,0.046120,0.027560,-0.003705,0.023220,-0.004598,-0.002069,0.046118,0.027565,-0.003705,0.023220,-0.004598,-0.002069,4.873242e-06,0.000143
2411,2,-9.0000,228.0000,-2.0000,0.048950,0.025900,-0.005089,0.023460,-0.004316,-0.002026,0.048953,0.025897,-0.005089,0.023463,-0.004316,-0.002026,3.169080e-06,0.000093
2412,2,-3.0000,228.0000,-2.0000,0.050140,0.024290,-0.008735,0.023130,-0.003124,-0.002508,0.050138,0.024294,-0.008735,0.023133,-0.003124,-0.002508,4.231214e-06,0.000124
2413,3,-21.0000,132.0000,-7.7500,0.015960,0.057860,-0.009271,0.098360,0.005508,-0.014770,0.015960,0.057865,-0.009271,0.098363,0.005508,-0.014766,4.832318e-06,0.000142
2414,3,-15.0000,132.0000,-7.7500,-0.014170,0.048400,-0.008850,0.117500,0.019930,-0.031840,-0.014168,0.048399,-0.008850,0.117521,0.019931,-0.031843,2.059878e-05,0.000604
2415,3,-9.0000,132.0000,-7.7500,-0.100900,-0.016780,-0.094550,0.150200,0.063250,-0.106700,-0.100933,-0.016778,-0.094554,0.150204,0.063252,-0.106712,3.291993e-05,0.000965
2416,3,-3.0000,132.0000,-7.7500,-0.106300,-0.125200,-0.374500,0.176100,0.169600,-0.197700,-0.106304,-0.125239,-0.374488,0.176140,0.169629,-0.197698,3.995372e-05,0.001171
2417,3,-21.0000,156.0000,-7.7500,0.054190,0.048550,-0.003174,0.080010,-0.000112,0.000733,0.054192,0.048554,-0.003174,0.080011,-0.000112,0.000733,3.512474e-06,0.000103
2418,3,-15.0000,156.0000,-7.7500,0.060100,0.041840,-0.002864,0.083830,0.000722,0.002872,0.060096,0.041836,-0.002864,0.083833,0.000722,0.002872,4.280348e-06,0.000125
2419,3,-9.0000,156.0000,-7.7500,0.077120,0.033900,0.014450,0.086750,-0.002455,0.012660,0.077124,0.033900,0.014447,0.086752,-0.002455,0.012664,4.092370e-06,0.000120
2420,3,-3.0000,156.0000,-7.7500,0.087560,0.017430,0.067690,0.088450,-0.016380,0.033640,0.087559,0.017429,0.067686,0.088446,-0.016377,0.033640,4.465691e-06,0.000131
2421,3,-21.0000,180.0000,-7.7500,0.055600,0.045010,-0.001384,0.064290,-0.000540,0.003624,0.055603,0.045005,-0.001384,0.064294,-0.000539,0.003624,4.527172e-06,0.000133
2422,3,-15.0000,180.0000,-7.7500,0.061670,0.048650,-0.000913,0.064240,-0.001565,0.004306,0.061670,0.048652,-0.000913,0.064237,-0.001565,0.004306,2.827878e-06,0.000083
2423,3,-9.0000,180.0000,-7.7500,0.069080,0.057970,-0.000802,0.061820,-0.002796,0.004315,0.069075,0.057969,-0.000802,0.061825,-0.002796,0.004315,4.864490e-06,0.000143
2424,3,-3.0000,180.0000,-7.7500,0.081400,0.080690,-0.001983,0.058650,-0.003652,0.000288,0.081395,0.080687,-0.001983,0.058646,-0.003652,0.000288,4.904974e-06,0.000144
2425,3,-21.0000,204.0000,-7.7500,0.055380,0.046620,-0.000326,0.047100,-0.005397,-0.001344,0.055376,0.046623,-0.000326,0.047096,-0.005397,-0.001344,4.315993e-06,0.000126
2426,3,-15.0000,204.0000,-7.7500,0.058180,0.047300,-0.001179,0.048200,-0.006387,-0.000872,0.058176,0.047304,-0.001179,0.048196,-0.006387,-0.000872,4.462012e-06,0.000131
2427,3,-9.0000,204.0000,-7.7500,0.059410,0.045860,-0.003452,0.050000,-0.006799,-0.000635,0.059414,0.045859,-0.003452,0.050003,-0.006799,-0.000635,3.805083e-06,0.000111
2428,3,-3.0000,204.0000,-7.7500,0.056800,0.036440,-0.009412,0.052210,-0.006382,0.000674,0.056798,0.036440,-0.009412,0.052208,-0.006382,0.000674,1.988965e-06,0.000058
2429,3,-21.0000,228.0000,-7.7500,0.036720,0.017730,-0.000523,0.020070,-0.014560,-0.007706,0.036721,0.017734,-0.000523,0.020071,-0.014557,-0.007706,4.413932e-06,0.000129
2430,3,-15.0000,228.0000,-7.7500,0.040810,0.018540,-0.000152,0.020780,-0.015380,-0.007188,0.040810,0.018539,-0.000152,0.020776,-0.015385,-0.007188,4.931798e-06,0.000145
2431,3,-9.0000,228.0000,-7.7500,0.045840,0.019680,0.000592,0.021010,-0.016570,-0.006665,0.045843,0.019685,0.000592,0.021006,-0.016566,-0.006665,4.569803e-06,0.000134
2432,3,-3.0000,228.0000,-7.7500,0.053100,0.024630,0.003233,0.020680,-0.018160,-0.006523,0.053101,0.024632,0.003233,0.020683,-0.018160,-0.006523,3.008974e-06,0.000088
2433,3,-21.0000,132.0000,-15.2500,-0.041560,0.020680,-0.031090,0.137900,0.017780,-0.045400,-0.041559,0.020680,-0.031093,0.137883,0.017779,-0.045402,1.675057e-05,0.000491
2434,3,-15.0000,132.0000,-15.2500,-0.072430,-0.007314,-0.075350,0.155600,0.046540,-0.090140,-0.072432,-0.007314,-0.075354,0.155638,0.046536,-0.090145,3.767082e-05,0.001104
2435,3,-9.0000,132.0000,-15.2500,-0.097580,-0.058050,-0.183800,0.174900,0.098540,-0.143600,-0.097580,-0.058047,-0.183779,0.174927,0.098542,-0.143639,3.948411e-05,0.001157
2436,3,-3.0000,132.0000,-15.2500,-0.103400,-0.118300,-0.338400,0.181700,0.171500,-0.154500,-0.103387,-0.118328,-0.338414,0.181685,0.171533,-0.154464,3.602111e-05,0.001055
2437,3,-21.0000,156.0000,-15.2500,0.010310,-0.005539,-0.009170,0.109600,0.005837,-0.001474,0.010306,-0.005539,-0.009170,0.109556,0.005837,-0.001474,4.406533e-05,0.001291
2438,3,-15.0000,156.0000,-15.2500,0.019110,-0.014730,-0.008453,0.115100,0.012400,-0.000998,0.019105,-0.014729,-0.008453,0.115092,0.012397,-0.000998,7.957456e-06,0.000233
2439,3,-9.0000,156.0000,-15.2500,0.033240,-0.025160,0.000682,0.119300,0.021770,0.002425,0.033239,-0.025161,0.000682,0.119327,0.021774,0.002425,2.728104e-05,0.000799
2440,3,-3.0000,156.0000,-15.2500,0.041660,-0.042420,0.016200,0.120000,0.031620,0.006712,0.041661,-0.042420,0.016205,0.120018,0.031620,0.006712,1.794870e-05,0.000526
2441,3,-21.0000,180.0000,-15.2500,0.024700,-0.008186,0.001165,0.078190,-0.000927,0.002469,0.024702,-0.008186,0.001165,0.078190,-0.000927,0.002469,1.763943e-06,0.000052
2442,3,-15.0000,180.0000,-15.2500,0.029680,-0.011750,0.000905,0.079530,-0.004891,0.004468,0.029682,-0.011748,0.000905,0.079533,-0.004891,0.004468,3.134059e-06,0.000092
2443,3,-9.0000,180.0000,-15.2500,0.034350,-0.014280,0.000620,0.079480,-0.011150,0.005894,0.034349,-0.014275,0.000620,0.079482,-0.011145,0.005894,4.962621e-06,0.000145
2444,3,-3.0000,180.0000,-15.2500,0.042310,-0.012320,0.001125,0.079080,-0.018970,0.005653,0.042310,-0.012322,0.001125,0.079077,-0.018965,0.005653,4.788283e-06,0.000140
2445,3,-21.0000,204.0000,-15.2500,0.027930,0.007027,-0.012610,0.050170,0.005696,-0.004931,0.027935,0.007027,-0.012607,0.050175,0.005696,-0.004931,4.720466e-06,0.000138
2446,3,-15.0000,204.0000,-15.2500,0.031130,0.005451,-0.013070,0.051610,0.004842,-0.004142,0.031134,0.005451,-0.013072,0.051611,0.004842,-0.004142,3.620311e-06,0.000106
2447,3,-9.0000,204.0000,-15.2500,0.034900,0.004497,-0.013750,0.052770,0.004460,-0.003426,0.034902,0.004497,-0.013745,0.052768,0.004460,-0.003426,4.577733e-06,0.000134
2448,3,-3.0000,204.0000,-15.2500,0.037640,0.002208,-0.015200,0.053650,0.004589,-0.002425,0.037640,0.002208,-0.015197,0.053653,0.004589,-0.002425,3.086143e-06,0.000090
2449,3,-21.0000,228.0000,-15.2500,0.043240,0.037950,0.008926,0.018510,-0.027490,-0.014030,0.043243,0.037953,0.008926,0.018511,-0.027494,-0.014027,4.078721e-06,0.000120
2450,3,-15.0000,228.0000,-15.2500,0.047740,0.037430,0.009593,0.019170,-0.028570,-0.013590,0.047738,0.037435,0.009593,0.019166,-0.028573,-0.013591,4.830350e-06,0.000142
2451,3,-9.0000,228.0000,-15.2500,0.052200,0.036010,0.010160,0.019590,-0.029820,-0.013110,0.052203,0.036013,0.010157,0.019588,-0.029816,-0.013114,4.099878e-06,0.000120
2452,3,-3.0000,228.0000,-15.2500,0.057150,0.034760,0.011050,0.019670,-0.031190,-0.012650,0.057154,0.034760,0.011046,0.019668,-0.031190,-0.012645,4.997901e-06,0.000146
2453,4,-21.0000,132.0000,-36.5000,-0.015330,-0.007146,-0.019110,0.021050,0.019060,-0.027180,-0.015327,-0.007146,-0.019113,0.021047,0.019055,-0.027182,4.600898e-06,0.000135
2454,4,-15.0000,132.0000,-36.5000,-0.011590,-0.005716,-0.020010,0.022360,0.024180,-0.031140,-0.011593,-0.005716,-0.020006,0.022356,0.024178,-0.031139,3.800764e-06,0.000111
2455,4,-9.0000,132.0000,-36.5000,-0.005527,-0.002888,-0.019870,0.023190,0.030420,-0.033810,-0.005527,-0.002888,-0.019874,0.023191,0.030421,-0.033808,4.440561e-06,0.000130
2456,4,-3.0000,132.0000,-36.5000,0.001786,0.000744,-0.019140,0.023220,0.037220,-0.034120,0.001786,0.000744,-0.019142,0.023222,0.037217,-0.034121,3.498461e-06,0.000103
2457,4,-21.0000,156.0000,-36.5000,-0.008963,-0.011720,-0.012800,0.017200,0.014610,-0.013050,-0.008963,-0.011722,-0.012804,0.017198,0.014606,-0.013048,3.944425e-06,0.000116
2458,4,-15.0000,156.0000,-36.5000,-0.008392,-0.013600,-0.014340,0.017950,0.017340,-0.013820,-0.008392,-0.013597,-0.014342,0.017949,0.017337,-0.013817,3.231707e-06,0.000095
2459,4,-9.0000,156.0000,-36.5000,-0.007746,-0.015690,-0.016030,0.018410,0.020330,-0.014220,-0.007746,-0.015693,-0.016028,0.018407,0.020326,-0.014218,3.805726e-06,0.000112
2460,4,-3.0000,156.0000,-36.5000,-0.007127,-0.017930,-0.017830,0.018470,0.023410,-0.014270,-0.007127,-0.017928,-0.017825,0.018473,0.023410,-0.014266,4.861578e-06,0.000142
2461,4,-21.0000,180.0000,-36.5000,-0.003885,-0.009786,-0.007488,0.012030,0.007987,-0.006472,-0.003885,-0.009786,-0.007488,0.012027,0.007987,-0.006472,2.795018e-06,0.000082
2462,4,-15.0000,180.0000,-36.5000,-0.003883,-0.011440,-0.008376,0.012410,0.008895,-0.006560,-0.003883,-0.011445,-0.008376,0.012414,0.008895,-0.006560,4.665085e-06,0.000137
2463,4,-9.0000,180.0000,-36.5000,-0.003854,-0.013210,-0.009314,0.012650,0.009830,-0.006592,-0.003854,-0.013207,-0.009314,0.012647,0.009830,-0.006592,3.454016e-06,0.000101
2464,4,-3.0000,180.0000,-36.5000,-0.003783,-0.014990,-0.010260,0.012720,0.010800,-0.006574,-0.003783,-0.014988,-0.010256,0.012724,0.010797,-0.006574,4.455326e-06,0.000131
2465,4,-21.0000,204.0000,-36.5000,0.000739,-0.003669,-0.003812,0.007268,0.002972,-0.004793,0.000739,-0.003669,-0.003812,0.007268,0.002972,-0.004793,3.085038e-07,0.000009
2466,4,-15.0000,204.0000,-36.5000,0.001055,-0.004302,-0.004015,0.007476,0.003263,-0.004845,0.001055,-0.004302,-0.004015,0.007476,0.003263,-0.004845,4.792455e-07,0.000014
2467,4,-9.0000,204.0000,-36.5000,0.001420,-0.004909,-0.004202,0.007612,0.003561,-0.004850,0.001420,-0.004909,-0.004202,0.007612,0.003561,-0.004850,4.303023e-07,0.000013
2468,4,-3.0000,204.0000,-36.5000,0.001803,-0.005501,-0.004387,0.007680,0.003855,-0.004810,0.001803,-0.005501,-0.004387,0.007680,0.003855,-0.004810,4.599163e-07,0.000013
2469,4,-21.0000,228.0000,-36.5000,0.005684,0.007328,-0.000767,0.002521,-0.001770,-0.005544,0.005684,0.007328,-0.000767,0.002521,-0.001770,-0.005544,4.121268e-07,0.000012
2470,4,-15.0000,228.0000,-36.5000,0.006470,0.007415,-0.000585,0.002615,-0.001819,-0.005624,0.006470,0.007415,-0.000585,0.002615,-0.001819,-0.005624,4.306041e-07,0.000013
2471,4,-9.0000,228.0000,-36.5000,0.007309,0.007539,-0.000384,0.002677,-0.001865,-0.005661,0.007309,0.007539,-0.000384,0.002677,-0.001865,-0.005661,4.659894e-07,0.000014
2472,4,-3.0000,228.0000,-36.5000,0.008190,0.007680,-0.000173,0.002704,-0.001905,-0.005653,0.008190,0.007680,-0.000173,0.002704,-0.001905,-0.005653,3.589206e-07,0.000011
2473,2,4.2000,4.0000,-2.0000,-0.906900,-0.950000,-1.834000,0.002768,0.005299,0.158600,-0.906913,-0.950045,-1.833974,0.002768,0.005299,0.158631,4.473970e-05,0.001311
2474,2,12.6000,4.0000,-2.0000,-0.629800,-0.559200,-1.152000,0.002600,0.003757,0.026130,-0.629848,-0.559172,-1.152164,0.002600,0.003757,0.026129,1.643534e-04,0.004816
2475,2,21.0000,4.0000,-2.0000,-0.574200,-0.526100,-1.144000,0.002634,0.003415,0.006423,-0.574207,-0.526120,-1.143745,0.002634,0.003415,0.006423,2.545991e-04,0.007460
2476,2,29.4000,4.0000,-2.0000,-0.540100,-0.490900,-1.108000,0.002561,0.003362,0.009682,-0.540141,-0.490929,-1.108314,0.002561,0.003362,0.009682,3.144130e-04,0.009212
2477,2,37.8000,4.0000,-2.0000,-0.516800,-0.480500,-1.124000,0.002454,0.003364,0.004978,-0.516769,-0.480499,-1.123611,0.002454,0.003364,0.004978,3.887623e-04,0.011391
2478,2,46.2000,4.0000,-2.0000,-0.502100,-0.479900,-1.154000,0.002297,0.003437,0.003864,-0.502086,-0.479880,-1.153917,0.002297,0.003437,0.003864,8.262838e-05,0.002421
2479,2,54.6000,4.0000,-2.0000,-0.495200,-0.485100,-1.190000,0.002097,0.003534,0.001728,-0.495210,-0.485126,-1.189883,0.002097,0.003534,0.001728,1.165690e-04,0.003415
2480,2,63.0000,4.0000,-2.0000,-0.494400,-0.492400,-1.223000,0.001862,0.003631,0.000653,-0.494371,-0.492384,-1.223330,0.001862,0.003631,0.000653,3.298156e-04,0.009664
2481,2,71.4000,4.0000,-2.0000,-0.496700,-0.499400,-1.251000,0.001608,0.003709,0.000046,-0.496687,-0.499431,-1.251373,0.001608,0.003709,0.000046,3.728890e-04,0.010926
2482,2,79.8000,4.0000,-2.0000,-0.500200,-0.505200,-1.273000,0.001342,0.003777,-0.000160,-0.500163,-0.505199,-1.273213,0.001342,0.003777,-0.000160,2.125692e-04,0.006228
2483,2,88.2000,4.0000,-2.0000,-0.503400,-0.509200,-1.289000,0.001064,0.003831,-0.000123,-0.503380,-0.509222,-1.288968,0.001064,0.003831,-0.000123,3.198730e-05,0.000937
2484,2,96.6000,4.0000,-2.0000,-0.505700,-0.511500,-1.299000,0.000793,0.003859,0.000053,-0.505666,-0.511496,-1.299245,0.000793,0.003859,0.000053,2.446779e-04,0.007169
2485,2,105.0000,4.0000,-2.0000,-0.506400,-0.511900,-1.304000,0.000518,0.003873,0.000311,-0.506382,-0.511900,-1.304401,0.000518,0.003873,0.000312,4.012965e-04,0.011758
2486,2,113.4000,4.0000,-2.0000,-0.505400,-0.510600,-1.305000,0.000243,0.003877,0.000619,-0.505382,-0.510589,-1.304932,0.000243,0.003877,0.000619,6.849084e-05,0.002007
2487,2,121.8000,4.0000,-2.0000,-0.502400,-0.507500,-1.301000,-0.000025,0.003864,0.000943,-0.502441,-0.507545,-1.301048,-0.000025,0.003864,0.000943,4.809956e-05,0.001409
2488,2,130.2000,4.0000,-2.0000,-0.497500,-0.502800,-1.293000,-0.000293,0.003844,0.001316,-0.497458,-0.502784,-1.292947,-0.000293,0.003844,0.001316,5.316720e-05,0.001558
2489,2,138.6000,4.0000,-2.0000,-0.490400,-0.496200,-1.281000,-0.000565,0.003811,0.001681,-0.490357,-0.496228,-1.280512,-0.000565,0.003811,0.001681,4.881534e-04,0.014303
2490,2,147.0000,4.0000,-2.0000,-0.481200,-0.488100,-1.264000,-0.000830,0.003758,0.002085,-0.481158,-0.488086,-1.264296,-0.000830,0.003758,0.002085,2.955675e-04,0.008660
2491,2,155.4000,4.0000,-2.0000,-0.469100,-0.476600,-1.241000,-0.001121,0.003734,0.002984,-0.469103,-0.476574,-1.240561,-0.001121,0.003734,0.002984,4.385898e-04,0.012851
2492,2,163.8000,4.0000,-2.0000,-0.458800,-0.467300,-1.219000,-0.001385,0.003101,0.000541,-0.458822,-0.467290,-1.218624,-0.001385,0.003101,0.000541,3.761938e-04,0.011022
2493,2,4.2000,12.0000,-2.0000,-0.896100,-0.939600,-1.814000,0.008259,0.000364,0.156800,-0.896136,-0.939583,-1.814414,0.008259,0.000364,0.156802,4.143701e-04,0.012141
2494,2,12.6000,12.0000,-2.0000,-0.622700,-0.553000,-1.141000,0.008070,0.000098,0.025960,-0.622749,-0.553033,-1.140738,0.008070,0.000098,0.025963,2.624156e-04,0.007689
2495,2,21.0000,12.0000,-2.0000,-0.567600,-0.520100,-1.133000,0.007940,-0.000019,0.006395,-0.567619,-0.520082,-1.132536,0.007940,-0.000019,0.006395,4.640376e-04,0.013596
2496,2,29.4000,12.0000,-2.0000,-0.533800,-0.485100,-1.098000,0.007695,-0.000048,0.009611,-0.533832,-0.485136,-1.097577,0.007695,-0.000048,0.009611,4.232232e-04,0.012400
2497,2,37.8000,12.0000,-2.0000,-0.510600,-0.474700,-1.113000,0.007346,-0.000114,0.004979,-0.510602,-0.474734,-1.112888,0.007346,-0.000114,0.004979,1.121233e-04,0.003285
2498,2,46.2000,12.0000,-2.0000,-0.495900,-0.474000,-1.143000,0.006862,-0.000172,0.003874,-0.495882,-0.474017,-1.142957,0.006862,-0.000172,0.003874,4.310148e-05,0.001263
2499,2,54.6000,12.0000,-2.0000,-0.488900,-0.479100,-1.179000,0.006259,-0.000214,0.001759,-0.488925,-0.479143,-1.178622,0.006259,-0.000214,0.001759,3.781766e-04,0.011080
2500,2,63.0000,12.0000,-2.0000,-0.488000,-0.486300,-1.212000,0.005562,-0.000245,0.000679,-0.487989,-0.486269,-1.211775,0.005562,-0.000245,0.000679,2.252652e-04,0.006600
2501,2,71.4000,12.0000,-2.0000,-0.490100,-0.493200,-1.240000,0.004806,-0.000266,0.000059,-0.490146,-0.493151,-1.239529,0.004806,-0.000266,0.000059,4.714752e-04,0.013814
2502,2,79.8000,12.0000,-2.0000,-0.493500,-0.498800,-1.261000,0.004012,-0.000268,-0.000143,-0.493523,-0.498832,-1.261167,0.004012,-0.000268,-0.000143,1.673428e-04,0.004903
2503,2,88.2000,12.0000,-2.0000,-0.496700,-0.502800,-1.277000,0.003193,-0.000265,-0.000107,-0.496652,-0.502788,-1.276776,0.003193,-0.000265,-0.000107,2.241792e-04,0.006568
2504,2,96.6000,12.0000,-2.0000,-0.498900,-0.505000,-1.287000,0.002382,-0.000267,0.000064,-0.498852,-0.504972,-1.286935,0.002382,-0.000267,0.000064,6.523158e-05,0.001911
2505,2,105.0000,12.0000,-2.0000,-0.499500,-0.505300,-1.292000,0.001558,-0.000269,0.000315,-0.499548,-0.505345,-1.292052,0.001558,-0.000269,0.000315,5.243080e-05,0.001536
2506,2,113.4000,12.0000,-2.0000,-0.498500,-0.504000,-1.293000,0.000732,-0.000267,0.000620,-0.498504,-0.503994,-1.292551,0.000732,-0.000267,0.000620,4.488360e-04,0.013151
2507,2,121.8000,12.0000,-2.0000,-0.495600,-0.500900,-1.289000,-0.000076,-0.000261,0.000947,-0.495570,-0.500940,-1.288671,-0.000076,-0.000261,0.000947,3.290489e-04,0.009641
2508,2,130.2000,12.0000,-2.0000,-0.490600,-0.496200,-1.281000,-0.000884,-0.000253,0.001324,-0.490603,-0.496202,-1.280609,-0.000884,-0.000253,0.001324,3.911005e-04,0.011459
2509,2,138.6000,12.0000,-2.0000,-0.483600,-0.489700,-1.268000,-0.001683,-0.000246,0.001684,-0.483566,-0.489701,-1.268242,-0.001683,-0.000245,0.001684,2.417445e-04,0.007083
2510,2,147.0000,12.0000,-2.0000,-0.474500,-0.481700,-1.252000,-0.002483,-0.000233,0.002062,-0.474475,-0.481676,-1.252163,-0.002483,-0.000233,0.002062,1.632595e-04,0.004783
2511,2,155.4000,12.0000,-2.0000,-0.462300,-0.470100,-1.228000,-0.003281,-0.000237,0.003029,-0.462326,-0.470063,-1.228283,-0.003281,-0.000237,0.003029,2.825508e-04,0.008279
2512,2,163.8000,12.0000,-2.0000,-0.452800,-0.461400,-1.208000,-0.004053,0.000121,0.000235,-0.452754,-0.461446,-1.207634,-0.004053,0.000121,0.000235,3.661362e-04,0.010728
2513,2,4.2000,20.0000,-2.0000,-0.890800,-0.932500,-1.804000,0.013900,0.002678,0.155500,-0.890797,-0.932501,-1.804330,0.013903,0.002678,0.155532,3.296835e-04,0.009660
2514,2,12.6000,20.0000,-2.0000,-0.619500,-0.549000,-1.136000,0.013520,0.001833,0.025760,-0.619452,-0.548955,-1.135920,0.013519,0.001833,0.025755,8.002853e-05,0.002345
2515,2,21.0000,20.0000,-2.0000,-0.564800,-0.516300,-1.128000,0.013250,0.001518,0.006331,-0.564821,-0.516271,-1.127861,0.013251,0.001518,0.006331,1.390279e-04,0.004073
2516,2,29.4000,20.0000,-2.0000,-0.531400,-0.481600,-1.093000,0.012850,0.001412,0.009515,-0.531443,-0.481637,-1.093470,0.012853,0.001412,0.009515,4.704663e-04,0.013785
2517,2,37.8000,20.0000,-2.0000,-0.508500,-0.471300,-1.109000,0.012250,0.001321,0.004924,-0.508517,-0.471350,-1.108916,0.012252,0.001321,0.004924,8.382501e-05,0.002456
2518,2,46.2000,20.0000,-2.0000,-0.494000,-0.470700,-1.139000,0.011440,0.001267,0.003835,-0.494023,-0.470665,-1.139005,0.011438,0.001267,0.003835,3.508632e-05,0.001028
2519,2,54.6000,20.0000,-2.0000,-0.487200,-0.475700,-1.175000,0.010430,0.001241,0.001741,-0.487179,-0.475737,-1.174587,0.010427,0.001241,0.001741,4.132927e-04,0.012109
2520,2,63.0000,20.0000,-2.0000,-0.486300,-0.482800,-1.208000,0.009266,0.001235,0.000671,-0.486322,-0.482831,-1.207678,0.009266,0.001235,0.000671,3.218948e-04,0.009431
2521,2,71.4000,20.0000,-2.0000,-0.488500,-0.489700,-1.235000,0.008010,0.001240,0.000056,-0.488518,-0.489714,-1.235390,0.008010,0.001240,0.000056,3.904856e-04,0.011441
2522,2,79.8000,20.0000,-2.0000,-0.491900,-0.495400,-1.257000,0.006688,0.001253,-0.000138,-0.491908,-0.495376,-1.256987,0.006688,0.001253,-0.000138,2.442400e-05,0.000716
2523,2,88.2000,20.0000,-2.0000,-0.495000,-0.499300,-1.273000,0.005328,0.001267,-0.000099,-0.495023,-0.499278,-1.272556,0.005328,0.001267,-0.000099,4.440232e-04,0.013010
2524,2,96.6000,20.0000,-2.0000,-0.497100,-0.501400,-1.283000,0.003968,0.001288,0.000068,-0.497132,-0.501370,-1.282628,0.003968,0.001288,0.000068,3.721304e-04,0.010903
2525,2,105.0000,20.0000,-2.0000,-0.497800,-0.501700,-1.288000,0.002587,0.001307,0.000318,-0.497817,-0.501718,-1.287715,0.002587,0.001307,0.000318,2.850335e-04,0.008351
2526,2,113.4000,20.0000,-2.0000,-0.496700,-0.500300,-1.288000,0.001212,0.001315,0.000629,-0.496731,-0.500330,-1.288180,0.001212,0.001315,0.000630,1.795534e-04,0.005261
2527,2,121.8000,20.0000,-2.0000,-0.493800,-0.497300,-1.284000,-0.000139,0.001312,0.000957,-0.493786,-0.497278,-1.284303,-0.000139,0.001312,0.000957,3.027445e-04,0.008870
2528,2,130.2000,20.0000,-2.0000,-0.488800,-0.492500,-1.276000,-0.001487,0.001308,0.001328,-0.488804,-0.492532,-1.276199,-0.001487,0.001308,0.001328,1.994105e-04,0.005843
2529,2,138.6000,20.0000,-2.0000,-0.481700,-0.486000,-1.264000,-0.002832,0.001309,0.001693,-0.481747,-0.486032,-1.263748,-0.002832,0.001309,0.001693,2.523548e-04,0.007394
2530,2,147.0000,20.0000,-2.0000,-0.472500,-0.477900,-1.247000,-0.004147,0.001322,0.002088,-0.472524,-0.477901,-1.247478,-0.004147,0.001322,0.002088,4.779715e-04,0.014004
2531,2,155.4000,20.0000,-2.0000,-0.460500,-0.466400,-1.224000,-0.005533,0.001302,0.002941,-0.460453,-0.466430,-1.223536,-0.005533,0.001302,0.002941,4.639639e-04,0.013594
2532,2,163.8000,20.0000,-2.0000,-0.450000,-0.457300,-1.201000,-0.006895,0.001137,0.000375,-0.449993,-0.457330,-1.201268,-0.006895,0.001137,0.000375,2.675825e-04,0.007840
2533,2,4.2000,28.0000,-2.0000,-0.879100,-0.919200,-1.782000,0.019480,0.003730,0.153400,-0.879054,-0.919229,-1.782390,0.019483,0.003730,0.153369,3.900618e-04,0.011429
2534,2,12.6000,28.0000,-2.0000,-0.611300,-0.540700,-1.123000,0.018960,0.002581,0.025350,-0.611276,-0.540723,-1.122805,0.018957,0.002581,0.025345,1.950130e-04,0.005714
2535,2,21.0000,28.0000,-2.0000,-0.557800,-0.508700,-1.115000,0.018650,0.002089,0.006226,-0.557758,-0.508663,-1.115453,0.018646,0.002089,0.006226,4.531547e-04,0.013277
2536,2,29.4000,28.0000,-2.0000,-0.525000,-0.474600,-1.082000,0.018020,0.001959,0.009368,-0.525028,-0.474556,-1.082018,0.018016,0.001959,0.009368,4.383464e-05,0.001284
2537,2,37.8000,28.0000,-2.0000,-0.502500,-0.464500,-1.098000,0.017170,0.001830,0.004850,-0.502524,-0.464453,-1.097615,0.017170,0.001830,0.004850,3.845865e-04,0.011268
2538,2,46.2000,28.0000,-2.0000,-0.488300,-0.463800,-1.128000,0.016020,0.001758,0.003782,-0.488305,-0.463784,-1.127591,0.016023,0.001758,0.003782,4.086005e-04,0.011972
2539,2,54.6000,28.0000,-2.0000,-0.481600,-0.468800,-1.163000,0.014600,0.001722,0.001718,-0.481598,-0.468788,-1.162945,0.014601,0.001722,0.001718,5.497344e-05,0.001611
2540,2,63.0000,28.0000,-2.0000,-0.480700,-0.475800,-1.196000,0.012960,0.001711,0.000669,-0.480733,-0.475762,-1.195774,0.012964,0.001711,0.000669,2.260265e-04,0.006623
2541,2,71.4000,28.0000,-2.0000,-0.482900,-0.482500,-1.223000,0.011200,0.001713,0.000066,-0.482870,-0.482506,-1.223235,0.011200,0.001713,0.000066,2.349321e-04,0.006883
2542,2,79.8000,28.0000,-2.0000,-0.486200,-0.488000,-1.245000,0.009356,0.001727,-0.000127,-0.486197,-0.488042,-1.244630,0.009356,0.001727,-0.000127,3.704252e-04,0.010853
2543,2,88.2000,28.0000,-2.0000,-0.489300,-0.491900,-1.260000,0.007457,0.001745,-0.000083,-0.489255,-0.491870,-1.260065,0.007457,0.001745,-0.000083,6.512486e-05,0.001908
2544,2,96.6000,28.0000,-2.0000,-0.491300,-0.493900,-1.270000,0.005550,0.001772,0.000089,-0.491307,-0.493918,-1.270049,0.005550,0.001772,0.000089,4.881067e-05,0.001430
2545,2,105.0000,28.0000,-2.0000,-0.491900,-0.494200,-1.275000,0.003611,0.001801,0.000333,-0.491936,-0.494219,-1.275059,0.003611,0.001801,0.000333,5.911973e-05,0.001732
2546,2,113.4000,28.0000,-2.0000,-0.490800,-0.492800,-1.275000,0.001692,0.001809,0.000637,-0.490787,-0.492783,-1.275472,0.001692,0.001809,0.000637,4.715861e-04,0.013817
2547,2,121.8000,28.0000,-2.0000,-0.487800,-0.489700,-1.272000,-0.000206,0.001809,0.000962,-0.487796,-0.489689,-1.271558,-0.000206,0.001809,0.000962,4.423786e-04,0.012962
2548,2,130.2000,28.0000,-2.0000,-0.482800,-0.484900,-1.263000,-0.002108,0.001807,0.001330,-0.482801,-0.484931,-1.263408,-0.002108,0.001807,0.001330,4.080253e-04,0.011955
2549,2,138.6000,28.0000,-2.0000,-0.475700,-0.478300,-1.251000,-0.003974,0.001820,0.001710,-0.475668,-0.478343,-1.250863,-0.003974,0.001820,0.001710,1.366598e-04,0.004004
2550,2,147.0000,28.0000,-2.0000,-0.466600,-0.470300,-1.234000,-0.005920,0.001797,0.002071,-0.466557,-0.470350,-1.234453,-0.005920,0.001797,0.002071,4.532229e-04,0.013279
2551,2,155.4000,28.0000,-2.0000,-0.454200,-0.458500,-1.210000,-0.007707,0.001865,0.003102,-0.454155,-0.458523,-1.210482,-0.007707,0.001865,0.003102,4.824116e-04,0.014135
2552,2,163.8000,28.0000,-2.0000,-0.445800,-0.450600,-1.192000,-0.009485,0.001593,0.000444,-0.445832,-0.450629,-1.192187,-0.009485,0.001593,0.000444,1.866465e-04,0.005469
2553,2,4.2000,36.0000,-2.0000,-0.859100,-0.899000,-1.745000,0.025410,0.006511,0.150000,-0.859145,-0.898966,-1.745188,0.025409,0.006511,0.149966,1.881100e-04,0.005512
2554,2,12.6000,36.0000,-2.0000,-0.599400,-0.529400,-1.103000,0.024510,0.003824,0.024800,-0.599416,-0.529369,-1.102932,0.024507,0.003824,0.024800,6.829480e-05,0.002001
2555,2,21.0000,36.0000,-2.0000,-0.547100,-0.497900,-1.097000,0.024000,0.003211,0.006046,-0.547065,-0.497859,-1.096510,0.024001,0.003211,0.006046,4.903337e-04,0.014367
2556,2,29.4000,36.0000,-2.0000,-0.515300,-0.464600,-1.064000,0.023210,0.002951,0.009180,-0.515294,-0.464571,-1.064242,0.023215,0.002951,0.009180,2.415252e-04,0.007077
2557,2,37.8000,36.0000,-2.0000,-0.493300,-0.454700,-1.080000,0.022090,0.002795,0.004749,-0.493328,-0.454686,-1.080058,0.022088,0.002795,0.004749,5.799402e-05,0.001699
2558,2,46.2000,36.0000,-2.0000,-0.479400,-0.454100,-1.110000,0.020600,0.002710,0.003718,-0.479449,-0.454058,-1.109832,0.020596,0.002710,0.003718,1.679242e-04,0.004920
2559,2,54.6000,36.0000,-2.0000,-0.472900,-0.459000,-1.145000,0.018760,0.002686,0.001692,-0.472874,-0.458971,-1.144806,0.018760,0.002686,0.001692,1.937952e-04,0.005678
2560,2,63.0000,36.0000,-2.0000,-0.472000,-0.465800,-1.177000,0.016650,0.002687,0.000672,-0.471987,-0.465781,-1.177206,0.016646,0.002687,0.000672,2.060124e-04,0.006036
2561,2,71.4000,36.0000,-2.0000,-0.474000,-0.472300,-1.204000,0.014370,0.002700,0.000090,-0.474017,-0.472327,-1.204261,0.014373,0.002700,0.000090,2.613264e-04,0.007657
2562,2,79.8000,36.0000,-2.0000,-0.477200,-0.477700,-1.225000,0.012000,0.002734,-0.000103,-0.477203,-0.477677,-1.225321,0.012004,0.002734,-0.000104,3.207906e-04,0.009399
2563,2,88.2000,36.0000,-2.0000,-0.480100,-0.481400,-1.241000,0.009561,0.002772,-0.000062,-0.480147,-0.481369,-1.240504,0.009561,0.002772,-0.000062,4.962991e-04,0.014541
2564,2,96.6000,36.0000,-2.0000,-0.482100,-0.483300,-1.250000,0.007112,0.002812,0.000116,-0.482082,-0.483315,-1.250312,0.007112,0.002812,0.000116,3.117203e-04,0.009133
2565,2,105.0000,36.0000,-2.0000,-0.482600,-0.483500,-1.255000,0.004635,0.002845,0.000349,-0.482611,-0.483536,-1.255200,0.004635,0.002845,0.000349,2.002648e-04,0.005868
2566,2,113.4000,36.0000,-2.0000,-0.481400,-0.482100,-1.256000,0.002167,0.002853,0.000651,-0.481406,-0.482055,-1.255528,0.002167,0.002853,0.000651,4.715776e-04,0.013817
2567,2,121.8000,36.0000,-2.0000,-0.478400,-0.478900,-1.252000,-0.000285,0.002858,0.000963,-0.478363,-0.478942,-1.251550,-0.000285,0.002858,0.000963,4.501061e-04,0.013188
2568,2,130.2000,36.0000,-2.0000,-0.473300,-0.474200,-1.243000,-0.002725,0.002877,0.001349,-0.473337,-0.474156,-1.243380,-0.002725,0.002877,0.001349,3.795522e-04,0.011121
2569,2,138.6000,36.0000,-2.0000,-0.466300,-0.467600,-1.231000,-0.005184,0.002826,0.001691,-0.466263,-0.467613,-1.230702,-0.005184,0.002826,0.001691,2.975738e-04,0.008719
2570,2,147.0000,36.0000,-2.0000,-0.456800,-0.459300,-1.214000,-0.007552,0.002979,0.002132,-0.456835,-0.459341,-1.214341,-0.007552,0.002979,0.002132,3.405633e-04,0.009978
2571,2,155.4000,36.0000,-2.0000,-0.444800,-0.448000,-1.190000,-0.009836,0.003024,0.003182,-0.444776,-0.447954,-1.190274,-0.009836,0.003024,0.003182,2.739601e-04,0.008027
2572,2,163.8000,36.0000,-2.0000,-0.426300,-0.432400,-1.154000,-0.012950,0.008133,0.002940,-0.426283,-0.432406,-1.153940,-0.012949,0.008133,0.002940,5.959163e-05,0.001746
2573,2,4.2000,44.0000,-2.0000,-0.850300,-0.887700,-1.727000,0.031370,-0.001860,0.152200,-0.850325,-0.887677,-1.726518,0.031366,-0.001860,0.152191,4.819243e-04,0.014120
2574,2,12.6000,44.0000,-2.0000,-0.587600,-0.517000,-1.082000,0.030220,0.001997,0.022770,-0.587630,-0.517023,-1.081869,0.030215,0.001997,0.022774,1.306052e-04,0.003827
2575,2,21.0000,44.0000,-2.0000,-0.538900,-0.489400,-1.081000,0.029320,0.000630,0.005984,-0.538929,-0.489406,-1.081342,0.029325,0.000630,0.005984,3.418055e-04,0.010015
2576,2,29.4000,44.0000,-2.0000,-0.507700,-0.456300,-1.049000,0.028370,0.000483,0.008965,-0.507673,-0.456273,-1.049060,0.028371,0.000483,0.008965,5.956508e-05,0.001745
2577,2,37.8000,44.0000,-2.0000,-0.486500,-0.446800,-1.065000,0.026970,0.000301,0.004578,-0.486456,-0.446849,-1.065251,0.026965,0.000301,0.004578,2.506563e-04,0.007344
2578,2,46.2000,44.0000,-2.0000,-0.473100,-0.446400,-1.095000,0.025130,0.000109,0.003603,-0.473070,-0.446356,-1.094911,0.025126,0.000109,0.003603,8.910479e-05,0.002611
2579,2,54.6000,44.0000,-2.0000,-0.466800,-0.451300,-1.130000,0.022870,-0.000030,0.001625,-0.466792,-0.451302,-1.129640,0.022869,-0.000030,0.001625,3.598347e-04,0.010543
2580,2,63.0000,44.0000,-2.0000,-0.466100,-0.458100,-1.162000,0.020290,-0.000138,0.000642,-0.466052,-0.458054,-1.161737,0.020289,-0.000138,0.000642,2.630232e-04,0.007707
2581,2,71.4000,44.0000,-2.0000,-0.468100,-0.464500,-1.189000,0.017510,-0.000218,0.000084,-0.468138,-0.464521,-1.188549,0.017512,-0.000218,0.000084,4.506805e-04,0.013205
2582,2,79.8000,44.0000,-2.0000,-0.471300,-0.469800,-1.209000,0.014610,-0.000261,-0.000099,-0.471256,-0.469782,-1.209405,0.014611,-0.000261,-0.000099,4.052567e-04,0.011874
2583,2,88.2000,44.0000,-2.0000,-0.474200,-0.473400,-1.224000,0.011640,-0.000274,-0.000054,-0.474150,-0.473406,-1.224431,0.011640,-0.000274,-0.000054,4.311498e-04,0.012633
2584,2,96.6000,44.0000,-2.0000,-0.476000,-0.475300,-1.234000,0.008651,-0.000282,0.000124,-0.476023,-0.475278,-1.234111,0.008651,-0.000282,0.000124,1.107728e-04,0.003246
2585,2,105.0000,44.0000,-2.0000,-0.476400,-0.475400,-1.239000,0.005623,-0.000285,0.000356,-0.476441,-0.475416,-1.238889,0.005623,-0.000285,0.000356,1.113396e-04,0.003262
2586,2,113.4000,44.0000,-2.0000,-0.475200,-0.473900,-1.239000,0.002615,-0.000284,0.000670,-0.475189,-0.473908,-1.239169,0.002615,-0.000285,0.000670,1.690517e-04,0.004953
2587,2,121.8000,44.0000,-2.0000,-0.472100,-0.470800,-1.235000,-0.000372,-0.000284,0.000956,-0.472107,-0.470759,-1.235120,-0.000372,-0.000284,0.000956,1.202101e-04,0.003522
2588,2,130.2000,44.0000,-2.0000,-0.467100,-0.466000,-1.227000,-0.003337,-0.000251,0.001405,-0.467054,-0.466010,-1.227012,-0.003337,-0.000251,0.001405,4.624642e-05,0.001355
2589,2,138.6000,44.0000,-2.0000,-0.459800,-0.459000,-1.214000,-0.006373,-0.000305,0.001635,-0.459811,-0.459020,-1.213514,-0.006373,-0.000305,0.001635,4.859769e-04,0.014239
2590,2,147.0000,44.0000,-2.0000,-0.451500,-0.452800,-1.201000,-0.009152,-0.000211,0.001744,-0.451546,-0.452767,-1.200820,-0.009152,-0.000211,0.001744,1.804145e-04,0.005286
2591,2,155.4000,44.0000,-2.0000,-0.432000,-0.431500,-1.159000,-0.012840,0.002430,0.008134,-0.431956,-0.431492,-1.159462,-0.012845,0.002430,0.008134,4.624616e-04,0.013550
2592,2,163.8000,44.0000,-2.0000,-0.441400,-0.443900,-1.173000,-0.017490,-0.017110,-0.015650,-0.441434,-0.443872,-1.172502,-0.017493,-0.017111,-0.015650,4.979575e-04,0.014590
2593,3,4.2000,4.0000,-7.7500,-0.322700,-0.538400,-1.426000,0.003494,0.003750,-0.056580,-0.322709,-0.538442,-1.425748,0.003494,0.003750,-0.056582,2.523737e-04,0.007394
2594,3,12.6000,4.0000,-7.7500,-0.534300,-0.559700,-1.289000,0.002880,0.003190,0.085220,-0.534328,-0.559738,-1.289280,0.002880,0.003190,0.085216,2.802402e-04,0.008211
2595,3,21.0000,4.0000,-7.7500,-0.503300,-0.474500,-1.128000,0.002814,0.002839,0.037080,-0.503264,-0.474493,-1.127676,0.002814,0.002839,0.037081,3.243372e-04,0.009503
2596,3,29.4000,4.0000,-7.7500,-0.481600,-0.453100,-1.116000,0.002724,0.002714,0.028920,-0.481569,-0.453084,-1.115642,0.002724,0.002714,0.028917,3.582243e-04,0.010496
2597,3,37.8000,4.0000,-7.7500,-0.460600,-0.440800,-1.125000,0.002587,0.002666,0.021740,-0.460625,-0.440793,-1.124925,0.002587,0.002666,0.021739,7.485420e-05,0.002193
2598,3,46.2000,4.0000,-7.7500,-0.450200,-0.442100,-1.157000,0.002405,0.002673,0.012700,-0.450189,-0.442096,-1.156646,0.002405,0.002673,0.012703,3.543195e-04,0.010381
2599,3,54.6000,4.0000,-7.7500,-0.447700,-0.448200,-1.191000,0.002181,0.002710,0.005991,-0.447702,-0.448199,-1.191036,0.002181,0.002710,0.005991,3.583105e-05,0.001050
2600,3,63.0000,4.0000,-7.7500,-0.450000,-0.456000,-1.223000,0.001935,0.002759,0.001691,-0.449960,-0.455956,-1.223172,0.001935,0.002759,0.001691,1.721616e-04,0.005044
2601,3,71.4000,4.0000,-7.7500,-0.454700,-0.463400,-1.250000,0.001671,0.002806,-0.000484,-0.454691,-0.463400,-1.250252,0.001671,0.002806,-0.000484,2.519293e-04,0.007381
2602,3,79.8000,4.0000,-7.7500,-0.460000,-0.469500,-1.271000,0.001390,0.002852,-0.001214,-0.460033,-0.469520,-1.271462,0.001390,0.002852,-0.001214,4.622122e-04,0.013543
2603,3,88.2000,4.0000,-7.7500,-0.464800,-0.473900,-1.287000,0.001105,0.002888,-0.001027,-0.464791,-0.473897,-1.286848,0.001105,0.002888,-0.001027,1.518454e-04,0.004449
2604,3,96.6000,4.0000,-7.7500,-0.468400,-0.476500,-1.297000,0.000823,0.002915,-0.000330,-0.468396,-0.476488,-1.296860,0.000823,0.002915,-0.000330,1.398186e-04,0.004097
2605,3,105.0000,4.0000,-7.7500,-0.470400,-0.477300,-1.302000,0.000536,0.002934,0.000652,-0.470404,-0.477283,-1.301885,0.000536,0.002934,0.000652,1.146707e-04,0.003360
2606,3,113.4000,4.0000,-7.7500,-0.470600,-0.476400,-1.302000,0.000253,0.002940,0.001810,-0.470638,-0.476384,-1.302313,0.000253,0.002940,0.001810,3.125730e-04,0.009158
2607,3,121.8000,4.0000,-7.7500,-0.469000,-0.473900,-1.298000,-0.000029,0.002935,0.003095,-0.469039,-0.473873,-1.298450,-0.000029,0.002935,0.003095,4.502381e-04,0.013192
2608,3,130.2000,4.0000,-7.7500,-0.465400,-0.469700,-1.290000,-0.000315,0.002924,0.004476,-0.465438,-0.469674,-1.290313,-0.000315,0.002924,0.004476,3.131993e-04,0.009177
2609,3,138.6000,4.0000,-7.7500,-0.459900,-0.463900,-1.278000,-0.000593,0.002907,0.005897,-0.459862,-0.463851,-1.278056,-0.000593,0.002907,0.005897,5.593129e-05,0.001639
2610,3,147.0000,4.0000,-7.7500,-0.452100,-0.456100,-1.261000,-0.000869,0.002881,0.007437,-0.452078,-0.456064,-1.261076,-0.000869,0.002881,0.007437,7.590746e-05,0.002224
2611,3,155.4000,4.0000,-7.7500,-0.443300,-0.447000,-1.240000,-0.001173,0.002856,0.008166,-0.443303,-0.447025,-1.239978,-0.001173,0.002856,0.008166,2.463829e-05,0.000722
2612,3,163.8000,4.0000,-7.7500,-0.431600,-0.436400,-1.216000,-0.001439,0.002624,0.007422,-0.431629,-0.436407,-1.215810,-0.001439,0.002624,0.007422,1.900307e-04,0.005568
2613,3,4.2000,12.0000,-7.7500,-0.320900,-0.537200,-1.416000,0.010310,0.004463,-0.056640,-0.320931,-0.537203,-1.415758,0.010309,0.004463,-0.056639,2.422611e-04,0.007098
2614,3,12.6000,12.0000,-7.7500,-0.530900,-0.558100,-1.281000,0.009065,0.004186,0.084510,-0.530903,-0.558054,-1.280937,0.009065,0.004186,0.084515,6.298394e-05,0.001845
2615,3,21.0000,12.0000,-7.7500,-0.500400,-0.473300,-1.121000,0.008552,0.003680,0.036870,-0.500392,-0.473337,-1.120807,0.008552,0.003680,0.036874,1.927228e-04,0.005647
2616,3,29.4000,12.0000,-7.7500,-0.478900,-0.452000,-1.109000,0.008177,0.003391,0.028770,-0.478866,-0.451959,-1.108961,0.008177,0.003391,0.028771,4.098691e-05,0.001201
2617,3,37.8000,12.0000,-7.7500,-0.458100,-0.439800,-1.118000,0.007721,0.003209,0.021660,-0.458070,-0.439757,-1.118331,0.007721,0.003209,0.021660,3.309554e-04,0.009697
2618,3,46.2000,12.0000,-7.7500,-0.447700,-0.441100,-1.150000,0.007157,0.003102,0.012680,-0.447703,-0.441098,-1.149939,0.007157,0.003102,0.012678,6.139193e-05,0.001799
2619,3,54.6000,12.0000,-7.7500,-0.445200,-0.447200,-1.184000,0.006491,0.003058,0.006003,-0.445223,-0.447210,-1.184179,0.006491,0.003058,0.006003,1.788784e-04,0.005241
2620,3,63.0000,12.0000,-7.7500,-0.447500,-0.454900,-1.216000,0.005752,0.003061,0.001717,-0.447455,-0.454948,-1.216144,0.005752,0.003061,0.001717,1.441412e-04,0.004223
2621,3,71.4000,12.0000,-7.7500,-0.452100,-0.462400,-1.243000,0.004963,0.003089,-0.000451,-0.452129,-0.462363,-1.243043,0.004963,0.003089,-0.000451,4.290409e-05,0.001257
2622,3,79.8000,12.0000,-7.7500,-0.457400,-0.468500,-1.264000,0.004140,0.003128,-0.001177,-0.457445,-0.468485,-1.264148,0.004140,0.003128,-0.001177,1.476621e-04,0.004326
2623,3,88.2000,12.0000,-7.7500,-0.462200,-0.472900,-1.279000,0.003300,0.003167,-0.000997,-0.462165,-0.472850,-1.279457,0.003300,0.003167,-0.000997,4.568718e-04,0.013386
2624,3,96.6000,12.0000,-7.7500,-0.465700,-0.475400,-1.289000,0.002462,0.003199,-0.000303,-0.465745,-0.475434,-1.289408,0.002462,0.003199,-0.000303,4.077276e-04,0.011946
2625,3,105.0000,12.0000,-7.7500,-0.467700,-0.476200,-1.294000,0.001609,0.003223,0.000673,-0.467722,-0.476208,-1.294383,0.001609,0.003223,0.000673,3.827258e-04,0.011214
2626,3,113.4000,12.0000,-7.7500,-0.467900,-0.475300,-1.295000,0.000753,0.003243,0.001823,-0.467933,-0.475283,-1.294785,0.000752,0.003243,0.001823,2.153915e-04,0.006311
2627,3,121.8000,12.0000,-7.7500,-0.466300,-0.472800,-1.291000,-0.000085,0.003258,0.003099,-0.466336,-0.472764,-1.290929,-0.000085,0.003258,0.003099,7.051364e-05,0.002066
2628,3,130.2000,12.0000,-7.7500,-0.462700,-0.468500,-1.283000,-0.000921,0.003260,0.004469,-0.462727,-0.468546,-1.282791,-0.000921,0.003260,0.004469,2.093098e-04,0.006133
2629,3,138.6000,12.0000,-7.7500,-0.457200,-0.462700,-1.271000,-0.001753,0.003252,0.005881,-0.457152,-0.462725,-1.270554,-0.001753,0.003252,0.005881,4.462257e-04,0.013074
2630,3,147.0000,12.0000,-7.7500,-0.449400,-0.454900,-1.254000,-0.002576,0.003248,0.007414,-0.449365,-0.454922,-1.253584,-0.002576,0.003248,0.007414,4.157790e-04,0.012182
2631,3,155.4000,12.0000,-7.7500,-0.440700,-0.445900,-1.233000,-0.003377,0.003214,0.008104,-0.440654,-0.445906,-1.232524,-0.003377,0.003214,0.008104,4.763350e-04,0.013956
2632,3,163.8000,12.0000,-7.7500,-0.428800,-0.435100,-1.208000,-0.004160,0.003269,0.007298,-0.428755,-0.435112,-1.208422,-0.004160,0.003269,0.007298,4.222813e-04,0.012373
2633,3,4.2000,20.0000,-7.7500,-0.317600,-0.530500,-1.404000,0.017230,0.006225,-0.056300,-0.317595,-0.530518,-1.404393,0.017229,0.006225,-0.056296,3.931949e-04,0.011521
2634,3,12.6000,20.0000,-7.7500,-0.526000,-0.551700,-1.271000,0.015200,0.005896,0.083640,-0.526034,-0.551671,-1.271376,0.015198,0.005896,0.083644,3.764889e-04,0.011031
2635,3,21.0000,20.0000,-7.7500,-0.495900,-0.467900,-1.113000,0.014320,0.005212,0.036490,-0.495920,-0.467859,-1.112999,0.014316,0.005212,0.036493,4.095456e-05,0.001200
2636,3,29.4000,20.0000,-7.7500,-0.474700,-0.446700,-1.102000,0.013640,0.004751,0.028480,-0.474698,-0.446744,-1.101562,0.013639,0.004751,0.028482,4.381220e-04,0.012837
2637,3,37.8000,20.0000,-7.7500,-0.454200,-0.434700,-1.111000,0.012860,0.004439,0.021450,-0.454180,-0.434689,-1.111117,0.012859,0.004439,0.021454,1.173354e-04,0.003438
2638,3,46.2000,20.0000,-7.7500,-0.443900,-0.436000,-1.143000,0.011910,0.004237,0.012570,-0.443940,-0.436002,-1.142647,0.011905,0.004237,0.012567,3.534916e-04,0.010357
2639,3,54.6000,20.0000,-7.7500,-0.441500,-0.442000,-1.177000,0.010800,0.004136,0.005960,-0.441504,-0.442039,-1.176764,0.010797,0.004136,0.005960,2.361607e-04,0.006919
2640,3,63.0000,20.0000,-7.7500,-0.443700,-0.449700,-1.209000,0.009565,0.004111,0.001719,-0.443750,-0.449699,-1.208606,0.009565,0.004111,0.001719,3.935854e-04,0.011532
2641,3,71.4000,20.0000,-7.7500,-0.448400,-0.457000,-1.235000,0.008255,0.004131,-0.000425,-0.448367,-0.457008,-1.235355,0.008255,0.004131,-0.000425,3.548572e-04,0.010397
2642,3,79.8000,20.0000,-7.7500,-0.453600,-0.463000,-1.256000,0.006891,0.004172,-0.001137,-0.453617,-0.463032,-1.256322,0.006891,0.004172,-0.001137,3.223226e-04,0.009444
2643,3,88.2000,20.0000,-7.7500,-0.458300,-0.467300,-1.272000,0.005495,0.004222,-0.000957,-0.458293,-0.467324,-1.271542,0.005495,0.004222,-0.000957,4.579533e-04,0.013418
2644,3,96.6000,20.0000,-7.7500,-0.461800,-0.469800,-1.281000,0.004089,0.004268,-0.000269,-0.461811,-0.469837,-1.281425,0.004089,0.004268,-0.000268,4.249506e-04,0.012451
2645,3,105.0000,20.0000,-7.7500,-0.463800,-0.470600,-1.286000,0.002669,0.004307,0.000707,-0.463784,-0.470605,-1.286383,0.002669,0.004307,0.000707,3.828171e-04,0.011216
2646,3,113.4000,20.0000,-7.7500,-0.464000,-0.469700,-1.287000,0.001248,0.004339,0.001853,-0.463968,-0.469662,-1.286754,0.001248,0.004339,0.001853,2.460774e-04,0.007210
2647,3,121.8000,20.0000,-7.7500,-0.462300,-0.467100,-1.283000,-0.000147,0.004362,0.003121,-0.462302,-0.467087,-1.282828,-0.000147,0.004362,0.003121,1.718002e-04,0.005034
2648,3,130.2000,20.0000,-7.7500,-0.458700,-0.462900,-1.275000,-0.001546,0.004372,0.004478,-0.458704,-0.462890,-1.274677,-0.001546,0.004372,0.004478,3.227074e-04,0.009455
2649,3,138.6000,20.0000,-7.7500,-0.453100,-0.457100,-1.262000,-0.002935,0.004370,0.005877,-0.453117,-0.457076,-1.262391,-0.002935,0.004370,0.005877,3.910871e-04,0.011459
2650,3,147.0000,20.0000,-7.7500,-0.445300,-0.449300,-1.245000,-0.004329,0.004366,0.007407,-0.445341,-0.449323,-1.245344,-0.004329,0.004366,0.007407,3.435401e-04,0.010066
2651,3,155.4000,20.0000,-7.7500,-0.436500,-0.440300,-1.224000,-0.005701,0.004339,0.008088,-0.436528,-0.440348,-1.224228,-0.005701,0.004339,0.008088,2.278061e-04,0.006675
2652,3,163.8000,20.0000,-7.7500,-0.424900,-0.430000,-1.200000,-0.007022,0.004259,0.007389,-0.424947,-0.430004,-1.200398,-0.007022,0.004259,0.007389,3.979034e-04,0.011658
2653,3,4.2000,28.0000,-7.7500,-0.313200,-0.522800,-1.387000,0.024150,0.009372,-0.055800,-0.313240,-0.522761,-1.387031,0.024147,0.009372,-0.055799,4.030272e-05,0.001181
2654,3,12.6000,28.0000,-7.7500,-0.519400,-0.544000,-1.257000,0.021360,0.008721,0.082360,-0.519446,-0.543998,-1.256884,0.021356,0.008721,0.082362,1.158861e-04,0.003395
2655,3,21.0000,28.0000,-7.7500,-0.489900,-0.461400,-1.101000,0.020080,0.007628,0.035920,-0.489904,-0.461351,-1.101175,0.020075,0.007628,0.035921,1.752298e-04,0.005134
2656,3,29.4000,28.0000,-7.7500,-0.469100,-0.440600,-1.090000,0.019100,0.006981,0.028040,-0.469108,-0.440605,-1.090348,0.019100,0.006981,0.028041,3.482608e-04,0.010204
2657,3,37.8000,28.0000,-7.7500,-0.449000,-0.428800,-1.100000,0.017990,0.006539,0.021140,-0.448960,-0.428765,-1.100157,0.017992,0.006539,0.021136,1.567937e-04,0.004594
2658,3,46.2000,28.0000,-7.7500,-0.438900,-0.430100,-1.132000,0.016660,0.006261,0.012390,-0.438942,-0.430097,-1.131589,0.016657,0.006261,0.012392,4.107865e-04,0.012036
2659,3,54.6000,28.0000,-7.7500,-0.436600,-0.436100,-1.166000,0.015100,0.006132,0.005891,-0.436589,-0.436064,-1.165502,0.015102,0.006132,0.005891,4.983898e-04,0.014603
2660,3,63.0000,28.0000,-7.7500,-0.438800,-0.443600,-1.197000,0.013370,0.006107,0.001718,-0.438823,-0.443625,-1.197117,0.013372,0.006107,0.001718,1.166834e-04,0.003419
2661,3,71.4000,28.0000,-7.7500,-0.443400,-0.450800,-1.224000,0.011540,0.006142,-0.000385,-0.443411,-0.450847,-1.223682,0.011537,0.006142,-0.000385,3.184319e-04,0.009330
2662,3,79.8000,28.0000,-7.7500,-0.448600,-0.456800,-1.244000,0.009630,0.006206,-0.001079,-0.448597,-0.456770,-1.244472,0.009630,0.006206,-0.001079,4.722428e-04,0.013837
2663,3,88.2000,28.0000,-7.7500,-0.453200,-0.461000,-1.260000,0.007679,0.006275,-0.000899,-0.453210,-0.460978,-1.259545,0.007679,0.006275,-0.000899,4.549900e-04,0.013331
2664,3,96.6000,28.0000,-7.7500,-0.456700,-0.463400,-1.269000,0.005709,0.006343,-0.000217,-0.456663,-0.463428,-1.269321,0.005709,0.006343,-0.000217,3.208020e-04,0.009399
2665,3,105.0000,28.0000,-7.7500,-0.458600,-0.464100,-1.274000,0.003720,0.006402,0.000750,-0.458574,-0.464141,-1.274208,0.003720,0.006402,0.000750,2.075048e-04,0.006080
2666,3,113.4000,28.0000,-7.7500,-0.458700,-0.463100,-1.275000,0.001740,0.006449,0.001891,-0.458704,-0.463149,-1.274514,0.001740,0.006449,0.001891,4.855886e-04,0.014228
2667,3,121.8000,28.0000,-7.7500,-0.457000,-0.460600,-1.271000,-0.000220,0.006478,0.003147,-0.456999,-0.460559,-1.270548,-0.000220,0.006478,0.003147,4.521436e-04,0.013248
2668,3,130.2000,28.0000,-7.7500,-0.453400,-0.456300,-1.262000,-0.002176,0.006482,0.004493,-0.453368,-0.456331,-1.262349,-0.002176,0.006482,0.004493,3.487517e-04,0.010218
2669,3,138.6000,28.0000,-7.7500,-0.447800,-0.450500,-1.250000,-0.004147,0.006482,0.005880,-0.447775,-0.450501,-1.249948,-0.004147,0.006482,0.005880,5.216978e-05,0.001529
2670,3,147.0000,28.0000,-7.7500,-0.440000,-0.442800,-1.233000,-0.006128,0.006434,0.007357,-0.439979,-0.442756,-1.232755,-0.006128,0.006434,0.007357,2.448536e-04,0.007174
2671,3,155.4000,28.0000,-7.7500,-0.431300,-0.434100,-1.211000,-0.008216,0.006663,0.008243,-0.431265,-0.434073,-1.211392,-0.008216,0.006663,0.008243,3.922270e-04,0.011492
2672,3,163.8000,28.0000,-7.7500,-0.418200,-0.422800,-1.186000,-0.010080,0.007468,0.007600,-0.418167,-0.422798,-1.185560,-0.010079,0.007468,0.007600,4.403012e-04,0.012901
2673,3,4.2000,36.0000,-7.7500,-0.308600,-0.515200,-1.365000,0.031540,0.010340,-0.054960,-0.308627,-0.515228,-1.364549,0.031538,0.010336,-0.054965,4.506446e-04,0.013204
2674,3,12.6000,36.0000,-7.7500,-0.510900,-0.534600,-1.237000,0.027590,0.010180,0.080830,-0.510888,-0.534558,-1.236957,0.027595,0.010175,0.080825,4.323835e-05,0.001267
2675,3,21.0000,36.0000,-7.7500,-0.482100,-0.453600,-1.085000,0.025840,0.009005,0.035060,-0.482130,-0.453569,-1.084960,0.025844,0.009005,0.035060,3.965617e-05,0.001162
2676,3,29.4000,36.0000,-7.7500,-0.461800,-0.433300,-1.075000,0.024540,0.008107,0.027460,-0.461811,-0.433259,-1.074939,0.024539,0.008107,0.027460,6.067309e-05,0.001778
2677,3,37.8000,36.0000,-7.7500,-0.442100,-0.421700,-1.085000,0.023110,0.007530,0.020710,-0.442131,-0.421701,-1.085020,0.023109,0.007530,0.020707,3.132498e-05,0.000918
2678,3,46.2000,36.0000,-7.7500,-0.432400,-0.423100,-1.116000,0.021380,0.007154,0.012150,-0.432408,-0.423098,-1.116319,0.021384,0.007154,0.012149,3.192657e-04,0.009354
2679,3,54.6000,36.0000,-7.7500,-0.430200,-0.429000,-1.150000,0.019380,0.006959,0.005788,-0.430182,-0.429020,-1.149953,0.019382,0.006959,0.005788,4.733439e-05,0.001387
2680,3,63.0000,36.0000,-7.7500,-0.432400,-0.436500,-1.181000,0.017160,0.006893,0.001706,-0.432415,-0.436476,-1.181252,0.017156,0.006893,0.001706,2.518770e-04,0.007380
2681,3,71.4000,36.0000,-7.7500,-0.437000,-0.443600,-1.208000,0.014800,0.006909,-0.000340,-0.436953,-0.443581,-1.207541,0.014796,0.006909,-0.000340,4.592718e-04,0.013457
2682,3,79.8000,36.0000,-7.7500,-0.442100,-0.449400,-1.228000,0.012350,0.006969,-0.001011,-0.442051,-0.449378,-1.228089,0.012350,0.006969,-0.001011,8.896257e-05,0.002607
2683,3,88.2000,36.0000,-7.7500,-0.446600,-0.453500,-1.243000,0.009839,0.007041,-0.000828,-0.446586,-0.453502,-1.242975,0.009839,0.007041,-0.000828,2.462803e-05,0.000722
2684,3,96.6000,36.0000,-7.7500,-0.450000,-0.455900,-1.253000,0.007315,0.007119,-0.000150,-0.449952,-0.455883,-1.252591,0.007315,0.007119,-0.000150,4.091404e-04,0.011988
2685,3,105.0000,36.0000,-7.7500,-0.451800,-0.456500,-1.257000,0.004766,0.007185,0.000803,-0.451775,-0.456525,-1.257353,0.004766,0.007185,0.000803,3.534211e-04,0.010355
2686,3,113.4000,36.0000,-7.7500,-0.451900,-0.455500,-1.258000,0.002217,0.007235,0.001934,-0.451872,-0.455517,-1.257614,0.002217,0.007235,0.001934,3.856302e-04,0.011299
2687,3,121.8000,36.0000,-7.7500,-0.450100,-0.452900,-1.254000,-0.000303,0.007273,0.003181,-0.450128,-0.452914,-1.253629,-0.000303,0.007273,0.003181,3.708956e-04,0.010867
2688,3,130.2000,36.0000,-7.7500,-0.446500,-0.448700,-1.245000,-0.002819,0.007275,0.004498,-0.446452,-0.448657,-1.245335,-0.002819,0.007275,0.004498,3.348774e-04,0.009812
2689,3,138.6000,36.0000,-7.7500,-0.440800,-0.442800,-1.233000,-0.005337,0.007270,0.005839,-0.440846,-0.442761,-1.232875,-0.005337,0.007270,0.005839,1.248594e-04,0.003658
2690,3,147.0000,36.0000,-7.7500,-0.433300,-0.435100,-1.215000,-0.008033,0.007441,0.007594,-0.433295,-0.435108,-1.215444,-0.008033,0.007441,0.007594,4.436590e-04,0.012999
2691,3,155.4000,36.0000,-7.7500,-0.424500,-0.426300,-1.193000,-0.011120,0.007108,0.007922,-0.424451,-0.426293,-1.192896,-0.011123,0.007108,0.007922,1.037688e-04,0.003040
2692,3,163.8000,36.0000,-7.7500,-0.413100,-0.421500,-1.168000,-0.015230,0.005586,0.007280,-0.413123,-0.421526,-1.167944,-0.015234,0.005586,0.007280,5.556328e-05,0.001628
2693,3,4.2000,44.0000,-7.7500,-0.302300,-0.501400,-1.343000,0.038810,0.008695,-0.051450,-0.302263,-0.501389,-1.342661,0.038814,0.008695,-0.051451,3.393595e-04,0.009943
2694,3,12.6000,44.0000,-7.7500,-0.501800,-0.521700,-1.214000,0.033950,0.010690,0.079080,-0.501843,-0.521687,-1.214193,0.033949,0.010690,0.079076,1.932954e-04,0.005664
2695,3,21.0000,44.0000,-7.7500,-0.472100,-0.442200,-1.066000,0.031460,0.009081,0.033870,-0.472119,-0.442207,-1.065862,0.031458,0.009081,0.033869,1.381307e-04,0.004047
2696,3,29.4000,44.0000,-7.7500,-0.452800,-0.423000,-1.057000,0.029930,0.007990,0.026740,-0.452807,-0.422984,-1.057134,0.029929,0.007990,0.026743,1.336803e-04,0.003917
2697,3,37.8000,44.0000,-7.7500,-0.433600,-0.411700,-1.067000,0.028180,0.007254,0.020130,-0.433646,-0.411706,-1.067369,0.028185,0.007254,0.020131,3.693102e-04,0.010821
2698,3,46.2000,44.0000,-7.7500,-0.424200,-0.413100,-1.098000,0.026080,0.006734,0.011800,-0.424240,-0.413127,-1.098477,0.026075,0.006734,0.011801,4.771998e-04,0.013982
2699,3,54.6000,44.0000,-7.7500,-0.422100,-0.418900,-1.132000,0.023620,0.006428,0.005614,-0.422140,-0.418925,-1.131774,0.023625,0.006428,0.005614,2.262113e-04,0.006628
2700,3,63.0000,44.0000,-7.7500,-0.424400,-0.426200,-1.163000,0.020910,0.006274,0.001651,-0.424400,-0.426212,-1.162746,0.020908,0.006274,0.001651,2.540468e-04,0.007444
2701,3,71.4000,44.0000,-7.7500,-0.428900,-0.433100,-1.189000,0.018030,0.006231,-0.000319,-0.428870,-0.433124,-1.188725,0.018028,0.006231,-0.000319,2.750866e-04,0.008060
2702,3,79.8000,44.0000,-7.7500,-0.433900,-0.438800,-1.209000,0.015040,0.006256,-0.000962,-0.433874,-0.438773,-1.209027,0.015040,0.006256,-0.000961,2.724516e-05,0.000798
2703,3,88.2000,44.0000,-7.7500,-0.438300,-0.442800,-1.224000,0.011980,0.006304,-0.000767,-0.438313,-0.442762,-1.223719,0.011977,0.006304,-0.000767,2.810051e-04,0.008233
2704,3,96.6000,44.0000,-7.7500,-0.441600,-0.445000,-1.233000,0.008894,0.006364,-0.000090,-0.441572,-0.445014,-1.233174,0.008894,0.006364,-0.000090,1.736341e-04,0.005087
2705,3,105.0000,44.0000,-7.7500,-0.443300,-0.445600,-1.238000,0.005786,0.006425,0.000855,-0.443309,-0.445581,-1.237823,0.005786,0.006425,0.000855,1.770178e-04,0.005187
2706,3,113.4000,44.0000,-7.7500,-0.443300,-0.444500,-1.238000,0.002680,0.006478,0.001974,-0.443345,-0.444528,-1.238009,0.002680,0.006478,0.001974,4.529883e-05,0.001327
2707,3,121.8000,44.0000,-7.7500,-0.441600,-0.441900,-1.234000,-0.000398,0.006513,0.003217,-0.441570,-0.441931,-1.234019,-0.000398,0.006513,0.003217,3.094707e-05,0.000907
2708,3,130.2000,44.0000,-7.7500,-0.437800,-0.437600,-1.226000,-0.003470,0.006519,0.004500,-0.437812,-0.437590,-1.225552,-0.003470,0.006519,0.004500,4.483677e-04,0.013137
2709,3,138.6000,44.0000,-7.7500,-0.432500,-0.432000,-1.214000,-0.006518,0.006522,0.005738,-0.432467,-0.432015,-1.213528,-0.006518,0.006522,0.005738,4.723650e-04,0.013840
2710,3,147.0000,44.0000,-7.7500,-0.423900,-0.422900,-1.194000,-0.009683,0.006743,0.008379,-0.423941,-0.422935,-1.194208,-0.009683,0.006743,0.008379,2.077755e-04,0.006088
2711,3,155.4000,44.0000,-7.7500,-0.421400,-0.415800,-1.172000,-0.015010,0.006574,0.006647,-0.421419,-0.415811,-1.172377,-0.015010,0.006574,0.006647,3.769316e-04,0.011044
2712,3,163.8000,44.0000,-7.7500,-0.407700,-0.408300,-1.166000,-0.021210,-0.005259,-0.004192,-0.407658,-0.408317,-1.165773,-0.021208,-0.005259,-0.004192,2.265584e-04,0.006638
2713,3,4.2000,4.0000,-15.2500,-0.287000,-0.398600,-1.140000,0.004113,0.002397,-0.187200,-0.287013,-0.398592,-1.140226,0.004113,0.002397,-0.187209,2.255511e-04,0.006609
2714,3,12.6000,4.0000,-15.2500,-0.358500,-0.447600,-1.218000,0.003594,0.002527,0.006363,-0.358540,-0.447646,-1.218308,0.003594,0.002527,0.006363,3.077154e-04,0.009016
2715,3,21.0000,4.0000,-15.2500,-0.393500,-0.425000,-1.151000,0.003276,0.002365,0.062820,-0.393536,-0.425017,-1.151167,0.003276,0.002365,0.062823,1.665814e-04,0.004881
2716,3,29.4000,4.0000,-15.2500,-0.369900,-0.392700,-1.117000,0.003033,0.002199,0.050700,-0.369913,-0.392707,-1.116610,0.003033,0.002199,0.050699,3.896879e-04,0.011418
2717,3,37.8000,4.0000,-15.2500,-0.370000,-0.392400,-1.137000,0.002784,0.002095,0.033300,-0.369983,-0.392437,-1.136793,0.002784,0.002095,0.033295,2.071979e-04,0.006071
2718,3,46.2000,4.0000,-15.2500,-0.375700,-0.398100,-1.164000,0.002526,0.002043,0.016950,-0.375682,-0.398051,-1.164350,0.002526,0.002043,0.016950,3.497492e-04,0.010248
2719,3,54.6000,4.0000,-15.2500,-0.385400,-0.407500,-1.196000,0.002259,0.002034,0.005720,-0.385368,-0.407503,-1.195700,0.002259,0.002034,0.005720,2.997529e-04,0.008783
2720,3,63.0000,4.0000,-15.2500,-0.396000,-0.417200,-1.225000,0.001985,0.002045,-0.000823,-0.395961,-0.417177,-1.224787,0.001985,0.002045,-0.000823,2.126468e-04,0.006230
2721,3,71.4000,4.0000,-15.2500,-0.406000,-0.425700,-1.250000,0.001704,0.002066,-0.003811,-0.406016,-0.425725,-1.249623,0.001704,0.002066,-0.003811,3.774426e-04,0.011059
2722,3,79.8000,4.0000,-15.2500,-0.414900,-0.432600,-1.269000,0.001418,0.002097,-0.004449,-0.414872,-0.432595,-1.269423,0.001418,0.002097,-0.004449,4.229894e-04,0.012393
2723,3,88.2000,4.0000,-15.2500,-0.422100,-0.437500,-1.284000,0.001130,0.002128,-0.003668,-0.422056,-0.437529,-1.283972,0.001130,0.002128,-0.003668,4.416220e-05,0.001294
2724,3,96.6000,4.0000,-15.2500,-0.427500,-0.440600,-1.294000,0.000839,0.002152,-0.002094,-0.427537,-0.440622,-1.293512,0.000839,0.002152,-0.002094,4.881416e-04,0.014302
2725,3,105.0000,4.0000,-15.2500,-0.431200,-0.441900,-1.298000,0.000547,0.002172,-0.000100,-0.431217,-0.441947,-1.298285,0.000547,0.002172,-0.000100,2.851722e-04,0.008355
2726,3,113.4000,4.0000,-15.2500,-0.433100,-0.441600,-1.299000,0.000255,0.002185,0.002144,-0.433073,-0.441606,-1.298544,0.000255,0.002185,0.002144,4.560016e-04,0.013361
2727,3,121.8000,4.0000,-15.2500,-0.433200,-0.439700,-1.295000,-0.000037,0.002192,0.004564,-0.433160,-0.439705,-1.294513,-0.000037,0.002192,0.004564,4.867594e-04,0.014262
2728,3,130.2000,4.0000,-15.2500,-0.431400,-0.436200,-1.286000,-0.000330,0.002195,0.007118,-0.431396,-0.436245,-1.286302,-0.000330,0.002195,0.007118,3.023649e-04,0.008859
2729,3,138.6000,4.0000,-15.2500,-0.427700,-0.431200,-1.274000,-0.000619,0.002194,0.009781,-0.427715,-0.431184,-1.273884,-0.000619,0.002194,0.009781,1.157600e-04,0.003392
2730,3,147.0000,4.0000,-15.2500,-0.422400,-0.424700,-1.257000,-0.000908,0.002186,0.012250,-0.422390,-0.424700,-1.257438,-0.000908,0.002186,0.012253,4.381088e-04,0.012836
2731,3,155.4000,4.0000,-15.2500,-0.415000,-0.416600,-1.237000,-0.001191,0.002183,0.014190,-0.414962,-0.416647,-1.237119,-0.001191,0.002183,0.014189,1.192643e-04,0.003494
2732,3,163.8000,4.0000,-15.2500,-0.405400,-0.407200,-1.214000,-0.001455,0.002175,0.015460,-0.405446,-0.407244,-1.213536,-0.001455,0.002175,0.015464,4.640742e-04,0.013597
2733,3,4.2000,12.0000,-15.2500,-0.285800,-0.397200,-1.135000,0.012220,0.006212,-0.186400,-0.285785,-0.397164,-1.134631,0.012220,0.006212,-0.186376,3.686591e-04,0.010802
2734,3,12.6000,12.0000,-15.2500,-0.356800,-0.445900,-1.212000,0.010840,0.006604,0.006180,-0.356777,-0.445929,-1.212497,0.010842,0.006604,0.006180,4.969036e-04,0.014559
2735,3,21.0000,12.0000,-15.2500,-0.391600,-0.423500,-1.146000,0.009870,0.006196,0.062440,-0.391604,-0.423458,-1.145996,0.009870,0.006196,0.062439,4.168310e-05,0.001221
2736,3,29.4000,12.0000,-15.2500,-0.368200,-0.391400,-1.112000,0.009092,0.005742,0.050440,-0.368207,-0.391374,-1.111846,0.009092,0.005742,0.050443,1.543932e-04,0.004524
2737,3,37.8000,12.0000,-15.2500,-0.368300,-0.391100,-1.132000,0.008333,0.005424,0.033140,-0.368297,-0.391125,-1.132046,0.008333,0.005424,0.033143,4.585873e-05,0.001344
2738,3,46.2000,12.0000,-15.2500,-0.374000,-0.396700,-1.160000,0.007557,0.005253,0.016890,-0.373991,-0.396745,-1.159570,0.007557,0.005253,0.016890,4.304578e-04,0.012612
2739,3,54.6000,12.0000,-15.2500,-0.383600,-0.406200,-1.191000,0.006756,0.005197,0.005720,-0.383638,-0.406172,-1.190833,0.006756,0.005197,0.005720,1.669760e-04,0.004892
2740,3,63.0000,12.0000,-15.2500,-0.394200,-0.415800,-1.220000,0.005933,0.005212,-0.000798,-0.394192,-0.415813,-1.219826,0.005933,0.005212,-0.000798,1.738207e-04,0.005093
2741,3,71.4000,12.0000,-15.2500,-0.404200,-0.424300,-1.245000,0.005095,0.005263,-0.003776,-0.404222,-0.424347,-1.244598,0.005095,0.005263,-0.003776,4.021337e-04,0.011782
2742,3,79.8000,12.0000,-15.2500,-0.413000,-0.431200,-1.264000,0.004243,0.005331,-0.004401,-0.413030,-0.431181,-1.264312,0.004243,0.005331,-0.004401,3.119509e-04,0.009140
2743,3,88.2000,12.0000,-15.2500,-0.420200,-0.436100,-1.279000,0.003382,0.005403,-0.003622,-0.420189,-0.436094,-1.278800,0.003382,0.005403,-0.003622,2.004372e-04,0.005873
2744,3,96.6000,12.0000,-15.2500,-0.425600,-0.439200,-1.288000,0.002513,0.005469,-0.002059,-0.425647,-0.439174,-1.288301,0.002513,0.005469,-0.002059,3.008396e-04,0.008815
2745,3,105.0000,12.0000,-15.2500,-0.429300,-0.440500,-1.293000,0.001636,0.005521,-0.000072,-0.429308,-0.440487,-1.293045,0.001636,0.005521,-0.000072,4.540361e-05,0.001330
2746,3,113.4000,12.0000,-15.2500,-0.431200,-0.440100,-1.293000,0.000758,0.005560,0.002168,-0.431156,-0.440136,-1.293287,0.000758,0.005560,0.002168,2.872828e-04,0.008417
2747,3,121.8000,12.0000,-15.2500,-0.431200,-0.438200,-1.289000,-0.000114,0.005586,0.004580,-0.431239,-0.438226,-1.289246,-0.000114,0.005586,0.004580,2.461725e-04,0.007213
2748,3,130.2000,12.0000,-15.2500,-0.429500,-0.434800,-1.281000,-0.000982,0.005598,0.007125,-0.429480,-0.434769,-1.281045,-0.000982,0.005598,0.007125,4.484153e-05,0.001314
2749,3,138.6000,12.0000,-15.2500,-0.425800,-0.429700,-1.269000,-0.001851,0.005595,0.009778,-0.425785,-0.429702,-1.268616,-0.001851,0.005595,0.009778,3.836873e-04,0.011242
2750,3,147.0000,12.0000,-15.2500,-0.420400,-0.423200,-1.252000,-0.002709,0.005584,0.012240,-0.420443,-0.423204,-1.252159,-0.002709,0.005584,0.012244,1.590275e-04,0.004659
2751,3,155.4000,12.0000,-15.2500,-0.413000,-0.415200,-1.232000,-0.003535,0.005561,0.014170,-0.413012,-0.415164,-1.231882,-0.003535,0.005561,0.014169,1.176147e-04,0.003446
2752,3,163.8000,12.0000,-15.2500,-0.403500,-0.405800,-1.208000,-0.004340,0.005550,0.015460,-0.403504,-0.405796,-1.208382,-0.004340,0.005550,0.015457,3.819031e-04,0.011190
2753,3,4.2000,20.0000,-15.2500,-0.283100,-0.393300,-1.125000,0.020270,0.009283,-0.184900,-0.283112,-0.393264,-1.124880,0.020270,0.009283,-0.184878,1.196679e-04,0.003506
2754,3,12.6000,20.0000,-15.2500,-0.353600,-0.441900,-1.203000,0.018070,0.009935,0.005943,-0.353641,-0.441859,-1.202717,0.018069,0.009935,0.005943,2.834466e-04,0.008305
2755,3,21.0000,20.0000,-15.2500,-0.388300,-0.419700,-1.137000,0.016460,0.009363,0.061770,-0.388261,-0.419732,-1.137313,0.016463,0.009363,0.061766,3.128084e-04,0.009165
2756,3,29.4000,20.0000,-15.2500,-0.365100,-0.388000,-1.104000,0.015140,0.008656,0.049930,-0.365137,-0.388030,-1.103803,0.015136,0.008656,0.049932,1.969555e-04,0.005771
2757,3,37.8000,20.0000,-15.2500,-0.365300,-0.387800,-1.124000,0.013870,0.008126,0.032820,-0.365283,-0.387849,-1.124089,0.013866,0.008126,0.032824,8.938403e-05,0.002619
2758,3,46.2000,20.0000,-15.2500,-0.371000,-0.393500,-1.152000,0.012570,0.007820,0.016740,-0.370966,-0.393462,-1.151579,0.012568,0.007820,0.016740,4.214804e-04,0.012349
2759,3,54.6000,20.0000,-15.2500,-0.380600,-0.402800,-1.183000,0.011240,0.007701,0.005686,-0.380556,-0.402828,-1.182722,0.011236,0.007701,0.005686,2.775320e-04,0.008132
2760,3,63.0000,20.0000,-15.2500,-0.391000,-0.412400,-1.212000,0.009869,0.007704,-0.000767,-0.391039,-0.412388,-1.211575,0.009869,0.007704,-0.000767,4.246618e-04,0.012442
2761,3,71.4000,20.0000,-15.2500,-0.401000,-0.420800,-1.236000,0.008473,0.007771,-0.003715,-0.400995,-0.420842,-1.236216,0.008473,0.007771,-0.003715,2.164510e-04,0.006342
2762,3,79.8000,20.0000,-15.2500,-0.409700,-0.427600,-1.256000,0.007056,0.007863,-0.004325,-0.409739,-0.427612,-1.255823,0.007056,0.007863,-0.004325,1.767402e-04,0.005178
2763,3,88.2000,20.0000,-15.2500,-0.416900,-0.432500,-1.270000,0.005623,0.007963,-0.003541,-0.416851,-0.432472,-1.270216,0.005623,0.007963,-0.003541,2.160625e-04,0.006331
2764,3,96.6000,20.0000,-15.2500,-0.422300,-0.435500,-1.280000,0.004178,0.008061,-0.001990,-0.422262,-0.435508,-1.279636,0.004178,0.008061,-0.001990,3.643936e-04,0.010677
2765,3,105.0000,20.0000,-15.2500,-0.425900,-0.436800,-1.284000,0.002720,0.008144,-0.000019,-0.425893,-0.436796,-1.284332,0.002720,0.008144,-0.000019,3.322990e-04,0.009736
2766,3,113.4000,20.0000,-15.2500,-0.427700,-0.436400,-1.285000,0.001257,0.008202,0.002209,-0.427723,-0.436428,-1.284541,0.001257,0.008202,0.002209,4.593049e-04,0.013458
2767,3,121.8000,20.0000,-15.2500,-0.427800,-0.434500,-1.280000,-0.000194,0.008244,0.004610,-0.427782,-0.434498,-1.280472,-0.000194,0.008244,0.004610,4.715278e-04,0.013816
2768,3,130.2000,20.0000,-15.2500,-0.426000,-0.431000,-1.272000,-0.001646,0.008268,0.007142,-0.426023,-0.431046,-1.272264,-0.001646,0.008268,0.007142,2.639684e-04,0.007734
2769,3,138.6000,20.0000,-15.2500,-0.422300,-0.426000,-1.260000,-0.003092,0.008259,0.009771,-0.422310,-0.425968,-1.259797,-0.003092,0.008259,0.009771,2.027923e-04,0.005942
2770,3,147.0000,20.0000,-15.2500,-0.417000,-0.419500,-1.243000,-0.004546,0.008213,0.012200,-0.416983,-0.419516,-1.243318,-0.004546,0.008213,0.012203,3.179471e-04,0.009316
2771,3,155.4000,20.0000,-15.2500,-0.409400,-0.411400,-1.223000,-0.005954,0.008177,0.014110,-0.409368,-0.411410,-1.222837,-0.005954,0.008177,0.014111,1.630345e-04,0.004777
2772,3,163.8000,20.0000,-15.2500,-0.399500,-0.401800,-1.199000,-0.007287,0.008214,0.015450,-0.399524,-0.401793,-1.198867,-0.007287,0.008214,0.015446,1.326858e-04,0.003888
2773,3,4.2000,28.0000,-15.2500,-0.279800,-0.388100,-1.112000,0.028320,0.012080,-0.182600,-0.279809,-0.388099,-1.111723,0.028323,0.012084,-0.182632,2.771496e-04,0.008120
2774,3,12.6000,28.0000,-15.2500,-0.349500,-0.436000,-1.189000,0.025290,0.013160,0.005684,-0.349454,-0.436034,-1.189137,0.025288,0.013159,0.005684,1.371752e-04,0.004019
2775,3,21.0000,28.0000,-15.2500,-0.383700,-0.414300,-1.125000,0.022990,0.012460,0.060810,-0.383679,-0.414306,-1.125182,0.022995,0.012457,0.060811,1.816980e-04,0.005324
2776,3,29.4000,28.0000,-15.2500,-0.361000,-0.383200,-1.093000,0.021150,0.011500,0.049170,-0.360964,-0.383180,-1.092621,0.021150,0.011504,0.049174,3.787800e-04,0.011098
2777,3,37.8000,28.0000,-15.2500,-0.361200,-0.383100,-1.113000,0.019370,0.010770,0.032340,-0.361161,-0.383078,-1.113026,0.019370,0.010773,0.032336,3.856014e-05,0.001130
2778,3,46.2000,28.0000,-15.2500,-0.366800,-0.388700,-1.140000,0.017560,0.010340,0.016500,-0.366827,-0.388672,-1.140471,0.017558,0.010337,0.016500,4.706856e-04,0.013791
2779,3,54.6000,28.0000,-15.2500,-0.376300,-0.398000,-1.171000,0.015700,0.010150,0.005615,-0.376346,-0.397951,-1.171469,0.015698,0.010154,0.005615,4.691631e-04,0.013746
2780,3,63.0000,28.0000,-15.2500,-0.386800,-0.407400,-1.200000,0.013790,0.010140,-0.000735,-0.386752,-0.407424,-1.200160,0.013790,0.010137,-0.000735,1.598394e-04,0.004683
2781,3,71.4000,28.0000,-15.2500,-0.396600,-0.415800,-1.225000,0.011840,0.010210,-0.003628,-0.396627,-0.415783,-1.224634,0.011839,0.010214,-0.003628,3.658015e-04,0.010718
2782,3,79.8000,28.0000,-15.2500,-0.405300,-0.422500,-1.244000,0.009858,0.010330,-0.004221,-0.405279,-0.422452,-1.244089,0.009858,0.010334,-0.004221,8.939054e-05,0.002619
2783,3,88.2000,28.0000,-15.2500,-0.412300,-0.427200,-1.258000,0.007851,0.010460,-0.003438,-0.412318,-0.427230,-1.258356,0.007851,0.010460,-0.003438,3.564491e-04,0.010444
2784,3,96.6000,28.0000,-15.2500,-0.417700,-0.430200,-1.268000,0.005829,0.010580,-0.001896,-0.417666,-0.430199,-1.267668,0.005829,0.010580,-0.001896,3.320195e-04,0.009728
2785,3,105.0000,28.0000,-15.2500,-0.421200,-0.431400,-1.272000,0.003791,0.010690,0.000058,-0.421247,-0.431441,-1.272285,0.003791,0.010686,0.000058,2.851733e-04,0.008356
2786,3,113.4000,28.0000,-15.2500,-0.423100,-0.431100,-1.272000,0.001749,0.010760,0.002265,-0.423052,-0.431051,-1.272448,0.001749,0.010762,0.002265,4.479510e-04,0.013125
2787,3,121.8000,28.0000,-15.2500,-0.423100,-0.429100,-1.268000,-0.000280,0.010820,0.004654,-0.423085,-0.429107,-1.268344,-0.000280,0.010817,0.004654,3.443297e-04,0.010089
2788,3,130.2000,28.0000,-15.2500,-0.421300,-0.425600,-1.260000,-0.002308,0.010850,0.007166,-0.421303,-0.425626,-1.260092,-0.002308,0.010850,0.007166,9.190843e-05,0.002693
2789,3,138.6000,28.0000,-15.2500,-0.417600,-0.420600,-1.248000,-0.004360,0.010820,0.009743,-0.417631,-0.420591,-1.247618,-0.004360,0.010822,0.009743,3.816068e-04,0.011181
2790,3,147.0000,28.0000,-15.2500,-0.412200,-0.414000,-1.231000,-0.006398,0.010690,0.012070,-0.412166,-0.414025,-1.230918,-0.006398,0.010690,0.012069,8.205763e-05,0.002404
2791,3,155.4000,28.0000,-15.2500,-0.404700,-0.406300,-1.210000,-0.008574,0.010350,0.013870,-0.404675,-0.406301,-1.210213,-0.008574,0.010347,0.013866,2.131588e-04,0.006245
2792,3,163.8000,28.0000,-15.2500,-0.395000,-0.397900,-1.186000,-0.010560,0.009715,0.015130,-0.394975,-0.397916,-1.186262,-0.010563,0.009715,0.015134,2.617949e-04,0.007671
2793,3,4.2000,36.0000,-15.2500,-0.275900,-0.381400,-1.095000,0.036350,0.014340,-0.179500,-0.275851,-0.381435,-1.095464,0.036349,0.014341,-0.179546,4.642264e-04,0.013602
2794,3,12.6000,36.0000,-15.2500,-0.344200,-0.428400,-1.172000,0.032450,0.016000,0.005536,-0.344150,-0.428436,-1.171654,0.032448,0.016002,0.005536,3.461566e-04,0.010142
2795,3,21.0000,36.0000,-15.2500,-0.377900,-0.407300,-1.109000,0.029490,0.015260,0.059570,-0.377874,-0.407312,-1.109362,0.029494,0.015262,0.059570,3.621989e-04,0.010612
2796,3,29.4000,36.0000,-15.2500,-0.355500,-0.376800,-1.078000,0.027090,0.014040,0.048150,-0.355529,-0.376829,-1.077985,0.027094,0.014043,0.048150,2.926390e-05,0.000857
2797,3,37.8000,36.0000,-15.2500,-0.355800,-0.376900,-1.099000,0.024830,0.013090,0.031670,-0.355837,-0.376891,-1.098582,0.024829,0.013092,0.031673,4.177749e-04,0.012241
2798,3,46.2000,36.0000,-15.2500,-0.361500,-0.382500,-1.126000,0.022520,0.012520,0.016160,-0.361470,-0.382451,-1.125946,0.022516,0.012519,0.016163,5.385506e-05,0.001578
2799,3,54.6000,36.0000,-15.2500,-0.370900,-0.391600,-1.157000,0.020140,0.012260,0.005505,-0.370898,-0.391609,-1.156750,0.020135,0.012262,0.005505,2.501069e-04,0.007328
2800,3,63.0000,36.0000,-15.2500,-0.381200,-0.400900,-1.185000,0.017690,0.012210,-0.000708,-0.381188,-0.400932,-1.185220,0.017687,0.012213,-0.000708,2.198977e-04,0.006443
2801,3,71.4000,36.0000,-15.2500,-0.390900,-0.409100,-1.209000,0.015190,0.012280,-0.003525,-0.390947,-0.409146,-1.209471,0.015186,0.012284,-0.003525,4.710907e-04,0.013803
2802,3,79.8000,36.0000,-15.2500,-0.399500,-0.415700,-1.229000,0.012650,0.012420,-0.004094,-0.399487,-0.415682,-1.228725,0.012646,0.012418,-0.004094,2.752283e-04,0.008064
2803,3,88.2000,36.0000,-15.2500,-0.406400,-0.420400,-1.243000,0.010060,0.012570,-0.003315,-0.406437,-0.420366,-1.242842,0.010064,0.012567,-0.003315,1.576525e-04,0.004619
2804,3,96.6000,36.0000,-15.2500,-0.411700,-0.423300,-1.252000,0.007466,0.012710,-0.001783,-0.411730,-0.423281,-1.252049,0.007466,0.012709,-0.001783,4.853993e-05,0.001422
2805,3,105.0000,36.0000,-15.2500,-0.415300,-0.424500,-1.257000,0.004851,0.012830,0.000150,-0.415258,-0.424474,-1.256577,0.004851,0.012828,0.000150,4.227035e-04,0.012385
2806,3,113.4000,36.0000,-15.2500,-0.417000,-0.424000,-1.257000,0.002230,0.012910,0.002333,-0.417013,-0.424044,-1.256672,0.002230,0.012913,0.002333,3.282273e-04,0.009617
2807,3,121.8000,36.0000,-15.2500,-0.417000,-0.422100,-1.253000,-0.000373,0.012980,0.004709,-0.417002,-0.422062,-1.252503,-0.000373,0.012977,0.004709,4.965621e-04,0.014549
2808,3,130.2000,36.0000,-15.2500,-0.415200,-0.418600,-1.244000,-0.002971,0.013010,0.007188,-0.415233,-0.418609,-1.244268,-0.002971,0.013011,0.007188,2.677173e-04,0.007844
2809,3,138.6000,36.0000,-15.2500,-0.411500,-0.413400,-1.232000,-0.005590,0.012980,0.009735,-0.411461,-0.413418,-1.231600,-0.005590,0.012976,0.009735,3.998091e-04,0.011714
2810,3,147.0000,36.0000,-15.2500,-0.406400,-0.407000,-1.215000,-0.008391,0.012760,0.011770,-0.406351,-0.406984,-1.214676,-0.008391,0.012765,0.011767,3.243614e-04,0.009504
2811,3,155.4000,36.0000,-15.2500,-0.399000,-0.399400,-1.194000,-0.011490,0.011580,0.012680,-0.398981,-0.399372,-1.194408,-0.011491,0.011579,0.012684,4.077798e-04,0.011948
2812,3,163.8000,36.0000,-15.2500,-0.390100,-0.392700,-1.173000,-0.014420,0.008949,0.013820,-0.390104,-0.392681,-1.173177,-0.014419,0.008949,0.013817,1.765434e-04,0.005173
2813,3,4.2000,44.0000,-15.2500,-0.270600,-0.372200,-1.076000,0.044180,0.016850,-0.175500,-0.270552,-0.372151,-1.076071,0.044179,0.016854,-0.175500,7.147824e-05,0.002094
2814,3,12.6000,44.0000,-15.2500,-0.338000,-0.418800,-1.151000,0.039420,0.018800,0.005446,-0.337955,-0.418816,-1.150648,0.039422,0.018800,0.005446,3.519522e-04,0.010312
2815,3,21.0000,44.0000,-15.2500,-0.370700,-0.398200,-1.090000,0.035820,0.017700,0.057980,-0.370677,-0.398250,-1.090004,0.035823,0.017697,0.057983,4.996686e-05,0.001464
2816,3,29.4000,44.0000,-15.2500,-0.348700,-0.368600,-1.060000,0.032960,0.016140,0.046810,-0.348663,-0.368610,-1.060023,0.032960,0.016140,0.046813,3.682109e-05,0.001079
2817,3,37.8000,44.0000,-15.2500,-0.349200,-0.368900,-1.081000,0.030240,0.014920,0.030810,-0.349160,-0.368866,-1.080871,0.030243,0.014919,0.030810,1.286821e-04,0.003770
2818,3,46.2000,44.0000,-15.2500,-0.354700,-0.374300,-1.108000,0.027440,0.014180,0.015710,-0.354742,-0.374346,-1.108118,0.027444,0.014182,0.015706,1.180493e-04,0.003459
2819,3,54.6000,44.0000,-15.2500,-0.364100,-0.383300,-1.139000,0.024550,0.013830,0.005336,-0.364068,-0.383347,-1.138691,0.024553,0.013835,0.005336,3.090211e-04,0.009054
2820,3,63.0000,44.0000,-15.2500,-0.374200,-0.392500,-1.167000,0.021570,0.013740,-0.000705,-0.374233,-0.392488,-1.166912,0.021569,0.013743,-0.000705,8.764988e-05,0.002568
2821,3,71.4000,44.0000,-15.2500,-0.383900,-0.400500,-1.191000,0.018520,0.013800,-0.003424,-0.383850,-0.400512,-1.190912,0.018518,0.013804,-0.003424,8.769892e-05,0.002570
2822,3,79.8000,44.0000,-15.2500,-0.392300,-0.406900,-1.210000,0.015420,0.013940,-0.003959,-0.392267,-0.406888,-1.209937,0.015419,0.013944,-0.003959,6.349210e-05,0.001860
2823,3,88.2000,44.0000,-15.2500,-0.399100,-0.411400,-1.224000,0.012260,0.014100,-0.003176,-0.399107,-0.411438,-1.223866,0.012264,0.014102,-0.003176,1.339685e-04,0.003925
2824,3,96.6000,44.0000,-15.2500,-0.404300,-0.414200,-1.233000,0.009086,0.014250,-0.001660,-0.404291,-0.414233,-1.232911,0.009086,0.014252,-0.001660,8.923489e-05,0.002615
2825,3,105.0000,44.0000,-15.2500,-0.407800,-0.415400,-1.237000,0.005898,0.014380,0.000250,-0.407758,-0.415369,-1.237338,0.005898,0.014384,0.000250,3.383551e-04,0.009914
2826,3,113.4000,44.0000,-15.2500,-0.409500,-0.414900,-1.237000,0.002702,0.014480,0.002410,-0.409471,-0.414912,-1.237380,0.002702,0.014480,0.002410,3.800517e-04,0.011135
2827,3,121.8000,44.0000,-15.2500,-0.409400,-0.412900,-1.233000,-0.000475,0.014540,0.004768,-0.409435,-0.412921,-1.233170,-0.000475,0.014542,0.004768,1.701107e-04,0.004984
2828,3,130.2000,44.0000,-15.2500,-0.407700,-0.409500,-1.225000,-0.003641,0.014570,0.007204,-0.407708,-0.409534,-1.225016,-0.003641,0.014567,0.007204,3.377817e-05,0.000990
2829,3,138.6000,44.0000,-15.2500,-0.403600,-0.404000,-1.212000,-0.006790,0.014560,0.009801,-0.403598,-0.404027,-1.211906,-0.006790,0.014564,0.009801,9.399371e-05,0.002754
2830,3,147.0000,44.0000,-15.2500,-0.399600,-0.397700,-1.195000,-0.010210,0.014290,0.011260,-0.399564,-0.397717,-1.194939,-0.010215,0.014294,0.011256,6.098867e-05,0.001787
2831,3,155.4000,44.0000,-15.2500,-0.393900,-0.390900,-1.177000,-0.014230,0.013070,0.010270,-0.393887,-0.390910,-1.177168,-0.014225,0.013065,0.010268,1.681472e-04,0.004927
2832,3,163.8000,44.0000,-15.2500,-0.384500,-0.383600,-1.162000,-0.017950,0.009431,0.010240,-0.384471,-0.383623,-1.162258,-0.017949,0.009431,0.010243,2.581655e-04,0.007564
2833,4,4.2000,4.0000,-36.5000,0.024980,0.020260,-0.036100,0.000599,0.000784,-0.060710,0.024976,0.020261,-0.036096,0.000599,0.000784,-0.060712,3.858280e-06,0.000113
2834,4,12.6000,4.0000,-36.5000,0.032610,0.023480,-0.039740,0.000550,0.000867,-0.046010,0.032608,0.023481,-0.039738,0.000550,0.000867,-0.046013,3.145396e-06,0.000092
2835,4,21.0000,4.0000,-36.5000,0.030990,0.021540,-0.046710,0.000499,0.000918,-0.034260,0.030994,0.021535,-0.046713,0.000499,0.000918,-0.034261,4.648726e-06,0.000136
2836,4,29.4000,4.0000,-36.5000,0.026410,0.018240,-0.053760,0.000451,0.000950,-0.027210,0.026407,0.018241,-0.053758,0.000451,0.000950,-0.027215,4.749409e-06,0.000139
2837,4,37.8000,4.0000,-36.5000,0.022670,0.015800,-0.059210,0.000405,0.000973,-0.022960,0.022667,0.015799,-0.059207,0.000405,0.000973,-0.022959,3.433346e-06,0.000101
2838,4,46.2000,4.0000,-36.5000,0.019790,0.014040,-0.063510,0.000362,0.000993,-0.019820,0.019787,0.014040,-0.063506,0.000362,0.000993,-0.019818,4.344136e-06,0.000127
2839,4,54.6000,4.0000,-36.5000,0.017740,0.012880,-0.066860,0.000321,0.001010,-0.017170,0.017743,0.012878,-0.066857,0.000321,0.001010,-0.017169,3.488942e-06,0.000102
2840,4,63.0000,4.0000,-36.5000,0.016280,0.012120,-0.069500,0.000280,0.001026,-0.014680,0.016285,0.012117,-0.069501,0.000280,0.001026,-0.014675,4.905377e-06,0.000144
2841,4,71.4000,4.0000,-36.5000,0.015200,0.011610,-0.071600,0.000240,0.001039,-0.012210,0.015202,0.011607,-0.071599,0.000240,0.001039,-0.012212,2.504673e-06,0.000073
2842,4,79.8000,4.0000,-36.5000,0.014340,0.011240,-0.073260,0.000200,0.001052,-0.009745,0.014338,0.011245,-0.073259,0.000200,0.001052,-0.009745,4.764772e-06,0.000140
2843,4,88.2000,4.0000,-36.5000,0.013600,0.010970,-0.074540,0.000159,0.001063,-0.007280,0.013602,0.010966,-0.074542,0.000159,0.001063,-0.007280,3.802810e-06,0.000111
2844,4,96.6000,4.0000,-36.5000,0.012930,0.010730,-0.075490,0.000118,0.001071,-0.004835,0.012933,0.010729,-0.075490,0.000118,0.001071,-0.004835,2.895833e-06,0.000085
2845,4,105.0000,4.0000,-36.5000,0.012310,0.010520,-0.076120,0.000077,0.001077,-0.002428,0.012313,0.010517,-0.076122,0.000077,0.001077,-0.002428,3.472508e-06,0.000102
2846,4,113.4000,4.0000,-36.5000,0.011740,0.010320,-0.076450,0.000035,0.001081,-0.000075,0.011737,0.010321,-0.076452,0.000035,0.001081,-0.000075,3.091129e-06,0.000091
2847,4,121.8000,4.0000,-36.5000,0.011190,0.010130,-0.076500,-0.000006,0.001082,0.002214,0.011191,0.010127,-0.076501,-0.000006,0.001082,0.002214,3.297246e-06,0.000097
2848,4,130.2000,4.0000,-36.5000,0.010690,0.009939,-0.076270,-0.000048,0.001081,0.004425,0.010686,0.009939,-0.076273,-0.000048,0.001081,0.004425,3.668261e-06,0.000107
2849,4,138.6000,4.0000,-36.5000,0.010220,0.009745,-0.075790,-0.000089,0.001076,0.006540,0.010218,0.009745,-0.075791,-0.000089,0.001076,0.006540,2.148117e-06,0.000063
2850,4,147.0000,4.0000,-36.5000,0.009810,0.009556,-0.075060,-0.000130,0.001069,0.008534,0.009810,0.009556,-0.075059,-0.000130,0.001069,0.008534,1.297709e-06,0.000038
2851,4,155.4000,4.0000,-36.5000,0.009490,0.009381,-0.074090,-0.000169,0.001060,0.010380,0.009490,0.009381,-0.074086,-0.000169,0.001060,0.010382,4.102707e-06,0.000120
2852,4,163.8000,4.0000,-36.5000,0.009311,0.009247,-0.072870,-0.000207,0.001048,0.012050,0.009311,0.009247,-0.072869,-0.000207,0.001048,0.012053,3.454026e-06,0.000101
2853,4,4.2000,12.0000,-36.5000,0.024830,0.020150,-0.036020,0.001794,0.002327,-0.060520,0.024830,0.020146,-0.036020,0.001794,0.002327,-0.060520,4.283298e-06,0.000125
2854,4,12.6000,12.0000,-36.5000,0.032440,0.023350,-0.039650,0.001647,0.002570,-0.045890,0.032437,0.023350,-0.039654,0.001647,0.002570,-0.045889,4.223744e-06,0.000124
2855,4,21.0000,12.0000,-36.5000,0.030840,0.021420,-0.046600,0.001495,0.002723,-0.034190,0.030843,0.021417,-0.046604,0.001495,0.002723,-0.034186,4.394693e-06,0.000129
2856,4,29.4000,12.0000,-36.5000,0.026290,0.018140,-0.053620,0.001350,0.002820,-0.027160,0.026285,0.018141,-0.053624,0.001350,0.002820,-0.027164,4.703408e-06,0.000138
2857,4,37.8000,12.0000,-36.5000,0.022570,0.015710,-0.059060,0.001214,0.002889,-0.022920,0.022567,0.015711,-0.059055,0.001214,0.002889,-0.022919,4.833886e-06,0.000142
2858,4,46.2000,12.0000,-36.5000,0.019710,0.013960,-0.063340,0.001086,0.002947,-0.019780,0.019705,0.013964,-0.063340,0.001086,0.002947,-0.019784,4.703276e-06,0.000138
2859,4,54.6000,12.0000,-36.5000,0.017670,0.012810,-0.066680,0.000962,0.002998,-0.017140,0.017671,0.012806,-0.066684,0.000962,0.002998,-0.017138,3.994551e-06,0.000117
2860,4,63.0000,12.0000,-36.5000,0.016220,0.012050,-0.069320,0.000840,0.003044,-0.014650,0.016218,0.012048,-0.069323,0.000840,0.003044,-0.014647,2.680890e-06,0.000079
2861,4,71.4000,12.0000,-36.5000,0.015140,0.011540,-0.071420,0.000719,0.003085,-0.012190,0.015140,0.011542,-0.071416,0.000719,0.003085,-0.012187,4.050202e-06,0.000119
2862,4,79.8000,12.0000,-36.5000,0.014280,0.011180,-0.073070,0.000598,0.003122,-0.009723,0.014278,0.011181,-0.073073,0.000598,0.003122,-0.009723,2.876306e-06,0.000084
2863,4,88.2000,12.0000,-36.5000,0.013540,0.010900,-0.074350,0.000476,0.003153,-0.007262,0.013542,0.010903,-0.074354,0.000476,0.003153,-0.007262,3.751396e-06,0.000110
2864,4,96.6000,12.0000,-36.5000,0.012880,0.010670,-0.075300,0.000353,0.003179,-0.004821,0.012875,0.010667,-0.075300,0.000353,0.003179,-0.004821,4.782469e-06,0.000140
2865,4,105.0000,12.0000,-36.5000,0.012250,0.010450,-0.075930,0.000230,0.003197,-0.002419,0.012255,0.010453,-0.075932,0.000230,0.003197,-0.002419,4.807521e-06,0.000141
2866,4,113.4000,12.0000,-36.5000,0.011680,0.010260,-0.076260,0.000106,0.003208,-0.000070,0.011677,0.010257,-0.076262,0.000106,0.003208,-0.000070,3.464677e-06,0.000102
2867,4,121.8000,12.0000,-36.5000,0.011130,0.010060,-0.076310,-0.000019,0.003211,0.002213,0.011132,0.010064,-0.076309,-0.000019,0.003211,0.002213,3.792724e-06,0.000111
2868,4,130.2000,12.0000,-36.5000,0.010630,0.009875,-0.076080,-0.000143,0.003207,0.004419,0.010626,0.009875,-0.076082,-0.000143,0.003207,0.004419,3.623553e-06,0.000106
2869,4,138.6000,12.0000,-36.5000,0.010160,0.009682,-0.075600,-0.000267,0.003192,0.006528,0.010159,0.009682,-0.075600,-0.000267,0.003192,0.006528,1.299081e-06,0.000038
2870,4,147.0000,12.0000,-36.5000,0.009751,0.009490,-0.074870,-0.000389,0.003169,0.008518,0.009751,0.009490,-0.074871,-0.000389,0.003169,0.008518,1.200881e-06,0.000035
2871,4,155.4000,12.0000,-36.5000,0.009431,0.009311,-0.073900,-0.000508,0.003139,0.010360,0.009431,0.009311,-0.073901,-0.000508,0.003139,0.010361,1.459567e-06,0.000043
2872,4,163.8000,12.0000,-36.5000,0.009253,0.009172,-0.072690,-0.000622,0.003105,0.012030,0.009253,0.009172,-0.072688,-0.000622,0.003105,0.012031,2.467793e-06,0.000072
2873,4,4.2000,20.0000,-36.5000,0.024560,0.019950,-0.035850,0.002976,0.003810,-0.060140,0.024560,0.019948,-0.035851,0.002976,0.003810,-0.060142,2.385931e-06,0.000070
2874,4,12.6000,20.0000,-36.5000,0.032120,0.023130,-0.039470,0.002736,0.004210,-0.045640,0.032125,0.023132,-0.039465,0.002736,0.004210,-0.045641,4.970858e-06,0.000146
2875,4,21.0000,20.0000,-36.5000,0.030570,0.021220,-0.046370,0.002484,0.004465,-0.034040,0.030567,0.021224,-0.046366,0.002484,0.004465,-0.034035,4.743860e-06,0.000139
2876,4,29.4000,20.0000,-36.5000,0.026070,0.017980,-0.053330,0.002244,0.004625,-0.027060,0.026070,0.017985,-0.053334,0.002244,0.004625,-0.027063,4.693671e-06,0.000138
2877,4,37.8000,20.0000,-36.5000,0.022400,0.015580,-0.058730,0.002020,0.004740,-0.022840,0.022397,0.015583,-0.058731,0.002020,0.004740,-0.022840,3.322770e-06,0.000097
2878,4,46.2000,20.0000,-36.5000,0.019570,0.013850,-0.062990,0.001807,0.004833,-0.019720,0.019567,0.013854,-0.062991,0.001807,0.004833,-0.019716,4.115585e-06,0.000121
2879,4,54.6000,20.0000,-36.5000,0.017550,0.012710,-0.066320,0.001601,0.004916,-0.017080,0.017553,0.012710,-0.066317,0.001601,0.004916,-0.017077,3.268718e-06,0.000096
2880,4,63.0000,20.0000,-36.5000,0.016110,0.011960,-0.068940,0.001399,0.004991,-0.014590,0.016114,0.011961,-0.068943,0.001399,0.004991,-0.014592,4.379459e-06,0.000128
2881,4,71.4000,20.0000,-36.5000,0.015040,0.011460,-0.071030,0.001197,0.005059,-0.012140,0.015043,0.011460,-0.071029,0.001197,0.005059,-0.012138,3.199200e-06,0.000094
2882,4,79.8000,20.0000,-36.5000,0.014190,0.011100,-0.072680,0.000995,0.005120,-0.009681,0.014186,0.011103,-0.072679,0.000995,0.005120,-0.009681,3.652337e-06,0.000107
2883,4,88.2000,20.0000,-36.5000,0.013450,0.010830,-0.073950,0.000792,0.005170,-0.007226,0.013453,0.010827,-0.073955,0.000792,0.005170,-0.007226,4.695040e-06,0.000138
2884,4,96.6000,20.0000,-36.5000,0.012790,0.010590,-0.074900,0.000588,0.005211,-0.004794,0.012789,0.010593,-0.074896,0.000587,0.005211,-0.004794,4.086335e-06,0.000120
2885,4,105.0000,20.0000,-36.5000,0.012170,0.010380,-0.075520,0.000382,0.005241,-0.002401,0.012172,0.010383,-0.075523,0.000382,0.005241,-0.002401,3.431628e-06,0.000101
2886,4,113.4000,20.0000,-36.5000,0.011590,0.010180,-0.075850,0.000175,0.005259,-0.000061,0.011591,0.010185,-0.075854,0.000175,0.005259,-0.000061,4.607349e-06,0.000135
2887,4,121.8000,20.0000,-36.5000,0.011040,0.009989,-0.075900,-0.000032,0.005265,0.002212,0.011044,0.009989,-0.075903,-0.000032,0.005265,0.002212,3.730131e-06,0.000109
2888,4,130.2000,20.0000,-36.5000,0.010540,0.009798,-0.075680,-0.000238,0.005256,0.004407,0.010536,0.009798,-0.075679,-0.000238,0.005256,0.004407,3.917476e-06,0.000115
2889,4,138.6000,20.0000,-36.5000,0.010070,0.009601,-0.075200,-0.000445,0.005232,0.006503,0.010066,0.009601,-0.075201,-0.000445,0.005232,0.006503,3.948005e-06,0.000116
2890,4,147.0000,20.0000,-36.5000,0.009657,0.009404,-0.074480,-0.000650,0.005190,0.008481,0.009657,0.009404,-0.074477,-0.000650,0.005190,0.008481,2.656026e-06,0.000078
2891,4,155.4000,20.0000,-36.5000,0.009337,0.009213,-0.073520,-0.000851,0.005131,0.010310,0.009337,0.009213,-0.073517,-0.000851,0.005131,0.010313,2.938648e-06,0.000086
2892,4,163.8000,20.0000,-36.5000,0.009153,0.009054,-0.072320,-0.001040,0.005062,0.011980,0.009153,0.009054,-0.072319,-0.001040,0.005062,0.011979,1.476758e-06,0.000043
2893,4,4.2000,28.0000,-36.5000,0.024200,0.019720,-0.035570,0.004143,0.005231,-0.059580,0.024201,0.019718,-0.035569,0.004143,0.005231,-0.059585,4.998362e-06,0.000146
2894,4,12.6000,28.0000,-36.5000,0.031700,0.022870,-0.039160,0.003812,0.005785,-0.045270,0.031697,0.022866,-0.039157,0.003812,0.005785,-0.045274,3.908711e-06,0.000115
2895,4,21.0000,28.0000,-36.5000,0.030190,0.020990,-0.045990,0.003463,0.006138,-0.033810,0.030190,0.020991,-0.045986,0.003463,0.006138,-0.033811,3.754476e-06,0.000110
2896,4,29.4000,28.0000,-36.5000,0.025780,0.017800,-0.052880,0.003132,0.006359,-0.026910,0.025777,0.017803,-0.052883,0.003132,0.006359,-0.026914,4.330533e-06,0.000127
2897,4,37.8000,28.0000,-36.5000,0.022170,0.015440,-0.058230,0.002820,0.006516,-0.022730,0.022169,0.015440,-0.058229,0.002820,0.006516,-0.022725,4.900856e-06,0.000144
2898,4,46.2000,28.0000,-36.5000,0.019390,0.013740,-0.062450,0.002523,0.006643,-0.019620,0.019389,0.013741,-0.062452,0.002523,0.006643,-0.019617,2.778779e-06,0.000081
2899,4,54.6000,28.0000,-36.5000,0.017410,0.012620,-0.065750,0.002236,0.006756,-0.016990,0.017405,0.012617,-0.065754,0.002236,0.006756,-0.016988,4.677002e-06,0.000137
2900,4,63.0000,28.0000,-36.5000,0.015990,0.011880,-0.068360,0.001954,0.006859,-0.014510,0.015986,0.011882,-0.068361,0.001954,0.006859,-0.014511,4.257614e-06,0.000125
2901,4,71.4000,28.0000,-36.5000,0.014930,0.011390,-0.070430,0.001673,0.006952,-0.012070,0.014928,0.011394,-0.070431,0.001673,0.006952,-0.012066,4.486148e-06,0.000131
2902,4,79.8000,28.0000,-36.5000,0.014080,0.011040,-0.072070,0.001390,0.007035,-0.009618,0.014080,0.011045,-0.072070,0.001390,0.007035,-0.009618,4.967275e-06,0.000146
2903,4,88.2000,28.0000,-36.5000,0.013350,0.010770,-0.073340,0.001106,0.007105,-0.007175,0.013352,0.010774,-0.073338,0.001106,0.007105,-0.007175,3.817540e-06,0.000112
2904,4,96.6000,28.0000,-36.5000,0.012690,0.010540,-0.074270,0.000820,0.007160,-0.004754,0.012692,0.010544,-0.074272,0.000820,0.007160,-0.004754,3.507783e-06,0.000103
2905,4,105.0000,28.0000,-36.5000,0.012070,0.010330,-0.074900,0.000533,0.007201,-0.002374,0.012075,0.010333,-0.074897,0.000533,0.007201,-0.002374,4.781792e-06,0.000140
2906,4,113.4000,28.0000,-36.5000,0.011490,0.010130,-0.075230,0.000244,0.007226,-0.000048,0.011494,0.010135,-0.075226,0.000244,0.007226,-0.000048,4.695447e-06,0.000138
2907,4,121.8000,28.0000,-36.5000,0.010950,0.009940,-0.075270,-0.000045,0.007233,0.002211,0.010946,0.009940,-0.075274,-0.000045,0.007233,0.002211,4.334968e-06,0.000127
2908,4,130.2000,28.0000,-36.5000,0.010430,0.009745,-0.075050,-0.000334,0.007221,0.004388,0.010433,0.009745,-0.075054,-0.000335,0.007221,0.004388,4.337636e-06,0.000127
2909,4,138.6000,28.0000,-36.5000,0.009960,0.009544,-0.074580,-0.000624,0.007187,0.006465,0.009960,0.009544,-0.074582,-0.000624,0.007187,0.006465,2.338722e-06,0.000069
2910,4,147.0000,28.0000,-36.5000,0.009553,0.009347,-0.073860,-0.000912,0.007121,0.008416,0.009553,0.009347,-0.073864,-0.000912,0.007121,0.008416,3.650116e-06,0.000107
2911,4,155.4000,28.0000,-36.5000,0.009243,0.009159,-0.072910,-0.001197,0.007018,0.010220,0.009243,0.009159,-0.072908,-0.001197,0.007018,0.010222,2.370150e-06,0.000069
2912,4,163.8000,28.0000,-36.5000,0.009079,0.009004,-0.071710,-0.001463,0.006890,0.011880,0.009079,0.009004,-0.071711,-0.001463,0.006890,0.011881,1.009994e-06,0.000030
2913,4,4.2000,36.0000,-36.5000,0.023770,0.019480,-0.035170,0.005288,0.006596,-0.058860,0.023766,0.019477,-0.035168,0.005288,0.006596,-0.058857,3.602569e-06,0.000106
2914,4,12.6000,36.0000,-36.5000,0.031170,0.022570,-0.038730,0.004869,0.007291,-0.044790,0.031167,0.022570,-0.038728,0.004869,0.007291,-0.044791,2.827313e-06,0.000083
2915,4,21.0000,36.0000,-36.5000,0.029720,0.020730,-0.045470,0.004427,0.007733,-0.033520,0.029720,0.020733,-0.045470,0.004427,0.007733,-0.033519,3.299299e-06,0.000097
2916,4,29.4000,36.0000,-36.5000,0.025420,0.017610,-0.052270,0.004007,0.008008,-0.026720,0.025415,0.017614,-0.052274,0.004007,0.008008,-0.026722,4.719295e-06,0.000138
2917,4,37.8000,36.0000,-36.5000,0.021900,0.015310,-0.057550,0.003611,0.008200,-0.022580,0.021896,0.015306,-0.057552,0.003611,0.008200,-0.022577,4.338997e-06,0.000127
2918,4,46.2000,36.0000,-36.5000,0.019180,0.013650,-0.061730,0.003234,0.008358,-0.019490,0.019181,0.013649,-0.061725,0.003234,0.008358,-0.019490,4.885625e-06,0.000143
2919,4,54.6000,36.0000,-36.5000,0.017240,0.012560,-0.064990,0.002867,0.008498,-0.016870,0.017242,0.012558,-0.064989,0.002867,0.008498,-0.016872,2.386023e-06,0.000070
2920,4,63.0000,36.0000,-36.5000,0.015850,0.011840,-0.067570,0.002507,0.008626,-0.014410,0.015848,0.011843,-0.067573,0.002507,0.008626,-0.014406,4.379230e-06,0.000128
2921,4,71.4000,36.0000,-36.5000,0.014810,0.011370,-0.069630,0.002146,0.008744,-0.011970,0.014805,0.011368,-0.069626,0.002146,0.008744,-0.011971,4.599653e-06,0.000135
2922,4,79.8000,36.0000,-36.5000,0.013970,0.011030,-0.071250,0.001784,0.008848,-0.009536,0.013971,0.011032,-0.071248,0.001784,0.008848,-0.009536,2.391459e-06,0.000070
2923,4,88.2000,36.0000,-36.5000,0.013250,0.010770,-0.072500,0.001419,0.008937,-0.007108,0.013250,0.010771,-0.072503,0.001419,0.008937,-0.007108,3.407957e-06,0.000100
2924,4,96.6000,36.0000,-36.5000,0.012590,0.010550,-0.073430,0.001051,0.009007,-0.004703,0.012595,0.010546,-0.073429,0.001051,0.009007,-0.004703,4.659451e-06,0.000137
2925,4,105.0000,36.0000,-36.5000,0.011980,0.010340,-0.074050,0.000682,0.009058,-0.002340,0.011980,0.010338,-0.074049,0.000681,0.009058,-0.002340,2.111163e-06,0.000062
2926,4,113.4000,36.0000,-36.5000,0.011400,0.010140,-0.074380,0.000311,0.009088,-0.000032,0.011399,0.010139,-0.074376,0.000311,0.009088,-0.000032,3.704973e-06,0.000109
2927,4,121.8000,36.0000,-36.5000,0.010850,0.009942,-0.074430,-0.000059,0.009097,0.002209,0.010848,0.009942,-0.074426,-0.000059,0.009097,0.002209,4.340758e-06,0.000127
2928,4,130.2000,36.0000,-36.5000,0.010330,0.009744,-0.074210,-0.000430,0.009082,0.004365,0.010331,0.009744,-0.074210,-0.000430,0.009082,0.004365,1.350470e-06,0.000040
2929,4,138.6000,36.0000,-36.5000,0.009849,0.009539,-0.073750,-0.000801,0.009039,0.006413,0.009849,0.009539,-0.073747,-0.000801,0.009039,0.006413,3.440265e-06,0.000101
2930,4,147.0000,36.0000,-36.5000,0.009444,0.009346,-0.073030,-0.001174,0.008949,0.008320,0.009444,0.009346,-0.073034,-0.001174,0.008949,0.008320,4.299485e-06,0.000126
2931,4,155.4000,36.0000,-36.5000,0.009171,0.009192,-0.072070,-0.001542,0.008799,0.010080,0.009171,0.009192,-0.072065,-0.001542,0.008799,0.010076,4.581394e-06,0.000134
2932,4,163.8000,36.0000,-36.5000,0.009081,0.009103,-0.070830,-0.001882,0.008613,0.011730,0.009081,0.009103,-0.070832,-0.001882,0.008613,0.011728,2.281995e-06,0.000067
2933,4,4.2000,44.0000,-36.5000,0.023260,0.019230,-0.034660,0.006404,0.007913,-0.057980,0.023257,0.019226,-0.034658,0.006404,0.007913,-0.057976,4.175983e-06,0.000122
2934,4,12.6000,44.0000,-36.5000,0.030540,0.022260,-0.038180,0.005900,0.008723,-0.044210,0.030544,0.022256,-0.038182,0.005900,0.008723,-0.044214,3.820916e-06,0.000112
2935,4,21.0000,44.0000,-36.5000,0.029170,0.020470,-0.044820,0.005373,0.009231,-0.033170,0.029170,0.020469,-0.044819,0.005373,0.009231,-0.033172,2.192171e-06,0.000064
2936,4,29.4000,44.0000,-36.5000,0.025000,0.017440,-0.051510,0.004870,0.009544,-0.026500,0.025002,0.017438,-0.051508,0.004870,0.009544,-0.026496,4.452734e-06,0.000130
2937,4,37.8000,44.0000,-36.5000,0.021590,0.015200,-0.056700,0.004395,0.009765,-0.022400,0.021594,0.015205,-0.056700,0.004395,0.009765,-0.022401,4.617721e-06,0.000135
2938,4,46.2000,44.0000,-36.5000,0.018950,0.013600,-0.060810,0.003940,0.009948,-0.019340,0.018955,0.013604,-0.060814,0.003940,0.009948,-0.019338,4.810569e-06,0.000141
2939,4,54.6000,44.0000,-36.5000,0.017070,0.012550,-0.064030,0.003497,0.010110,-0.016730,0.017070,0.012555,-0.064033,0.003497,0.010114,-0.016733,4.539611e-06,0.000133
2940,4,63.0000,44.0000,-36.5000,0.015710,0.011870,-0.066580,0.003057,0.010270,-0.014280,0.015711,0.011872,-0.066584,0.003057,0.010266,-0.014277,3.925386e-06,0.000115
2941,4,71.4000,44.0000,-36.5000,0.014690,0.011420,-0.068610,0.002618,0.010410,-0.011860,0.014691,0.011420,-0.068611,0.002618,0.010406,-0.011855,4.580895e-06,0.000134
2942,4,79.8000,44.0000,-36.5000,0.013870,0.011100,-0.070210,0.002176,0.010530,-0.009436,0.013870,0.011100,-0.070214,0.002176,0.010531,-0.009436,4.463016e-06,0.000131
2943,4,88.2000,44.0000,-36.5000,0.013160,0.010850,-0.071460,0.001729,0.010640,-0.007026,0.013157,0.010847,-0.071457,0.001729,0.010636,-0.007026,3.512826e-06,0.000103
2944,4,96.6000,44.0000,-36.5000,0.012510,0.010630,-0.072370,0.001280,0.010720,-0.004641,0.012508,0.010629,-0.072373,0.001280,0.010720,-0.004641,2.600108e-06,0.000076
2945,4,105.0000,44.0000,-36.5000,0.011900,0.010430,-0.072980,0.000829,0.010780,-0.002298,0.011899,0.010427,-0.072983,0.000829,0.010781,-0.002298,3.482964e-06,0.000102
2946,4,113.4000,44.0000,-36.5000,0.011320,0.010230,-0.073310,0.000377,0.010820,-0.000012,0.011319,0.010228,-0.073308,0.000377,0.010817,-0.000012,3.261307e-06,0.000096
2947,4,121.8000,44.0000,-36.5000,0.010770,0.010030,-0.073360,-0.000074,0.010830,0.002205,0.010766,0.010028,-0.073359,-0.000074,0.010827,0.002205,3.969325e-06,0.000116
2948,4,130.2000,44.0000,-36.5000,0.010250,0.009828,-0.073150,-0.000523,0.010810,0.004338,0.010247,0.009828,-0.073145,-0.000523,0.010811,0.004338,4.618415e-06,0.000135
2949,4,138.6000,44.0000,-36.5000,0.009748,0.009614,-0.072700,-0.000973,0.010760,0.006353,0.009748,0.009614,-0.072697,-0.000973,0.010763,0.006353,3.331321e-06,0.000098
2950,4,147.0000,44.0000,-36.5000,0.009348,0.009433,-0.071990,-0.001422,0.010670,0.008203,0.009348,0.009433,-0.071988,-0.001422,0.010667,0.008203,2.747422e-06,0.000080
2951,4,155.4000,44.0000,-36.5000,0.009138,0.009343,-0.070990,-0.001863,0.010510,0.009901,0.009138,0.009343,-0.070987,-0.001863,0.010513,0.009901,3.033628e-06,0.000089
2952,4,163.8000,44.0000,-36.5000,0.009162,0.009364,-0.069690,-0.002279,0.010320,0.011540,0.009162,0.009364,-0.069687,-0.002279,0.010321,0.011542,3.124465e-06,0.000092
2953,2,4.2000,54.0000,-2.0000,-0.819900,-0.856600,-1.667000,0.037580,0.011200,0.147300,-0.819938,-0.856572,-1.667014,0.037575,0.011198,0.147293,3.789384e-05,0.001110
2954,2,12.6000,54.0000,-2.0000,-0.566200,-0.498600,-1.044000,0.036620,0.005262,0.021410,-0.566193,-0.498641,-1.043576,0.036621,0.005262,0.021410,4.238661e-04,0.012419
2955,2,21.0000,54.0000,-2.0000,-0.520300,-0.473200,-1.045000,0.035950,0.004574,0.005667,-0.520318,-0.473241,-1.044985,0.035953,0.004574,0.005667,4.145335e-05,0.001215
2956,2,29.4000,54.0000,-2.0000,-0.490500,-0.441500,-1.014000,0.034650,0.004181,0.008551,-0.490499,-0.441493,-1.014220,0.034654,0.004181,0.008551,2.199820e-04,0.006445
2957,2,37.8000,54.0000,-2.0000,-0.470300,-0.432700,-1.030000,0.032940,0.003874,0.004348,-0.470303,-0.432700,-1.030411,0.032944,0.003874,0.004348,4.112619e-04,0.012050
2958,2,46.2000,54.0000,-2.0000,-0.457500,-0.432400,-1.059000,0.030660,0.003728,0.003436,-0.457525,-0.432444,-1.059492,0.030657,0.003728,0.003436,4.923742e-04,0.014426
2959,2,54.6000,54.0000,-2.0000,-0.451500,-0.437400,-1.093000,0.027860,0.003668,0.001546,-0.451519,-0.437372,-1.093408,0.027858,0.003668,0.001546,4.077134e-04,0.011946
2960,2,63.0000,54.0000,-2.0000,-0.450800,-0.444000,-1.125000,0.024700,0.003666,0.000607,-0.450812,-0.443995,-1.124703,0.024699,0.003666,0.000607,2.965290e-04,0.008688
2961,2,71.4000,54.0000,-2.0000,-0.452800,-0.450300,-1.151000,0.021320,0.003689,0.000079,-0.452796,-0.450295,-1.150814,0.021320,0.003689,0.000079,1.857635e-04,0.005443
2962,2,79.8000,54.0000,-2.0000,-0.455700,-0.455400,-1.171000,0.017790,0.003732,-0.000081,-0.455705,-0.455361,-1.171089,0.017787,0.003732,-0.000081,8.938842e-05,0.002619
2963,2,88.2000,54.0000,-2.0000,-0.458400,-0.458800,-1.186000,0.014170,0.003785,-0.000032,-0.458412,-0.458822,-1.185675,0.014172,0.003785,-0.000032,3.246292e-04,0.009512
2964,2,96.6000,54.0000,-2.0000,-0.460100,-0.460600,-1.195000,0.010520,0.003825,0.000142,-0.460126,-0.460571,-1.195025,0.010520,0.003825,0.000142,2.902318e-05,0.000850
2965,2,105.0000,54.0000,-2.0000,-0.460400,-0.460600,-1.200000,0.006845,0.003849,0.000378,-0.460402,-0.460629,-1.199590,0.006845,0.003849,0.000378,4.096062e-04,0.012001
2966,2,113.4000,54.0000,-2.0000,-0.459100,-0.459100,-1.200000,0.003168,0.003865,0.000682,-0.459072,-0.459072,-1.199786,0.003168,0.003865,0.000682,2.142065e-04,0.006276
2967,2,121.8000,54.0000,-2.0000,-0.455900,-0.455900,-1.196000,-0.000486,0.003875,0.000954,-0.455935,-0.455883,-1.195725,-0.000486,0.003875,0.000954,2.753113e-04,0.008067
2968,2,130.2000,54.0000,-2.0000,-0.450900,-0.451200,-1.188000,-0.004118,0.003873,0.001422,-0.450895,-0.451154,-1.187700,-0.004118,0.003873,0.001422,2.999233e-04,0.008788
2969,2,138.6000,54.0000,-2.0000,-0.443700,-0.444100,-1.174000,-0.007692,0.003885,0.001605,-0.443659,-0.444094,-1.174155,-0.007692,0.003885,0.001605,1.547691e-04,0.004535
2970,2,147.0000,54.0000,-2.0000,-0.435600,-0.438200,-1.162000,-0.011350,0.003927,0.001738,-0.435573,-0.438231,-1.162321,-0.011349,0.003927,0.001738,3.210952e-04,0.009408
2971,2,155.4000,54.0000,-2.0000,-0.414400,-0.414200,-1.117000,-0.014690,0.002623,0.009293,-0.414436,-0.414194,-1.116530,-0.014690,0.002623,0.009293,4.700985e-04,0.013774
2972,2,163.8000,54.0000,-2.0000,-0.433400,-0.435300,-1.148000,-0.017720,0.012910,-0.021280,-0.433363,-0.435334,-1.147891,-0.017720,0.012906,-0.021279,1.088826e-04,0.003190
2973,2,4.2000,66.0000,-2.0000,-0.769100,-0.810000,-1.565000,0.044900,0.004364,0.134100,-0.769132,-0.809953,-1.564784,0.044901,0.004364,0.134051,2.157814e-04,0.006322
2974,2,12.6000,66.0000,-2.0000,-0.539000,-0.481300,-0.991500,0.043930,0.002100,0.020920,-0.538967,-0.481267,-0.991452,0.043935,0.002100,0.020923,4.829302e-05,0.001415
2975,2,21.0000,66.0000,-2.0000,-0.494900,-0.456100,-0.989500,0.043070,0.000868,0.004922,-0.494916,-0.456108,-0.989472,0.043068,0.000868,0.004922,2.775217e-05,0.000813
2976,2,29.4000,66.0000,-2.0000,-0.467800,-0.427700,-0.962000,0.041550,0.000362,0.007821,-0.467845,-0.427718,-0.962046,0.041547,0.000362,0.007821,4.610405e-05,0.001351
2977,2,37.8000,66.0000,-2.0000,-0.449200,-0.420200,-0.978000,0.039480,-0.000120,0.003974,-0.449241,-0.420195,-0.977965,0.039477,-0.000120,0.003974,4.085582e-05,0.001197
2978,2,46.2000,66.0000,-2.0000,-0.437400,-0.420600,-1.006000,0.036710,-0.000458,0.003153,-0.437384,-0.420618,-1.006051,0.036707,-0.000459,0.003153,5.125805e-05,0.001502
2979,2,54.6000,66.0000,-2.0000,-0.431800,-0.425800,-1.039000,0.033360,-0.000693,0.001408,-0.431790,-0.425810,-1.038623,0.033358,-0.000694,0.001408,3.766091e-04,0.011035
2980,2,63.0000,66.0000,-2.0000,-0.431100,-0.432400,-1.069000,0.029590,-0.000842,0.000540,-0.431096,-0.432440,-1.068598,0.029591,-0.000842,0.000540,4.016475e-04,0.011768
2981,2,71.4000,66.0000,-2.0000,-0.432900,-0.438700,-1.094000,0.025540,-0.000942,0.000063,-0.432890,-0.438656,-1.093538,0.025543,-0.000942,0.000063,4.621641e-04,0.013541
2982,2,79.8000,66.0000,-2.0000,-0.435500,-0.443600,-1.113000,0.021320,-0.000995,-0.000069,-0.435545,-0.443603,-1.112852,0.021323,-0.000995,-0.000069,1.482142e-04,0.004343
2983,2,88.2000,66.0000,-2.0000,-0.438000,-0.446900,-1.127000,0.017000,-0.001011,-0.000008,-0.437983,-0.446937,-1.126700,0.017001,-0.001011,-0.000008,3.004102e-04,0.008802
2984,2,96.6000,66.0000,-2.0000,-0.439400,-0.448600,-1.136000,0.012620,-0.001021,0.000169,-0.439449,-0.448570,-1.135524,0.012623,-0.001021,0.000169,4.762810e-04,0.013955
2985,2,105.0000,66.0000,-2.0000,-0.439500,-0.448500,-1.140000,0.008221,-0.001023,0.000408,-0.439541,-0.448519,-1.139758,0.008221,-0.001023,0.000408,2.416161e-04,0.007079
2986,2,113.4000,66.0000,-2.0000,-0.438100,-0.446900,-1.140000,0.003823,-0.001012,0.000694,-0.438095,-0.446887,-1.139782,0.003823,-0.001012,0.000694,2.178187e-04,0.006382
2987,2,121.8000,66.0000,-2.0000,-0.434900,-0.443600,-1.136000,-0.000570,-0.000993,0.000973,-0.434873,-0.443627,-1.135707,-0.000570,-0.000993,0.000973,2.926381e-04,0.008574
2988,2,130.2000,66.0000,-2.0000,-0.429800,-0.438800,-1.128000,-0.004943,-0.000977,0.001395,-0.429828,-0.438803,-1.127744,-0.004943,-0.000977,0.001395,2.563116e-04,0.007510
2989,2,138.6000,66.0000,-2.0000,-0.422800,-0.432000,-1.115000,-0.009259,-0.000912,0.001645,-0.422791,-0.432049,-1.115060,-0.009259,-0.000912,0.001645,6.012548e-05,0.001762
2990,2,147.0000,66.0000,-2.0000,-0.413700,-0.424300,-1.100000,-0.013650,-0.000980,0.002167,-0.413700,-0.424266,-1.100444,-0.013648,-0.000980,0.002167,4.438882e-04,0.013006
2991,2,155.4000,66.0000,-2.0000,-0.398800,-0.408100,-1.069000,-0.017860,-0.001089,0.005292,-0.398793,-0.408051,-1.068807,-0.017857,-0.001089,0.005292,1.932154e-04,0.005661
2992,2,163.8000,66.0000,-2.0000,-0.393000,-0.405600,-1.057000,-0.021290,-0.002920,-0.005779,-0.392998,-0.405618,-1.056661,-0.021292,-0.002920,-0.005779,3.392139e-04,0.009939
2993,2,4.2000,78.0000,-2.0000,-0.734300,-0.784900,-1.482000,0.050140,0.002940,0.125500,-0.734335,-0.784915,-1.482494,0.050140,0.002940,0.125533,4.938583e-04,0.014470
2994,2,12.6000,78.0000,-2.0000,-0.517400,-0.477000,-0.938600,0.049210,-0.000208,0.018820,-0.517352,-0.477032,-0.938645,0.049213,-0.000208,0.018821,4.816221e-05,0.001411
2995,2,21.0000,78.0000,-2.0000,-0.477700,-0.456400,-0.937200,0.048460,-0.001774,0.003835,-0.477736,-0.456360,-0.937236,0.048460,-0.001774,0.003835,4.049901e-05,0.001187
2996,2,29.4000,78.0000,-2.0000,-0.453900,-0.432000,-0.912100,0.047000,-0.002694,0.006720,-0.453908,-0.432045,-0.912128,0.047001,-0.002694,0.006720,4.531494e-05,0.001328
2997,2,37.8000,78.0000,-2.0000,-0.437400,-0.426900,-0.927600,0.044690,-0.003445,0.003230,-0.437416,-0.426921,-0.927648,0.044691,-0.003445,0.003230,4.802973e-05,0.001407
2998,2,46.2000,78.0000,-2.0000,-0.427100,-0.429100,-0.954800,0.041620,-0.003997,0.002570,-0.427078,-0.429067,-0.954783,0.041618,-0.003997,0.002570,3.308691e-05,0.000969
2999,2,54.6000,78.0000,-2.0000,-0.422300,-0.435300,-0.986000,0.037890,-0.004393,0.001017,-0.422330,-0.435307,-0.986026,0.037895,-0.004393,0.001017,2.997876e-05,0.000878
3000,2,63.0000,78.0000,-2.0000,-0.422000,-0.442600,-1.015000,0.033690,-0.004662,0.000278,-0.422023,-0.442617,-1.014698,0.033686,-0.004662,0.000278,3.024176e-04,0.008861
3001,2,71.4000,78.0000,-2.0000,-0.424000,-0.449300,-1.039000,0.029130,-0.004852,-0.000105,-0.423973,-0.449280,-1.038525,0.029125,-0.004852,-0.000105,4.751042e-04,0.013920
3002,2,79.8000,78.0000,-2.0000,-0.426600,-0.454500,-1.057000,0.024350,-0.004981,-0.000181,-0.426577,-0.454493,-1.056909,0.024354,-0.004981,-0.000181,9.077813e-05,0.002660
3003,2,88.2000,78.0000,-2.0000,-0.428900,-0.458000,-1.070000,0.019450,-0.005050,-0.000068,-0.428877,-0.458008,-1.070047,0.019450,-0.005050,-0.000068,4.652292e-05,0.001363
3004,2,96.6000,78.0000,-2.0000,-0.430200,-0.459800,-1.078000,0.014490,-0.005089,0.000142,-0.430244,-0.459765,-1.078396,0.014485,-0.005089,0.000142,3.961590e-04,0.011607
3005,2,105.0000,78.0000,-2.0000,-0.430200,-0.459700,-1.082000,0.009486,-0.005106,0.000405,-0.430212,-0.459734,-1.082314,0.009486,-0.005106,0.000405,3.137742e-04,0.009194
3006,2,113.4000,78.0000,-2.0000,-0.428600,-0.458000,-1.082000,0.004473,-0.005102,0.000718,-0.428631,-0.458027,-1.082169,0.004473,-0.005102,0.000718,1.686919e-04,0.004943
3007,2,121.8000,78.0000,-2.0000,-0.425400,-0.454700,-1.078000,-0.000527,-0.005077,0.001030,-0.425396,-0.454687,-1.078138,-0.000527,-0.005077,0.001030,1.379119e-04,0.004041
3008,2,130.2000,78.0000,-2.0000,-0.420300,-0.449600,-1.070000,-0.005516,-0.005037,0.001449,-0.420279,-0.449644,-1.070273,-0.005516,-0.005037,0.001449,2.725771e-04,0.007986
3009,2,138.6000,78.0000,-2.0000,-0.413200,-0.442600,-1.058000,-0.010480,-0.004981,0.001757,-0.413241,-0.442644,-1.058023,-0.010481,-0.004981,0.001757,4.430080e-05,0.001298
3010,2,147.0000,78.0000,-2.0000,-0.404400,-0.434700,-1.044000,-0.015340,-0.004880,0.002229,-0.404429,-0.434700,-1.043528,-0.015342,-0.004880,0.002229,4.719654e-04,0.013828
3011,2,155.4000,78.0000,-2.0000,-0.389700,-0.419000,-1.014000,-0.020230,-0.004772,0.005108,-0.389712,-0.418971,-1.014047,-0.020235,-0.004772,0.005108,4.724780e-05,0.001384
3012,2,163.8000,78.0000,-2.0000,-0.388100,-0.418500,-1.009000,-0.025110,-0.004273,-0.005509,-0.388064,-0.418545,-1.008988,-0.025113,-0.004273,-0.005509,4.473324e-05,0.001311
3013,2,4.2000,90.0000,-2.0000,-0.725900,-0.785100,-1.445000,0.051780,-0.003475,0.118900,-0.725851,-0.785137,-1.445479,0.051782,-0.003475,0.118915,4.792982e-04,0.014043
3014,2,12.6000,90.0000,-2.0000,-0.525200,-0.499200,-0.934000,0.051550,-0.006726,0.016390,-0.525229,-0.499201,-0.934015,0.051549,-0.006726,0.016392,2.877477e-05,0.000843
3015,2,21.0000,90.0000,-2.0000,-0.493200,-0.486000,-0.937700,0.051490,-0.008842,0.002269,-0.493162,-0.485988,-0.937688,0.051486,-0.008842,0.002269,3.802651e-05,0.001114
3016,2,29.4000,90.0000,-2.0000,-0.474100,-0.467500,-0.916600,0.050060,-0.010200,0.005315,-0.474107,-0.467508,-0.916559,0.050060,-0.010203,0.005315,4.057308e-05,0.001189
3017,2,37.8000,90.0000,-2.0000,-0.461700,-0.467000,-0.934100,0.047960,-0.011380,0.002249,-0.461712,-0.467004,-0.934074,0.047955,-0.011378,0.002249,2.576627e-05,0.000755
3018,2,46.2000,90.0000,-2.0000,-0.454400,-0.472400,-0.962100,0.044950,-0.012300,0.001863,-0.454439,-0.472354,-0.962056,0.044951,-0.012296,0.001863,4.644177e-05,0.001361
3019,2,54.6000,90.0000,-2.0000,-0.451900,-0.480900,-0.993600,0.041140,-0.013000,0.000540,-0.451894,-0.480881,-0.993608,0.041141,-0.013004,0.000540,1.917432e-05,0.000562
3020,2,63.0000,90.0000,-2.0000,-0.453100,-0.489800,-1.022000,0.036710,-0.013530,-0.000041,-0.453095,-0.489832,-1.022370,0.036708,-0.013528,-0.000041,3.700036e-04,0.010841
3021,2,71.4000,90.0000,-2.0000,-0.456100,-0.497700,-1.046000,0.031840,-0.013910,-0.000315,-0.456069,-0.497731,-1.046244,0.031843,-0.013911,-0.000315,2.435052e-04,0.007135
3022,2,79.8000,90.0000,-2.0000,-0.459300,-0.503900,-1.065000,0.026710,-0.014200,-0.000319,-0.459324,-0.503863,-1.064664,0.026706,-0.014196,-0.000319,3.364684e-04,0.009858
3023,2,88.2000,90.0000,-2.0000,-0.462000,-0.508000,-1.078000,0.021400,-0.014390,-0.000156,-0.461989,-0.507992,-1.077772,0.021403,-0.014390,-0.000156,2.279212e-04,0.006678
3024,2,96.6000,90.0000,-2.0000,-0.463500,-0.510100,-1.086000,0.016020,-0.014500,0.000090,-0.463531,-0.510132,-1.086040,0.016015,-0.014504,0.000090,4.003096e-05,0.001173
3025,2,105.0000,90.0000,-2.0000,-0.463600,-0.510300,-1.090000,0.010580,-0.014560,0.000378,-0.463552,-0.510309,-1.089855,0.010578,-0.014557,0.000378,1.450316e-04,0.004249
3026,2,113.4000,90.0000,-2.0000,-0.461900,-0.508600,-1.090000,0.005116,-0.014560,0.000725,-0.461903,-0.508607,-1.089566,0.005116,-0.014559,0.000725,4.336454e-04,0.012706
3027,2,121.8000,90.0000,-2.0000,-0.458500,-0.505100,-1.085000,-0.000347,-0.014520,0.001069,-0.458482,-0.505060,-1.085323,-0.000347,-0.014516,0.001069,3.228342e-04,0.009459
3028,2,130.2000,90.0000,-2.0000,-0.453100,-0.499600,-1.077000,-0.005798,-0.014430,0.001516,-0.453076,-0.499615,-1.077151,-0.005798,-0.014431,0.001516,1.507532e-04,0.004417
3029,2,138.6000,90.0000,-2.0000,-0.445700,-0.492100,-1.065000,-0.011210,-0.014290,0.001837,-0.445683,-0.492076,-1.064544,-0.011212,-0.014289,0.001837,4.563681e-04,0.013371
3030,2,147.0000,90.0000,-2.0000,-0.436300,-0.483400,-1.050000,-0.016660,-0.014110,0.002352,-0.436319,-0.483352,-1.049634,-0.016658,-0.014106,0.002352,3.657363e-04,0.010716
3031,2,155.4000,90.0000,-2.0000,-0.421100,-0.466700,-1.020000,-0.022020,-0.013880,0.005166,-0.421089,-0.466722,-1.019526,-0.022017,-0.013878,0.005166,4.738999e-04,0.013885
3032,2,163.8000,90.0000,-2.0000,-0.417800,-0.464600,-1.012000,-0.027340,-0.013630,-0.005354,-0.417811,-0.464559,-1.012247,-0.027340,-0.013627,-0.005354,2.468778e-04,0.007233
3033,2,4.2000,102.0000,-2.0000,-0.708300,-0.793800,-1.396000,0.051060,0.006099,0.113500,-0.708323,-0.793774,-1.395558,0.051058,0.006099,0.113538,4.417930e-04,0.012944
3034,2,12.6000,102.0000,-2.0000,-0.520400,-0.517600,-0.894600,0.052440,0.006203,0.013370,-0.520416,-0.517560,-0.894597,0.052441,0.006203,0.013375,4.026341e-05,0.001180
3035,2,21.0000,102.0000,-2.0000,-0.494600,-0.512800,-0.908700,0.050920,0.005017,-0.000509,-0.494576,-0.512816,-0.908719,0.050916,0.005017,-0.000509,2.418251e-05,0.000709
3036,2,29.4000,102.0000,-2.0000,-0.482100,-0.503100,-0.893300,0.050450,0.003494,0.003143,-0.482100,-0.503103,-0.893335,0.050450,0.003494,0.003143,3.466091e-05,0.001016
3037,2,37.8000,102.0000,-2.0000,-0.474400,-0.507800,-0.912800,0.049090,0.002606,0.000411,-0.474409,-0.507844,-0.912814,0.049095,0.002606,0.000411,4.405958e-05,0.001291
3038,2,46.2000,102.0000,-2.0000,-0.470500,-0.516800,-0.940900,0.046590,0.002045,0.000387,-0.470493,-0.516756,-0.940935,0.046591,0.002045,0.000387,4.397430e-05,0.001288
3039,2,54.6000,102.0000,-2.0000,-0.470200,-0.527600,-0.971800,0.043020,0.001709,-0.000596,-0.470166,-0.527637,-0.971769,0.043018,0.001709,-0.000596,3.701521e-05,0.001085
3040,2,63.0000,102.0000,-2.0000,-0.472800,-0.538300,-0.999700,0.038610,0.001529,-0.000912,-0.472772,-0.538262,-0.999672,0.038614,0.001529,-0.000912,3.820604e-05,0.001119
3041,2,71.4000,102.0000,-2.0000,-0.476500,-0.547400,-1.023000,0.033650,0.001446,-0.000969,-0.476523,-0.547355,-1.022732,0.033647,0.001446,-0.000969,2.684565e-04,0.007866
3042,2,79.8000,102.0000,-2.0000,-0.480300,-0.554400,-1.041000,0.028330,0.001403,-0.000791,-0.480261,-0.554395,-1.040531,0.028333,0.001403,-0.000791,4.692310e-04,0.013748
3043,2,88.2000,102.0000,-2.0000,-0.483200,-0.559200,-1.053000,0.022800,0.001374,-0.000484,-0.483244,-0.559216,-1.053225,0.022800,0.001374,-0.000484,2.247829e-04,0.006586
3044,2,96.6000,102.0000,-2.0000,-0.484900,-0.561800,-1.061000,0.017160,0.001362,-0.000103,-0.484887,-0.561782,-1.061179,0.017162,0.001362,-0.000103,1.792456e-04,0.005252
3045,2,105.0000,102.0000,-2.0000,-0.484900,-0.562200,-1.065000,0.011450,0.001354,0.000304,-0.484945,-0.562188,-1.064789,0.011453,0.001354,0.000304,2.113045e-04,0.006191
3046,2,113.4000,102.0000,-2.0000,-0.483300,-0.560500,-1.064000,0.005718,0.001341,0.000762,-0.483276,-0.560538,-1.064370,0.005718,0.001341,0.000762,3.698035e-04,0.010835
3047,2,121.8000,102.0000,-2.0000,-0.479800,-0.556900,-1.060000,-0.000040,0.001312,0.001209,-0.479764,-0.556856,-1.060059,-0.000040,0.001312,0.001209,5.916967e-05,0.001734
3048,2,130.2000,102.0000,-2.0000,-0.474300,-0.551200,-1.052000,-0.005803,0.001263,0.001770,-0.474305,-0.551152,-1.051933,-0.005803,0.001263,0.001770,6.677587e-05,0.001957
3049,2,138.6000,102.0000,-2.0000,-0.466800,-0.543200,-1.039000,-0.011580,0.001185,0.002169,-0.466780,-0.543167,-1.039355,-0.011575,0.001185,0.002169,3.552413e-04,0.010408
3050,2,147.0000,102.0000,-2.0000,-0.457300,-0.533800,-1.025000,-0.017290,0.001153,0.002789,-0.457285,-0.533833,-1.024824,-0.017290,0.001153,0.002789,1.758385e-04,0.005152
3051,2,155.4000,102.0000,-2.0000,-0.441800,-0.516000,-0.994100,-0.023130,0.001183,0.005977,-0.441785,-0.515957,-0.994066,-0.023130,0.001183,0.005977,4.314899e-05,0.001264
3052,2,163.8000,102.0000,-2.0000,-0.438200,-0.513300,-0.987700,-0.029030,0.001213,-0.005419,-0.438213,-0.513267,-0.987688,-0.029026,0.001213,-0.005419,3.327154e-05,0.000975
3053,2,4.2000,114.0000,-2.0000,-1.015000,-1.071000,-1.855000,0.050110,-0.124400,0.112700,-1.015444,-1.070909,-1.855381,0.050107,-0.124370,0.112704,4.435599e-04,0.012996
3054,2,12.6000,114.0000,-2.0000,-0.833300,-0.814600,-1.377000,0.049110,-0.137100,0.010640,-0.833347,-0.814565,-1.376648,0.049114,-0.137060,0.010635,3.518255e-04,0.010308
3055,2,21.0000,114.0000,-2.0000,-0.829300,-0.835100,-1.421000,0.049680,-0.142900,-0.004262,-0.829347,-0.835139,-1.421464,0.049678,-0.142864,-0.004262,4.636514e-04,0.013585
3056,2,29.4000,114.0000,-2.0000,-0.835700,-0.843200,-1.435000,0.050280,-0.148300,-0.000507,-0.835683,-0.843236,-1.434730,0.050285,-0.148345,-0.000507,2.696183e-04,0.007900
3057,2,37.8000,114.0000,-2.0000,-0.845800,-0.863600,-1.477000,0.049870,-0.154400,-0.002508,-0.845810,-0.863574,-1.476977,0.049872,-0.154378,-0.002508,2.586690e-05,0.000758
3058,2,46.2000,114.0000,-2.0000,-0.857900,-0.886200,-1.525000,0.047980,-0.160100,-0.002208,-0.857883,-0.886244,-1.524949,0.047976,-0.160118,-0.002208,5.072333e-05,0.001486
3059,2,54.6000,114.0000,-2.0000,-0.871300,-0.909000,-1.573000,0.044680,-0.165300,-0.002652,-0.871287,-0.909035,-1.572896,0.044679,-0.165286,-0.002652,1.039870e-04,0.003047
3060,2,63.0000,114.0000,-2.0000,-0.885200,-0.929700,-1.615000,0.040310,-0.169700,-0.002556,-0.885172,-0.929724,-1.615478,0.040310,-0.169730,-0.002556,4.777383e-04,0.013998
3061,2,71.4000,114.0000,-2.0000,-0.897900,-0.947100,-1.651000,0.035240,-0.173400,-0.002242,-0.897938,-0.947071,-1.650759,0.035238,-0.173386,-0.002242,2.411765e-04,0.007066
3062,2,79.8000,114.0000,-2.0000,-0.908600,-0.960600,-1.678000,0.029750,-0.176300,-0.001741,-0.908621,-0.960618,-1.678272,0.029748,-0.176256,-0.001741,2.717268e-04,0.007962
3063,2,88.2000,114.0000,-2.0000,-0.916600,-0.970200,-1.698000,0.024010,-0.178400,-0.001150,-0.916622,-0.970245,-1.698165,0.024007,-0.178362,-0.001150,1.649309e-04,0.004832
3064,2,96.6000,114.0000,-2.0000,-0.921500,-0.976000,-1.711000,0.018130,-0.179700,-0.000502,-0.921505,-0.975989,-1.710830,0.018135,-0.179732,-0.000502,1.704438e-04,0.004994
3065,2,105.0000,114.0000,-2.0000,-0.923100,-0.978000,-1.717000,0.012170,-0.180400,0.000162,-0.923142,-0.978000,-1.716695,0.012174,-0.180399,0.000163,3.046169e-04,0.008925
3066,2,113.4000,114.0000,-2.0000,-0.921500,-0.976400,-1.716000,0.006168,-0.180400,0.000847,-0.921481,-0.976430,-1.716149,0.006168,-0.180406,0.000847,1.491744e-04,0.004371
3067,2,121.8000,114.0000,-2.0000,-0.916500,-0.971400,-1.709000,0.000124,-0.179800,0.001504,-0.916471,-0.971365,-1.709398,0.000124,-0.179784,0.001504,3.980365e-04,0.011662
3068,2,130.2000,114.0000,-2.0000,-0.908100,-0.962900,-1.697000,-0.005942,-0.178600,0.002274,-0.908096,-0.962896,-1.696634,-0.005942,-0.178551,0.002274,3.662098e-04,0.010730
3069,2,138.6000,114.0000,-2.0000,-0.896200,-0.950700,-1.677000,-0.012020,-0.176700,0.002853,-0.896231,-0.950704,-1.677181,-0.012017,-0.176725,0.002853,1.807860e-04,0.005297
3070,2,147.0000,114.0000,-2.0000,-0.881300,-0.936400,-1.654000,-0.018070,-0.174300,0.003677,-0.881344,-0.936387,-1.654324,-0.018070,-0.174300,0.003677,3.237798e-04,0.009487
3071,2,155.4000,114.0000,-2.0000,-0.856900,-0.909700,-1.609000,-0.024190,-0.171100,0.008086,-0.856898,-0.909661,-1.608985,-0.024185,-0.171136,0.008086,3.941058e-05,0.001155
3072,2,163.8000,114.0000,-2.0000,-0.853200,-0.906800,-1.602000,-0.030330,-0.170500,-0.008592,-0.853154,-0.906761,-1.602419,-0.030331,-0.170493,-0.008592,4.186156e-04,0.012265
3073,3,4.2000,54.0000,-7.7500,-0.291800,-0.484500,-1.297000,0.045490,0.016950,-0.050110,-0.291847,-0.484549,-1.297008,0.045491,0.016953,-0.050111,4.873261e-05,0.001428
3074,3,12.6000,54.0000,-7.7500,-0.484800,-0.504900,-1.174000,0.040350,0.013970,0.075460,-0.484808,-0.504877,-1.173746,0.040346,0.013974,0.075456,2.536926e-04,0.007433
3075,3,21.0000,54.0000,-7.7500,-0.456400,-0.428800,-1.032000,0.038320,0.011630,0.032070,-0.456357,-0.428763,-1.031898,0.038322,0.011626,0.032075,1.022354e-04,0.002995
3076,3,29.4000,54.0000,-7.7500,-0.438200,-0.410700,-1.024000,0.036510,0.010120,0.025430,-0.438193,-0.410651,-1.024391,0.036512,0.010116,0.025429,3.908920e-04,0.011453
3077,3,37.8000,54.0000,-7.7500,-0.419900,-0.400000,-1.035000,0.034410,0.009073,0.019170,-0.419947,-0.400015,-1.034925,0.034411,0.009073,0.019166,7.485593e-05,0.002193
3078,3,46.2000,54.0000,-7.7500,-0.411100,-0.401600,-1.066000,0.031840,0.008397,0.011220,-0.411054,-0.401601,-1.065533,0.031840,0.008397,0.011223,4.668652e-04,0.013679
3079,3,54.6000,54.0000,-7.7500,-0.409100,-0.407300,-1.098000,0.028840,0.008026,0.005328,-0.409136,-0.407346,-1.098132,0.028836,0.008026,0.005328,1.319289e-04,0.003865
3080,3,63.0000,54.0000,-7.7500,-0.411400,-0.414500,-1.128000,0.025520,0.007866,0.001550,-0.411383,-0.414477,-1.128395,0.025519,0.007866,0.001550,3.950482e-04,0.011575
3081,3,71.4000,54.0000,-7.7500,-0.415700,-0.421200,-1.154000,0.022000,0.007841,-0.000311,-0.415734,-0.421203,-1.153753,0.022001,0.007841,-0.000311,2.468699e-04,0.007233
3082,3,79.8000,54.0000,-7.7500,-0.420600,-0.426700,-1.174000,0.018340,0.007888,-0.000902,-0.420562,-0.426662,-1.173534,0.018343,0.007888,-0.000902,4.656414e-04,0.013643
3083,3,88.2000,54.0000,-7.7500,-0.424800,-0.430500,-1.188000,0.014610,0.007959,-0.000692,-0.424825,-0.430490,-1.187819,0.014607,0.007959,-0.000692,1.810599e-04,0.005305
3084,3,96.6000,54.0000,-7.7500,-0.428000,-0.432600,-1.197000,0.010830,0.008040,-0.000016,-0.427951,-0.432633,-1.196999,0.010832,0.008040,-0.000016,4.867748e-05,0.001426
3085,3,105.0000,54.0000,-7.7500,-0.429600,-0.433100,-1.201000,0.007032,0.008114,0.000919,-0.429560,-0.433116,-1.201460,0.007032,0.008114,0.000919,4.604228e-04,0.013490
3086,3,113.4000,54.0000,-7.7500,-0.429500,-0.432000,-1.202000,0.003235,0.008173,0.002023,-0.429504,-0.432011,-1.201538,0.003235,0.008173,0.002023,4.615912e-04,0.013524
3087,3,121.8000,54.0000,-7.7500,-0.427700,-0.429400,-1.198000,-0.000536,0.008218,0.003259,-0.427674,-0.429390,-1.197523,-0.000536,0.008218,0.003259,4.767506e-04,0.013969
3088,3,130.2000,54.0000,-7.7500,-0.423900,-0.425000,-1.189000,-0.004276,0.008245,0.004517,-0.423880,-0.425026,-1.189052,-0.004276,0.008245,0.004517,5.190742e-05,0.001521
3089,3,138.6000,54.0000,-7.7500,-0.418600,-0.419500,-1.177000,-0.007988,0.008266,0.005738,-0.418604,-0.419540,-1.177230,-0.007988,0.008266,0.005738,2.300894e-04,0.006742
3090,3,147.0000,54.0000,-7.7500,-0.409900,-0.410100,-1.157000,-0.011690,0.008209,0.008634,-0.409885,-0.410077,-1.157372,-0.011690,0.008209,0.008634,3.720012e-04,0.010900
3091,3,155.4000,54.0000,-7.7500,-0.409300,-0.403300,-1.136000,-0.014580,0.008086,0.006018,-0.409324,-0.403275,-1.136034,-0.014576,0.008086,0.006018,3.442593e-05,0.001009
3092,3,163.8000,54.0000,-7.7500,-0.395300,-0.395800,-1.136000,-0.017180,0.013250,-0.007460,-0.395343,-0.395791,-1.135892,-0.017175,0.013254,-0.007460,1.078400e-04,0.003160
3093,3,4.2000,66.0000,-7.7500,-0.277000,-0.466700,-1.225000,0.053970,0.010570,-0.052090,-0.277018,-0.466716,-1.224663,0.053971,0.010574,-0.052092,3.374890e-04,0.009888
3094,3,12.6000,66.0000,-7.7500,-0.459400,-0.486600,-1.113000,0.048480,0.007870,0.069400,-0.459446,-0.486623,-1.112923,0.048482,0.007870,0.069398,7.650875e-05,0.002242
3095,3,21.0000,66.0000,-7.7500,-0.434800,-0.416000,-0.979900,0.045990,0.004534,0.029210,-0.434832,-0.415988,-0.979868,0.045991,0.004534,0.029215,3.231396e-05,0.000947
3096,3,29.4000,66.0000,-7.7500,-0.418000,-0.399300,-0.973300,0.043900,0.002264,0.023100,-0.418012,-0.399315,-0.973275,0.043901,0.002264,0.023102,2.488923e-05,0.000729
3097,3,37.8000,66.0000,-7.7500,-0.401200,-0.389900,-0.984100,0.041380,0.000585,0.017470,-0.401193,-0.389942,-0.984131,0.041377,0.000585,0.017473,4.228135e-05,0.001239
3098,3,46.2000,66.0000,-7.7500,-0.393000,-0.392000,-1.014000,0.038270,-0.000620,0.010140,-0.393033,-0.391984,-1.013764,0.038271,-0.000620,0.010139,2.360346e-04,0.006916
3099,3,54.6000,66.0000,-7.7500,-0.391400,-0.397900,-1.045000,0.034660,-0.001422,0.004699,-0.391384,-0.397879,-1.045180,0.034661,-0.001422,0.004699,1.798052e-04,0.005268
3100,3,63.0000,66.0000,-7.7500,-0.393600,-0.405000,-1.074000,0.030680,-0.001920,0.001224,-0.393595,-0.404966,-1.074233,0.030682,-0.001920,0.001224,2.329397e-04,0.006825
3101,3,71.4000,66.0000,-7.7500,-0.397800,-0.411600,-1.099000,0.026450,-0.002205,-0.000454,-0.397770,-0.411593,-1.098541,0.026453,-0.002205,-0.000454,4.593874e-04,0.013460
3102,3,79.8000,66.0000,-7.7500,-0.402400,-0.416900,-1.117000,0.022060,-0.002355,-0.000937,-0.402370,-0.416930,-1.117466,0.022056,-0.002355,-0.000937,4.664460e-04,0.013667
3103,3,88.2000,66.0000,-7.7500,-0.406400,-0.420600,-1.131000,0.017570,-0.002419,-0.000671,-0.406387,-0.420631,-1.131076,0.017565,-0.002419,-0.000671,7.578867e-05,0.002221
3104,3,96.6000,66.0000,-7.7500,-0.409300,-0.422700,-1.140000,0.013020,-0.002425,0.000036,-0.409306,-0.422686,-1.139777,0.013019,-0.002425,0.000036,2.230024e-04,0.006534
3105,3,105.0000,66.0000,-7.7500,-0.410800,-0.423100,-1.144000,0.008448,-0.002395,0.000983,-0.410756,-0.423095,-1.143938,0.008448,-0.002395,0.000983,6.171577e-05,0.001808
3106,3,113.4000,66.0000,-7.7500,-0.410600,-0.421900,-1.144000,0.003877,-0.002345,0.002086,-0.410573,-0.421921,-1.143868,0.003877,-0.002345,0.002086,1.317476e-04,0.003860
3107,3,121.8000,66.0000,-7.7500,-0.408700,-0.419200,-1.140000,-0.000674,-0.002283,0.003328,-0.408674,-0.419246,-1.139833,-0.000674,-0.002283,0.003328,1.671240e-04,0.004897
3108,3,130.2000,66.0000,-7.7500,-0.404900,-0.414900,-1.132000,-0.005185,-0.002193,0.004604,-0.404904,-0.414919,-1.131596,-0.005185,-0.002193,0.004604,4.043987e-04,0.011849
3109,3,138.6000,66.0000,-7.7500,-0.399500,-0.409200,-1.120000,-0.009647,-0.002091,0.005900,-0.399475,-0.409189,-1.119665,-0.009647,-0.002091,0.005900,3.347632e-04,0.009808
3110,3,147.0000,66.0000,-7.7500,-0.391800,-0.400800,-1.101000,-0.013970,-0.002082,0.008199,-0.391752,-0.400815,-1.101430,-0.013970,-0.002082,0.008199,4.297461e-04,0.012591
3111,3,155.4000,66.0000,-7.7500,-0.386600,-0.393100,-1.080000,-0.017870,-0.001666,0.006874,-0.386619,-0.393082,-1.079973,-0.017868,-0.001666,0.006874,2.671536e-05,0.000783
3112,3,163.8000,66.0000,-7.7500,-0.375000,-0.389400,-1.066000,-0.020850,0.000062,0.001472,-0.375013,-0.389445,-1.066392,-0.020846,0.000062,0.001472,3.922924e-04,0.011494
3113,3,4.2000,78.0000,-7.7500,-0.270100,-0.457300,-1.167000,0.060030,-0.000458,-0.053780,-0.270096,-0.457272,-1.166685,0.060028,-0.000458,-0.053778,3.152680e-04,0.009237
3114,3,12.6000,78.0000,-7.7500,-0.445200,-0.481600,-1.064000,0.054750,-0.004657,0.061890,-0.445201,-0.481587,-1.064051,0.054746,-0.004657,0.061889,5.090344e-05,0.001491
3115,3,21.0000,78.0000,-7.7500,-0.424200,-0.417800,-0.939600,0.052420,-0.009371,0.024780,-0.424158,-0.417827,-0.939586,0.052416,-0.009371,0.024782,4.223082e-05,0.001237
3116,3,29.4000,78.0000,-7.7500,-0.409900,-0.404100,-0.934500,0.050200,-0.012950,0.019570,-0.409889,-0.404122,-0.934503,0.050198,-0.012946,0.019572,2.179497e-05,0.000639
3117,3,37.8000,78.0000,-7.7500,-0.395200,-0.396900,-0.945900,0.047350,-0.015670,0.014780,-0.395183,-0.396944,-0.945936,0.047354,-0.015670,0.014778,4.377638e-05,0.001283
3118,3,46.2000,78.0000,-7.7500,-0.388400,-0.400300,-0.975000,0.043840,-0.017730,0.008264,-0.388379,-0.400273,-0.974991,0.043839,-0.017733,0.008264,2.653183e-05,0.000777
3119,3,54.6000,78.0000,-7.7500,-0.387500,-0.407000,-1.006000,0.039750,-0.019220,0.003440,-0.387515,-0.406963,-1.005586,0.039751,-0.019223,0.003440,4.144873e-04,0.012144
3120,3,63.0000,78.0000,-7.7500,-0.390100,-0.414500,-1.034000,0.035230,-0.020270,0.000407,-0.390144,-0.414548,-1.033784,0.035231,-0.020272,0.000407,2.158807e-04,0.006325
3121,3,71.4000,78.0000,-7.7500,-0.394500,-0.421500,-1.057000,0.030400,-0.020990,-0.000964,-0.394488,-0.421473,-1.057304,0.030405,-0.020995,-0.000964,3.035015e-04,0.008893
3122,3,79.8000,78.0000,-7.7500,-0.399100,-0.427000,-1.076000,0.025370,-0.021480,-0.001251,-0.399071,-0.426965,-1.075538,0.025373,-0.021478,-0.001251,4.617805e-04,0.013530
3123,3,88.2000,78.0000,-7.7500,-0.403000,-0.430800,-1.089000,0.020210,-0.021790,-0.000843,-0.403019,-0.430781,-1.088625,0.020214,-0.021788,-0.000843,3.753786e-04,0.010998
3124,3,96.6000,78.0000,-7.7500,-0.405800,-0.432900,-1.097000,0.014990,-0.021960,-0.000039,-0.405837,-0.432895,-1.096941,0.014994,-0.021965,-0.000039,5.903548e-05,0.001730
3125,3,105.0000,78.0000,-7.7500,-0.407200,-0.433300,-1.101000,0.009747,-0.022030,0.000989,-0.407173,-0.433310,-1.100841,0.009747,-0.022033,0.000990,1.588424e-04,0.004654
3126,3,113.4000,78.0000,-7.7500,-0.406900,-0.432100,-1.101000,0.004497,-0.022010,0.002163,-0.406888,-0.432099,-1.100630,0.004497,-0.022006,0.002163,3.697120e-04,0.010832
3127,3,121.8000,78.0000,-7.7500,-0.404900,-0.429300,-1.097000,-0.000740,-0.021890,0.003459,-0.404880,-0.429319,-1.096536,-0.000740,-0.021894,0.003459,4.641035e-04,0.013598
3128,3,130.2000,78.0000,-7.7500,-0.401000,-0.424900,-1.088000,-0.005939,-0.021710,0.004805,-0.401016,-0.424857,-1.088396,-0.005939,-0.021708,0.004805,3.961284e-04,0.011606
3129,3,138.6000,78.0000,-7.7500,-0.395500,-0.418900,-1.077000,-0.011070,-0.021450,0.006184,-0.395502,-0.418950,-1.076553,-0.011071,-0.021450,0.006184,4.471540e-04,0.013101
3130,3,147.0000,78.0000,-7.7500,-0.387700,-0.410500,-1.059000,-0.016120,-0.021090,0.008251,-0.387664,-0.410471,-1.058872,-0.016119,-0.021088,0.008251,1.284748e-04,0.003764
3131,3,155.4000,78.0000,-7.7500,-0.381800,-0.402400,-1.038000,-0.020990,-0.020800,0.007746,-0.381791,-0.402417,-1.038144,-0.020991,-0.020802,0.007746,1.444090e-04,0.004231
3132,3,163.8000,78.0000,-7.7500,-0.368800,-0.394000,-1.022000,-0.025980,-0.020660,0.003056,-0.368770,-0.393988,-1.022051,-0.025982,-0.020663,0.003056,5.065026e-05,0.001484
3133,3,4.2000,90.0000,-7.7500,-0.263300,-0.458800,-1.111000,0.060880,-0.007221,-0.058890,-0.263265,-0.458774,-1.110767,0.060883,-0.007221,-0.058889,2.330915e-04,0.006830
3134,3,12.6000,90.0000,-7.7500,-0.435200,-0.489300,-1.017000,0.058490,-0.012910,0.052750,-0.435189,-0.489256,-1.016639,0.058486,-0.012911,0.052746,3.610331e-04,0.010578
3135,3,21.0000,90.0000,-7.7500,-0.419600,-0.433200,-0.901000,0.056880,-0.019090,0.018240,-0.419556,-0.433182,-0.900958,0.056875,-0.019089,0.018236,4.431473e-05,0.001298
3136,3,29.4000,90.0000,-7.7500,-0.409000,-0.423900,-0.898200,0.054710,-0.023950,0.014330,-0.408971,-0.423887,-0.898237,0.054707,-0.023946,0.014333,3.705937e-05,0.001086
3137,3,37.8000,90.0000,-7.7500,-0.397100,-0.420000,-0.910500,0.051810,-0.027740,0.010720,-0.397124,-0.420024,-0.910487,0.051812,-0.027736,0.010722,2.429945e-05,0.000712
3138,3,46.2000,90.0000,-7.7500,-0.392200,-0.425500,-0.939100,0.048150,-0.030580,0.005282,-0.392242,-0.425464,-0.939121,0.048153,-0.030584,0.005282,4.221788e-05,0.001237
3139,3,54.6000,90.0000,-7.7500,-0.392600,-0.433500,-0.968900,0.043800,-0.032670,0.001301,-0.392587,-0.433548,-0.968887,0.043796,-0.032665,0.001301,4.797892e-05,0.001406
3140,3,63.0000,90.0000,-7.7500,-0.395900,-0.442100,-0.996200,0.038900,-0.034160,-0.001106,-0.395944,-0.442095,-0.996195,0.038902,-0.034158,-0.001106,4.448867e-05,0.001304
3141,3,71.4000,90.0000,-7.7500,-0.400700,-0.449700,-1.019000,0.033630,-0.035220,-0.002023,-0.400694,-0.449715,-1.018908,0.033629,-0.035222,-0.002023,9.169457e-05,0.002687
3142,3,79.8000,90.0000,-7.7500,-0.405500,-0.455700,-1.036000,0.028110,-0.035970,-0.001974,-0.405452,-0.455706,-1.036459,0.028108,-0.035965,-0.001974,4.591863e-04,0.013454
3143,3,88.2000,90.0000,-7.7500,-0.409400,-0.459900,-1.049000,0.022430,-0.036470,-0.001311,-0.409448,-0.459860,-1.049015,0.022431,-0.036471,-0.001311,4.818699e-05,0.001412
3144,3,96.6000,90.0000,-7.7500,-0.412200,-0.462200,-1.057000,0.016680,-0.036790,-0.000300,-0.412224,-0.462163,-1.056930,0.016678,-0.036785,-0.000300,6.998390e-05,0.002051
3145,3,105.0000,90.0000,-7.7500,-0.413500,-0.462700,-1.061000,0.010890,-0.036930,0.000908,-0.413482,-0.462667,-1.060563,0.010886,-0.036933,0.000908,4.371876e-04,0.012809
3146,3,113.4000,90.0000,-7.7500,-0.413100,-0.461500,-1.060000,0.005088,-0.036940,0.002247,-0.413127,-0.461469,-1.060226,0.005088,-0.036945,0.002247,2.260706e-04,0.006624
3147,3,121.8000,90.0000,-7.7500,-0.411000,-0.458600,-1.056000,-0.000701,-0.036830,0.003690,-0.411014,-0.458586,-1.056097,-0.000701,-0.036830,0.003690,9.657221e-05,0.002830
3148,3,130.2000,90.0000,-7.7500,-0.407000,-0.453900,-1.048000,-0.006451,-0.036600,0.005170,-0.407035,-0.453922,-1.048025,-0.006451,-0.036597,0.005170,3.549437e-05,0.001040
3149,3,138.6000,90.0000,-7.7500,-0.401400,-0.447700,-1.036000,-0.012150,-0.036250,0.006691,-0.401376,-0.447692,-1.036351,-0.012152,-0.036255,0.006691,3.514036e-04,0.010296
3150,3,147.0000,90.0000,-7.7500,-0.393400,-0.438900,-1.019000,-0.017810,-0.035810,0.008912,-0.393438,-0.438873,-1.018973,-0.017810,-0.035811,0.008912,3.845140e-05,0.001127
3151,3,155.4000,90.0000,-7.7500,-0.387300,-0.430200,-0.998600,-0.023460,-0.035180,0.008452,-0.387338,-0.430210,-0.998612,-0.023458,-0.035184,0.008452,3.797118e-05,0.001113
3152,3,163.8000,90.0000,-7.7500,-0.375000,-0.421900,-0.983900,-0.028960,-0.034360,0.003954,-0.374972,-0.421915,-0.983903,-0.028961,-0.034357,0.003954,2.799801e-05,0.000820
3153,3,4.2000,102.0000,-7.7500,-0.326300,-0.524600,-1.190000,0.060370,-0.053580,-0.073270,-0.326268,-0.524562,-1.189969,0.060371,-0.053582,-0.073266,3.796974e-05,0.001113
3154,3,12.6000,102.0000,-7.7500,-0.511600,-0.567400,-1.118000,0.061070,-0.065720,0.042810,-0.511583,-0.567383,-1.117806,0.061075,-0.065722,0.042812,1.942198e-04,0.005691
3155,3,21.0000,102.0000,-7.7500,-0.504500,-0.520500,-1.015000,0.059550,-0.073510,0.009143,-0.504547,-0.520527,-1.014890,0.059547,-0.073506,0.009143,1.104071e-04,0.003235
3156,3,29.4000,102.0000,-7.7500,-0.501900,-0.519700,-1.022000,0.057630,-0.080920,0.006681,-0.501912,-0.519708,-1.022133,0.057632,-0.080924,0.006681,1.333531e-04,0.003907
3157,3,37.8000,102.0000,-7.7500,-0.497000,-0.522300,-1.041000,0.055120,-0.087240,0.004628,-0.496963,-0.522307,-1.041194,0.055117,-0.087239,0.004628,1.935308e-04,0.005670
3158,3,46.2000,102.0000,-7.7500,-0.497800,-0.532700,-1.075000,0.051590,-0.092410,0.000568,-0.497788,-0.532738,-1.074983,0.051588,-0.092411,0.000568,3.772210e-05,0.001105
3159,3,54.6000,102.0000,-7.7500,-0.502600,-0.544700,-1.109000,0.047140,-0.096530,-0.002277,-0.502650,-0.544729,-1.108888,0.047140,-0.096530,-0.002277,1.118096e-04,0.003276
3160,3,63.0000,102.0000,-7.7500,-0.509500,-0.556400,-1.140000,0.041990,-0.099750,-0.003786,-0.509503,-0.556366,-1.139576,0.041987,-0.099751,-0.003786,4.235073e-04,0.012409
3161,3,71.4000,102.0000,-7.7500,-0.516900,-0.566400,-1.165000,0.036360,-0.102200,-0.004013,-0.516896,-0.566443,-1.165063,0.036355,-0.102229,-0.004013,6.298194e-05,0.001845
3162,3,79.8000,102.0000,-7.7500,-0.523600,-0.574300,-1.185000,0.030420,-0.104100,-0.003405,-0.523602,-0.574336,-1.184807,0.030420,-0.104085,-0.003405,1.927033e-04,0.005646
3163,3,88.2000,102.0000,-7.7500,-0.529000,-0.579900,-1.199000,0.024310,-0.105400,-0.002284,-0.528956,-0.579889,-1.198971,0.024308,-0.105412,-0.002284,4.399460e-05,0.001289
3164,3,96.6000,102.0000,-7.7500,-0.532600,-0.583100,-1.208000,0.018100,-0.106300,-0.000874,-0.532557,-0.583112,-1.207901,0.018098,-0.106270,-0.000874,9.909879e-05,0.002904
3165,3,105.0000,102.0000,-7.7500,-0.534200,-0.584100,-1.212000,0.011850,-0.106700,0.000684,-0.534172,-0.584080,-1.211970,0.011845,-0.106711,0.000684,2.984315e-05,0.000874
3166,3,113.4000,102.0000,-7.7500,-0.533700,-0.582900,-1.212000,0.005584,-0.106800,0.002359,-0.533740,-0.582910,-1.211502,0.005584,-0.106767,0.002359,4.982126e-04,0.014597
3167,3,121.8000,102.0000,-7.7500,-0.531200,-0.579600,-1.207000,-0.000667,-0.106500,0.004110,-0.531160,-0.579648,-1.206689,-0.000667,-0.106456,0.004110,3.110229e-04,0.009113
3168,3,130.2000,102.0000,-7.7500,-0.526300,-0.574200,-1.197000,-0.006896,-0.105800,0.005872,-0.526317,-0.574187,-1.197359,-0.006896,-0.105810,0.005872,3.593274e-04,0.010528
3169,3,138.6000,102.0000,-7.7500,-0.519400,-0.566800,-1.184000,-0.013080,-0.104800,0.007659,-0.519444,-0.566811,-1.183958,-0.013080,-0.104842,0.007659,4.441197e-05,0.001301
3170,3,147.0000,102.0000,-7.7500,-0.509900,-0.556300,-1.164000,-0.019260,-0.103500,0.010250,-0.509893,-0.556283,-1.164082,-0.019259,-0.103520,0.010252,8.191804e-05,0.002400
3171,3,155.4000,102.0000,-7.7500,-0.502400,-0.545900,-1.141000,-0.025560,-0.102000,0.009722,-0.502440,-0.545897,-1.140921,-0.025561,-0.102050,0.009722,7.891976e-05,0.002312
3172,3,163.8000,102.0000,-7.7500,-0.487800,-0.536500,-1.124000,-0.031930,-0.100900,0.005034,-0.487820,-0.536495,-1.124335,-0.031930,-0.100867,0.005034,3.347466e-04,0.009808
3173,3,4.2000,114.0000,-7.7500,-0.343800,-0.397900,-1.331000,0.075350,-0.037060,-0.089370,-0.343777,-0.397925,-1.331235,0.075351,-0.037059,-0.089373,2.352237e-04,0.006892
3174,3,12.6000,114.0000,-7.7500,-0.544800,-0.444300,-1.309000,0.066390,-0.051350,0.029460,-0.544768,-0.444268,-1.309185,0.066391,-0.051345,0.029459,1.854109e-04,0.005432
3175,3,21.0000,114.0000,-7.7500,-0.548500,-0.404800,-1.234000,0.064190,-0.062130,0.000042,-0.548491,-0.404803,-1.234090,0.064186,-0.062126,0.000042,8.955866e-05,0.002624
3176,3,29.4000,114.0000,-7.7500,-0.555200,-0.406900,-1.258000,0.063190,-0.069690,-0.001462,-0.555156,-0.406898,-1.258169,0.063186,-0.069686,-0.001462,1.691671e-04,0.004957
3177,3,37.8000,114.0000,-7.7500,-0.557700,-0.409700,-1.290000,0.061150,-0.075760,-0.002167,-0.557672,-0.409722,-1.290372,0.061154,-0.075758,-0.002167,3.716935e-04,0.010891
3178,3,46.2000,114.0000,-7.7500,-0.563700,-0.418100,-1.333000,0.057630,-0.080760,-0.004588,-0.563748,-0.418073,-1.333305,0.057634,-0.080759,-0.004588,3.053282e-04,0.008946
3179,3,54.6000,114.0000,-7.7500,-0.572200,-0.427300,-1.375000,0.052790,-0.084640,-0.006136,-0.572226,-0.427314,-1.374695,0.052792,-0.084644,-0.006136,3.049254e-04,0.008934
3180,3,63.0000,114.0000,-7.7500,-0.581600,-0.436200,-1.412000,0.047000,-0.087610,-0.006639,-0.581587,-0.436157,-1.411573,0.047001,-0.087607,-0.006639,4.270421e-04,0.012512
3181,3,71.4000,114.0000,-7.7500,-0.590700,-0.443800,-1.442000,0.040600,-0.089850,-0.006125,-0.590710,-0.443754,-1.442188,0.040603,-0.089854,-0.006125,1.877391e-04,0.005501
3182,3,79.8000,114.0000,-7.7500,-0.598600,-0.449700,-1.466000,0.033850,-0.091530,-0.004941,-0.598622,-0.449667,-1.466051,0.033853,-0.091531,-0.004941,5.145727e-05,0.001508
3183,3,88.2000,114.0000,-7.7500,-0.604800,-0.453800,-1.483000,0.026910,-0.092740,-0.003351,-0.604791,-0.453797,-1.483310,0.026913,-0.092736,-0.003351,3.096044e-04,0.009071
3184,3,96.6000,114.0000,-7.7500,-0.608900,-0.456200,-1.494000,0.019880,-0.093540,-0.001537,-0.608908,-0.456154,-1.494298,0.019883,-0.093543,-0.001537,2.982548e-04,0.008739
3185,3,105.0000,114.0000,-7.7500,-0.610800,-0.456800,-1.499000,0.012820,-0.093990,0.000389,-0.610765,-0.456767,-1.499374,0.012823,-0.093987,0.000389,3.736520e-04,0.010948
3186,3,113.4000,114.0000,-7.7500,-0.610300,-0.455700,-1.499000,0.005759,-0.094110,0.002399,-0.610302,-0.455708,-1.498855,0.005759,-0.094106,0.002399,1.452706e-04,0.004256
3187,3,121.8000,114.0000,-7.7500,-0.607500,-0.453100,-1.493000,-0.001282,-0.093920,0.004452,-0.607502,-0.453052,-1.492999,-0.001282,-0.093925,0.004452,4.809402e-05,0.001409
3188,3,130.2000,114.0000,-7.7500,-0.602300,-0.448700,-1.482000,-0.008300,-0.093460,0.006496,-0.602278,-0.448692,-1.481672,-0.008300,-0.093465,0.006496,3.278787e-04,0.009607
3189,3,138.6000,114.0000,-7.7500,-0.594900,-0.442900,-1.465000,-0.015280,-0.092760,0.008531,-0.594874,-0.442912,-1.465383,-0.015281,-0.092761,0.008531,3.831531e-04,0.011226
3190,3,147.0000,114.0000,-7.7500,-0.584500,-0.434300,-1.442000,-0.022220,-0.091840,0.011460,-0.584547,-0.434309,-1.441504,-0.022217,-0.091844,0.011456,4.962424e-04,0.014540
3191,3,155.4000,114.0000,-7.7500,-0.577500,-0.426800,-1.414000,-0.029250,-0.090810,0.010740,-0.577549,-0.426784,-1.414248,-0.029245,-0.090809,0.010743,2.478870e-04,0.007263
3192,3,163.8000,114.0000,-7.7500,-0.561600,-0.419600,-1.397000,-0.036120,-0.091070,0.003855,-0.561623,-0.419577,-1.396770,-0.036120,-0.091073,0.003855,2.295870e-04,0.006727
3193,3,4.2000,54.0000,-15.2500,-0.261200,-0.358500,-1.041000,0.053050,0.019610,-0.170400,-0.261191,-0.358465,-1.040805,0.053053,0.019609,-0.170388,1.952808e-04,0.005722
3194,3,12.6000,54.0000,-15.2500,-0.326200,-0.404000,-1.114000,0.047470,0.020590,0.004215,-0.326183,-0.403990,-1.113958,0.047467,0.020589,0.004215,4.249457e-05,0.001245
3195,3,21.0000,54.0000,-15.2500,-0.357800,-0.384400,-1.057000,0.043500,0.018580,0.055110,-0.357789,-0.384447,-1.056675,0.043500,0.018577,0.055107,3.253247e-04,0.009532
3196,3,29.4000,54.0000,-15.2500,-0.336700,-0.356100,-1.029000,0.040200,0.016340,0.044580,-0.336659,-0.356059,-1.028806,0.040197,0.016342,0.044575,1.938172e-04,0.005679
3197,3,37.8000,54.0000,-15.2500,-0.337300,-0.356500,-1.050000,0.036930,0.014670,0.029330,-0.337305,-0.356451,-1.049808,0.036932,0.014667,0.029332,1.922803e-04,0.005634
3198,3,46.2000,54.0000,-15.2500,-0.342800,-0.361800,-1.077000,0.033550,0.013620,0.014890,-0.342830,-0.361819,-1.076820,0.033546,0.013621,0.014894,1.797222e-04,0.005266
3199,3,54.6000,54.0000,-15.2500,-0.352000,-0.370500,-1.107000,0.030030,0.013080,0.004987,-0.351953,-0.370543,-1.106899,0.030028,0.013084,0.004987,1.008699e-04,0.002955
3200,3,63.0000,54.0000,-15.2500,-0.361900,-0.379400,-1.135000,0.026390,0.012890,-0.000771,-0.361859,-0.379365,-1.134575,0.026386,0.012886,-0.000771,4.253974e-04,0.012464
3201,3,71.4000,54.0000,-15.2500,-0.371200,-0.387100,-1.158000,0.022650,0.012890,-0.003330,-0.371217,-0.387086,-1.158068,0.022651,0.012886,-0.003330,6.812798e-05,0.001996
3202,3,79.8000,54.0000,-15.2500,-0.379400,-0.393200,-1.177000,0.018850,0.012990,-0.003798,-0.379415,-0.393215,-1.176661,0.018846,0.012991,-0.003798,3.391576e-04,0.009937
3203,3,88.2000,54.0000,-15.2500,-0.386100,-0.397600,-1.190000,0.014980,0.013130,-0.003008,-0.386080,-0.397579,-1.190252,0.014984,0.013133,-0.003008,2.520160e-04,0.007384
3204,3,96.6000,54.0000,-15.2500,-0.391100,-0.400200,-1.199000,0.011090,0.013280,-0.001507,-0.391099,-0.400213,-1.199029,0.011087,0.013280,-0.001507,2.893212e-05,0.000848
3205,3,105.0000,54.0000,-15.2500,-0.394400,-0.401200,-1.203000,0.007173,0.013410,0.000377,-0.394438,-0.401234,-1.203266,0.007173,0.013410,0.000377,2.656366e-04,0.007783
3206,3,113.4000,54.0000,-15.2500,-0.396100,-0.400700,-1.203000,0.003262,0.013510,0.002508,-0.396076,-0.400736,-1.203214,0.003262,0.013509,0.002508,2.142823e-04,0.006278
3207,3,121.8000,54.0000,-15.2500,-0.396000,-0.398800,-1.199000,-0.000624,0.013580,0.004837,-0.396009,-0.398758,-1.198988,-0.000624,0.013578,0.004837,4.223765e-05,0.001238
3208,3,130.2000,54.0000,-15.2500,-0.394300,-0.395400,-1.191000,-0.004478,0.013630,0.007238,-0.394276,-0.395420,-1.190888,-0.004478,0.013626,0.007238,1.115397e-04,0.003268
3209,3,138.6000,54.0000,-15.2500,-0.390100,-0.389900,-1.178000,-0.008301,0.013630,0.009822,-0.390072,-0.389861,-1.177676,-0.008301,0.013633,0.009822,3.243799e-04,0.009504
3210,3,147.0000,54.0000,-15.2500,-0.386400,-0.383700,-1.161000,-0.012000,0.013640,0.011010,-0.386439,-0.383702,-1.160809,-0.012003,0.013638,0.011014,1.910091e-04,0.005597
3211,3,155.4000,54.0000,-15.2500,-0.381300,-0.377300,-1.144000,-0.015480,0.013690,0.009377,-0.381316,-0.377320,-1.144032,-0.015478,0.013694,0.009377,3.176296e-05,0.000931
3212,3,163.8000,54.0000,-15.2500,-0.371700,-0.370000,-1.131000,-0.018900,0.014510,0.009159,-0.371741,-0.370017,-1.130873,-0.018902,0.014512,0.009159,1.269221e-04,0.003719
3213,3,4.2000,66.0000,-15.2500,-0.250400,-0.342500,-0.993900,0.063340,0.013850,-0.165300,-0.250439,-0.342504,-0.993935,0.063341,0.013846,-0.165330,3.937381e-05,0.001154
3214,3,12.6000,66.0000,-15.2500,-0.311700,-0.386200,-1.066000,0.057130,0.013490,0.000923,-0.311708,-0.386170,-1.066161,0.057129,0.013494,0.000923,1.610352e-04,0.004718
3215,3,21.0000,66.0000,-15.2500,-0.342300,-0.368300,-1.014000,0.052570,0.010020,0.050210,-0.342286,-0.368304,-1.014117,0.052575,0.010017,0.050212,1.171904e-04,0.003434
3216,3,29.4000,66.0000,-15.2500,-0.322800,-0.341700,-0.989200,0.048720,0.006588,0.040860,-0.322790,-0.341680,-0.989222,0.048718,0.006588,0.040859,2.180742e-05,0.000639
3217,3,37.8000,66.0000,-15.2500,-0.323600,-0.342200,-1.010000,0.044820,0.003965,0.026770,-0.323635,-0.342179,-1.010382,0.044824,0.003965,0.026767,3.818388e-04,0.011188
3218,3,46.2000,66.0000,-15.2500,-0.329200,-0.347500,-1.037000,0.040740,0.002185,0.013350,-0.329198,-0.347457,-1.037175,0.040742,0.002185,0.013346,1.749279e-04,0.005125
3219,3,54.6000,66.0000,-15.2500,-0.338100,-0.355900,-1.067000,0.036480,0.001084,0.004153,-0.338121,-0.355857,-1.066640,0.036480,0.001084,0.004153,3.597003e-04,0.010539
3220,3,63.0000,66.0000,-15.2500,-0.347700,-0.364300,-1.094000,0.032060,0.000454,-0.001148,-0.347747,-0.364305,-1.093626,0.032058,0.000454,-0.001148,3.743837e-04,0.010969
3221,3,71.4000,66.0000,-15.2500,-0.356800,-0.371700,-1.116000,0.027510,0.000131,-0.003439,-0.356817,-0.371673,-1.116473,0.027512,0.000131,-0.003439,4.734721e-04,0.013873
3222,3,79.8000,66.0000,-15.2500,-0.364700,-0.377500,-1.135000,0.022870,-0.000005,-0.003764,-0.364743,-0.377485,-1.134503,0.022869,-0.000005,-0.003764,4.968134e-04,0.014557
3223,3,88.2000,66.0000,-15.2500,-0.371200,-0.381600,-1.148000,0.018160,-0.000031,-0.002911,-0.371160,-0.381590,-1.147631,0.018163,-0.000031,-0.002911,3.687701e-04,0.010805
3224,3,96.6000,66.0000,-15.2500,-0.376000,-0.384100,-1.156000,0.013410,0.000007,-0.001383,-0.376005,-0.384073,-1.156084,0.013413,0.000007,-0.001383,8.413827e-05,0.002465
3225,3,105.0000,66.0000,-15.2500,-0.379200,-0.385000,-1.160000,0.008647,0.000083,0.000503,-0.379194,-0.384991,-1.160087,0.008647,0.000083,0.000503,8.678904e-05,0.002543
3226,3,113.4000,66.0000,-15.2500,-0.380700,-0.384400,-1.160000,0.003888,0.000173,0.002623,-0.380712,-0.384435,-1.159896,0.003888,0.000173,0.002623,1.039655e-04,0.003046
3227,3,121.8000,66.0000,-15.2500,-0.380600,-0.382500,-1.156000,-0.000840,0.000271,0.004944,-0.380571,-0.382466,-1.155649,-0.000840,0.000271,0.004944,3.505016e-04,0.010270
3228,3,130.2000,66.0000,-15.2500,-0.378700,-0.379100,-1.148000,-0.005518,0.000392,0.007356,-0.378740,-0.379124,-1.147511,-0.005518,0.000392,0.007356,4.888025e-04,0.014322
3229,3,138.6000,66.0000,-15.2500,-0.374800,-0.373900,-1.135000,-0.010120,0.000539,0.009858,-0.374763,-0.373869,-1.134671,-0.010118,0.000539,0.009858,3.288350e-04,0.009635
3230,3,147.0000,66.0000,-15.2500,-0.370500,-0.367800,-1.118000,-0.014520,0.000791,0.011340,-0.370491,-0.367830,-1.117948,-0.014525,0.000791,0.011336,5.167782e-05,0.001514
3231,3,155.4000,66.0000,-15.2500,-0.364200,-0.361100,-1.100000,-0.018670,0.001621,0.010820,-0.364166,-0.361088,-1.099672,-0.018672,0.001621,0.010818,3.282136e-04,0.009617
3232,3,163.8000,66.0000,-15.2500,-0.355600,-0.355400,-1.083000,-0.022720,0.003298,0.011470,-0.355584,-0.355386,-1.083031,-0.022720,0.003298,0.011468,3.060696e-05,0.000897
3233,3,4.2000,78.0000,-15.2500,-0.236200,-0.321800,-0.942400,0.072440,-0.000996,-0.163700,-0.236239,-0.321799,-0.942360,0.072437,-0.000996,-0.163707,4.043744e-05,0.001185
3234,3,12.6000,78.0000,-15.2500,-0.294400,-0.364200,-1.013000,0.066250,-0.004424,-0.005287,-0.294351,-0.364214,-1.013133,0.066250,-0.004424,-0.005287,1.330962e-04,0.003900
3235,3,21.0000,78.0000,-15.2500,-0.324100,-0.348000,-0.966100,0.061470,-0.010330,0.042880,-0.324059,-0.347994,-0.966104,0.061471,-0.010327,0.042883,4.106656e-05,0.001203
3236,3,29.4000,78.0000,-15.2500,-0.306200,-0.323100,-0.944100,0.057080,-0.015700,0.035170,-0.306222,-0.323080,-0.944129,0.057081,-0.015704,0.035169,2.862356e-05,0.000839
3237,3,37.8000,78.0000,-15.2500,-0.307400,-0.323600,-0.965500,0.052570,-0.019880,0.022630,-0.307399,-0.323645,-0.965457,0.052566,-0.019881,0.022635,4.537044e-05,0.001329
3238,3,46.2000,78.0000,-15.2500,-0.313000,-0.328700,-0.991900,0.047800,-0.022910,0.010550,-0.312970,-0.328693,-0.991904,0.047796,-0.022910,0.010550,2.955205e-05,0.000866
3239,3,54.6000,78.0000,-15.2500,-0.321600,-0.336600,-1.021000,0.042800,-0.025020,0.002334,-0.321632,-0.336612,-1.020603,0.042799,-0.025016,0.002334,3.973837e-04,0.011643
3240,3,63.0000,78.0000,-15.2500,-0.330900,-0.344500,-1.047000,0.037610,-0.026450,-0.002298,-0.330924,-0.344547,-1.046761,0.037608,-0.026448,-0.002298,2.391025e-04,0.007006
3241,3,71.4000,78.0000,-15.2500,-0.339600,-0.351400,-1.069000,0.032260,-0.027400,-0.004148,-0.339648,-0.351439,-1.068836,0.032259,-0.027401,-0.004148,1.641134e-04,0.004808
3242,3,79.8000,78.0000,-15.2500,-0.347200,-0.356800,-1.086000,0.026790,-0.028020,-0.004181,-0.347237,-0.356842,-1.086191,0.026792,-0.028018,-0.004181,1.912378e-04,0.005603
3243,3,88.2000,78.0000,-15.2500,-0.353400,-0.360600,-1.099000,0.021240,-0.028400,-0.003124,-0.353371,-0.360639,-1.098788,0.021243,-0.028397,-0.003124,2.124529e-04,0.006225
3244,3,96.6000,78.0000,-15.2500,-0.358000,-0.362900,-1.107000,0.015650,-0.028600,-0.001457,-0.357988,-0.362907,-1.106853,0.015647,-0.028602,-0.001457,1.467548e-04,0.004300
3245,3,105.0000,78.0000,-15.2500,-0.361000,-0.363700,-1.111000,0.010040,-0.028670,0.000543,-0.360984,-0.363686,-1.110590,0.010038,-0.028666,0.000543,4.102970e-04,0.012022
3246,3,113.4000,78.0000,-15.2500,-0.362400,-0.363100,-1.110000,0.004443,-0.028600,0.002758,-0.362395,-0.363099,-1.110279,0.004443,-0.028601,0.002758,2.794540e-04,0.008188
3247,3,121.8000,78.0000,-15.2500,-0.362200,-0.361200,-1.106000,-0.001117,-0.028430,0.005160,-0.362170,-0.361164,-1.106029,-0.001117,-0.028428,0.005160,3.612702e-05,0.001059
3248,3,130.2000,78.0000,-15.2500,-0.360300,-0.357900,-1.098000,-0.006613,-0.028160,0.007666,-0.360310,-0.357927,-1.097974,-0.006613,-0.028162,0.007666,2.711315e-05,0.000794
3249,3,138.6000,78.0000,-15.2500,-0.356500,-0.353000,-1.086000,-0.012010,-0.027780,0.010230,-0.356500,-0.353037,-1.085541,-0.012011,-0.027780,0.010233,4.594026e-04,0.013460
3250,3,147.0000,78.0000,-15.2500,-0.351900,-0.347100,-1.069000,-0.017310,-0.027270,0.012010,-0.351941,-0.347135,-1.069224,-0.017310,-0.027265,0.012012,2.241692e-04,0.006568
3251,3,155.4000,78.0000,-15.2500,-0.345700,-0.340800,-1.051000,-0.022380,-0.026520,0.012300,-0.345662,-0.340772,-1.050809,-0.022376,-0.026524,0.012298,1.910586e-04,0.005598
3252,3,163.8000,78.0000,-15.2500,-0.336800,-0.334500,-1.032000,-0.027470,-0.025510,0.013060,-0.336754,-0.334489,-1.032500,-0.027466,-0.025511,0.013060,4.997482e-04,0.014642
3253,3,4.2000,90.0000,-15.2500,-0.245400,-0.330300,-0.923800,0.079730,-0.032230,-0.170300,-0.245417,-0.330278,-0.923764,0.079727,-0.032225,-0.170263,3.683764e-05,0.001079
3254,3,12.6000,90.0000,-15.2500,-0.305200,-0.376200,-0.998100,0.075040,-0.042730,-0.016460,-0.305194,-0.376204,-0.998120,0.075044,-0.042727,-0.016458,1.985995e-05,0.000582
3255,3,21.0000,90.0000,-15.2500,-0.336400,-0.362800,-0.957100,0.070210,-0.052750,0.032020,-0.336370,-0.362817,-0.957117,0.070213,-0.052750,0.032021,2.952703e-05,0.000865
3256,3,29.4000,90.0000,-15.2500,-0.321500,-0.340700,-0.939500,0.065340,-0.061230,0.026540,-0.321472,-0.340737,-0.939469,0.065337,-0.061230,0.026542,3.661203e-05,0.001073
3257,3,37.8000,90.0000,-15.2500,-0.324300,-0.342700,-0.962600,0.060170,-0.067970,0.016110,-0.324288,-0.342742,-0.962634,0.060170,-0.067968,0.016108,4.188672e-05,0.001227
3258,3,46.2000,90.0000,-15.2500,-0.331000,-0.348800,-0.990100,0.054720,-0.073150,0.005792,-0.331048,-0.348818,-0.990146,0.054722,-0.073152,0.005792,4.788263e-05,0.001403
3259,3,54.6000,90.0000,-15.2500,-0.340500,-0.357400,-1.019000,0.048990,-0.077060,-0.001072,-0.340513,-0.357410,-1.019366,0.048993,-0.077057,-0.001072,3.655878e-04,0.010712
3260,3,63.0000,90.0000,-15.2500,-0.350400,-0.365800,-1.046000,0.043030,-0.079960,-0.004715,-0.350357,-0.365815,-1.045776,0.043030,-0.079958,-0.004715,2.238652e-04,0.006559
3261,3,71.4000,90.0000,-15.2500,-0.359500,-0.373100,-1.068000,0.036880,-0.082090,-0.005850,-0.359461,-0.373060,-1.067969,0.036876,-0.082089,-0.005850,4.020865e-05,0.001178
3262,3,79.8000,90.0000,-15.2500,-0.367300,-0.378700,-1.085000,0.030590,-0.083630,-0.005350,-0.367292,-0.378729,-1.085369,0.030585,-0.083627,-0.005350,3.688508e-04,0.010807
3263,3,88.2000,90.0000,-15.2500,-0.373600,-0.382700,-1.098000,0.024200,-0.084690,-0.003878,-0.373563,-0.382714,-1.097964,0.024203,-0.084691,-0.003878,3.711730e-05,0.001088
3264,3,96.6000,90.0000,-15.2500,-0.378200,-0.385100,-1.106000,0.017770,-0.085360,-0.001868,-0.378198,-0.385079,-1.105977,0.017774,-0.085358,-0.001868,2.297136e-05,0.000673
3265,3,105.0000,90.0000,-15.2500,-0.381100,-0.385900,-1.110000,0.011330,-0.085670,0.000438,-0.381140,-0.385895,-1.109640,0.011334,-0.085672,0.000438,3.599681e-04,0.010547
3266,3,113.4000,90.0000,-15.2500,-0.382400,-0.385300,-1.109000,0.004918,-0.085660,0.002931,-0.382424,-0.385287,-1.109220,0.004918,-0.085661,0.002931,2.198300e-04,0.006441
3267,3,121.8000,90.0000,-15.2500,-0.382000,-0.383200,-1.105000,-0.001455,-0.085350,0.005582,-0.381983,-0.383248,-1.104799,-0.001455,-0.085354,0.005582,2.009008e-04,0.005886
3268,3,130.2000,90.0000,-15.2500,-0.379800,-0.379800,-1.097000,-0.007749,-0.084770,0.008326,-0.379839,-0.379844,-1.096549,-0.007749,-0.084772,0.008326,4.512574e-04,0.013222
3269,3,138.6000,90.0000,-15.2500,-0.375700,-0.374700,-1.084000,-0.013950,-0.083930,0.011130,-0.375655,-0.374684,-1.083859,-0.013948,-0.083932,0.011134,1.405761e-04,0.004119
3270,3,147.0000,90.0000,-15.2500,-0.370700,-0.368500,-1.067000,-0.020030,-0.082860,0.013160,-0.370745,-0.368542,-1.067333,-0.020031,-0.082859,0.013155,3.327165e-04,0.009749
3271,3,155.4000,90.0000,-15.2500,-0.363900,-0.361600,-1.049000,-0.026060,-0.081630,0.013690,-0.363903,-0.361609,-1.048638,-0.026056,-0.081634,0.013692,3.624736e-04,0.010620
3272,3,163.8000,90.0000,-15.2500,-0.354400,-0.354400,-1.030000,-0.031880,-0.080250,0.014770,-0.354417,-0.354386,-1.029927,-0.031884,-0.080253,0.014767,7.279936e-05,0.002133
3273,3,4.2000,102.0000,-15.2500,-0.267900,-0.320900,-0.959900,0.089580,-0.046410,-0.187400,-0.267883,-0.320877,-0.959868,0.089581,-0.046415,-0.187357,4.285094e-05,0.001256
3274,3,12.6000,102.0000,-15.2500,-0.335800,-0.370600,-1.054000,0.084880,-0.063060,-0.032840,-0.335820,-0.370585,-1.053747,0.084875,-0.063058,-0.032835,2.529733e-04,0.007412
3275,3,21.0000,102.0000,-15.2500,-0.374600,-0.362500,-1.025000,0.079860,-0.076310,0.017800,-0.374551,-0.362508,-1.025421,0.079862,-0.076310,0.017802,4.213001e-04,0.012344
3276,3,29.4000,102.0000,-15.2500,-0.363800,-0.342900,-1.015000,0.074210,-0.087200,0.014890,-0.363806,-0.342882,-1.015201,0.074211,-0.087202,0.014892,2.012603e-04,0.005897
3277,3,37.8000,102.0000,-15.2500,-0.369900,-0.346500,-1.044000,0.068360,-0.096020,0.007134,-0.369908,-0.346530,-1.043867,0.068362,-0.096022,0.007134,1.330415e-04,0.003898
3278,3,46.2000,102.0000,-15.2500,-0.379000,-0.353300,-1.075000,0.062160,-0.102800,-0.000886,-0.379008,-0.353275,-1.075299,0.062163,-0.102810,-0.000886,2.990721e-04,0.008763
3279,3,54.6000,102.0000,-15.2500,-0.390200,-0.362100,-1.107000,0.055610,-0.107900,-0.005983,-0.390185,-0.362080,-1.107498,0.055611,-0.107929,-0.005983,4.980435e-04,0.014593
3280,3,63.0000,102.0000,-15.2500,-0.401300,-0.370500,-1.136000,0.048770,-0.111800,-0.008309,-0.401305,-0.370511,-1.136265,0.048771,-0.111764,-0.008309,2.652793e-04,0.007773
3281,3,71.4000,102.0000,-15.2500,-0.411400,-0.377700,-1.160000,0.041710,-0.114600,-0.008470,-0.411374,-0.377735,-1.160336,0.041711,-0.114618,-0.008470,3.355035e-04,0.009830
3282,3,79.8000,102.0000,-15.2500,-0.419900,-0.383400,-1.179000,0.034500,-0.116700,-0.007223,-0.419907,-0.383383,-1.179198,0.034501,-0.116718,-0.007223,1.977084e-04,0.005793
3283,3,88.2000,102.0000,-15.2500,-0.426600,-0.387400,-1.193000,0.027210,-0.118200,-0.005143,-0.426634,-0.387354,-1.192851,0.027206,-0.118205,-0.005143,1.488986e-04,0.004363
3284,3,96.6000,102.0000,-15.2500,-0.431500,-0.389700,-1.202000,0.019870,-0.119200,-0.002606,-0.431521,-0.389722,-1.201529,0.019875,-0.119167,-0.002606,4.710610e-04,0.013802
3285,3,105.0000,102.0000,-15.2500,-0.434500,-0.390500,-1.205000,0.012540,-0.119700,0.000168,-0.434517,-0.390548,-1.205480,0.012544,-0.119664,0.000168,4.801184e-04,0.014067
3286,3,113.4000,102.0000,-15.2500,-0.435700,-0.389900,-1.205000,0.005249,-0.119700,0.003096,-0.435653,-0.389936,-1.204969,0.005249,-0.119728,0.003096,4.690817e-05,0.001374
3287,3,121.8000,102.0000,-15.2500,-0.434900,-0.387900,-1.200000,-0.001982,-0.119400,0.006145,-0.434908,-0.387906,-1.200105,-0.001982,-0.119397,0.006145,1.050259e-04,0.003077
3288,3,130.2000,102.0000,-15.2500,-0.432300,-0.384500,-1.191000,-0.009121,-0.118700,0.009252,-0.432285,-0.384506,-1.191071,-0.009121,-0.118707,0.009252,7.058159e-05,0.002068
3289,3,138.6000,102.0000,-15.2500,-0.427400,-0.379300,-1.177000,-0.016150,-0.117700,0.012410,-0.427444,-0.379313,-1.177194,-0.016147,-0.117688,0.012406,1.944196e-04,0.005696
3290,3,147.0000,102.0000,-15.2500,-0.421900,-0.373200,-1.159000,-0.023100,-0.116400,0.014640,-0.421914,-0.373217,-1.159190,-0.023096,-0.116415,0.014644,1.896729e-04,0.005557
3291,3,155.4000,102.0000,-15.2500,-0.414400,-0.366500,-1.139000,-0.029950,-0.115100,0.015190,-0.414421,-0.366487,-1.139152,-0.029952,-0.115067,0.015185,1.519588e-04,0.004452
3292,3,163.8000,102.0000,-15.2500,-0.404300,-0.359900,-1.120000,-0.036610,-0.113700,0.016610,-0.404271,-0.359947,-1.119502,-0.036605,-0.113668,0.016607,4.975494e-04,0.014578
3293,3,4.2000,114.0000,-15.2500,-0.284400,-0.277000,-1.007000,0.113700,0.055360,-0.195800,-0.284365,-0.276979,-1.007077,0.113726,0.055363,-0.195842,7.722895e-05,0.002263
3294,3,12.6000,114.0000,-15.2500,-0.367600,-0.329700,-1.133000,0.100800,0.055780,-0.046920,-0.367645,-0.329732,-1.133397,0.100782,0.055778,-0.046923,3.968876e-04,0.011629
3295,3,21.0000,114.0000,-15.2500,-0.412400,-0.325700,-1.127000,0.092230,0.048220,0.003355,-0.412395,-0.325714,-1.126605,0.092229,0.048218,0.003355,3.954453e-04,0.011586
3296,3,29.4000,114.0000,-15.2500,-0.409000,-0.310300,-1.130000,0.085610,0.040810,0.003911,-0.408958,-0.310299,-1.129802,0.085608,0.040808,0.003911,1.975903e-04,0.005789
3297,3,37.8000,114.0000,-15.2500,-0.418900,-0.314500,-1.165000,0.078940,0.035580,-0.000790,-0.418931,-0.314476,-1.165416,0.078936,0.035585,-0.000790,4.157523e-04,0.012181
3298,3,46.2000,114.0000,-15.2500,-0.430700,-0.321000,-1.202000,0.071710,0.032520,-0.006196,-0.430744,-0.320964,-1.202270,0.071712,0.032522,-0.006196,2.704874e-04,0.007925
3299,3,54.6000,114.0000,-15.2500,-0.443700,-0.328900,-1.238000,0.064030,0.031090,-0.009465,-0.443728,-0.328946,-1.238447,0.064026,0.031090,-0.009465,4.469449e-04,0.013095
3300,3,63.0000,114.0000,-15.2500,-0.456100,-0.336500,-1.270000,0.055980,0.030630,-0.010580,-0.456124,-0.336479,-1.270413,0.055978,0.030630,-0.010583,4.133368e-04,0.012111
3301,3,71.4000,114.0000,-15.2500,-0.467100,-0.342900,-1.297000,0.047690,0.030660,-0.009983,-0.467129,-0.342904,-1.297077,0.047685,0.030656,-0.009983,7.676307e-05,0.002249
3302,3,79.8000,114.0000,-15.2500,-0.476300,-0.347900,-1.318000,0.039250,0.030860,-0.008248,-0.476319,-0.347916,-1.317993,0.039246,0.030855,-0.008248,1.851056e-05,0.000542
3303,3,88.2000,114.0000,-15.2500,-0.483500,-0.351400,-1.333000,0.030740,0.031060,-0.005834,-0.483474,-0.351436,-1.333177,0.030738,0.031056,-0.005834,1.770127e-04,0.005186
3304,3,96.6000,114.0000,-15.2500,-0.488600,-0.353500,-1.343000,0.022220,0.031170,-0.003051,-0.488593,-0.353541,-1.342871,0.022220,0.031170,-0.003051,1.285249e-04,0.003766
3305,3,105.0000,114.0000,-15.2500,-0.491600,-0.354300,-1.347000,0.013740,0.031160,-0.000076,-0.491637,-0.354278,-1.347332,0.013742,0.031159,-0.000076,3.320159e-04,0.009728
3306,3,113.4000,114.0000,-15.2500,-0.492600,-0.353700,-1.347000,0.005325,0.031000,0.003019,-0.492633,-0.353718,-1.346815,0.005325,0.031001,0.003019,1.850242e-04,0.005421
3307,3,121.8000,114.0000,-15.2500,-0.491600,-0.351900,-1.341000,-0.002993,0.030670,0.006206,-0.491579,-0.351874,-1.341451,-0.002993,0.030673,0.006206,4.507320e-04,0.013206
3308,3,130.2000,114.0000,-15.2500,-0.488500,-0.348800,-1.331000,-0.011200,0.030160,0.009415,-0.488526,-0.348819,-1.331449,-0.011198,0.030157,0.009415,4.491587e-04,0.013160
3309,3,138.6000,114.0000,-15.2500,-0.483100,-0.344100,-1.316000,-0.019270,0.029420,0.012620,-0.483093,-0.344081,-1.316123,-0.019269,0.029424,0.012621,1.225931e-04,0.003592
3310,3,147.0000,114.0000,-15.2500,-0.477000,-0.338600,-1.296000,-0.027180,0.028440,0.014790,-0.477042,-0.338627,-1.296374,-0.027182,0.028437,0.014793,3.742484e-04,0.010965
3311,3,155.4000,114.0000,-15.2500,-0.469300,-0.332900,-1.275000,-0.034940,0.027180,0.014980,-0.469284,-0.332891,-1.274838,-0.034940,0.027184,0.014976,1.617024e-04,0.004738
3312,3,163.8000,114.0000,-15.2500,-0.458200,-0.327100,-1.255000,-0.042480,0.025350,0.015990,-0.458216,-0.327097,-1.254524,-0.042481,0.025354,0.015990,4.756399e-04,0.013936
3313,4,4.2000,54.0000,-36.5000,0.022490,0.018900,-0.033880,0.007755,0.009355,-0.056700,0.022492,0.018901,-0.033885,0.007755,0.009355,-0.056700,4.630718e-06,0.000136
3314,4,12.6000,54.0000,-36.5000,0.029640,0.021880,-0.037340,0.007155,0.010250,-0.043400,0.029642,0.021877,-0.037338,0.007155,0.010253,-0.043399,3.139791e-06,0.000092
3315,4,21.0000,54.0000,-36.5000,0.028410,0.020210,-0.043790,0.006533,0.010800,-0.032690,0.028414,0.020212,-0.043794,0.006533,0.010802,-0.032692,4.296705e-06,0.000126
3316,4,29.4000,54.0000,-36.5000,0.024470,0.017350,-0.050300,0.005938,0.011140,-0.026180,0.024466,0.017346,-0.050299,0.005938,0.011139,-0.026179,4.496464e-06,0.000132
3317,4,37.8000,54.0000,-36.5000,0.021230,0.015240,-0.055360,0.005369,0.011380,-0.022150,0.021225,0.015244,-0.055359,0.005369,0.011383,-0.022150,4.970341e-06,0.000146
3318,4,46.2000,54.0000,-36.5000,0.018710,0.013750,-0.059380,0.004820,0.011590,-0.019120,0.018708,0.013746,-0.059376,0.004820,0.011589,-0.019116,4.488603e-06,0.000132
3319,4,54.6000,54.0000,-36.5000,0.016910,0.012770,-0.062530,0.004281,0.011780,-0.016530,0.016905,0.012771,-0.062526,0.004281,0.011779,-0.016527,4.910606e-06,0.000144
3320,4,63.0000,54.0000,-36.5000,0.015600,0.012140,-0.065020,0.003745,0.011960,-0.014090,0.015599,0.012144,-0.065024,0.003745,0.011958,-0.014087,4.376977e-06,0.000128
3321,4,71.4000,54.0000,-36.5000,0.014620,0.011730,-0.067010,0.003206,0.012120,-0.011680,0.014615,0.011733,-0.067012,0.003206,0.012122,-0.011682,4.948988e-06,0.000145
3322,4,79.8000,54.0000,-36.5000,0.013820,0.011440,-0.068590,0.002663,0.012270,-0.009286,0.013816,0.011440,-0.068586,0.002663,0.012269,-0.009286,4.123753e-06,0.000121
3323,4,88.2000,54.0000,-36.5000,0.013120,0.011210,-0.069810,0.002115,0.012390,-0.006903,0.013119,0.011207,-0.069806,0.002115,0.012393,-0.006903,4.443123e-06,0.000130
3324,4,96.6000,54.0000,-36.5000,0.012480,0.011000,-0.070700,0.001563,0.012490,-0.004548,0.012480,0.011002,-0.070704,0.001563,0.012492,-0.004548,4.177275e-06,0.000122
3325,4,105.0000,54.0000,-36.5000,0.011880,0.010810,-0.071300,0.001010,0.012560,-0.002237,0.011878,0.010807,-0.071304,0.001010,0.012563,-0.002237,3.859642e-06,0.000113
3326,4,113.4000,54.0000,-36.5000,0.011310,0.010610,-0.071620,0.000456,0.012600,0.000017,0.011305,0.010611,-0.071621,0.000456,0.012605,0.000017,4.873114e-06,0.000143
3327,4,121.8000,54.0000,-36.5000,0.010750,0.010410,-0.071670,-0.000094,0.012620,0.002201,0.010755,0.010406,-0.071671,-0.000094,0.012617,0.002201,4.531178e-06,0.000133
3328,4,130.2000,54.0000,-36.5000,0.010230,0.010190,-0.071470,-0.000640,0.012600,0.004301,0.010233,0.010194,-0.071465,-0.000640,0.012600,0.004301,4.876282e-06,0.000143
3329,4,138.6000,54.0000,-36.5000,0.009726,0.009965,-0.071030,-0.001179,0.012550,0.006277,0.009726,0.009965,-0.071030,-0.001179,0.012553,0.006277,3.000528e-06,0.000088
3330,4,147.0000,54.0000,-36.5000,0.009326,0.009774,-0.070330,-0.001710,0.012480,0.008082,0.009326,0.009774,-0.070333,-0.001710,0.012479,0.008082,3.495706e-06,0.000102
3331,4,155.4000,54.0000,-36.5000,0.009136,0.009687,-0.069340,-0.002230,0.012380,0.009738,0.009136,0.009687,-0.069336,-0.002230,0.012382,0.009738,4.051449e-06,0.000119
3332,4,163.8000,54.0000,-36.5000,0.009183,0.009716,-0.068040,-0.002740,0.012270,0.011360,0.009183,0.009716,-0.068038,-0.002740,0.012268,0.011361,1.723322e-06,0.000050
3333,4,4.2000,66.0000,-36.5000,0.021760,0.019000,-0.032530,0.009331,0.010750,-0.055060,0.021764,0.018997,-0.032525,0.009331,0.010754,-0.055064,4.804152e-06,0.000141
3334,4,12.6000,66.0000,-36.5000,0.028800,0.022010,-0.035830,0.008644,0.011680,-0.042380,0.028801,0.022014,-0.035829,0.008644,0.011682,-0.042381,4.363979e-06,0.000128
3335,4,21.0000,66.0000,-36.5000,0.027830,0.020620,-0.041990,0.007926,0.012240,-0.032100,0.027829,0.020617,-0.041993,0.007926,0.012239,-0.032100,3.004439e-06,0.000088
3336,4,29.4000,66.0000,-36.5000,0.024210,0.018050,-0.048220,0.007228,0.012580,-0.025780,0.024209,0.018052,-0.048218,0.007228,0.012583,-0.025782,3.233714e-06,0.000095
3337,4,37.8000,66.0000,-36.5000,0.021220,0.016190,-0.053070,0.006550,0.012840,-0.021830,0.021219,0.016187,-0.053075,0.006550,0.012840,-0.021826,4.980736e-06,0.000146
3338,4,46.2000,66.0000,-36.5000,0.018890,0.014880,-0.056940,0.005889,0.013070,-0.018820,0.018890,0.014876,-0.056937,0.005889,0.013065,-0.018823,4.566683e-06,0.000134
3339,4,54.6000,66.0000,-36.5000,0.017210,0.014040,-0.059970,0.005234,0.013280,-0.016250,0.017214,0.014042,-0.059974,0.005234,0.013278,-0.016251,4.146319e-06,0.000121
3340,4,63.0000,66.0000,-36.5000,0.015990,0.013520,-0.062390,0.004578,0.013480,-0.013830,0.015995,0.013519,-0.062387,0.004578,0.013481,-0.013828,4.937769e-06,0.000145
3341,4,71.4000,66.0000,-36.5000,0.015070,0.013190,-0.064310,0.003917,0.013670,-0.011450,0.015070,0.013187,-0.064308,0.003917,0.013670,-0.011447,3.251302e-06,0.000095
3342,4,79.8000,66.0000,-36.5000,0.014310,0.012950,-0.065830,0.003250,0.013840,-0.009082,0.014313,0.012954,-0.065830,0.003250,0.013839,-0.009082,3.580012e-06,0.000105
3343,4,88.2000,66.0000,-36.5000,0.013650,0.012760,-0.067010,0.002577,0.013980,-0.006735,0.013646,0.012763,-0.067010,0.002577,0.013983,-0.006735,3.553431e-06,0.000104
3344,4,96.6000,66.0000,-36.5000,0.013030,0.012580,-0.067880,0.001899,0.014100,-0.004421,0.013028,0.012584,-0.067881,0.001899,0.014096,-0.004421,4.152885e-06,0.000122
3345,4,105.0000,66.0000,-36.5000,0.012440,0.012400,-0.068460,0.001220,0.014180,-0.002154,0.012439,0.012400,-0.068464,0.001220,0.014178,-0.002154,4.055598e-06,0.000119
3346,4,113.4000,66.0000,-36.5000,0.011880,0.012200,-0.068770,0.000543,0.014230,0.000056,0.011876,0.012203,-0.068773,0.000543,0.014225,0.000056,4.809514e-06,0.000141
3347,4,121.8000,66.0000,-36.5000,0.011330,0.011990,-0.068820,-0.000130,0.014240,0.002196,0.011331,0.011988,-0.068824,-0.000130,0.014238,0.002196,4.237022e-06,0.000124
3348,4,130.2000,66.0000,-36.5000,0.010810,0.011750,-0.068630,-0.000795,0.014220,0.004252,0.010809,0.011753,-0.068628,-0.000795,0.014218,0.004252,3.173232e-06,0.000093
3349,4,138.6000,66.0000,-36.5000,0.010300,0.011490,-0.068210,-0.001448,0.014170,0.006190,0.010305,0.011492,-0.068208,-0.001448,0.014169,0.006190,4.506684e-06,0.000132
3350,4,147.0000,66.0000,-36.5000,0.009886,0.011240,-0.067550,-0.002086,0.014100,0.007971,0.009886,0.011241,-0.067547,-0.002086,0.014102,0.007971,3.230867e-06,0.000095
3351,4,155.4000,66.0000,-36.5000,0.009641,0.011060,-0.066610,-0.002711,0.014030,0.009609,0.009641,0.011058,-0.066612,-0.002711,0.014028,0.009609,1.849370e-06,0.000054
3352,4,163.8000,66.0000,-36.5000,0.009591,0.010950,-0.065410,-0.003330,0.013940,0.011200,0.009591,0.010949,-0.065409,-0.003330,0.013938,0.011201,2.306323e-06,0.000068
3353,4,4.2000,78.0000,-36.5000,0.021600,0.020160,-0.030390,0.010950,0.011890,-0.053470,0.021604,0.020165,-0.030391,0.010946,0.011886,-0.053468,4.757012e-06,0.000139
3354,4,12.6000,78.0000,-36.5000,0.028640,0.023450,-0.033430,0.010190,0.012740,-0.041390,0.028643,0.023452,-0.033429,0.010195,0.012743,-0.041389,4.792786e-06,0.000140
3355,4,21.0000,78.0000,-36.5000,0.028030,0.022530,-0.039190,0.009388,0.013280,-0.031510,0.028031,0.022528,-0.039195,0.009388,0.013275,-0.031514,4.762641e-06,0.000140
3356,4,29.4000,78.0000,-36.5000,0.024830,0.020430,-0.045050,0.008581,0.013620,-0.025370,0.024835,0.020431,-0.045048,0.008581,0.013622,-0.025374,4.788811e-06,0.000140
3357,4,37.8000,78.0000,-36.5000,0.022170,0.018930,-0.049630,0.007788,0.013900,-0.021480,0.022170,0.018933,-0.049629,0.007788,0.013896,-0.021481,4.210130e-06,0.000123
3358,4,46.2000,78.0000,-36.5000,0.020090,0.017910,-0.053280,0.007006,0.014150,-0.018500,0.020085,0.017911,-0.053280,0.007006,0.014145,-0.018501,4.965461e-06,0.000145
3359,4,54.6000,78.0000,-36.5000,0.018590,0.017300,-0.056150,0.006226,0.014380,-0.015940,0.018586,0.017299,-0.056154,0.006226,0.014384,-0.015943,4.457685e-06,0.000131
3360,4,63.0000,78.0000,-36.5000,0.017490,0.016950,-0.058440,0.005442,0.014610,-0.013540,0.017493,0.016948,-0.058442,0.005442,0.014614,-0.013537,3.843557e-06,0.000113
3361,4,71.4000,78.0000,-36.5000,0.016660,0.016740,-0.060270,0.004651,0.014830,-0.011180,0.016657,0.016744,-0.060267,0.004651,0.014828,-0.011183,4.128092e-06,0.000121
3362,4,79.8000,78.0000,-36.5000,0.015970,0.016610,-0.061710,0.003852,0.015020,-0.008852,0.015966,0.016609,-0.061712,0.003852,0.015019,-0.008852,3.618927e-06,0.000106
3363,4,88.2000,78.0000,-36.5000,0.015350,0.016490,-0.062830,0.003046,0.015180,-0.006547,0.015348,0.016489,-0.062833,0.003046,0.015181,-0.006547,3.476917e-06,0.000102
3364,4,96.6000,78.0000,-36.5000,0.014770,0.016360,-0.063660,0.002235,0.015310,-0.004279,0.014765,0.016356,-0.063663,0.002235,0.015309,-0.004279,4.981017e-06,0.000146
3365,4,105.0000,78.0000,-36.5000,0.014200,0.016200,-0.064220,0.001423,0.015400,-0.002062,0.014203,0.016197,-0.064219,0.001423,0.015398,-0.002062,3.075807e-06,0.000090
3366,4,113.4000,78.0000,-36.5000,0.013650,0.016000,-0.064520,0.000615,0.015450,0.000096,0.013655,0.016004,-0.064516,0.000615,0.015449,0.000096,4.854548e-06,0.000142
3367,4,121.8000,78.0000,-36.5000,0.013120,0.015770,-0.064570,-0.000187,0.015460,0.002185,0.013116,0.015771,-0.064571,-0.000187,0.015460,0.002185,4.463508e-06,0.000131
3368,4,130.2000,78.0000,-36.5000,0.012590,0.015500,-0.064390,-0.000978,0.015430,0.004194,0.012591,0.015498,-0.064393,-0.000978,0.015432,0.004194,3.157776e-06,0.000093
3369,4,138.6000,78.0000,-36.5000,0.012080,0.015180,-0.064000,-0.001754,0.015370,0.006092,0.012080,0.015180,-0.064002,-0.001754,0.015369,0.006092,1.837944e-06,0.000054
3370,4,147.0000,78.0000,-36.5000,0.011630,0.014850,-0.063390,-0.002513,0.015280,0.007850,0.011632,0.014846,-0.063388,-0.002513,0.015279,0.007850,3.758178e-06,0.000110
3371,4,155.4000,78.0000,-36.5000,0.011320,0.014530,-0.062530,-0.003254,0.015170,0.009474,0.011317,0.014531,-0.062534,-0.003254,0.015167,0.009474,3.545950e-06,0.000104
3372,4,163.8000,78.0000,-36.5000,0.011160,0.014250,-0.061440,-0.003982,0.015040,0.011030,0.011160,0.014252,-0.061440,-0.003982,0.015036,0.011028,4.447928e-06,0.000130
3373,4,4.2000,90.0000,-36.5000,0.023010,0.023820,-0.026450,0.012790,0.013830,-0.051990,0.023007,0.023816,-0.026448,0.012793,0.013826,-0.051994,4.032187e-06,0.000118
3374,4,12.6000,90.0000,-36.5000,0.030370,0.027930,-0.028900,0.011950,0.014670,-0.040420,0.030368,0.027932,-0.028900,0.011954,0.014668,-0.040421,3.680551e-06,0.000108
3375,4,21.0000,90.0000,-36.5000,0.030310,0.027840,-0.034060,0.011020,0.015260,-0.030870,0.030315,0.027836,-0.034058,0.011025,0.015260,-0.030875,4.980685e-06,0.000146
3376,4,29.4000,90.0000,-36.5000,0.027670,0.026450,-0.039390,0.010080,0.015710,-0.024890,0.027675,0.026453,-0.039389,0.010083,0.015708,-0.024891,4.980402e-06,0.000146
3377,4,37.8000,90.0000,-36.5000,0.025460,0.025530,-0.043560,0.009148,0.016080,-0.021060,0.025460,0.025528,-0.043559,0.009148,0.016084,-0.021059,3.710935e-06,0.000109
3378,4,46.2000,90.0000,-36.5000,0.023730,0.024960,-0.046880,0.008221,0.016430,-0.018110,0.023729,0.024963,-0.046883,0.008221,0.016426,-0.018107,3.773551e-06,0.000111
3379,4,54.6000,90.0000,-36.5000,0.022500,0.024710,-0.049500,0.007297,0.016750,-0.015570,0.022497,0.024714,-0.049500,0.007297,0.016749,-0.015567,3.892290e-06,0.000114
3380,4,63.0000,90.0000,-36.5000,0.021610,0.024650,-0.051580,0.006367,0.017050,-0.013190,0.021607,0.024650,-0.051581,0.006367,0.017053,-0.013185,4.823925e-06,0.000141
3381,4,71.4000,90.0000,-36.5000,0.020920,0.024670,-0.053240,0.005430,0.017330,-0.010870,0.020925,0.024672,-0.053241,0.005430,0.017331,-0.010865,4.818957e-06,0.000141
3382,4,79.8000,90.0000,-36.5000,0.020350,0.024710,-0.054560,0.004484,0.017570,-0.008579,0.020350,0.024708,-0.054558,0.004484,0.017574,-0.008579,3.682851e-06,0.000108
3383,4,88.2000,90.0000,-36.5000,0.019820,0.024710,-0.055580,0.003531,0.017780,-0.006327,0.019819,0.024712,-0.055582,0.003531,0.017775,-0.006327,4.895123e-06,0.000143
3384,4,96.6000,90.0000,-36.5000,0.019300,0.024660,-0.056340,0.002575,0.017930,-0.004119,0.019299,0.024662,-0.056343,0.002575,0.017929,-0.004119,2.929576e-06,0.000086
3385,4,105.0000,90.0000,-36.5000,0.018780,0.024550,-0.056860,0.001620,0.018030,-0.001964,0.018780,0.024547,-0.056857,0.001620,0.018033,-0.001964,3.434985e-06,0.000101
3386,4,113.4000,90.0000,-36.5000,0.018250,0.024360,-0.057140,0.000670,0.018080,0.000131,0.018255,0.024361,-0.057140,0.000670,0.018084,0.000131,4.894236e-06,0.000143
3387,4,121.8000,90.0000,-36.5000,0.017720,0.024100,-0.057200,-0.000270,0.018080,0.002158,0.017721,0.024100,-0.057204,-0.000270,0.018082,0.002158,4.281037e-06,0.000125
3388,4,130.2000,90.0000,-36.5000,0.017180,0.023760,-0.057060,-0.001197,0.018030,0.004107,0.017181,0.023764,-0.057062,-0.001197,0.018030,0.004107,4.316811e-06,0.000126
3389,4,138.6000,90.0000,-36.5000,0.016640,0.023350,-0.056730,-0.002105,0.017930,0.005950,0.016637,0.023351,-0.056730,-0.002105,0.017928,0.005950,3.074517e-06,0.000090
3390,4,147.0000,90.0000,-36.5000,0.016140,0.022890,-0.056200,-0.002993,0.017780,0.007660,0.016136,0.022889,-0.056199,-0.002993,0.017780,0.007660,3.825414e-06,0.000112
3391,4,155.4000,90.0000,-36.5000,0.015740,0.022410,-0.055450,-0.003859,0.017590,0.009246,0.015744,0.022414,-0.055449,-0.003859,0.017589,0.009246,4.116769e-06,0.000121
3392,4,163.8000,90.0000,-36.5000,0.015480,0.021950,-0.054480,-0.004701,0.017370,0.010770,0.015484,0.021945,-0.054482,-0.004701,0.017366,0.010767,4.944414e-06,0.000145
3393,4,4.2000,102.0000,-36.5000,0.025460,0.028860,-0.020740,0.015150,0.019280,-0.050100,0.025465,0.028860,-0.020738,0.015155,0.019278,-0.050100,4.861409e-06,0.000142
3394,4,12.6000,102.0000,-36.5000,0.033540,0.034390,-0.022150,0.014100,0.020750,-0.039040,0.033540,0.034394,-0.022146,0.014100,0.020751,-0.039038,4.446479e-06,0.000130
3395,4,21.0000,102.0000,-36.5000,0.034230,0.035420,-0.026440,0.012960,0.021880,-0.029840,0.034226,0.035421,-0.026442,0.012958,0.021881,-0.029837,3.592385e-06,0.000105
3396,4,29.4000,102.0000,-36.5000,0.032260,0.034940,-0.031070,0.011810,0.022770,-0.024060,0.032258,0.034939,-0.031072,0.011814,0.022772,-0.024063,4.355965e-06,0.000128
3397,4,37.8000,102.0000,-36.5000,0.030620,0.034740,-0.034670,0.010690,0.023510,-0.020340,0.030619,0.034741,-0.034671,0.010685,0.023513,-0.020343,4.550925e-06,0.000133
3398,4,46.2000,102.0000,-36.5000,0.029350,0.034750,-0.037540,0.009576,0.024170,-0.017450,0.029345,0.034753,-0.037537,0.009576,0.024167,-0.017454,4.584424e-06,0.000134
3399,4,54.6000,102.0000,-36.5000,0.028470,0.034960,-0.039790,0.008475,0.024760,-0.014970,0.028468,0.034961,-0.039786,0.008475,0.024761,-0.014966,4.369162e-06,0.000128
3400,4,63.0000,102.0000,-36.5000,0.027850,0.035260,-0.041570,0.007375,0.025300,-0.012640,0.027851,0.035259,-0.041571,0.007375,0.025297,-0.012641,3.238426e-06,0.000095
3401,4,71.4000,102.0000,-36.5000,0.027380,0.035560,-0.042990,0.006269,0.025770,-0.010390,0.027379,0.035564,-0.042993,0.006269,0.025769,-0.010390,4.100000e-06,0.000120
3402,4,79.8000,102.0000,-36.5000,0.026970,0.035820,-0.044120,0.005156,0.026170,-0.008184,0.026966,0.035817,-0.044124,0.005156,0.026167,-0.008184,3.866051e-06,0.000113
3403,4,88.2000,102.0000,-36.5000,0.026560,0.035980,-0.045010,0.004040,0.026480,-0.006022,0.026558,0.035980,-0.045007,0.004040,0.026485,-0.006022,4.502106e-06,0.000132
3404,4,96.6000,102.0000,-36.5000,0.026130,0.036040,-0.045670,0.002923,0.026720,-0.003908,0.026129,0.036035,-0.045669,0.002923,0.026715,-0.003908,4.984400e-06,0.000146
3405,4,105.0000,102.0000,-36.5000,0.025670,0.035980,-0.046130,0.001810,0.026860,-0.001850,0.025669,0.035976,-0.046126,0.001810,0.026856,-0.001850,4.156390e-06,0.000122
3406,4,113.4000,102.0000,-36.5000,0.025180,0.035800,-0.046390,0.000706,0.026910,0.000148,0.025177,0.035801,-0.046389,0.000706,0.026908,0.000148,2.716414e-06,0.000080
3407,4,121.8000,102.0000,-36.5000,0.024650,0.035510,-0.046470,-0.000384,0.026870,0.002079,0.024651,0.035509,-0.046471,-0.000384,0.026871,0.002079,1.057142e-06,0.000031
3408,4,130.2000,102.0000,-36.5000,0.024090,0.035100,-0.046380,-0.001457,0.026750,0.003935,0.024091,0.035100,-0.046383,-0.001457,0.026747,0.003935,3.056891e-06,0.000090
3409,4,138.6000,102.0000,-36.5000,0.023500,0.034570,-0.046140,-0.002508,0.026540,0.005689,0.023500,0.034575,-0.046140,-0.002508,0.026538,0.005689,4.838856e-06,0.000142
3410,4,147.0000,102.0000,-36.5000,0.022930,0.033970,-0.045720,-0.003533,0.026250,0.007311,0.022935,0.033968,-0.045725,-0.003533,0.026247,0.007311,4.749288e-06,0.000139
3411,4,155.4000,102.0000,-36.5000,0.022460,0.033330,-0.045110,-0.004530,0.025870,0.008817,0.022465,0.033328,-0.045114,-0.004530,0.025875,0.008817,4.784325e-06,0.000140
3412,4,163.8000,102.0000,-36.5000,0.022110,0.032670,-0.044310,-0.005494,0.025440,0.010290,0.022106,0.032665,-0.044309,-0.005494,0.025441,0.010288,4.555584e-06,0.000133
3413,4,4.2000,114.0000,-36.5000,0.025450,0.029210,-0.015710,0.018210,0.031120,-0.045900,0.025451,0.029213,-0.015713,0.018206,0.031115,-0.045900,4.926944e-06,0.000144
3414,4,12.6000,114.0000,-36.5000,0.033750,0.035510,-0.016160,0.016740,0.034810,-0.035940,0.033754,0.035508,-0.016160,0.016743,0.034808,-0.035942,4.317784e-06,0.000127
3415,4,21.0000,114.0000,-36.5000,0.035020,0.037290,-0.019540,0.015210,0.037440,-0.027640,0.035023,0.037290,-0.019541,0.015210,0.037440,-0.027637,3.364442e-06,0.000099
3416,4,29.4000,114.0000,-36.5000,0.033790,0.037520,-0.023340,0.013750,0.039340,-0.022350,0.033788,0.037516,-0.023337,0.013745,0.039341,-0.022354,4.569118e-06,0.000134
3417,4,37.8000,114.0000,-36.5000,0.032710,0.037830,-0.026310,0.012360,0.040880,-0.018880,0.032714,0.037830,-0.026308,0.012357,0.040879,-0.018878,3.552305e-06,0.000104
3418,4,46.2000,114.0000,-36.5000,0.031870,0.038220,-0.028680,0.011020,0.042220,-0.016150,0.031866,0.038216,-0.028685,0.011024,0.042223,-0.016151,4.642540e-06,0.000136
3419,4,54.6000,114.0000,-36.5000,0.031290,0.038690,-0.030550,0.009720,0.043420,-0.013800,0.031294,0.038689,-0.030554,0.009720,0.043417,-0.013799,4.356752e-06,0.000128
3420,4,63.0000,114.0000,-36.5000,0.030900,0.039170,-0.032040,0.008427,0.044470,-0.011620,0.030895,0.039174,-0.032041,0.008427,0.044469,-0.011619,4.642404e-06,0.000136
3421,4,71.4000,114.0000,-36.5000,0.030580,0.039610,-0.033230,0.007136,0.045370,-0.009526,0.030583,0.039613,-0.033229,0.007136,0.045370,-0.009526,3.332715e-06,0.000098
3422,4,79.8000,114.0000,-36.5000,0.030290,0.039960,-0.034170,0.005843,0.046110,-0.007491,0.030293,0.039964,-0.034175,0.005843,0.046108,-0.007491,4.688429e-06,0.000137
3423,4,88.2000,114.0000,-36.5000,0.029980,0.040200,-0.034920,0.004551,0.046680,-0.005506,0.029983,0.040198,-0.034917,0.004551,0.046677,-0.005506,3.428209e-06,0.000100
3424,4,96.6000,114.0000,-36.5000,0.029630,0.040300,-0.035480,0.003264,0.047070,-0.003574,0.029633,0.040304,-0.035477,0.003264,0.047073,-0.003574,3.940889e-06,0.000115
3425,4,105.0000,114.0000,-36.5000,0.029240,0.040280,-0.035870,0.001986,0.047300,-0.001696,0.029236,0.040277,-0.035871,0.001986,0.047296,-0.001696,3.893472e-06,0.000114
3426,4,113.4000,114.0000,-36.5000,0.028790,0.040120,-0.036110,0.000722,0.047350,0.000124,0.028790,0.040117,-0.036109,0.000722,0.047349,0.000124,2.955702e-06,0.000087
3427,4,121.8000,114.0000,-36.5000,0.028300,0.039830,-0.036200,-0.000523,0.047240,0.001881,0.028296,0.039826,-0.036201,-0.000523,0.047236,0.001881,4.490967e-06,0.000132
3428,4,130.2000,114.0000,-36.5000,0.027750,0.039410,-0.036160,-0.001746,0.046960,0.003568,0.027754,0.039406,-0.036156,-0.001746,0.046961,0.003568,4.246972e-06,0.000124
3429,4,138.6000,114.0000,-36.5000,0.027160,0.038860,-0.035990,-0.002940,0.046530,0.005160,0.027165,0.038856,-0.035989,-0.002940,0.046530,0.005160,4.913370e-06,0.000144
3430,4,147.0000,114.0000,-36.5000,0.026590,0.038220,-0.035680,-0.004103,0.045950,0.006628,0.026592,0.038219,-0.035678,-0.004103,0.045953,0.006628,3.383547e-06,0.000099
3431,4,155.4000,114.0000,-36.5000,0.026120,0.037550,-0.035190,-0.005230,0.045240,0.007987,0.026118,0.037552,-0.035188,-0.005230,0.045239,0.007987,2.160734e-06,0.000063
3432,4,163.8000,114.0000,-36.5000,0.025770,0.036880,-0.034510,-0.006320,0.044390,0.009335,0.025770,0.036877,-0.034509,-0.006320,0.044393,0.009335,2.879420e-06,0.000084
3433,2,4.2000,132.0000,-2.0000,-0.350700,-0.368000,-0.775900,0.052110,0.188500,0.044700,-0.350739,-0.368010,-0.775883,0.052110,0.188469,0.044697,3.930176e-05,0.001152
3434,2,12.6000,132.0000,-2.0000,-0.288500,-0.265000,-0.595400,0.049080,0.177700,0.001390,-0.288469,-0.265018,-0.595428,0.049079,0.177660,0.001390,3.999943e-05,0.001172
3435,2,21.0000,132.0000,-2.0000,-0.292400,-0.277300,-0.630300,0.051970,0.176000,-0.001199,-0.292415,-0.277331,-0.630278,0.051972,0.175976,-0.001199,3.070637e-05,0.000900
3436,2,29.4000,132.0000,-2.0000,-0.292800,-0.278200,-0.639800,0.052230,0.181000,0.000702,-0.292846,-0.278238,-0.639841,0.052228,0.180964,0.000702,4.639350e-05,0.001359
3437,2,37.8000,132.0000,-2.0000,-0.292300,-0.283800,-0.661500,0.051750,0.186300,0.000373,-0.292261,-0.283773,-0.661547,0.051753,0.186321,0.000373,4.749353e-05,0.001392
3438,2,46.2000,132.0000,-2.0000,-0.290800,-0.289100,-0.683300,0.049860,0.192000,0.000563,-0.290823,-0.289079,-0.683251,0.049864,0.192010,0.000563,4.931069e-05,0.001445
3439,2,54.6000,132.0000,-2.0000,-0.290100,-0.294600,-0.704500,0.046560,0.197400,0.000191,-0.290137,-0.294644,-0.704526,0.046561,0.197446,0.000191,4.643079e-05,0.001360
3440,2,63.0000,132.0000,-2.0000,-0.290500,-0.299800,-0.723200,0.042140,0.202300,-0.000017,-0.290547,-0.299765,-0.723188,0.042143,0.202303,-0.000017,4.683561e-05,0.001372
3441,2,71.4000,132.0000,-2.0000,-0.291600,-0.304100,-0.738700,0.036960,0.206400,-0.000121,-0.291574,-0.304057,-0.738671,0.036959,0.206399,-0.000121,4.289444e-05,0.001257
3442,2,79.8000,132.0000,-2.0000,-0.292800,-0.307300,-0.750800,0.031280,0.209600,-0.000130,-0.292768,-0.307329,-0.750770,0.031281,0.209644,-0.000130,4.430945e-05,0.001298
3443,2,88.2000,132.0000,-2.0000,-0.293700,-0.309500,-0.759600,0.025300,0.212000,-0.000060,-0.293733,-0.309526,-0.759571,0.025300,0.212014,-0.000060,3.298418e-05,0.000966
3444,2,96.6000,132.0000,-2.0000,-0.294100,-0.310600,-0.765200,0.019140,0.213500,0.000081,-0.294137,-0.310610,-0.765210,0.019142,0.213533,0.000081,3.746792e-05,0.001098
3445,2,105.0000,132.0000,-2.0000,-0.293800,-0.310600,-0.767900,0.012870,0.214200,0.000254,-0.293753,-0.310586,-0.767850,0.012874,0.214228,0.000254,4.999005e-05,0.001465
3446,2,113.4000,132.0000,-2.0000,-0.292500,-0.309500,-0.767700,0.006542,0.214100,0.000460,-0.292487,-0.309511,-0.767672,0.006542,0.214131,0.000460,3.060582e-05,0.000897
3447,2,121.8000,132.0000,-2.0000,-0.290200,-0.307400,-0.764700,0.000168,0.213300,0.000654,-0.290240,-0.307377,-0.764727,0.000168,0.213268,0.000654,4.023717e-05,0.001179
3448,2,130.2000,132.0000,-2.0000,-0.286900,-0.304200,-0.759200,-0.006228,0.211600,0.000905,-0.286938,-0.304204,-0.759151,-0.006228,0.211640,0.000905,4.882188e-05,0.001430
3449,2,138.6000,132.0000,-2.0000,-0.282500,-0.299800,-0.750500,-0.012620,0.209300,0.001085,-0.282528,-0.299782,-0.750497,-0.012622,0.209284,0.001085,2.821526e-05,0.000827
3450,2,147.0000,132.0000,-2.0000,-0.277400,-0.295200,-0.740900,-0.019100,0.206100,0.001244,-0.277446,-0.295154,-0.740906,-0.019099,0.206051,0.001244,4.942210e-05,0.001448
3451,2,155.4000,132.0000,-2.0000,-0.268400,-0.284900,-0.720400,-0.025410,0.201700,0.003416,-0.268435,-0.284944,-0.720442,-0.025415,0.201726,0.003416,4.437826e-05,0.001300
3452,2,163.8000,132.0000,-2.0000,-0.270100,-0.287000,-0.719700,-0.031370,0.200200,-0.005206,-0.270101,-0.286968,-0.719678,-0.031372,0.200218,-0.005206,3.157958e-05,0.000925
3453,2,4.2000,156.0000,-2.0000,0.275400,0.269000,0.265400,0.055300,-0.078380,-0.007740,0.275443,0.268984,0.265412,0.055304,-0.078379,-0.007740,4.263683e-05,0.001249
3454,2,12.6000,156.0000,-2.0000,0.258500,0.256000,0.226600,0.053070,-0.077240,-0.000774,0.258494,0.256020,0.226566,0.053069,-0.077241,-0.000774,3.446052e-05,0.001010
3455,2,21.0000,156.0000,-2.0000,0.267500,0.269500,0.228600,0.052200,-0.076130,0.003087,0.267456,0.269523,0.228588,0.052196,-0.076131,0.003087,4.389303e-05,0.001286
3456,2,29.4000,156.0000,-2.0000,0.280900,0.283500,0.235800,0.052010,-0.077700,0.003250,0.280886,0.283475,0.235820,0.052013,-0.077704,0.003250,2.534570e-05,0.000743
3457,2,37.8000,156.0000,-2.0000,0.296300,0.296700,0.242800,0.051120,-0.080270,0.003503,0.296297,0.296711,0.242777,0.051116,-0.080268,0.003503,2.327526e-05,0.000682
3458,2,46.2000,156.0000,-2.0000,0.312400,0.309700,0.251000,0.049040,-0.083200,0.003360,0.312357,0.309660,0.251000,0.049040,-0.083201,0.003360,4.321256e-05,0.001266
3459,2,54.6000,156.0000,-2.0000,0.327300,0.321200,0.258600,0.045780,-0.086050,0.002936,0.327273,0.321244,0.258634,0.045777,-0.086045,0.002936,4.388540e-05,0.001286
3460,2,63.0000,156.0000,-2.0000,0.340200,0.331300,0.265500,0.041530,-0.088550,0.002429,0.340172,0.331274,0.265467,0.041528,-0.088552,0.002429,3.332185e-05,0.000976
3461,2,71.4000,156.0000,-2.0000,0.350700,0.339600,0.271100,0.036530,-0.090630,0.001916,0.350736,0.339582,0.271107,0.036535,-0.090627,0.001916,3.636185e-05,0.001065
3462,2,79.8000,156.0000,-2.0000,0.359000,0.346200,0.275500,0.031010,-0.092250,0.001441,0.358978,0.346207,0.275537,0.031006,-0.092247,0.001441,3.679640e-05,0.001078
3463,2,88.2000,156.0000,-2.0000,0.365100,0.351200,0.278800,0.025120,-0.093420,0.001018,0.365094,0.351236,0.278776,0.025120,-0.093417,0.001018,3.609888e-05,0.001058
3464,2,96.6000,156.0000,-2.0000,0.369300,0.354700,0.280900,0.019010,-0.094180,0.000650,0.369287,0.354739,0.280867,0.019009,-0.094181,0.000650,3.922226e-05,0.001149
3465,2,105.0000,156.0000,-2.0000,0.371700,0.356800,0.281800,0.012750,-0.094560,0.000329,0.371720,0.356765,0.281836,0.012749,-0.094558,0.000329,3.569991e-05,0.001046
3466,2,113.4000,156.0000,-2.0000,0.372600,0.357400,0.281700,0.006402,-0.094560,0.000037,0.372602,0.357413,0.281748,0.006402,-0.094562,0.000037,4.788783e-05,0.001403
3467,2,121.8000,156.0000,-2.0000,0.372000,0.356800,0.280700,0.000004,-0.094220,-0.000232,0.372041,0.356754,0.280668,0.000004,-0.094221,-0.000232,4.580795e-05,0.001342
3468,2,130.2000,156.0000,-2.0000,0.370100,0.354800,0.278600,-0.006408,-0.093550,-0.000497,0.370092,0.354791,0.278557,-0.006408,-0.093552,-0.000497,4.314286e-05,0.001264
3469,2,138.6000,156.0000,-2.0000,0.366800,0.351600,0.275500,-0.012800,-0.092550,-0.000740,0.366787,0.351590,0.275512,-0.012801,-0.092545,-0.000740,1.307849e-05,0.000383
3470,2,147.0000,156.0000,-2.0000,0.362200,0.347300,0.271500,-0.019130,-0.091160,-0.001083,0.362179,0.347269,0.271478,-0.019131,-0.091163,-0.001083,3.100318e-05,0.000908
3471,2,155.4000,156.0000,-2.0000,0.355200,0.340800,0.265100,-0.025350,-0.089400,-0.001639,0.355215,0.340831,0.265123,-0.025350,-0.089401,-0.001639,3.107812e-05,0.000911
3472,2,163.8000,156.0000,-2.0000,0.350500,0.336600,0.263600,-0.031400,-0.088560,-0.000144,0.350465,0.336564,0.263623,-0.031399,-0.088557,-0.000144,3.622409e-05,0.001061
3473,2,4.2000,180.0000,-2.0000,0.038310,0.056860,-0.090620,0.055400,0.032530,0.004356,0.038307,0.056859,-0.090620,0.055396,0.032532,0.004356,3.750433e-06,0.000110
3474,2,12.6000,180.0000,-2.0000,0.053670,0.067420,-0.082980,0.056510,0.033000,0.002962,0.053674,0.067419,-0.082985,0.056512,0.032999,0.002962,4.853548e-06,0.000142
3475,2,21.0000,180.0000,-2.0000,0.061320,0.073840,-0.082810,0.054450,0.032340,0.001905,0.061316,0.073837,-0.082807,0.054448,0.032336,0.001905,3.825338e-06,0.000112
3476,2,29.4000,180.0000,-2.0000,0.068250,0.081060,-0.085320,0.052380,0.032470,0.001766,0.068250,0.081062,-0.085317,0.052385,0.032467,0.001766,4.500537e-06,0.000132
3477,2,37.8000,180.0000,-2.0000,0.074710,0.087520,-0.087690,0.049890,0.033080,0.001563,0.074710,0.087515,-0.087693,0.049893,0.033083,0.001563,4.620310e-06,0.000135
3478,2,46.2000,180.0000,-2.0000,0.080440,0.092740,-0.090510,0.046830,0.033900,0.001366,0.080438,0.092743,-0.090513,0.046830,0.033897,0.001366,2.883539e-06,0.000084
3479,2,54.6000,180.0000,-2.0000,0.085620,0.097080,-0.093200,0.043150,0.034720,0.001173,0.085620,0.097080,-0.093196,0.043146,0.034720,0.001173,4.432136e-06,0.000130
3480,2,63.0000,180.0000,-2.0000,0.090150,0.100700,-0.095610,0.038860,0.035470,0.000974,0.090150,0.100659,-0.095610,0.038857,0.035470,0.000974,4.117297e-05,0.001206
3481,2,71.4000,180.0000,-2.0000,0.094010,0.103600,-0.097650,0.034030,0.036120,0.000778,0.094006,0.103605,-0.097652,0.034034,0.036116,0.000778,4.842328e-06,0.000142
3482,2,79.8000,180.0000,-2.0000,0.097160,0.106000,-0.099290,0.028800,0.036630,0.000587,0.097158,0.105985,-0.099290,0.028799,0.036626,0.000587,1.548380e-05,0.000454
3483,2,88.2000,180.0000,-2.0000,0.099680,0.107900,-0.100500,0.023260,0.037000,0.000421,0.099676,0.107903,-0.100459,0.023259,0.036995,0.000422,4.083772e-05,0.001197
3484,2,96.6000,180.0000,-2.0000,0.101600,0.109400,-0.101200,0.017490,0.037230,0.000268,0.101592,0.109382,-0.101186,0.017492,0.037231,0.000268,1.752471e-05,0.000513
3485,2,105.0000,180.0000,-2.0000,0.102900,0.110400,-0.101500,0.011590,0.037330,0.000135,0.102904,0.110398,-0.101539,0.011587,0.037329,0.000136,3.920152e-05,0.001149
3486,2,113.4000,180.0000,-2.0000,0.103700,0.111000,-0.101500,0.005606,0.037300,0.000016,0.103697,0.110994,-0.101506,0.005606,0.037296,0.000016,5.907091e-06,0.000173
3487,2,121.8000,180.0000,-2.0000,0.104000,0.111200,-0.101100,-0.000408,0.037140,-0.000086,0.104008,0.111177,-0.101118,-0.000408,0.037141,-0.000086,2.322226e-05,0.000680
3488,2,130.2000,180.0000,-2.0000,0.103900,0.111000,-0.100400,-0.006416,0.036860,-0.000186,0.103858,0.110978,-0.100368,-0.006416,0.036859,-0.000186,4.228882e-05,0.001239
3489,2,138.6000,180.0000,-2.0000,0.103200,0.110400,-0.099300,-0.012370,0.036440,-0.000292,0.103236,0.110397,-0.099299,-0.012373,0.036445,-0.000292,3.579754e-05,0.001049
3490,2,147.0000,180.0000,-2.0000,0.102200,0.109400,-0.097780,-0.018210,0.035900,-0.000366,0.102174,0.109436,-0.097783,-0.018212,0.035899,-0.000366,3.571644e-05,0.001046
3491,2,155.4000,180.0000,-2.0000,0.100800,0.108200,-0.095850,-0.024010,0.035260,-0.000449,0.100811,0.108200,-0.095849,-0.024008,0.035263,-0.000449,1.082745e-05,0.000317
3492,2,163.8000,180.0000,-2.0000,0.097900,0.106100,-0.094630,-0.029620,0.034910,-0.000826,0.097897,0.106089,-0.094634,-0.029618,0.034909,-0.000826,1.145795e-05,0.000336
3493,2,4.2000,204.0000,-2.0000,0.108700,0.107900,0.033180,0.047160,-0.017110,-0.000159,0.108728,0.107937,0.033176,0.047163,-0.017112,-0.000159,3.746435e-05,0.001098
3494,2,12.6000,204.0000,-2.0000,0.114900,0.116700,0.033320,0.046510,-0.018290,0.000339,0.114895,0.116735,0.033320,0.046508,-0.018287,0.000339,3.526827e-05,0.001033
3495,2,21.0000,204.0000,-2.0000,0.122700,0.123500,0.033450,0.046220,-0.018750,0.000611,0.122728,0.123503,0.033451,0.046220,-0.018745,0.000611,2.759489e-05,0.000809
3496,2,29.4000,204.0000,-2.0000,0.130100,0.129000,0.034190,0.044420,-0.019400,0.000550,0.130099,0.128983,0.034192,0.044418,-0.019397,0.000550,1.725538e-05,0.000506
3497,2,37.8000,204.0000,-2.0000,0.137200,0.134500,0.035100,0.041890,-0.020220,0.000476,0.137209,0.134538,0.035102,0.041887,-0.020224,0.000476,3.753530e-05,0.001100
3498,2,46.2000,204.0000,-2.0000,0.144000,0.139900,0.036230,0.038850,-0.021060,0.000408,0.144018,0.139930,0.036234,0.038848,-0.021059,0.000408,2.989045e-05,0.000876
3499,2,54.6000,204.0000,-2.0000,0.150300,0.144900,0.037390,0.035390,-0.021830,0.000325,0.150305,0.144892,0.037386,0.035394,-0.021829,0.000325,7.943448e-06,0.000233
3500,2,63.0000,204.0000,-2.0000,0.155900,0.149200,0.038380,0.031580,-0.022500,0.000251,0.155890,0.149214,0.038381,0.031584,-0.022502,0.000251,1.404956e-05,0.000412
3501,2,71.4000,204.0000,-2.0000,0.160700,0.152900,0.039200,0.027470,-0.023060,0.000198,0.160700,0.152864,0.039201,0.027467,-0.023055,0.000198,3.552047e-05,0.001041
3502,2,79.8000,204.0000,-2.0000,0.164700,0.155900,0.039850,0.023100,-0.023480,0.000129,0.164705,0.155857,0.039848,0.023101,-0.023485,0.000129,4.294522e-05,0.001258
3503,2,88.2000,204.0000,-2.0000,0.167900,0.158200,0.040350,0.018540,-0.023800,0.000076,0.167904,0.158200,0.040350,0.018541,-0.023803,0.000076,4.226477e-06,0.000124
3504,2,96.6000,204.0000,-2.0000,0.170300,0.159900,0.040690,0.013840,-0.024020,0.000029,0.170265,0.159890,0.040687,0.013844,-0.024020,0.000029,3.513921e-05,0.001030
3505,2,105.0000,204.0000,-2.0000,0.171800,0.161000,0.040850,0.009064,-0.024130,-0.000014,0.171807,0.160956,0.040853,0.009064,-0.024133,-0.000014,4.434044e-05,0.001299
3506,2,113.4000,204.0000,-2.0000,0.172600,0.161400,0.040870,0.004235,-0.024150,-0.000039,0.172564,0.161425,0.040870,0.004235,-0.024147,-0.000039,3.631380e-05,0.001064
3507,2,121.8000,204.0000,-2.0000,0.172500,0.161300,0.040730,-0.000603,-0.024070,-0.000059,0.172542,0.161303,0.040729,-0.000603,-0.024073,-0.000059,4.245631e-05,0.001244
3508,2,130.2000,204.0000,-2.0000,0.171800,0.160600,0.040440,-0.005413,-0.023910,-0.000071,0.171758,0.160608,0.040438,-0.005413,-0.023909,-0.000071,4.161346e-05,0.001219
3509,2,138.6000,204.0000,-2.0000,0.170200,0.159300,0.039990,-0.010170,-0.023660,-0.000099,0.170216,0.159348,0.039988,-0.010170,-0.023660,-0.000099,4.782772e-05,0.001401
3510,2,147.0000,204.0000,-2.0000,0.168000,0.157600,0.039410,-0.014870,-0.023320,-0.000125,0.167970,0.157595,0.039407,-0.014867,-0.023322,-0.000125,2.996849e-05,0.000878
3511,2,155.4000,204.0000,-2.0000,0.164900,0.155300,0.038670,-0.019400,-0.022920,-0.000170,0.164936,0.155331,0.038674,-0.019401,-0.022918,-0.000170,3.592200e-05,0.001053
3512,2,163.8000,204.0000,-2.0000,0.161500,0.152700,0.038260,-0.023760,-0.022530,-0.000085,0.161511,0.152705,0.038256,-0.023757,-0.022535,-0.000085,1.100146e-05,0.000322
3513,2,4.2000,228.0000,-2.0000,0.053110,0.023460,-0.011690,0.023690,-0.002267,-0.001673,0.053113,0.023456,-0.011692,0.023693,-0.002267,-0.001673,4.431475e-06,0.000130
3514,2,12.6000,228.0000,-2.0000,0.059260,0.023580,-0.012290,0.023190,-0.002517,-0.001716,0.059257,0.023583,-0.012291,0.023185,-0.002517,-0.001716,4.534810e-06,0.000133
3515,2,21.0000,228.0000,-2.0000,0.065400,0.025440,-0.012570,0.022190,-0.002926,-0.001647,0.065403,0.025435,-0.012568,0.022188,-0.002926,-0.001647,4.967848e-06,0.000146
3516,2,29.4000,228.0000,-2.0000,0.071690,0.027310,-0.012920,0.021220,-0.003271,-0.001521,0.071694,0.027313,-0.012915,0.021221,-0.003271,-0.001521,4.798309e-06,0.000141
3517,2,37.8000,228.0000,-2.0000,0.077710,0.028650,-0.013380,0.020000,-0.003524,-0.001416,0.077714,0.028653,-0.013376,0.019997,-0.003524,-0.001416,4.187403e-06,0.000123
3518,2,46.2000,228.0000,-2.0000,0.083390,0.029910,-0.013760,0.018520,-0.003733,-0.001328,0.083394,0.029905,-0.013756,0.018515,-0.003733,-0.001328,4.609908e-06,0.000135
3519,2,54.6000,228.0000,-2.0000,0.088570,0.031040,-0.014110,0.016800,-0.003917,-0.001201,0.088569,0.031036,-0.014112,0.016800,-0.003917,-0.001201,4.212265e-06,0.000123
3520,2,63.0000,228.0000,-2.0000,0.093190,0.032030,-0.014450,0.014920,-0.004081,-0.001074,0.093186,0.032034,-0.014446,0.014916,-0.004081,-0.001074,4.468049e-06,0.000131
3521,2,71.4000,228.0000,-2.0000,0.097150,0.032850,-0.014810,0.012920,-0.004214,-0.000955,0.097149,0.032848,-0.014809,0.012919,-0.004214,-0.000955,1.941817e-06,0.000057
3522,2,79.8000,228.0000,-2.0000,0.100500,0.033530,-0.015120,0.010820,-0.004321,-0.000807,0.100491,0.033525,-0.015122,0.010822,-0.004321,-0.000807,8.990485e-06,0.000263
3523,2,88.2000,228.0000,-2.0000,0.103200,0.034110,-0.015320,0.008646,-0.004423,-0.000659,0.103232,0.034114,-0.015318,0.008646,-0.004423,-0.000659,3.215125e-05,0.000942
3524,2,96.6000,228.0000,-2.0000,0.105300,0.034590,-0.015440,0.006424,-0.004501,-0.000500,0.105333,0.034585,-0.015440,0.006424,-0.004501,-0.000500,3.272221e-05,0.000959
3525,2,105.0000,228.0000,-2.0000,0.106800,0.034930,-0.015500,0.004170,-0.004550,-0.000335,0.106801,0.034927,-0.015500,0.004170,-0.004550,-0.000335,2.787971e-06,0.000082
3526,2,113.4000,228.0000,-2.0000,0.107600,0.035120,-0.015510,0.001905,-0.004585,-0.000170,0.107598,0.035121,-0.015512,0.001905,-0.004585,-0.000170,1.987657e-06,0.000058
3527,2,121.8000,228.0000,-2.0000,0.107800,0.035200,-0.015460,-0.000351,-0.004604,0.000002,0.107753,0.035200,-0.015464,-0.000351,-0.004604,0.000002,4.669651e-05,0.001368
3528,2,130.2000,228.0000,-2.0000,0.107300,0.035170,-0.015370,-0.002587,-0.004609,0.000172,0.107284,0.035170,-0.015369,-0.002587,-0.004609,0.000172,1.562119e-05,0.000458
3529,2,138.6000,228.0000,-2.0000,0.106200,0.035010,-0.015240,-0.004799,-0.004592,0.000340,0.106177,0.035009,-0.015244,-0.004799,-0.004592,0.000340,2.288140e-05,0.000670
3530,2,147.0000,228.0000,-2.0000,0.104500,0.034730,-0.015040,-0.006964,-0.004558,0.000495,0.104451,0.034732,-0.015039,-0.006964,-0.004558,0.000495,4.893890e-05,0.001434
3531,2,155.4000,228.0000,-2.0000,0.102200,0.034280,-0.014830,-0.009090,-0.004510,0.000649,0.102152,0.034277,-0.014832,-0.009090,-0.004510,0.000649,4.792605e-05,0.001404
3532,2,163.8000,228.0000,-2.0000,0.099290,0.033850,-0.014450,-0.011150,-0.004421,0.000857,0.099295,0.033846,-0.014447,-0.011148,-0.004421,0.000857,4.817040e-06,0.000141
3533,3,4.2000,132.0000,-7.7500,-0.133800,-0.218800,-0.603500,0.122400,0.260500,-0.048420,-0.133768,-0.218808,-0.603499,0.122416,0.260516,-0.048418,3.178780e-05,0.000931
3534,3,12.6000,132.0000,-7.7500,-0.225900,-0.248000,-0.610800,0.087570,0.276900,0.007743,-0.225949,-0.248008,-0.610780,0.087574,0.276911,0.007743,4.909149e-05,0.001438
3535,3,21.0000,132.0000,-7.7500,-0.230700,-0.233000,-0.589500,0.079100,0.278100,-0.000408,-0.230703,-0.232993,-0.589539,0.079096,0.278134,-0.000408,3.870351e-05,0.001134
3536,3,29.4000,132.0000,-7.7500,-0.234200,-0.234700,-0.606500,0.076160,0.283600,0.001725,-0.234226,-0.234708,-0.606540,0.076163,0.283571,0.001725,4.007644e-05,0.001174
3537,3,37.8000,132.0000,-7.7500,-0.233500,-0.236400,-0.624400,0.072960,0.290600,0.002643,-0.233475,-0.236414,-0.624407,0.072964,0.290605,0.002643,2.457804e-05,0.000720
3538,3,46.2000,132.0000,-7.7500,-0.233800,-0.240900,-0.645900,0.068330,0.298100,0.001729,-0.233775,-0.240878,-0.645914,0.068329,0.298115,0.001729,2.518939e-05,0.000738
3539,3,54.6000,132.0000,-7.7500,-0.235000,-0.245700,-0.665800,0.062280,0.305600,0.000630,-0.235032,-0.245677,-0.665795,0.062283,0.305590,0.000630,3.241990e-05,0.000950
3540,3,63.0000,132.0000,-7.7500,-0.237000,-0.250300,-0.683300,0.055190,0.312500,-0.000224,-0.237011,-0.250270,-0.683285,0.055188,0.312511,-0.000224,2.976338e-05,0.000872
3541,3,71.4000,132.0000,-7.7500,-0.239300,-0.254200,-0.697700,0.047420,0.318500,-0.000628,-0.239328,-0.254190,-0.697739,0.047415,0.318497,-0.000628,3.870593e-05,0.001134
3542,3,79.8000,132.0000,-7.7500,-0.241600,-0.257200,-0.709000,0.039250,0.323300,-0.000666,-0.241565,-0.257224,-0.709033,0.039254,0.323319,-0.000666,3.495195e-05,0.001024
3543,3,88.2000,132.0000,-7.7500,-0.243400,-0.259300,-0.717300,0.030900,0.326900,-0.000414,-0.243418,-0.259310,-0.717258,0.030897,0.326877,-0.000414,4.236166e-05,0.001241
3544,3,96.6000,132.0000,-7.7500,-0.244700,-0.260400,-0.722500,0.022470,0.329200,0.000050,-0.244677,-0.260434,-0.722532,0.022471,0.329157,0.000050,4.251557e-05,0.001246
3545,3,105.0000,132.0000,-7.7500,-0.245100,-0.260600,-0.725000,0.014040,0.330200,0.000643,-0.245134,-0.260583,-0.724972,0.014040,0.330182,0.000643,3.433452e-05,0.001006
3546,3,113.4000,132.0000,-7.7500,-0.244700,-0.259800,-0.724700,0.005638,0.330000,0.001331,-0.244700,-0.259794,-0.724726,0.005638,0.329980,0.001331,2.569836e-05,0.000753
3547,3,121.8000,132.0000,-7.7500,-0.243400,-0.258100,-0.721900,-0.002717,0.328600,0.002079,-0.243357,-0.258121,-0.721937,-0.002717,0.328580,0.002079,4.257871e-05,0.001248
3548,3,130.2000,132.0000,-7.7500,-0.241000,-0.255500,-0.716500,-0.011010,0.326000,0.002827,-0.241026,-0.255480,-0.716510,-0.011006,0.326000,0.002827,2.586295e-05,0.000758
3549,3,138.6000,132.0000,-7.7500,-0.237900,-0.252100,-0.708800,-0.019210,0.322200,0.003534,-0.237879,-0.252055,-0.708787,-0.019209,0.322241,0.003534,4.549297e-05,0.001333
3550,3,147.0000,132.0000,-7.7500,-0.233500,-0.247100,-0.697500,-0.027220,0.317200,0.004631,-0.233481,-0.247120,-0.697493,-0.027224,0.317220,0.004631,2.003100e-05,0.000587
3551,3,155.4000,132.0000,-7.7500,-0.231200,-0.242800,-0.684800,-0.034550,0.311300,0.003850,-0.231175,-0.242772,-0.684802,-0.034547,0.311335,0.003850,3.462817e-05,0.001015
3552,3,163.8000,132.0000,-7.7500,-0.224800,-0.239100,-0.677600,-0.041570,0.307000,-0.000083,-0.224778,-0.239142,-0.677596,-0.041571,0.307017,-0.000083,4.213935e-05,0.001235
3553,3,4.2000,156.0000,-7.7500,0.102100,0.003110,0.112100,0.084220,-0.026910,0.004848,0.102099,0.003110,0.112072,0.084222,-0.026915,0.004848,2.827220e-05,0.000828
3554,3,12.6000,156.0000,-7.7500,0.117000,-0.003926,0.111700,0.079040,-0.024670,0.001802,0.117013,-0.003926,0.111706,0.079036,-0.024672,0.001802,1.260767e-05,0.000369
3555,3,21.0000,156.0000,-7.7500,0.121200,-0.006983,0.105900,0.073990,-0.021960,0.005520,0.121227,-0.006983,0.105878,0.073985,-0.021955,0.005520,2.670382e-05,0.000782
3556,3,29.4000,156.0000,-7.7500,0.127600,-0.006027,0.106000,0.069790,-0.021670,0.007927,0.127561,-0.006027,0.105983,0.069792,-0.021666,0.007927,3.857817e-05,0.001130
3557,3,37.8000,156.0000,-7.7500,0.135600,-0.004108,0.108600,0.065520,-0.022740,0.008627,0.135635,-0.004108,0.108600,0.065520,-0.022737,0.008627,3.512802e-05,0.001029
3558,3,46.2000,156.0000,-7.7500,0.143600,-0.002622,0.111600,0.060660,-0.024460,0.008171,0.143649,-0.002622,0.111648,0.060662,-0.024457,0.008171,4.855654e-05,0.001423
3559,3,54.6000,156.0000,-7.7500,0.151100,-0.001303,0.115100,0.055110,-0.026210,0.007147,0.151085,-0.001303,0.115075,0.055111,-0.026206,0.007147,2.526881e-05,0.000740
3560,3,63.0000,156.0000,-7.7500,0.157500,-0.000233,0.118200,0.048950,-0.027720,0.005866,0.157488,-0.000233,0.118239,0.048950,-0.027721,0.005866,3.888527e-05,0.001139
3561,3,71.4000,156.0000,-7.7500,0.162700,0.000659,0.120900,0.042320,-0.028920,0.004582,0.162717,0.000659,0.120940,0.042317,-0.028924,0.004582,4.039392e-05,0.001184
3562,3,79.8000,156.0000,-7.7500,0.166700,0.001396,0.123100,0.035340,-0.029830,0.003412,0.166744,0.001396,0.123063,0.035342,-0.029827,0.003412,4.412155e-05,0.001293
3563,3,88.2000,156.0000,-7.7500,0.169700,0.002037,0.124600,0.028140,-0.030470,0.002398,0.169695,0.002037,0.124616,0.028140,-0.030467,0.002398,1.632787e-05,0.000478
3564,3,96.6000,156.0000,-7.7500,0.171700,0.002592,0.125600,0.020800,-0.030890,0.001535,0.171675,0.002592,0.125617,0.020804,-0.030895,0.001535,2.464760e-05,0.000722
3565,3,105.0000,156.0000,-7.7500,0.172800,0.003092,0.126100,0.013400,-0.031150,0.000800,0.172825,0.003092,0.126118,0.013398,-0.031147,0.000800,2.494107e-05,0.000731
3566,3,113.4000,156.0000,-7.7500,0.173300,0.003559,0.126200,0.005976,-0.031250,0.000161,0.173256,0.003559,0.126150,0.005976,-0.031248,0.000161,4.980382e-05,0.001459
3567,3,121.8000,156.0000,-7.7500,0.173000,0.003973,0.125700,-0.001428,-0.031210,-0.000409,0.173003,0.003973,0.125687,-0.001428,-0.031214,-0.000409,1.265018e-05,0.000371
3568,3,130.2000,156.0000,-7.7500,0.172100,0.004368,0.124800,-0.008775,-0.031050,-0.000955,0.172147,0.004368,0.124775,-0.008775,-0.031046,-0.000955,4.734978e-05,0.001387
3569,3,138.6000,156.0000,-7.7500,0.170700,0.004699,0.123400,-0.016020,-0.030750,-0.001521,0.170656,0.004699,0.123351,-0.016024,-0.030751,-0.001521,4.911520e-05,0.001439
3570,3,147.0000,156.0000,-7.7500,0.168500,0.004935,0.121400,-0.023130,-0.030300,-0.002135,0.168528,0.004935,0.121362,-0.023130,-0.030296,-0.002135,3.766196e-05,0.001103
3571,3,155.4000,156.0000,-7.7500,0.166000,0.005065,0.119000,-0.030080,-0.029700,-0.002721,0.166025,0.005065,0.119008,-0.030079,-0.029695,-0.002721,2.543947e-05,0.000745
3572,3,163.8000,156.0000,-7.7500,0.162700,0.004865,0.117600,-0.036760,-0.029290,-0.002738,0.162661,0.004865,0.117573,-0.036755,-0.029286,-0.002738,3.948792e-05,0.001157
3573,3,4.2000,180.0000,-7.7500,0.093450,0.100300,-0.002849,0.064290,-0.005110,0.006553,0.093450,0.100348,-0.002849,0.064287,-0.005110,0.006553,4.840028e-05,0.001418
3574,3,12.6000,180.0000,-7.7500,0.103200,0.106500,-0.001076,0.065550,-0.007266,0.006178,0.103241,0.106461,-0.001076,0.065546,-0.007266,0.006178,4.103567e-05,0.001202
3575,3,21.0000,180.0000,-7.7500,0.111900,0.109800,-0.000114,0.063330,-0.008907,0.005737,0.111943,0.109826,-0.000114,0.063329,-0.008907,0.005737,4.347337e-05,0.001274
3576,3,29.4000,180.0000,-7.7500,0.119700,0.114000,0.000282,0.059960,-0.010460,0.005215,0.119714,0.113979,0.000282,0.059960,-0.010463,0.005215,2.099382e-05,0.000615
3577,3,37.8000,180.0000,-7.7500,0.126700,0.118400,0.000200,0.056050,-0.011830,0.004674,0.126700,0.118387,0.000200,0.056050,-0.011831,0.004674,1.291043e-05,0.000378
3578,3,46.2000,180.0000,-7.7500,0.133300,0.123000,0.000240,0.051680,-0.013020,0.004143,0.133276,0.122956,0.000240,0.051681,-0.013021,0.004143,4.353898e-05,0.001276
3579,3,54.6000,180.0000,-7.7500,0.139200,0.127200,0.000285,0.046870,-0.014060,0.003550,0.139208,0.127217,0.000285,0.046869,-0.014057,0.003550,1.686555e-05,0.000494
3580,3,63.0000,180.0000,-7.7500,0.144400,0.131000,0.000348,0.041650,-0.014930,0.002918,0.144398,0.130998,0.000348,0.041652,-0.014930,0.002918,1.993105e-06,0.000058
3581,3,71.4000,180.0000,-7.7500,0.148800,0.134200,0.000430,0.036080,-0.015620,0.002291,0.148778,0.134212,0.000430,0.036079,-0.015625,0.002291,2.175569e-05,0.000637
3582,3,79.8000,180.0000,-7.7500,0.152300,0.136800,0.000485,0.030220,-0.016150,0.001705,0.152282,0.136790,0.000485,0.030222,-0.016152,0.001705,1.811977e-05,0.000531
3583,3,88.2000,180.0000,-7.7500,0.155000,0.138800,0.000547,0.024160,-0.016540,0.001182,0.154970,0.138773,0.000547,0.024160,-0.016536,0.001182,3.017555e-05,0.000884
3584,3,96.6000,180.0000,-7.7500,0.156900,0.140200,0.000606,0.017950,-0.016790,0.000718,0.156873,0.140177,0.000605,0.017953,-0.016788,0.000718,2.726923e-05,0.000799
3585,3,105.0000,180.0000,-7.7500,0.158000,0.141000,0.000642,0.011670,-0.016930,0.000311,0.158035,0.141017,0.000642,0.011666,-0.016931,0.000311,3.545953e-05,0.001039
3586,3,113.4000,180.0000,-7.7500,0.158500,0.141300,0.000666,0.005347,-0.016980,-0.000046,0.158510,0.141320,0.000666,0.005347,-0.016979,-0.000046,2.035498e-05,0.000596
3587,3,121.8000,180.0000,-7.7500,0.158300,0.141100,0.000671,-0.000960,-0.016940,-0.000362,0.158337,0.141101,0.000671,-0.000960,-0.016937,-0.000362,3.708740e-05,0.001087
3588,3,130.2000,180.0000,-7.7500,0.157600,0.140400,0.000660,-0.007222,-0.016810,-0.000650,0.157560,0.140382,0.000660,-0.007222,-0.016815,-0.000650,4.015563e-05,0.001177
3589,3,138.6000,180.0000,-7.7500,0.156200,0.139200,0.000632,-0.013410,-0.016620,-0.000925,0.156168,0.139156,0.000632,-0.013406,-0.016621,-0.000925,4.438296e-05,0.001300
3590,3,147.0000,180.0000,-7.7500,0.154200,0.137400,0.000588,-0.019490,-0.016350,-0.001213,0.154182,0.137416,0.000588,-0.019491,-0.016346,-0.001213,1.825514e-05,0.000535
3591,3,155.4000,180.0000,-7.7500,0.151700,0.135300,0.000592,-0.025510,-0.016010,-0.001470,0.151651,0.135291,0.000592,-0.025506,-0.016007,-0.001470,4.935812e-05,0.001446
3592,3,163.8000,180.0000,-7.7500,0.148500,0.133100,0.000633,-0.031380,-0.015560,-0.001992,0.148520,0.133077,0.000633,-0.031380,-0.015558,-0.001992,2.316635e-05,0.000679
3593,3,4.2000,204.0000,-7.7500,0.056600,0.029860,-0.014320,0.049440,-0.006348,0.000084,0.056601,0.029864,-0.014320,0.049443,-0.006348,0.000084,4.223797e-06,0.000124
3594,3,12.6000,204.0000,-7.7500,0.061820,0.032300,-0.015380,0.048350,-0.007556,0.000784,0.061818,0.032305,-0.015385,0.048354,-0.007556,0.000784,4.689762e-06,0.000137
3595,3,21.0000,204.0000,-7.7500,0.068080,0.034840,-0.015730,0.047320,-0.009137,0.000885,0.068081,0.034843,-0.015732,0.047317,-0.009137,0.000885,3.080618e-06,0.000090
3596,3,29.4000,204.0000,-7.7500,0.073970,0.036720,-0.016150,0.045270,-0.010420,0.000802,0.073965,0.036724,-0.016150,0.045269,-0.010425,0.000802,4.969213e-06,0.000146
3597,3,37.8000,204.0000,-7.7500,0.079410,0.038480,-0.016490,0.042480,-0.011540,0.000664,0.079410,0.038480,-0.016490,0.042482,-0.011535,0.000664,4.841866e-06,0.000142
3598,3,46.2000,204.0000,-7.7500,0.084240,0.039990,-0.016930,0.039170,-0.012490,0.000504,0.084241,0.039986,-0.016927,0.039170,-0.012486,0.000504,4.163636e-06,0.000122
3599,3,54.6000,204.0000,-7.7500,0.088560,0.041350,-0.017370,0.035460,-0.013280,0.000328,0.088564,0.041351,-0.017368,0.035461,-0.013284,0.000328,3.961669e-06,0.000116
3600,3,63.0000,204.0000,-7.7500,0.092390,0.042580,-0.017770,0.031440,-0.013940,0.000174,0.092386,0.042577,-0.017769,0.031439,-0.013939,0.000174,4.229669e-06,0.000124
3601,3,71.4000,204.0000,-7.7500,0.095700,0.043670,-0.018080,0.027160,-0.014480,0.000057,0.095697,0.043674,-0.018077,0.027165,-0.014476,0.000057,4.690201e-06,0.000137
3602,3,79.8000,204.0000,-7.7500,0.098470,0.044630,-0.018300,0.022700,-0.014900,-0.000050,0.098472,0.044634,-0.018302,0.022704,-0.014896,-0.000050,4.077590e-06,0.000119
3603,3,88.2000,204.0000,-7.7500,0.100700,0.045440,-0.018460,0.018110,-0.015200,-0.000127,0.100712,0.045442,-0.018462,0.018105,-0.015204,-0.000127,1.203543e-05,0.000353
3604,3,96.6000,204.0000,-7.7500,0.102400,0.046100,-0.018550,0.013410,-0.015420,-0.000176,0.102419,0.046098,-0.018555,0.013415,-0.015422,-0.000176,1.917733e-05,0.000562
3605,3,105.0000,204.0000,-7.7500,0.103600,0.046580,-0.018600,0.008679,-0.015560,-0.000204,0.103576,0.046583,-0.018601,0.008679,-0.015556,-0.000204,2.394778e-05,0.000702
3606,3,113.4000,204.0000,-7.7500,0.104200,0.046910,-0.018590,0.003925,-0.015610,-0.000203,0.104213,0.046910,-0.018588,0.003925,-0.015608,-0.000203,1.316510e-05,0.000386
3607,3,121.8000,204.0000,-7.7500,0.104300,0.047070,-0.018520,-0.000819,-0.015590,-0.000183,0.104331,0.047072,-0.018520,-0.000818,-0.015590,-0.000183,3.119487e-05,0.000914
3608,3,130.2000,204.0000,-7.7500,0.104000,0.047100,-0.018370,-0.005522,-0.015510,-0.000147,0.103971,0.047096,-0.018370,-0.005522,-0.015510,-0.000147,2.902135e-05,0.000850
3609,3,138.6000,204.0000,-7.7500,0.103100,0.046950,-0.018180,-0.010170,-0.015370,-0.000110,0.103098,0.046949,-0.018184,-0.010172,-0.015369,-0.000110,4.014494e-06,0.000118
3610,3,147.0000,204.0000,-7.7500,0.101800,0.046670,-0.017940,-0.014750,-0.015170,-0.000077,0.101764,0.046672,-0.017943,-0.014748,-0.015172,-0.000077,3.621720e-05,0.001061
3611,3,155.4000,204.0000,-7.7500,0.099940,0.046260,-0.017650,-0.019190,-0.014890,-0.000055,0.099938,0.046259,-0.017649,-0.019190,-0.014892,-0.000055,1.801666e-06,0.000053
3612,3,163.8000,204.0000,-7.7500,0.097510,0.045480,-0.017360,-0.023490,-0.014510,0.000008,0.097513,0.045479,-0.017362,-0.023485,-0.014512,0.000008,4.552914e-06,0.000133
3613,3,4.2000,228.0000,-7.7500,0.060990,0.028830,0.005539,0.021360,-0.019890,-0.006116,0.060993,0.028831,0.005539,0.021361,-0.019892,-0.006116,2.543775e-06,0.000075
3614,3,12.6000,228.0000,-7.7500,0.068060,0.029580,0.006056,0.020910,-0.021370,-0.006033,0.068064,0.029583,0.006056,0.020912,-0.021373,-0.006033,4.425582e-06,0.000130
3615,3,21.0000,228.0000,-7.7500,0.075030,0.031000,0.006526,0.020090,-0.022640,-0.005766,0.075026,0.031002,0.006526,0.020094,-0.022635,-0.005766,4.729610e-06,0.000139
3616,3,29.4000,228.0000,-7.7500,0.081910,0.032240,0.006893,0.019160,-0.023910,-0.005381,0.081914,0.032243,0.006893,0.019157,-0.023905,-0.005381,4.703116e-06,0.000138
3617,3,37.8000,228.0000,-7.7500,0.088530,0.033330,0.007251,0.017980,-0.025110,-0.004995,0.088530,0.033330,0.007251,0.017982,-0.025108,-0.004995,2.227635e-06,0.000065
3618,3,46.2000,228.0000,-7.7500,0.094740,0.034430,0.007609,0.016570,-0.026220,-0.004625,0.094736,0.034426,0.007609,0.016575,-0.026217,-0.004625,4.824267e-06,0.000141
3619,3,54.6000,228.0000,-7.7500,0.100400,0.035470,0.007939,0.014980,-0.027210,-0.004208,0.100405,0.035472,0.007939,0.014981,-0.027214,-0.004208,5.106274e-06,0.000150
3620,3,63.0000,228.0000,-7.7500,0.105500,0.036440,0.008262,0.013250,-0.028080,-0.003768,0.105451,0.036440,0.008262,0.013248,-0.028082,-0.003768,4.904352e-05,0.001437
3621,3,71.4000,228.0000,-7.7500,0.109800,0.037290,0.008535,0.011420,-0.028820,-0.003316,0.109813,0.037287,0.008535,0.011415,-0.028823,-0.003316,1.335886e-05,0.000391
3622,3,79.8000,228.0000,-7.7500,0.113500,0.038010,0.008763,0.009515,-0.029440,-0.002824,0.113482,0.038005,0.008763,0.009515,-0.029436,-0.002824,1.794939e-05,0.000526
3623,3,88.2000,228.0000,-7.7500,0.116400,0.038560,0.008910,0.007569,-0.029920,-0.002307,0.116402,0.038555,0.008910,0.007569,-0.029917,-0.002307,4.965636e-06,0.000145
3624,3,96.6000,228.0000,-7.7500,0.118600,0.038960,0.008993,0.005594,-0.030270,-0.001762,0.118606,0.038956,0.008993,0.005594,-0.030269,-0.001762,6.378548e-06,0.000187
3625,3,105.0000,228.0000,-7.7500,0.120100,0.039210,0.009035,0.003607,-0.030500,-0.001191,0.120082,0.039206,0.009035,0.003607,-0.030496,-0.001191,1.762198e-05,0.000516
3626,3,113.4000,228.0000,-7.7500,0.120900,0.039320,0.009047,0.001617,-0.030610,-0.000607,0.120854,0.039318,0.009047,0.001617,-0.030609,-0.000606,4.558354e-05,0.001336
3627,3,121.8000,228.0000,-7.7500,0.120900,0.039290,0.009006,-0.000359,-0.030610,-0.000015,0.120914,0.039286,0.009006,-0.000359,-0.030612,-0.000015,1.379848e-05,0.000404
3628,3,130.2000,228.0000,-7.7500,0.120300,0.039150,0.008946,-0.002313,-0.030510,0.000574,0.120318,0.039147,0.008946,-0.002313,-0.030506,0.000574,1.817628e-05,0.000533
3629,3,138.6000,228.0000,-7.7500,0.119000,0.038870,0.008843,-0.004247,-0.030290,0.001164,0.119036,0.038868,0.008843,-0.004247,-0.030289,0.001164,3.620974e-05,0.001061
3630,3,147.0000,228.0000,-7.7500,0.117100,0.038460,0.008694,-0.006144,-0.029960,0.001735,0.117103,0.038461,0.008694,-0.006144,-0.029960,0.001735,3.423979e-06,0.000100
3631,3,155.4000,228.0000,-7.7500,0.114500,0.037900,0.008508,-0.008008,-0.029540,0.002313,0.114543,0.037899,0.008508,-0.008008,-0.029535,0.002313,4.268040e-05,0.001251
3632,3,163.8000,228.0000,-7.7500,0.111300,0.037340,0.008411,-0.009823,-0.029020,0.002872,0.111341,0.037339,0.008411,-0.009823,-0.029018,0.002872,4.086735e-05,0.001197
3633,3,4.2000,132.0000,-15.2500,-0.119000,-0.176200,-0.482800,0.157400,0.240800,-0.100500,-0.119000,-0.176183,-0.482842,0.157392,0.240793,-0.100542,4.235729e-05,0.001241
3634,3,12.6000,132.0000,-15.2500,-0.153200,-0.210300,-0.553400,0.129200,0.277900,-0.028700,-0.153183,-0.210266,-0.553375,0.129193,0.277864,-0.028700,3.621417e-05,0.001061
3635,3,21.0000,132.0000,-15.2500,-0.173800,-0.214500,-0.561800,0.113000,0.288200,-0.000017,-0.173824,-0.214485,-0.561844,0.112994,0.288193,-0.000017,4.418826e-05,0.001295
3636,3,29.4000,132.0000,-15.2500,-0.172200,-0.211000,-0.570700,0.102900,0.292900,0.003799,-0.172228,-0.210999,-0.570663,0.102931,0.292927,0.003799,3.745537e-05,0.001097
3637,3,37.8000,132.0000,-15.2500,-0.176600,-0.215700,-0.591700,0.093990,0.298000,0.003229,-0.176567,-0.215720,-0.591707,0.093990,0.298020,0.003229,3.266592e-05,0.000957
3638,3,46.2000,132.0000,-15.2500,-0.181500,-0.221000,-0.611400,0.084840,0.304200,0.000968,-0.181522,-0.220955,-0.611430,0.084838,0.304161,0.000968,4.457045e-05,0.001306
3639,3,54.6000,132.0000,-15.2500,-0.187100,-0.226600,-0.629900,0.075340,0.310800,-0.000972,-0.187109,-0.226592,-0.629906,0.075338,0.310833,-0.000972,3.344163e-05,0.000980
3640,3,63.0000,132.0000,-15.2500,-0.192500,-0.231700,-0.645900,0.065530,0.317300,-0.002187,-0.192519,-0.231701,-0.645853,0.065527,0.317341,-0.002187,4.679497e-05,0.001371
3641,3,71.4000,132.0000,-15.2500,-0.197400,-0.236000,-0.659000,0.055510,0.323100,-0.002622,-0.197434,-0.236012,-0.659031,0.055508,0.323148,-0.002622,4.794971e-05,0.001405
3642,3,79.8000,132.0000,-15.2500,-0.201700,-0.239400,-0.669300,0.045380,0.327900,-0.002433,-0.201652,-0.239382,-0.669339,0.045383,0.327919,-0.002433,4.770388e-05,0.001398
3643,3,88.2000,132.0000,-15.2500,-0.205000,-0.241800,-0.676800,0.035240,0.331500,-0.001788,-0.205049,-0.241772,-0.676821,0.035237,0.331485,-0.001788,4.887706e-05,0.001432
3644,3,96.6000,132.0000,-15.2500,-0.207600,-0.243200,-0.681600,0.025130,0.333800,-0.000832,-0.207594,-0.243215,-0.681591,0.025133,0.333788,-0.000832,1.461320e-05,0.000428
3645,3,105.0000,132.0000,-15.2500,-0.209200,-0.243700,-0.683800,0.015120,0.334800,0.000323,-0.209236,-0.243737,-0.683760,0.015118,0.334823,0.000323,3.986442e-05,0.001168
3646,3,113.4000,132.0000,-15.2500,-0.210000,-0.243400,-0.683500,0.005220,0.334600,0.001615,-0.209962,-0.243382,-0.683452,0.005220,0.334603,0.001615,4.753041e-05,0.001393
3647,3,121.8000,132.0000,-15.2500,-0.209800,-0.242200,-0.680700,-0.004533,0.333100,0.003006,-0.209752,-0.242161,-0.680726,-0.004533,0.333146,0.003006,4.847231e-05,0.001420
3648,3,130.2000,132.0000,-15.2500,-0.208600,-0.240100,-0.675700,-0.014120,0.330500,0.004412,-0.208645,-0.240131,-0.675718,-0.014116,0.330462,0.004412,4.487936e-05,0.001315
3649,3,138.6000,132.0000,-15.2500,-0.206400,-0.237000,-0.668100,-0.023480,0.326600,0.005784,-0.206384,-0.237024,-0.668063,-0.023484,0.326578,0.005784,3.681247e-05,0.001079
3650,3,147.0000,132.0000,-15.2500,-0.203900,-0.233400,-0.658300,-0.032510,0.321600,0.006535,-0.203940,-0.233424,-0.658332,-0.032509,0.321609,0.006535,3.959274e-05,0.001160
3651,3,155.4000,132.0000,-15.2500,-0.200700,-0.229600,-0.647900,-0.041070,0.316000,0.006200,-0.200666,-0.229568,-0.647905,-0.041065,0.315957,0.006200,4.268265e-05,0.001251
3652,3,163.8000,132.0000,-15.2500,-0.195800,-0.225700,-0.638300,-0.049520,0.310200,0.006274,-0.195830,-0.225729,-0.638310,-0.049517,0.310192,0.006274,2.963953e-05,0.000868
3653,3,4.2000,156.0000,-15.2500,0.052090,-0.060190,0.028300,0.116400,0.042750,0.001986,0.052094,-0.060192,0.028298,0.116389,0.042747,0.001986,1.116556e-05,0.000327
3654,3,12.6000,156.0000,-15.2500,0.067860,-0.070520,0.030180,0.108500,0.053010,0.002214,0.067860,-0.070517,0.030181,0.108516,0.053012,0.002214,1.620103e-05,0.000475
3655,3,21.0000,156.0000,-15.2500,0.074040,-0.079160,0.024650,0.100300,0.058160,0.005824,0.074038,-0.079163,0.024646,0.100269,0.058162,0.005824,3.120788e-05,0.000914
3656,3,29.4000,156.0000,-15.2500,0.078850,-0.084810,0.020850,0.092130,0.060260,0.008113,0.078850,-0.084810,0.020850,0.092135,0.060265,0.008113,4.772374e-06,0.000140
3657,3,37.8000,156.0000,-15.2500,0.082740,-0.089260,0.018900,0.083960,0.061020,0.008870,0.082737,-0.089256,0.018903,0.083964,0.061019,0.008870,4.219228e-06,0.000124
3658,3,46.2000,156.0000,-15.2500,0.086250,-0.092660,0.018720,0.075620,0.061350,0.008293,0.086248,-0.092658,0.018717,0.075617,0.061353,0.008293,3.216135e-06,0.000094
3659,3,54.6000,156.0000,-15.2500,0.089140,-0.095500,0.019190,0.067100,0.061670,0.007088,0.089142,-0.095496,0.019189,0.067103,0.061674,0.007088,4.081077e-06,0.000120
3660,3,63.0000,156.0000,-15.2500,0.091470,-0.097810,0.020000,0.058440,0.062070,0.005642,0.091473,-0.097805,0.019997,0.058439,0.062075,0.005642,4.991779e-06,0.000146
3661,3,71.4000,156.0000,-15.2500,0.093250,-0.099660,0.020830,0.049660,0.062530,0.004233,0.093252,-0.099660,0.020828,0.049664,0.062527,0.004233,4.297140e-06,0.000126
3662,3,79.8000,156.0000,-15.2500,0.094490,-0.101100,0.021540,0.040820,0.062970,0.002998,0.094487,-0.101109,0.021536,0.040821,0.062967,0.002998,8.591706e-06,0.000252
3663,3,88.2000,156.0000,-15.2500,0.095270,-0.102100,0.022110,0.031950,0.063330,0.001981,0.095265,-0.102138,0.022112,0.031948,0.063333,0.001981,3.819906e-05,0.001119
3664,3,96.6000,156.0000,-15.2500,0.095620,-0.102800,0.022530,0.023090,0.063570,0.001174,0.095621,-0.102784,0.022529,0.023087,0.063568,0.001174,1.621740e-05,0.000475
3665,3,105.0000,156.0000,-15.2500,0.095620,-0.103100,0.022800,0.014280,0.063640,0.000545,0.095620,-0.103055,0.022796,0.014276,0.063637,0.000545,4.548404e-05,0.001333
3666,3,113.4000,156.0000,-15.2500,0.095310,-0.103000,0.022920,0.005549,0.063510,0.000057,0.095307,-0.102962,0.022923,0.005549,0.063514,0.000057,3.821112e-05,0.001120
3667,3,121.8000,156.0000,-15.2500,0.094730,-0.102500,0.022920,-0.003066,0.063180,-0.000341,0.094727,-0.102511,0.022921,-0.003066,0.063183,-0.000341,1.050869e-05,0.000308
3668,3,130.2000,156.0000,-15.2500,0.093900,-0.101700,0.022760,-0.011540,0.062640,-0.000700,0.093898,-0.101730,0.022755,-0.011538,0.062644,-0.000700,3.034718e-05,0.000889
3669,3,138.6000,156.0000,-15.2500,0.092890,-0.100600,0.022450,-0.019840,0.061920,-0.001066,0.092886,-0.100608,0.022453,-0.019835,0.061920,-0.001066,8.259867e-06,0.000242
3670,3,147.0000,156.0000,-15.2500,0.091640,-0.099250,0.021950,-0.027930,0.061060,-0.001515,0.091644,-0.099245,0.021948,-0.027927,0.061061,-0.001515,4.950662e-06,0.000145
3671,3,155.4000,156.0000,-15.2500,0.090410,-0.097630,0.021360,-0.035800,0.060160,-0.002022,0.090408,-0.097625,0.021361,-0.035795,0.060163,-0.002022,4.671682e-06,0.000137
3672,3,163.8000,156.0000,-15.2500,0.088790,-0.096040,0.020830,-0.043510,0.059170,-0.002574,0.088787,-0.096040,0.020828,-0.043507,0.059171,-0.002574,3.128082e-06,0.000092
3673,3,4.2000,180.0000,-15.2500,0.050790,-0.012160,0.001649,0.080500,-0.027000,0.007122,0.050794,-0.012159,0.001649,0.080498,-0.026998,0.007122,4.369081e-06,0.000128
3674,3,12.6000,180.0000,-15.2500,0.057040,-0.017580,0.001331,0.079560,-0.032920,0.006402,0.057041,-0.017579,0.001331,0.079555,-0.032921,0.006402,4.937267e-06,0.000145
3675,3,21.0000,180.0000,-15.2500,0.063710,-0.022630,0.000942,0.076120,-0.036060,0.005568,0.063715,-0.022633,0.000942,0.076125,-0.036063,0.005568,4.730627e-06,0.000139
3676,3,29.4000,180.0000,-15.2500,0.068860,-0.026960,0.000427,0.071160,-0.038480,0.005207,0.068861,-0.026961,0.000427,0.071163,-0.038482,0.005207,3.445868e-06,0.000101
3677,3,37.8000,180.0000,-15.2500,0.073430,-0.029900,0.000371,0.065500,-0.040900,0.004758,0.073433,-0.029896,0.000371,0.065500,-0.040896,0.004758,4.441971e-06,0.000130
3678,3,46.2000,180.0000,-15.2500,0.077340,-0.032010,0.000386,0.059410,-0.043260,0.004194,0.077338,-0.032010,0.000386,0.059411,-0.043260,0.004194,1.680743e-06,0.000049
3679,3,54.6000,180.0000,-15.2500,0.080640,-0.033550,0.000528,0.053020,-0.045450,0.003514,0.080640,-0.033547,0.000528,0.053020,-0.045447,0.003514,3.284511e-06,0.000096
3680,3,63.0000,180.0000,-15.2500,0.083370,-0.034690,0.000736,0.046410,-0.047350,0.002774,0.083371,-0.034692,0.000736,0.046412,-0.047351,0.002774,2.054693e-06,0.000060
3681,3,71.4000,180.0000,-15.2500,0.085580,-0.035550,0.000975,0.039640,-0.048900,0.002049,0.085578,-0.035548,0.000975,0.039645,-0.048904,0.002049,4.848899e-06,0.000142
3682,3,79.8000,180.0000,-15.2500,0.087270,-0.036200,0.001197,0.032770,-0.050100,0.001389,0.087268,-0.036205,0.001197,0.032768,-0.050103,0.001389,4.675489e-06,0.000137
3683,3,88.2000,180.0000,-15.2500,0.088510,-0.036670,0.001410,0.025830,-0.050970,0.000817,0.088514,-0.036672,0.001410,0.025827,-0.050969,0.000817,4.080328e-06,0.000120
3684,3,96.6000,180.0000,-15.2500,0.089350,-0.036970,0.001606,0.018860,-0.051530,0.000346,0.089349,-0.036968,0.001606,0.018859,-0.051530,0.000346,2.200193e-06,0.000064
3685,3,105.0000,180.0000,-15.2500,0.089790,-0.037120,0.001764,0.011900,-0.051820,-0.000034,0.089792,-0.037117,0.001764,0.011904,-0.051819,-0.000034,3.631249e-06,0.000106
3686,3,113.4000,180.0000,-15.2500,0.089870,-0.037130,0.001872,0.004992,-0.051860,-0.000333,0.089868,-0.037135,0.001872,0.004992,-0.051865,-0.000333,4.793405e-06,0.000140
3687,3,121.8000,180.0000,-15.2500,0.089600,-0.037030,0.001931,-0.001847,-0.051690,-0.000570,0.089602,-0.037031,0.001931,-0.001847,-0.051688,-0.000570,2.328093e-06,0.000068
3688,3,130.2000,180.0000,-15.2500,0.089030,-0.036810,0.001956,-0.008591,-0.051300,-0.000768,0.089033,-0.036805,0.001956,-0.008591,-0.051302,-0.000768,4.996500e-06,0.000146
3689,3,138.6000,180.0000,-15.2500,0.088160,-0.036500,0.001912,-0.015220,-0.050710,-0.000952,0.088155,-0.036496,0.001912,-0.015222,-0.050708,-0.000952,4.526386e-06,0.000133
3690,3,147.0000,180.0000,-15.2500,0.087030,-0.036080,0.001830,-0.021740,-0.049920,-0.001131,0.087026,-0.036082,0.001830,-0.021743,-0.049921,-0.001131,3.603202e-06,0.000106
3691,3,155.4000,180.0000,-15.2500,0.085600,-0.035570,0.001752,-0.028150,-0.048970,-0.001347,0.085595,-0.035574,0.001752,-0.028150,-0.048975,-0.001347,4.925939e-06,0.000144
3692,3,163.8000,180.0000,-15.2500,0.084000,-0.034830,0.001611,-0.034410,-0.047820,-0.001765,0.084000,-0.034829,0.001611,-0.034414,-0.047817,-0.001765,4.130191e-06,0.000121
3693,3,4.2000,204.0000,-15.2500,0.041610,0.000104,-0.016500,0.052840,0.004235,-0.002174,0.041612,0.000104,-0.016497,0.052840,0.004235,-0.002174,3.165963e-06,0.000093
3694,3,12.6000,204.0000,-15.2500,0.047560,-0.000893,-0.016960,0.051820,0.002852,-0.001583,0.047559,-0.000893,-0.016955,0.051822,0.002852,-0.001583,4.699562e-06,0.000138
3695,3,21.0000,204.0000,-15.2500,0.052900,-0.002669,-0.017270,0.050000,0.001140,-0.001334,0.052899,-0.002669,-0.017268,0.050000,0.001140,-0.001334,1.719346e-06,0.000050
3696,3,29.4000,204.0000,-15.2500,0.058100,-0.004212,-0.017420,0.047370,-0.000371,-0.001350,0.058100,-0.004212,-0.017424,0.047373,-0.000371,-0.001350,4.184426e-06,0.000123
3697,3,37.8000,204.0000,-15.2500,0.062710,-0.005607,-0.017760,0.044060,-0.001558,-0.001396,0.062708,-0.005607,-0.017762,0.044058,-0.001558,-0.001396,2.374361e-06,0.000070
3698,3,46.2000,204.0000,-15.2500,0.066800,-0.006698,-0.018100,0.040250,-0.002489,-0.001438,0.066800,-0.006698,-0.018102,0.040251,-0.002489,-0.001438,2.379215e-06,0.000070
3699,3,54.6000,204.0000,-15.2500,0.070410,-0.007497,-0.018410,0.036100,-0.003216,-0.001473,0.070409,-0.007497,-0.018414,0.036097,-0.003216,-0.001473,3.612023e-06,0.000106
3700,3,63.0000,204.0000,-15.2500,0.073520,-0.008085,-0.018720,0.031700,-0.003774,-0.001476,0.073525,-0.008085,-0.018720,0.031705,-0.003774,-0.001476,4.985287e-06,0.000146
3701,3,71.4000,204.0000,-15.2500,0.076160,-0.008502,-0.018980,0.027150,-0.004190,-0.001430,0.076159,-0.008502,-0.018983,0.027148,-0.004190,-0.001430,2.521493e-06,0.000074
3702,3,79.8000,204.0000,-15.2500,0.078320,-0.008782,-0.019190,0.022490,-0.004486,-0.001342,0.078322,-0.008782,-0.019187,0.022487,-0.004486,-0.001342,3.419496e-06,0.000100
3703,3,88.2000,204.0000,-15.2500,0.080020,-0.008962,-0.019350,0.017760,-0.004680,-0.001212,0.080025,-0.008962,-0.019352,0.017765,-0.004680,-0.001212,4.633211e-06,0.000136
3704,3,96.6000,204.0000,-15.2500,0.081290,-0.009050,-0.019470,0.013020,-0.004789,-0.001034,0.081292,-0.009050,-0.019465,0.013017,-0.004789,-0.001034,4.625399e-06,0.000136
3705,3,105.0000,204.0000,-15.2500,0.082110,-0.009079,-0.019550,0.008275,-0.004828,-0.000811,0.082106,-0.009079,-0.019550,0.008275,-0.004828,-0.000811,4.494286e-06,0.000132
3706,3,113.4000,204.0000,-15.2500,0.082500,-0.009049,-0.019590,0.003559,-0.004810,-0.000545,0.082496,-0.009049,-0.019595,0.003559,-0.004810,-0.000545,4.602399e-06,0.000135
3707,3,121.8000,204.0000,-15.2500,0.082460,-0.008980,-0.019610,-0.001116,-0.004751,-0.000251,0.082456,-0.008980,-0.019608,-0.001116,-0.004751,-0.000251,3.573441e-06,0.000105
3708,3,130.2000,204.0000,-15.2500,0.082030,-0.008861,-0.019570,-0.005732,-0.004656,0.000061,0.082025,-0.008861,-0.019571,-0.005732,-0.004656,0.000061,4.866746e-06,0.000143
3709,3,138.6000,204.0000,-15.2500,0.081200,-0.008710,-0.019500,-0.010280,-0.004528,0.000379,0.081197,-0.008710,-0.019496,-0.010285,-0.004528,0.000379,4.647511e-06,0.000136
3710,3,147.0000,204.0000,-15.2500,0.080000,-0.008514,-0.019380,-0.014760,-0.004368,0.000687,0.080003,-0.008514,-0.019376,-0.014761,-0.004368,0.000687,4.091381e-06,0.000120
3711,3,155.4000,204.0000,-15.2500,0.078460,-0.008239,-0.019200,-0.019150,-0.004158,0.000980,0.078459,-0.008239,-0.019198,-0.019154,-0.004158,0.000980,4.353422e-06,0.000128
3712,3,163.8000,204.0000,-15.2500,0.076450,-0.008060,-0.019040,-0.023470,-0.003885,0.001260,0.076454,-0.008060,-0.019036,-0.023468,-0.003885,0.001260,4.298626e-06,0.000126
3713,3,4.2000,228.0000,-15.2500,0.063360,0.033780,0.012170,0.019880,-0.032880,-0.011990,0.063359,0.033782,0.012166,0.019881,-0.032878,-0.011985,4.826614e-06,0.000141
3714,3,12.6000,228.0000,-15.2500,0.070770,0.033340,0.013340,0.019440,-0.034800,-0.011260,0.070769,0.033337,0.013336,0.019437,-0.034799,-0.011260,4.485816e-06,0.000131
3715,3,21.0000,228.0000,-15.2500,0.078560,0.034050,0.014620,0.018740,-0.036690,-0.010570,0.078563,0.034055,0.014620,0.018740,-0.036692,-0.010574,4.855987e-06,0.000142
3716,3,29.4000,228.0000,-15.2500,0.086140,0.034760,0.015690,0.017790,-0.038560,-0.009896,0.086136,0.034757,0.015687,0.017788,-0.038557,-0.009896,3.551175e-06,0.000104
3717,3,37.8000,228.0000,-15.2500,0.093320,0.035450,0.016710,0.016580,-0.040330,-0.009205,0.093321,0.035453,0.016713,0.016585,-0.040334,-0.009205,4.543034e-06,0.000133
3718,3,46.2000,228.0000,-15.2500,0.099940,0.036140,0.017660,0.015170,-0.041970,-0.008491,0.099936,0.036138,0.017658,0.015170,-0.041972,-0.008491,3.537327e-06,0.000104
3719,3,54.6000,228.0000,-15.2500,0.105900,0.036830,0.018510,0.013600,-0.043440,-0.007729,0.105921,0.036826,0.018514,0.013603,-0.043443,-0.007729,2.066609e-05,0.000606
3720,3,63.0000,228.0000,-15.2500,0.111200,0.037510,0.019280,0.011930,-0.044730,-0.006910,0.111217,0.037513,0.019283,0.011932,-0.044729,-0.006910,1.682484e-05,0.000493
3721,3,71.4000,228.0000,-15.2500,0.115800,0.038150,0.019920,0.010200,-0.045830,-0.006049,0.115764,0.038155,0.019923,0.010196,-0.045829,-0.006049,3.557458e-05,0.001042
3722,3,79.8000,228.0000,-15.2500,0.119600,0.038740,0.020440,0.008423,-0.046740,-0.005135,0.119569,0.038744,0.020443,0.008423,-0.046744,-0.005135,3.131804e-05,0.000918
3723,3,88.2000,228.0000,-15.2500,0.122600,0.039260,0.020850,0.006637,-0.047470,-0.004170,0.122621,0.039262,0.020849,0.006637,-0.047474,-0.004170,2.128766e-05,0.000624
3724,3,96.6000,228.0000,-15.2500,0.124900,0.039700,0.021150,0.004855,-0.048020,-0.003163,0.124936,0.039700,0.021152,0.004855,-0.048018,-0.003163,3.567680e-05,0.001045
3725,3,105.0000,228.0000,-15.2500,0.126500,0.040030,0.021350,0.003081,-0.048380,-0.002122,0.126499,0.040035,0.021349,0.003081,-0.048382,-0.002122,4.851718e-06,0.000142
3726,3,113.4000,228.0000,-15.2500,0.127400,0.040280,0.021460,0.001323,-0.048580,-0.001060,0.127352,0.040276,0.021463,0.001323,-0.048575,-0.001060,4.819718e-05,0.001412
3727,3,121.8000,228.0000,-15.2500,0.127500,0.040400,0.021470,-0.000413,-0.048600,0.000017,0.127475,0.040399,0.021472,-0.000413,-0.048600,0.000017,2.495302e-05,0.000731
3728,3,130.2000,228.0000,-15.2500,0.126900,0.040420,0.021390,-0.002124,-0.048460,0.001090,0.126912,0.040419,0.021393,-0.002124,-0.048459,0.001090,1.169744e-05,0.000343
3729,3,138.6000,228.0000,-15.2500,0.125600,0.040300,0.021190,-0.003815,-0.048160,0.002152,0.125626,0.040299,0.021191,-0.003815,-0.048155,0.002152,2.593611e-05,0.000760
3730,3,147.0000,228.0000,-15.2500,0.123700,0.040100,0.020930,-0.005480,-0.047700,0.003198,0.123711,0.040097,0.020932,-0.005480,-0.047696,0.003198,1.116843e-05,0.000327
3731,3,155.4000,228.0000,-15.2500,0.121100,0.039750,0.020580,-0.007115,-0.047080,0.004233,0.121110,0.039751,0.020583,-0.007115,-0.047084,0.004233,1.006138e-05,0.000295
3732,3,163.8000,228.0000,-15.2500,0.117900,0.039450,0.020250,-0.008717,-0.046320,0.005210,0.117885,0.039450,0.020245,-0.008717,-0.046321,0.005210,1.533445e-05,0.000449
3733,4,4.2000,132.0000,-36.5000,0.009189,0.004401,-0.018870,0.022250,0.044700,-0.031210,0.009189,0.004401,-0.018868,0.022245,0.044699,-0.031206,4.593096e-06,0.000135
3734,4,12.6000,132.0000,-36.5000,0.014110,0.006623,-0.020140,0.020220,0.051530,-0.025740,0.014113,0.006623,-0.020135,0.020223,0.051526,-0.025738,4.968641e-06,0.000146
3735,4,21.0000,132.0000,-36.5000,0.015330,0.006860,-0.022730,0.018120,0.056180,-0.020700,0.015332,0.006860,-0.022732,0.018119,0.056183,-0.020704,3.660029e-06,0.000107
3736,4,29.4000,132.0000,-36.5000,0.014890,0.006312,-0.025550,0.016190,0.059500,-0.017070,0.014893,0.006312,-0.025555,0.016191,0.059503,-0.017073,4.949718e-06,0.000145
3737,4,37.8000,132.0000,-36.5000,0.014230,0.005793,-0.027950,0.014430,0.062150,-0.014420,0.014231,0.005793,-0.027946,0.014431,0.062154,-0.014422,3.898729e-06,0.000114
3738,4,46.2000,132.0000,-36.5000,0.013520,0.005332,-0.029970,0.012790,0.064420,-0.012270,0.013522,0.005332,-0.029972,0.012788,0.064424,-0.012265,4.671431e-06,0.000137
3739,4,54.6000,132.0000,-36.5000,0.012890,0.004969,-0.031650,0.011210,0.066400,-0.010410,0.012891,0.004969,-0.031646,0.011212,0.066403,-0.010406,3.539813e-06,0.000104
3740,4,63.0000,132.0000,-36.5000,0.012340,0.004686,-0.033020,0.009671,0.068110,-0.008717,0.012345,0.004686,-0.033022,0.009671,0.068112,-0.008717,4.733255e-06,0.000139
3741,4,71.4000,132.0000,-36.5000,0.011870,0.004460,-0.034140,0.008148,0.069550,-0.007131,0.011869,0.004460,-0.034139,0.008148,0.069547,-0.007131,2.536341e-06,0.000074
3742,4,79.8000,132.0000,-36.5000,0.011440,0.004273,-0.035030,0.006636,0.070700,-0.005613,0.011443,0.004273,-0.035033,0.006636,0.070705,-0.005613,4.856259e-06,0.000142
3743,4,88.2000,132.0000,-36.5000,0.011050,0.004110,-0.035730,0.005135,0.071580,-0.004148,0.011049,0.004110,-0.035728,0.005135,0.071581,-0.004148,1.604672e-06,0.000047
3744,4,96.6000,132.0000,-36.5000,0.010680,0.003961,-0.036240,0.003647,0.072180,-0.002729,0.010679,0.003961,-0.036241,0.003647,0.072179,-0.002729,1.218287e-06,0.000036
3745,4,105.0000,132.0000,-36.5000,0.010320,0.003819,-0.036590,0.002176,0.072500,-0.001354,0.010324,0.003819,-0.036586,0.002176,0.072502,-0.001354,4.487730e-06,0.000131
3746,4,113.4000,132.0000,-36.5000,0.009984,0.003681,-0.036770,0.000727,0.072560,-0.000023,0.009984,0.003681,-0.036773,0.000727,0.072559,-0.000023,2.968263e-06,0.000087
3747,4,121.8000,132.0000,-36.5000,0.009657,0.003544,-0.036810,-0.000695,0.072360,0.001261,0.009657,0.003544,-0.036811,-0.000695,0.072356,0.001261,4.169559e-06,0.000122
3748,4,130.2000,132.0000,-36.5000,0.009345,0.003408,-0.036710,-0.002086,0.071900,0.002494,0.009345,0.003408,-0.036708,-0.002086,0.071904,0.002494,3.644485e-06,0.000107
3749,4,138.6000,132.0000,-36.5000,0.009053,0.003273,-0.036470,-0.003440,0.071220,0.003662,0.009053,0.003273,-0.036473,-0.003440,0.071216,0.003662,4.320935e-06,0.000127
3750,4,147.0000,132.0000,-36.5000,0.008820,0.003161,-0.036090,-0.004752,0.070310,0.004749,0.008820,0.003161,-0.036093,-0.004752,0.070314,0.004749,3.897452e-06,0.000114
3751,4,155.4000,132.0000,-36.5000,0.008694,0.003099,-0.035550,-0.006021,0.069230,0.005773,0.008694,0.003099,-0.035552,-0.006021,0.069225,0.005773,4.754269e-06,0.000139
3752,4,163.8000,132.0000,-36.5000,0.008695,0.003097,-0.034840,-0.007258,0.067960,0.006788,0.008695,0.003097,-0.034842,-0.007258,0.067965,0.006788,4.833580e-06,0.000142
3753,4,4.2000,156.0000,-36.5000,-0.006381,-0.020430,-0.019900,0.018090,0.027020,-0.013800,-0.006381,-0.020434,-0.019896,0.018091,0.027021,-0.013803,4.354372e-06,0.000128
3754,4,12.6000,156.0000,-36.5000,-0.005615,-0.022900,-0.022070,0.017070,0.030880,-0.012770,-0.005615,-0.022902,-0.022074,0.017074,0.030881,-0.012766,4.466300e-06,0.000131
3755,4,21.0000,156.0000,-36.5000,-0.005223,-0.024940,-0.024050,0.015790,0.034120,-0.011310,-0.005223,-0.024943,-0.024046,0.015795,0.034117,-0.011314,4.640842e-06,0.000136
3756,4,29.4000,156.0000,-36.5000,-0.005344,-0.026800,-0.025930,0.014410,0.036710,-0.009808,-0.005344,-0.026805,-0.025929,0.014413,0.036707,-0.009808,4.897220e-06,0.000143
3757,4,37.8000,156.0000,-36.5000,-0.005768,-0.028490,-0.027650,0.013000,0.038790,-0.008423,-0.005768,-0.028486,-0.027653,0.013000,0.038793,-0.008423,3.915654e-06,0.000115
3758,4,46.2000,156.0000,-36.5000,-0.006356,-0.029990,-0.029200,0.011590,0.040500,-0.007185,-0.006356,-0.029992,-0.029197,0.011591,0.040502,-0.007185,3.475935e-06,0.000102
3759,4,54.6000,156.0000,-36.5000,-0.006990,-0.031310,-0.030540,0.010190,0.041920,-0.006084,-0.006990,-0.031307,-0.030536,0.010195,0.041918,-0.006084,4.624295e-06,0.000135
3760,4,63.0000,156.0000,-36.5000,-0.007605,-0.032430,-0.031670,0.008811,0.043090,-0.005090,-0.007605,-0.032432,-0.031673,0.008811,0.043093,-0.005090,3.491925e-06,0.000102
3761,4,71.4000,156.0000,-36.5000,-0.008163,-0.033370,-0.032610,0.007438,0.044060,-0.004175,-0.008163,-0.033368,-0.032614,0.007438,0.044057,-0.004175,3.532193e-06,0.000103
3762,4,79.8000,156.0000,-36.5000,-0.008650,-0.034120,-0.033370,0.006075,0.044830,-0.003315,-0.008650,-0.034121,-0.033367,0.006075,0.044825,-0.003315,4.878744e-06,0.000143
3763,4,88.2000,156.0000,-36.5000,-0.009062,-0.034700,-0.033950,0.004722,0.045410,-0.002495,-0.009062,-0.034700,-0.033947,0.004722,0.045407,-0.002495,3.171177e-06,0.000093
3764,4,96.6000,156.0000,-36.5000,-0.009399,-0.035110,-0.034360,0.003383,0.045810,-0.001704,-0.009399,-0.035114,-0.034363,0.003383,0.045809,-0.001704,4.323258e-06,0.000127
3765,4,105.0000,156.0000,-36.5000,-0.009666,-0.035370,-0.034630,0.002058,0.046040,-0.000939,-0.009666,-0.035375,-0.034627,0.002058,0.046036,-0.000939,4.716373e-06,0.000138
3766,4,113.4000,156.0000,-36.5000,-0.009861,-0.035490,-0.034750,0.000753,0.046090,-0.000198,-0.009861,-0.035487,-0.034747,0.000753,0.046095,-0.000198,4.767222e-06,0.000140
3767,4,121.8000,156.0000,-36.5000,-0.009987,-0.035460,-0.034730,-0.000529,0.045990,0.000520,-0.009987,-0.035459,-0.034728,-0.000529,0.045991,0.000520,1.742037e-06,0.000051
3768,4,130.2000,156.0000,-36.5000,-0.010040,-0.035300,-0.034580,-0.001786,0.045730,0.001213,-0.010043,-0.035298,-0.034580,-0.001786,0.045732,0.001213,3.409224e-06,0.000100
3769,4,138.6000,156.0000,-36.5000,-0.010020,-0.035000,-0.034300,-0.003015,0.045330,0.001878,-0.010023,-0.035004,-0.034302,-0.003015,0.045328,0.001878,3.684751e-06,0.000108
3770,4,147.0000,156.0000,-36.5000,-0.009917,-0.034580,-0.033900,-0.004212,0.044790,0.002519,-0.009917,-0.034579,-0.033898,-0.004212,0.044789,0.002519,2.234449e-06,0.000065
3771,4,155.4000,156.0000,-36.5000,-0.009720,-0.034030,-0.033370,-0.005379,0.044120,0.003140,-0.009720,-0.034031,-0.033370,-0.005379,0.044125,0.003140,4.620418e-06,0.000135
3772,4,163.8000,156.0000,-36.5000,-0.009424,-0.033360,-0.032720,-0.006523,0.043340,0.003753,-0.009424,-0.033361,-0.032718,-0.006523,0.043337,0.003753,2.625316e-06,0.000077
3773,4,4.2000,180.0000,-36.5000,-0.003702,-0.017080,-0.011380,0.012620,0.011960,-0.006458,-0.003702,-0.017084,-0.011384,0.012620,0.011961,-0.006458,4.303143e-06,0.000126
3774,4,12.6000,180.0000,-36.5000,-0.003668,-0.019390,-0.012670,0.012220,0.013290,-0.006231,-0.003668,-0.019387,-0.012667,0.012223,0.013288,-0.006231,3.443359e-06,0.000101
3775,4,21.0000,180.0000,-36.5000,-0.003662,-0.021400,-0.013830,0.011590,0.014560,-0.005879,-0.003662,-0.021397,-0.013834,0.011587,0.014563,-0.005879,3.644706e-06,0.000107
3776,4,29.4000,180.0000,-36.5000,-0.003702,-0.023120,-0.014870,0.010790,0.015730,-0.005395,-0.003702,-0.023122,-0.014874,0.010786,0.015732,-0.005395,3.750403e-06,0.000110
3777,4,37.8000,180.0000,-36.5000,-0.003821,-0.024620,-0.015810,0.009879,0.016750,-0.004840,-0.003821,-0.024615,-0.015806,0.009879,0.016746,-0.004840,4.602346e-06,0.000135
3778,4,46.2000,180.0000,-36.5000,-0.003995,-0.025900,-0.016630,0.008907,0.017600,-0.004269,-0.003995,-0.025900,-0.016628,0.008907,0.017600,-0.004269,2.046792e-06,0.000060
3779,4,54.6000,180.0000,-36.5000,-0.004200,-0.027000,-0.017340,0.007899,0.018310,-0.003707,-0.004200,-0.026995,-0.017339,0.007899,0.018306,-0.003707,4.823464e-06,0.000141
3780,4,63.0000,180.0000,-36.5000,-0.004414,-0.027920,-0.017940,0.006871,0.018880,-0.003166,-0.004414,-0.027917,-0.017943,0.006871,0.018884,-0.003166,4.237800e-06,0.000124
3781,4,71.4000,180.0000,-36.5000,-0.004619,-0.028680,-0.018440,0.005832,0.019350,-0.002648,-0.004619,-0.028677,-0.018443,0.005832,0.019352,-0.002648,3.037888e-06,0.000089
3782,4,79.8000,180.0000,-36.5000,-0.004803,-0.029280,-0.018840,0.004791,0.019720,-0.002148,-0.004803,-0.029283,-0.018843,0.004791,0.019722,-0.002148,3.197063e-06,0.000094
3783,4,88.2000,180.0000,-36.5000,-0.004962,-0.029750,-0.019150,0.003750,0.020000,-0.001663,-0.004962,-0.029746,-0.019150,0.003750,0.020003,-0.001663,3.903645e-06,0.000114
3784,4,96.6000,180.0000,-36.5000,-0.005091,-0.030070,-0.019370,0.002715,0.020200,-0.001190,-0.005091,-0.030073,-0.019370,0.002715,0.020201,-0.001190,3.233705e-06,0.000095
3785,4,105.0000,180.0000,-36.5000,-0.005194,-0.030270,-0.019510,0.001688,0.020320,-0.000727,-0.005194,-0.030273,-0.019509,0.001688,0.020320,-0.000727,3.212996e-06,0.000094
3786,4,113.4000,180.0000,-36.5000,-0.005267,-0.030350,-0.019570,0.000673,0.020360,-0.000272,-0.005267,-0.030351,-0.019569,0.000673,0.020365,-0.000272,4.956246e-06,0.000145
3787,4,121.8000,180.0000,-36.5000,-0.005311,-0.030310,-0.019560,-0.000327,0.020340,0.000173,-0.005311,-0.030314,-0.019557,-0.000327,0.020338,0.000173,3.950011e-06,0.000116
3788,4,130.2000,180.0000,-36.5000,-0.005327,-0.030170,-0.019480,-0.001310,0.020240,0.000609,-0.005327,-0.030167,-0.019475,-0.001310,0.020244,0.000609,4.623498e-06,0.000135
3789,4,138.6000,180.0000,-36.5000,-0.005309,-0.029910,-0.019320,-0.002276,0.020080,0.001037,-0.005309,-0.029913,-0.019325,-0.002276,0.020085,0.001037,4.897517e-06,0.000143
3790,4,147.0000,180.0000,-36.5000,-0.005259,-0.029560,-0.019110,-0.003222,0.019860,0.001457,-0.005259,-0.029558,-0.019108,-0.003222,0.019864,0.001457,4.196181e-06,0.000123
3791,4,155.4000,180.0000,-36.5000,-0.005175,-0.029110,-0.018830,-0.004151,0.019580,0.001871,-0.005175,-0.029106,-0.018828,-0.004151,0.019585,0.001871,4.730529e-06,0.000139
3792,4,163.8000,180.0000,-36.5000,-0.005037,-0.028550,-0.018470,-0.005064,0.019250,0.002279,-0.005037,-0.028546,-0.018471,-0.005064,0.019252,0.002279,4.495356e-06,0.000132
3793,4,4.2000,204.0000,-36.5000,0.002270,-0.006220,-0.004620,0.007670,0.004215,-0.004731,0.002270,-0.006220,-0.004620,0.007670,0.004215,-0.004731,4.193145e-07,0.000012
3794,4,12.6000,204.0000,-36.5000,0.002815,-0.007061,-0.004899,0.007526,0.004643,-0.004572,0.002815,-0.007061,-0.004899,0.007526,0.004643,-0.004572,4.707800e-07,0.000014
3795,4,21.0000,204.0000,-36.5000,0.003307,-0.007895,-0.005197,0.007234,0.005052,-0.004355,0.003307,-0.007895,-0.005197,0.007234,0.005052,-0.004355,4.931823e-07,0.000014
3796,4,29.4000,204.0000,-36.5000,0.003752,-0.008656,-0.005481,0.006818,0.005433,-0.004096,0.003752,-0.008656,-0.005481,0.006818,0.005433,-0.004096,3.026536e-07,0.000009
3797,4,37.8000,204.0000,-36.5000,0.004155,-0.009316,-0.005733,0.006310,0.005779,-0.003797,0.004155,-0.009316,-0.005733,0.006310,0.005779,-0.003797,4.010419e-07,0.000012
3798,4,46.2000,204.0000,-36.5000,0.004516,-0.009872,-0.005948,0.005737,0.006085,-0.003464,0.004516,-0.009872,-0.005948,0.005737,0.006085,-0.003464,4.490870e-07,0.000013
3799,4,54.6000,204.0000,-36.5000,0.004832,-0.010330,-0.006128,0.005121,0.006347,-0.003106,0.004832,-0.010332,-0.006128,0.005121,0.006347,-0.003106,2.181091e-06,0.000064
3800,4,63.0000,204.0000,-36.5000,0.005107,-0.010710,-0.006274,0.004476,0.006566,-0.002730,0.005107,-0.010705,-0.006274,0.004476,0.006566,-0.002730,4.686029e-06,0.000137
3801,4,71.4000,204.0000,-36.5000,0.005339,-0.011000,-0.006391,0.003815,0.006745,-0.002343,0.005339,-0.011003,-0.006391,0.003815,0.006745,-0.002343,3.035928e-06,0.000089
3802,4,79.8000,204.0000,-36.5000,0.005529,-0.011240,-0.006483,0.003145,0.006886,-0.001948,0.005529,-0.011235,-0.006483,0.003145,0.006886,-0.001948,4.629564e-06,0.000136
3803,4,88.2000,204.0000,-36.5000,0.005679,-0.011410,-0.006551,0.002472,0.006993,-0.001548,0.005679,-0.011408,-0.006551,0.002472,0.006993,-0.001548,1.675728e-06,0.000049
3804,4,96.6000,204.0000,-36.5000,0.005789,-0.011530,-0.006600,0.001800,0.007069,-0.001146,0.005789,-0.011529,-0.006600,0.001800,0.007069,-0.001146,1.401832e-06,0.000041
3805,4,105.0000,204.0000,-36.5000,0.005859,-0.011600,-0.006629,0.001133,0.007116,-0.000742,0.005859,-0.011599,-0.006629,0.001133,0.007116,-0.000742,6.274691e-07,0.000018
3806,4,113.4000,204.0000,-36.5000,0.005891,-0.011620,-0.006642,0.000473,0.007136,-0.000338,0.005891,-0.011624,-0.006642,0.000473,0.007136,-0.000338,4.482685e-06,0.000131
3807,4,121.8000,204.0000,-36.5000,0.005883,-0.011610,-0.006639,-0.000179,0.007130,0.000065,0.005883,-0.011608,-0.006639,-0.000179,0.007130,0.000065,2.128811e-06,0.000062
3808,4,130.2000,204.0000,-36.5000,0.005839,-0.011550,-0.006622,-0.000821,0.007101,0.000465,0.005839,-0.011551,-0.006622,-0.000821,0.007101,0.000465,1.292558e-06,0.000038
3809,4,138.6000,204.0000,-36.5000,0.005760,-0.011460,-0.006590,-0.001454,0.007048,0.000860,0.005760,-0.011457,-0.006590,-0.001454,0.007048,0.000860,2.828657e-06,0.000083
3810,4,147.0000,204.0000,-36.5000,0.005645,-0.011330,-0.006545,-0.002076,0.006973,0.001250,0.005645,-0.011326,-0.006545,-0.002076,0.006973,0.001250,3.533688e-06,0.000104
3811,4,155.4000,204.0000,-36.5000,0.005500,-0.011160,-0.006484,-0.002690,0.006876,0.001635,0.005500,-0.011156,-0.006484,-0.002690,0.006876,0.001635,3.581540e-06,0.000105
3812,4,163.8000,204.0000,-36.5000,0.005318,-0.010960,-0.006413,-0.003297,0.006756,0.002014,0.005318,-0.010957,-0.006413,-0.003297,0.006756,0.002014,3.184043e-06,0.000093
3813,4,4.2000,228.0000,-36.5000,0.009285,0.007888,0.000099,0.002718,-0.001956,-0.005584,0.009285,0.007888,0.000099,0.002718,-0.001956,-0.005584,4.881582e-07,0.000014
3814,4,12.6000,228.0000,-36.5000,0.010580,0.008160,0.000425,0.002663,-0.002023,-0.005444,0.010575,0.008160,0.000425,0.002663,-0.002023,-0.005444,4.503179e-06,0.000132
3815,4,21.0000,228.0000,-36.5000,0.011850,0.008432,0.000744,0.002567,-0.002091,-0.005245,0.011852,0.008432,0.000744,0.002567,-0.002091,-0.005245,1.665211e-06,0.000049
3816,4,29.4000,228.0000,-36.5000,0.013080,0.008701,0.001049,0.002430,-0.002158,-0.004989,0.013084,0.008701,0.001049,0.002430,-0.002158,-0.004989,3.534483e-06,0.000104
3817,4,37.8000,228.0000,-36.5000,0.014240,0.008968,0.001332,0.002257,-0.002225,-0.004682,0.014242,0.008968,0.001332,0.002257,-0.002225,-0.004682,1.674230e-06,0.000049
3818,4,46.2000,228.0000,-36.5000,0.015310,0.009233,0.001594,0.002055,-0.002290,-0.004327,0.015309,0.009233,0.001594,0.002055,-0.002290,-0.004327,8.689914e-07,0.000025
3819,4,54.6000,228.0000,-36.5000,0.016270,0.009492,0.001830,0.001834,-0.002353,-0.003932,0.016273,0.009492,0.001830,0.001834,-0.002353,-0.003932,2.694687e-06,0.000079
3820,4,63.0000,228.0000,-36.5000,0.017130,0.009738,0.002041,0.001601,-0.002413,-0.003502,0.017126,0.009738,0.002041,0.001601,-0.002413,-0.003502,4.481755e-06,0.000131
3821,4,71.4000,228.0000,-36.5000,0.017860,0.009965,0.002223,0.001361,-0.002470,-0.003043,0.017861,0.009965,0.002223,0.001361,-0.002470,-0.003043,6.953716e-07,0.000020
3822,4,79.8000,228.0000,-36.5000,0.018480,0.010170,0.002376,0.001119,-0.002521,-0.002560,0.018475,0.010167,0.002376,0.001119,-0.002521,-0.002560,4.651892e-06,0.000136
3823,4,88.2000,228.0000,-36.5000,0.018970,0.010340,0.002499,0.000877,-0.002566,-0.002058,0.018971,0.010340,0.002499,0.000877,-0.002566,-0.002058,1.156055e-06,0.000034
3824,4,96.6000,228.0000,-36.5000,0.019340,0.010480,0.002590,0.000637,-0.002603,-0.001542,0.019343,0.010477,0.002590,0.000637,-0.002603,-0.001542,2.970963e-06,0.000087
3825,4,105.0000,228.0000,-36.5000,0.019600,0.010580,0.002654,0.000400,-0.002631,-0.001017,0.019598,0.010580,0.002654,0.000400,-0.002631,-0.001017,1.589664e-06,0.000047
3826,4,113.4000,228.0000,-36.5000,0.019730,0.010640,0.002687,0.000167,-0.002649,-0.000485,0.019735,0.010643,0.002687,0.000167,-0.002649,-0.000485,4.799829e-06,0.000141
3827,4,121.8000,228.0000,-36.5000,0.019750,0.010670,0.002691,-0.000063,-0.002656,0.000048,0.019754,0.010666,0.002691,-0.000063,-0.002656,0.000048,4.281556e-06,0.000125
3828,4,130.2000,228.0000,-36.5000,0.019660,0.010650,0.002667,-0.000289,-0.002653,0.000580,0.019661,0.010649,0.002667,-0.000288,-0.002653,0.000580,9.798852e-07,0.000029
3829,4,138.6000,228.0000,-36.5000,0.019450,0.010590,0.002615,-0.000511,-0.002639,0.001106,0.019454,0.010591,0.002615,-0.000511,-0.002639,0.001106,4.097352e-06,0.000120
3830,4,147.0000,228.0000,-36.5000,0.019140,0.010490,0.002536,-0.000731,-0.002614,0.001624,0.019140,0.010494,0.002536,-0.000731,-0.002614,0.001624,4.440575e-06,0.000130
3831,4,155.4000,228.0000,-36.5000,0.018720,0.010360,0.002431,-0.000947,-0.002580,0.002130,0.018716,0.010360,0.002431,-0.000947,-0.002580,0.002130,3.724936e-06,0.000109
3832,4,163.8000,228.0000,-36.5000,0.018190,0.010200,0.002307,-0.001159,-0.002535,0.002619,0.018190,0.010205,0.002307,-0.001159,-0.002535,0.002619,4.911803e-06,0.000144
3833,2,174.0000,4.0000,-2.0000,-0.443500,-0.449700,-1.176000,-0.001632,0.003306,0.003479,-0.443524,-0.449655,-1.176372,-0.001632,0.003306,0.003479,3.720473e-04,0.010901
3834,2,186.0000,4.0000,-2.0000,-0.431700,-0.428200,-1.116000,-0.002007,0.004051,-0.000693,-0.431673,-0.428208,-1.115754,-0.002007,0.004051,-0.000694,2.460515e-04,0.007209
3835,2,198.0000,4.0000,-2.0000,-0.441400,-0.416900,-1.056000,-0.002304,0.003890,-0.004847,-0.441406,-0.416938,-1.055715,-0.002304,0.003890,-0.004847,2.853642e-04,0.008361
3836,2,210.0000,4.0000,-2.0000,-0.490100,-0.447900,-1.060000,-0.002491,0.003832,-0.014070,-0.490079,-0.447937,-1.060178,-0.002491,0.003832,-0.014071,1.784836e-04,0.005230
3837,2,222.0000,4.0000,-2.0000,-0.540500,-0.467700,-1.034000,-0.002543,0.004199,0.001299,-0.540453,-0.467668,-1.033675,-0.002543,0.004199,0.001299,3.254434e-04,0.009535
3838,2,234.0000,4.0000,-2.0000,-0.945300,-0.893400,-1.666000,-0.002746,0.006014,-0.175400,-0.945300,-0.893428,-1.666493,-0.002746,0.006014,-0.175443,4.927941e-04,0.014439
3839,2,174.0000,12.0000,-2.0000,-0.437000,-0.443400,-1.165000,-0.005018,0.000183,0.003863,-0.437009,-0.443418,-1.164590,-0.005018,0.000183,0.003863,4.101731e-04,0.012018
3840,2,186.0000,12.0000,-2.0000,-0.424100,-0.421100,-1.102000,-0.006064,-0.000122,-0.000803,-0.424105,-0.421098,-1.102255,-0.006064,-0.000122,-0.000803,2.552993e-04,0.007480
3841,2,198.0000,12.0000,-2.0000,-0.434200,-0.410300,-1.043000,-0.006887,-0.000067,-0.004844,-0.434154,-0.410307,-1.043055,-0.006887,-0.000067,-0.004844,5.536469e-05,0.001622
3842,2,210.0000,12.0000,-2.0000,-0.482600,-0.441200,-1.047000,-0.007498,-0.000040,-0.014010,-0.482638,-0.441173,-1.047356,-0.007498,-0.000040,-0.014014,3.556958e-04,0.010422
3843,2,222.0000,12.0000,-2.0000,-0.532700,-0.461000,-1.021000,-0.007858,0.000038,0.001264,-0.532685,-0.460994,-1.020673,-0.007858,0.000038,0.001264,3.269383e-04,0.009579
3844,2,234.0000,12.0000,-2.0000,-0.933300,-0.882400,-1.646000,-0.008267,-0.000033,-0.173900,-0.933290,-0.882361,-1.646360,-0.008267,-0.000033,-0.173878,3.603776e-04,0.010559
3845,2,174.0000,20.0000,-2.0000,-0.434200,-0.439300,-1.158000,-0.008364,0.001055,0.003751,-0.434175,-0.439334,-1.158144,-0.008364,0.001055,0.003751,1.436842e-04,0.004210
3846,2,186.0000,20.0000,-2.0000,-0.422100,-0.417600,-1.097000,-0.010070,0.001156,-0.000735,-0.422074,-0.417626,-1.097459,-0.010075,0.001156,-0.000735,4.587716e-04,0.013442
3847,2,198.0000,20.0000,-2.0000,-0.431900,-0.406800,-1.038000,-0.011490,0.001247,-0.004813,-0.431872,-0.406780,-1.038446,-0.011492,0.001247,-0.004813,4.459927e-04,0.013067
3848,2,210.0000,20.0000,-2.0000,-0.480000,-0.437500,-1.043000,-0.012490,0.001295,-0.013930,-0.480001,-0.437508,-1.042536,-0.012489,0.001295,-0.013928,4.635787e-04,0.013583
3849,2,222.0000,20.0000,-2.0000,-0.530000,-0.457400,-1.016000,-0.013170,0.001500,0.001163,-0.530005,-0.457410,-1.016365,-0.013168,0.001500,0.001163,3.650432e-04,0.010696
3850,2,234.0000,20.0000,-2.0000,-0.928800,-0.876900,-1.639000,-0.013800,0.001955,-0.172800,-0.928750,-0.876855,-1.639116,-0.013804,0.001955,-0.172791,1.156432e-04,0.003388
3851,2,174.0000,28.0000,-2.0000,-0.430400,-0.432800,-1.150000,-0.011790,0.001628,0.003789,-0.430448,-0.432845,-1.150006,-0.011792,0.001628,0.003789,4.764233e-05,0.001396
3852,2,186.0000,28.0000,-2.0000,-0.416300,-0.410100,-1.086000,-0.014200,0.001980,-0.000836,-0.416342,-0.410124,-1.086231,-0.014198,0.001980,-0.000836,2.313252e-04,0.006778
3853,2,198.0000,28.0000,-2.0000,-0.426100,-0.399700,-1.027000,-0.016010,0.002002,-0.004749,-0.426097,-0.399687,-1.027294,-0.016011,0.002002,-0.004749,2.939546e-04,0.008613
3854,2,210.0000,28.0000,-2.0000,-0.473700,-0.430000,-1.031000,-0.017540,0.002076,-0.013810,-0.473666,-0.430048,-1.031148,-0.017541,0.002076,-0.013811,1.481918e-04,0.004342
3855,2,222.0000,28.0000,-2.0000,-0.523200,-0.449900,-1.005000,-0.018400,0.002422,0.001135,-0.523206,-0.449929,-1.005304,-0.018402,0.002422,0.001135,3.043983e-04,0.008919
3856,2,234.0000,28.0000,-2.0000,-0.918400,-0.865600,-1.622000,-0.019340,0.003147,-0.171000,-0.918405,-0.865630,-1.622124,-0.019336,0.003147,-0.171036,1.240356e-04,0.003634
3857,2,174.0000,36.0000,-2.0000,-0.407900,-0.412900,-1.107000,-0.014960,0.009427,0.002525,-0.407851,-0.412883,-1.106738,-0.014957,0.009427,0.002525,2.615078e-04,0.007662
3858,2,186.0000,36.0000,-2.0000,-0.401600,-0.396400,-1.057000,-0.018140,0.005365,-0.000989,-0.401637,-0.396433,-1.057311,-0.018141,0.005365,-0.000989,3.109733e-04,0.009111
3859,2,198.0000,36.0000,-2.0000,-0.412000,-0.386200,-1.001000,-0.020600,0.005153,-0.004681,-0.412007,-0.386201,-1.000526,-0.020601,0.005153,-0.004681,4.736142e-04,0.013877
3860,2,210.0000,36.0000,-2.0000,-0.458900,-0.416300,-1.004000,-0.022510,0.005167,-0.013650,-0.458926,-0.416294,-1.003952,-0.022511,0.005167,-0.013646,4.788870e-05,0.001403
3861,2,222.0000,36.0000,-2.0000,-0.507300,-0.436000,-0.977300,-0.023810,0.005899,0.001203,-0.507318,-0.436019,-0.977326,-0.023809,0.005899,0.001203,2.626007e-05,0.000769
3862,2,234.0000,36.0000,-2.0000,-0.894900,-0.844200,-1.582000,-0.024980,0.007920,-0.168500,-0.894942,-0.844208,-1.581579,-0.024980,0.007920,-0.168535,4.207340e-04,0.012327
3863,2,174.0000,44.0000,-2.0000,-0.432300,-0.434200,-1.144000,-0.017770,-0.023430,0.012610,-0.432301,-0.434172,-1.144136,-0.017771,-0.023428,0.012612,1.357721e-04,0.003978
3864,2,186.0000,44.0000,-2.0000,-0.402800,-0.393400,-1.052000,-0.021330,-0.007435,-0.002738,-0.402784,-0.393382,-1.051822,-0.021330,-0.007435,-0.002738,1.784646e-04,0.005229
3865,2,198.0000,44.0000,-2.0000,-0.415100,-0.387200,-1.002000,-0.025210,-0.007090,-0.004202,-0.415061,-0.387151,-1.001597,-0.025211,-0.007090,-0.004202,4.028360e-04,0.011803
3866,2,210.0000,44.0000,-2.0000,-0.460400,-0.415800,-1.003000,-0.027500,-0.006924,-0.013470,-0.460409,-0.415786,-1.002940,-0.027501,-0.006924,-0.013466,6.024690e-05,0.001765
3867,2,222.0000,44.0000,-2.0000,-0.508500,-0.435300,-0.977200,-0.029360,-0.007184,0.001234,-0.508514,-0.435343,-0.977230,-0.029356,-0.007184,0.001234,4.334937e-05,0.001270
3868,2,234.0000,44.0000,-2.0000,-0.898200,-0.845800,-1.585000,-0.030690,-0.011220,-0.168800,-0.898199,-0.845846,-1.585065,-0.030688,-0.011216,-0.168815,6.501524e-05,0.001905
3869,3,174.0000,4.0000,-7.7500,-0.418500,-0.420700,-1.176000,-0.001616,0.002771,0.008271,-0.418482,-0.420749,-1.176190,-0.001616,0.002771,0.008271,1.899448e-04,0.005565
3870,3,186.0000,4.0000,-7.7500,-0.407900,-0.400400,-1.117000,-0.002046,0.003115,-0.001779,-0.407886,-0.400416,-1.116793,-0.002046,0.003115,-0.001779,2.070426e-04,0.006066
3871,3,198.0000,4.0000,-7.7500,-0.417300,-0.395200,-1.071000,-0.002417,0.003068,-0.020890,-0.417344,-0.395204,-1.071325,-0.002417,0.003068,-0.020886,3.251486e-04,0.009527
3872,3,210.0000,4.0000,-7.7500,-0.445400,-0.399800,-1.029000,-0.002615,0.003098,-0.035590,-0.445389,-0.399785,-1.029221,-0.002615,0.003098,-0.035591,2.209111e-04,0.006473
3873,3,222.0000,4.0000,-7.7500,-0.563300,-0.515700,-1.174000,-0.002656,0.003444,-0.103600,-0.563280,-0.515686,-1.173999,-0.002656,0.003444,-0.103613,1.990309e-05,0.000583
3874,3,234.0000,4.0000,-7.7500,-0.440400,-0.589500,-1.452000,-0.003149,0.004450,-0.092100,-0.440398,-0.589507,-1.452451,-0.003149,0.004450,-0.092096,4.514779e-04,0.013228
3875,3,174.0000,12.0000,-7.7500,-0.415600,-0.419500,-1.168000,-0.005104,0.003353,0.008506,-0.415572,-0.419535,-1.168411,-0.005104,0.003353,0.008506,4.113922e-04,0.012054
3876,3,186.0000,12.0000,-7.7500,-0.405100,-0.399500,-1.109000,-0.006238,0.003390,-0.001763,-0.405051,-0.399462,-1.108689,-0.006238,0.003390,-0.001763,3.114639e-04,0.009126
3877,3,198.0000,12.0000,-7.7500,-0.414300,-0.394200,-1.063000,-0.007168,0.003485,-0.020860,-0.414338,-0.394209,-1.063427,-0.007168,0.003485,-0.020858,4.265115e-04,0.012497
3878,3,210.0000,12.0000,-7.7500,-0.442400,-0.398900,-1.022000,-0.007870,0.003660,-0.035510,-0.442372,-0.398900,-1.021590,-0.007870,0.003660,-0.035510,4.102871e-04,0.012021
3879,3,222.0000,12.0000,-7.7500,-0.559500,-0.514400,-1.165000,-0.008440,0.004157,-0.103100,-0.559459,-0.514412,-1.165220,-0.008440,0.004157,-0.103088,2.202995e-04,0.006455
3880,3,234.0000,12.0000,-7.7500,-0.437500,-0.588500,-1.441000,-0.009604,0.004636,-0.091370,-0.437506,-0.588485,-1.441435,-0.009604,0.004636,-0.091372,4.354785e-04,0.012759
3881,3,174.0000,20.0000,-7.7500,-0.411800,-0.414500,-1.160000,-0.008613,0.004235,0.008497,-0.411810,-0.414467,-1.160427,-0.008613,0.004235,0.008497,4.272877e-04,0.012519
3882,3,186.0000,20.0000,-7.7500,-0.400900,-0.394100,-1.101000,-0.010380,0.004319,-0.001729,-0.400945,-0.394055,-1.100564,-0.010376,0.004319,-0.001729,4.356478e-04,0.012764
3883,3,198.0000,20.0000,-7.7500,-0.410200,-0.388900,-1.055000,-0.011910,0.004493,-0.020720,-0.410164,-0.388860,-1.055430,-0.011911,0.004493,-0.020724,4.303962e-04,0.012610
3884,3,210.0000,20.0000,-7.7500,-0.438000,-0.393500,-1.014000,-0.013140,0.004832,-0.035330,-0.437966,-0.393534,-1.013760,-0.013141,0.004832,-0.035326,2.402891e-04,0.007040
3885,3,222.0000,20.0000,-7.7500,-0.554300,-0.508200,-1.156000,-0.014190,0.005443,-0.102500,-0.554275,-0.508188,-1.156332,-0.014191,0.005443,-0.102458,3.322473e-04,0.009735
3886,3,234.0000,20.0000,-7.7500,-0.433300,-0.581600,-1.431000,-0.016100,0.005974,-0.090920,-0.433286,-0.581636,-1.430646,-0.016097,0.005974,-0.090924,3.540981e-04,0.010375
3887,3,174.0000,28.0000,-7.7500,-0.404600,-0.407100,-1.145000,-0.012070,0.007731,0.008427,-0.404611,-0.407108,-1.144990,-0.012070,0.007731,0.008427,1.066812e-05,0.000313
3888,3,186.0000,28.0000,-7.7500,-0.394900,-0.387700,-1.087000,-0.014410,0.007254,-0.001772,-0.394896,-0.387713,-1.086746,-0.014407,0.007254,-0.001772,2.537421e-04,0.007435
3889,3,198.0000,28.0000,-7.7500,-0.404000,-0.382500,-1.042000,-0.016610,0.007221,-0.020480,-0.404050,-0.382472,-1.042145,-0.016610,0.007221,-0.020483,1.448393e-04,0.004244
3890,3,210.0000,28.0000,-7.7500,-0.431600,-0.387200,-1.001000,-0.018400,0.007702,-0.035030,-0.431637,-0.387157,-1.000763,-0.018403,0.007702,-0.035032,2.370213e-04,0.006945
3891,3,222.0000,28.0000,-7.7500,-0.546700,-0.500700,-1.142000,-0.019940,0.008738,-0.101500,-0.546711,-0.500747,-1.141569,-0.019935,0.008738,-0.101547,4.306951e-04,0.012619
3892,3,234.0000,28.0000,-7.7500,-0.427100,-0.573800,-1.413000,-0.022560,0.009644,-0.090320,-0.427141,-0.573783,-1.413067,-0.022559,0.009644,-0.090317,6.723989e-05,0.001970
3893,3,174.0000,36.0000,-7.7500,-0.400000,-0.408000,-1.128000,-0.014780,0.004824,0.008352,-0.399958,-0.408021,-1.127921,-0.014783,0.004824,0.008352,7.888607e-05,0.002311
3894,3,186.0000,36.0000,-7.7500,-0.389300,-0.384000,-1.069000,-0.018050,0.005777,-0.001395,-0.389257,-0.384037,-1.069324,-0.018049,0.005777,-0.001395,3.242629e-04,0.009501
3895,3,198.0000,36.0000,-7.7500,-0.398100,-0.378100,-1.025000,-0.021180,0.006611,-0.020310,-0.398146,-0.378132,-1.025393,-0.021178,0.006611,-0.020307,3.927671e-04,0.011508
3896,3,210.0000,36.0000,-7.7500,-0.425200,-0.382700,-0.984300,-0.023690,0.007155,-0.034550,-0.425250,-0.382709,-0.984350,-0.023694,0.007155,-0.034552,4.992613e-05,0.001463
3897,3,222.0000,36.0000,-7.7500,-0.539100,-0.495500,-1.123000,-0.025840,0.008075,-0.100500,-0.539083,-0.495538,-1.123047,-0.025842,0.008075,-0.100486,4.693533e-05,0.001375
3898,3,234.0000,36.0000,-7.7500,-0.421900,-0.569500,-1.392000,-0.029160,0.008695,-0.089640,-0.421857,-0.569478,-1.391616,-0.029165,0.008695,-0.089635,3.840059e-04,0.011251
3899,3,174.0000,44.0000,-7.7500,-0.394500,-0.394400,-1.133000,-0.017240,-0.008961,0.013400,-0.394536,-0.394425,-1.132631,-0.017239,-0.008961,0.013398,3.690948e-04,0.010814
3900,3,186.0000,44.0000,-7.7500,-0.387600,-0.373100,-1.061000,-0.020840,0.000029,0.000250,-0.387639,-0.373086,-1.060900,-0.020839,0.000029,0.000250,9.964509e-05,0.002920
3901,3,198.0000,44.0000,-7.7500,-0.391900,-0.365900,-1.014000,-0.025920,0.001570,-0.020240,-0.391882,-0.365879,-1.014350,-0.025921,0.001570,-0.020243,3.495589e-04,0.010242
3902,3,210.0000,44.0000,-7.7500,-0.419200,-0.371200,-0.974600,-0.028870,0.002338,-0.033880,-0.419205,-0.371169,-0.974553,-0.028871,0.002338,-0.033877,4.745024e-05,0.001390
3903,3,222.0000,44.0000,-7.7500,-0.532500,-0.482300,-1.112000,-0.031880,0.003046,-0.099760,-0.532511,-0.482309,-1.112219,-0.031882,0.003046,-0.099755,2.186253e-04,0.006406
3904,3,234.0000,44.0000,-7.7500,-0.416900,-0.555100,-1.381000,-0.035660,0.001238,-0.090360,-0.416855,-0.555123,-1.381328,-0.035659,0.001238,-0.090356,3.278101e-04,0.009605
3905,3,174.0000,4.0000,-15.2500,-0.391100,-0.392200,-1.176000,-0.001741,0.002222,0.014080,-0.391090,-0.392180,-1.175902,-0.001741,0.002222,0.014080,9.823882e-05,0.002878
3906,3,186.0000,4.0000,-15.2500,-0.374900,-0.375400,-1.130000,-0.002135,0.002286,0.000983,-0.374852,-0.375360,-1.129981,-0.002135,0.002286,0.000983,4.752620e-05,0.001393
3907,3,198.0000,4.0000,-15.2500,-0.353800,-0.355900,-1.078000,-0.002531,0.002316,-0.026970,-0.353780,-0.355894,-1.078416,-0.002531,0.002316,-0.026967,4.164477e-04,0.012202
3908,3,210.0000,4.0000,-15.2500,-0.375000,-0.373800,-1.075000,-0.002872,0.002435,-0.082510,-0.374967,-0.373847,-1.074624,-0.002872,0.002435,-0.082506,3.759678e-04,0.011016
3909,3,222.0000,4.0000,-15.2500,-0.379300,-0.424300,-1.166000,-0.003210,0.002660,-0.116100,-0.379257,-0.424299,-1.165648,-0.003210,0.002660,-0.116062,3.521220e-04,0.010317
3910,3,234.0000,4.0000,-15.2500,-0.344000,-0.478900,-1.303000,-0.003761,0.002895,0.029240,-0.344017,-0.478867,-1.302792,-0.003761,0.002895,0.029236,2.082675e-04,0.006102
3911,3,174.0000,12.0000,-15.2500,-0.389200,-0.390800,-1.171000,-0.005290,0.005604,0.014150,-0.389166,-0.390796,-1.170690,-0.005290,0.005604,0.014145,3.096010e-04,0.009071
3912,3,186.0000,12.0000,-15.2500,-0.373000,-0.374000,-1.125000,-0.006439,0.005698,0.001035,-0.372959,-0.374028,-1.124652,-0.006439,0.005698,0.001035,3.480191e-04,0.010197
3913,3,198.0000,12.0000,-15.2500,-0.351900,-0.354600,-1.073000,-0.007559,0.005838,-0.026890,-0.351907,-0.354582,-1.073166,-0.007559,0.005838,-0.026894,1.655962e-04,0.004852
3914,3,210.0000,12.0000,-15.2500,-0.372900,-0.372400,-1.069000,-0.008616,0.006184,-0.082230,-0.372936,-0.372435,-1.069312,-0.008616,0.006184,-0.082231,3.122834e-04,0.009150
3915,3,222.0000,12.0000,-15.2500,-0.377200,-0.422700,-1.160000,-0.009756,0.006789,-0.115600,-0.377188,-0.422724,-1.159801,-0.009756,0.006789,-0.115631,1.992069e-04,0.005837
3916,3,234.0000,12.0000,-15.2500,-0.342200,-0.477300,-1.296000,-0.011320,0.006964,0.029060,-0.342209,-0.477282,-1.296037,-0.011315,0.006964,0.029060,3.736973e-05,0.001095
3917,3,174.0000,20.0000,-15.2500,-0.385100,-0.386700,-1.161000,-0.008865,0.008227,0.014150,-0.385081,-0.386733,-1.160963,-0.008865,0.008227,0.014149,3.692381e-05,0.001082
3918,3,186.0000,20.0000,-15.2500,-0.369100,-0.370200,-1.115000,-0.010710,0.008220,0.001107,-0.369095,-0.370189,-1.115198,-0.010705,0.008220,0.001107,1.977047e-04,0.005793
3919,3,198.0000,20.0000,-15.2500,-0.348400,-0.351000,-1.064000,-0.012550,0.008436,-0.026700,-0.348359,-0.350991,-1.064129,-0.012551,0.008436,-0.026696,1.286044e-04,0.003768
3920,3,210.0000,20.0000,-15.2500,-0.369200,-0.368700,-1.060000,-0.014360,0.009031,-0.081730,-0.369185,-0.368674,-1.060159,-0.014361,0.009031,-0.081727,1.592855e-04,0.004667
3921,3,222.0000,20.0000,-15.2500,-0.373400,-0.418600,-1.150000,-0.016290,0.009886,-0.115000,-0.373398,-0.418611,-1.149789,-0.016293,0.009886,-0.114966,2.112250e-04,0.006189
3922,3,234.0000,20.0000,-15.2500,-0.338600,-0.472700,-1.285000,-0.018830,0.009934,0.028520,-0.338637,-0.472723,-1.284916,-0.018830,0.009934,0.028515,8.415783e-05,0.002466
3923,3,174.0000,28.0000,-15.2500,-0.380700,-0.383300,-1.148000,-0.012340,0.009387,0.014140,-0.380658,-0.383337,-1.148445,-0.012344,0.009387,0.014136,4.448175e-04,0.013033
3924,3,186.0000,28.0000,-15.2500,-0.364700,-0.366100,-1.103000,-0.014820,0.009679,0.001293,-0.364693,-0.366097,-1.102723,-0.014824,0.009679,0.001293,2.765555e-04,0.008103
3925,3,198.0000,28.0000,-15.2500,-0.344000,-0.346600,-1.052000,-0.017500,0.010230,-0.026360,-0.344011,-0.346647,-1.051999,-0.017504,0.010228,-0.026356,4.664133e-05,0.001367
3926,3,210.0000,28.0000,-15.2500,-0.364700,-0.364200,-1.048000,-0.020050,0.011070,-0.081020,-0.364690,-0.364179,-1.047942,-0.020054,0.011065,-0.081016,5.786745e-05,0.001696
3927,3,222.0000,28.0000,-15.2500,-0.368900,-0.413800,-1.137000,-0.022820,0.012080,-0.114100,-0.368942,-0.413765,-1.136540,-0.022823,0.012085,-0.114146,4.595938e-04,0.013466
3928,3,234.0000,28.0000,-15.2500,-0.334700,-0.467700,-1.271000,-0.026280,0.012000,0.027680,-0.334682,-0.467660,-1.270511,-0.026277,0.012005,0.027685,4.891162e-04,0.014331
3929,3,174.0000,36.0000,-15.2500,-0.376200,-0.378700,-1.136000,-0.015640,0.007893,0.014190,-0.376204,-0.378724,-1.136478,-0.015643,0.007893,0.014187,4.778977e-04,0.014002
3930,3,186.0000,36.0000,-15.2500,-0.359800,-0.360400,-1.089000,-0.018730,0.009326,0.002063,-0.359846,-0.360384,-1.089150,-0.018735,0.009326,0.002063,1.499062e-04,0.004392
3931,3,198.0000,36.0000,-15.2500,-0.339500,-0.341000,-1.038000,-0.022280,0.010670,-0.025790,-0.339460,-0.341032,-1.038182,-0.022283,0.010675,-0.025787,1.822342e-04,0.005339
3932,3,210.0000,36.0000,-15.2500,-0.359600,-0.358200,-1.034000,-0.025750,0.011770,-0.080160,-0.359636,-0.358164,-1.033926,-0.025753,0.011773,-0.080161,7.444155e-05,0.002181
3933,3,222.0000,36.0000,-15.2500,-0.364100,-0.407400,-1.122000,-0.029320,0.012800,-0.113300,-0.364140,-0.407427,-1.121703,-0.029318,0.012796,-0.113287,2.974578e-04,0.008715
3934,3,234.0000,36.0000,-15.2500,-0.330800,-0.461400,-1.255000,-0.033650,0.012300,0.026560,-0.330757,-0.461428,-1.254867,-0.033648,0.012299,0.026561,1.326343e-04,0.003886
3935,3,174.0000,44.0000,-15.2500,-0.370600,-0.369500,-1.128000,-0.018940,0.008189,0.014950,-0.370551,-0.369528,-1.127553,-0.018937,0.008189,0.014949,4.473907e-04,0.013108
3936,3,186.0000,44.0000,-15.2500,-0.355700,-0.352300,-1.077000,-0.022620,0.010390,0.003605,-0.355727,-0.352278,-1.076861,-0.022621,0.010390,0.003605,1.392189e-04,0.004079
3937,3,198.0000,44.0000,-15.2500,-0.334700,-0.332600,-1.024000,-0.027150,0.011820,-0.024940,-0.334700,-0.332642,-1.024201,-0.027146,0.011823,-0.024942,2.012639e-04,0.005897
3938,3,210.0000,44.0000,-15.2500,-0.354100,-0.349400,-1.020000,-0.031300,0.013250,-0.079140,-0.354070,-0.349385,-1.019635,-0.031297,0.013253,-0.079140,3.654410e-04,0.010707
3939,3,222.0000,44.0000,-15.2500,-0.359300,-0.398300,-1.107000,-0.035660,0.014660,-0.112400,-0.359268,-0.398268,-1.106947,-0.035665,0.014662,-0.112368,5.342448e-05,0.001565
3940,3,234.0000,44.0000,-15.2500,-0.326500,-0.451600,-1.240000,-0.040880,0.013760,0.024840,-0.326453,-0.451594,-1.240112,-0.040883,0.013759,0.024841,1.118689e-04,0.003278
3941,4,174.0000,4.0000,-36.5000,0.009439,0.009212,-0.071030,-0.000252,0.001034,0.013680,0.009439,0.009212,-0.071026,-0.000252,0.001034,0.013682,3.804064e-06,0.000111
3942,4,186.0000,4.0000,-36.5000,0.010770,0.009781,-0.068060,-0.000305,0.001016,0.015070,0.010766,0.009781,-0.068055,-0.000305,0.001016,0.015067,4.803796e-06,0.000141
3943,4,198.0000,4.0000,-36.5000,0.014300,0.011550,-0.063740,-0.000363,0.000995,0.016050,0.014296,0.011548,-0.063740,-0.000363,0.000995,0.016046,4.248381e-06,0.000124
3944,4,210.0000,4.0000,-36.5000,0.022320,0.016080,-0.056420,-0.000425,0.000969,0.018370,0.022316,0.016080,-0.056421,-0.000425,0.000969,0.018369,4.140132e-06,0.000121
3945,4,222.0000,4.0000,-36.5000,0.033420,0.022910,-0.045840,-0.000492,0.000927,0.026670,0.033415,0.022906,-0.045844,-0.000492,0.000927,0.026672,4.825230e-06,0.000141
3946,4,234.0000,4.0000,-36.5000,0.037720,0.026580,-0.035720,-0.000563,0.000847,0.046240,0.037717,0.026579,-0.035725,-0.000563,0.000847,0.046243,4.535431e-06,0.000133
3947,4,174.0000,12.0000,-36.5000,0.009375,0.009130,-0.070850,-0.000754,0.003061,0.013660,0.009375,0.009130,-0.070852,-0.000754,0.003061,0.013658,1.619774e-06,0.000047
3948,4,186.0000,12.0000,-36.5000,0.010690,0.009690,-0.067890,-0.000915,0.003007,0.015040,0.010687,0.009690,-0.067892,-0.000915,0.003007,0.015041,3.212640e-06,0.000094
3949,4,198.0000,12.0000,-36.5000,0.014200,0.011450,-0.063590,-0.001086,0.002945,0.016010,0.014199,0.011448,-0.063589,-0.001086,0.002945,0.016015,4.727114e-06,0.000139
3950,4,210.0000,12.0000,-36.5000,0.022190,0.015960,-0.056290,-0.001272,0.002866,0.018330,0.022186,0.015963,-0.056293,-0.001272,0.002866,0.018326,4.099111e-06,0.000120
3951,4,222.0000,12.0000,-36.5000,0.033240,0.022760,-0.045750,-0.001475,0.002738,0.026600,0.033244,0.022763,-0.045750,-0.001475,0.002738,0.026596,4.045335e-06,0.000119
3952,4,234.0000,12.0000,-36.5000,0.037530,0.026420,-0.035660,-0.001686,0.002493,0.046090,0.037531,0.026422,-0.035664,-0.001686,0.002493,0.046094,4.239495e-06,0.000124
3953,4,174.0000,20.0000,-36.5000,0.009264,0.008997,-0.070500,-0.001256,0.004981,0.013610,0.009264,0.008997,-0.070497,-0.001256,0.004981,0.013610,2.818961e-06,0.000083
3954,4,186.0000,20.0000,-36.5000,0.010550,0.009551,-0.067550,-0.001520,0.004893,0.014990,0.010553,0.009551,-0.067552,-0.001520,0.004893,0.014992,3.397401e-06,0.000100
3955,4,198.0000,20.0000,-36.5000,0.014030,0.011300,-0.063270,-0.001805,0.004797,0.015960,0.014030,0.011297,-0.063271,-0.001805,0.004797,0.015955,4.845993e-06,0.000142
3956,4,210.0000,20.0000,-36.5000,0.021960,0.015780,-0.056020,-0.002114,0.004668,0.018240,0.021955,0.015779,-0.056017,-0.002114,0.004668,0.018240,4.983407e-06,0.000146
3957,4,222.0000,20.0000,-36.5000,0.032930,0.022530,-0.045540,-0.002451,0.004452,0.026440,0.032933,0.022529,-0.045542,-0.002451,0.004452,0.026443,3.223089e-06,0.000094
3958,4,234.0000,20.0000,-36.5000,0.037200,0.026170,-0.035510,-0.002798,0.004042,0.045800,0.037203,0.026172,-0.035512,-0.002798,0.004042,0.045796,3.854345e-06,0.000113
3959,4,174.0000,28.0000,-36.5000,0.009187,0.008942,-0.069900,-0.001755,0.006762,0.013540,0.009187,0.008942,-0.069901,-0.001755,0.006762,0.013539,1.271537e-06,0.000037
3960,4,186.0000,28.0000,-36.5000,0.010430,0.009471,-0.066990,-0.002119,0.006652,0.014930,0.010430,0.009471,-0.066987,-0.002119,0.006652,0.014928,2.881284e-06,0.000084
3961,4,198.0000,28.0000,-36.5000,0.013840,0.011180,-0.062750,-0.002517,0.006537,0.015870,0.013840,0.011181,-0.062748,-0.002517,0.006537,0.015872,2.042736e-06,0.000060
3962,4,210.0000,28.0000,-36.5000,0.021670,0.015610,-0.055560,-0.002947,0.006362,0.018110,0.021671,0.015612,-0.055560,-0.002947,0.006362,0.018112,1.627869e-06,0.000048
3963,4,222.0000,28.0000,-36.5000,0.032550,0.022300,-0.045170,-0.003415,0.006056,0.026210,0.032546,0.022303,-0.045174,-0.003415,0.006056,0.026209,4.294262e-06,0.000126
3964,4,234.0000,28.0000,-36.5000,0.036790,0.025930,-0.035220,-0.003895,0.005487,0.045360,0.036795,0.025927,-0.035223,-0.003895,0.005487,0.045357,4.815510e-06,0.000141
3965,4,174.0000,36.0000,-36.5000,0.009203,0.009057,-0.069020,-0.002250,0.008442,0.013450,0.009203,0.009057,-0.069024,-0.002250,0.008442,0.013445,4.950972e-06,0.000145
3966,4,186.0000,36.0000,-36.5000,0.010360,0.009524,-0.066170,-0.002712,0.008315,0.014860,0.010362,0.009524,-0.066170,-0.002712,0.008315,0.014860,2.101585e-06,0.000062
3967,4,198.0000,36.0000,-36.5000,0.013660,0.011160,-0.062000,-0.003219,0.008185,0.015770,0.013661,0.011160,-0.062004,-0.003219,0.008185,0.015770,3.716785e-06,0.000109
3968,4,210.0000,36.0000,-36.5000,0.021370,0.015520,-0.054900,-0.003769,0.007972,0.017940,0.021367,0.015519,-0.054902,-0.003769,0.007972,0.017944,3.999433e-06,0.000117
3969,4,222.0000,36.0000,-36.5000,0.032120,0.022140,-0.044620,-0.004363,0.007586,0.025900,0.032120,0.022143,-0.044623,-0.004363,0.007586,0.025897,3.429823e-06,0.000100
3970,4,234.0000,36.0000,-36.5000,0.036350,0.025760,-0.034770,-0.004971,0.006866,0.044780,0.036355,0.025757,-0.034766,-0.004971,0.006866,0.044783,4.564147e-06,0.000134
3971,4,174.0000,44.0000,-36.5000,0.009306,0.009342,-0.067880,-0.002740,0.010130,0.013330,0.009306,0.009342,-0.067875,-0.002740,0.010135,0.013335,4.942557e-06,0.000145
3972,4,186.0000,44.0000,-36.5000,0.010340,0.009710,-0.065110,-0.003306,0.009974,0.014770,0.010344,0.009710,-0.065110,-0.003306,0.009974,0.014775,4.512204e-06,0.000132
3973,4,198.0000,44.0000,-36.5000,0.013500,0.011240,-0.061040,-0.003917,0.009805,0.015650,0.013499,0.011241,-0.061041,-0.003917,0.009805,0.015649,1.331600e-06,0.000039
3974,4,210.0000,44.0000,-36.5000,0.021050,0.015500,-0.054050,-0.004576,0.009559,0.017750,0.021048,0.015503,-0.054048,-0.004576,0.009559,0.017745,4.755935e-06,0.000139
3975,4,222.0000,44.0000,-36.5000,0.031650,0.022040,-0.043900,-0.005290,0.009122,0.025530,0.031652,0.022042,-0.043900,-0.005290,0.009122,0.025525,4.966668e-06,0.000146
3976,4,234.0000,44.0000,-36.5000,0.035890,0.025660,-0.034140,-0.006021,0.008274,0.044080,0.035887,0.025661,-0.034141,-0.006021,0.008274,0.044077,3.201360e-06,0.000094
3977,2,174.0000,54.0000,-2.0000,-0.427600,-0.428900,-1.127000,-0.022650,0.016150,0.015580,-0.427568,-0.428927,-1.126695,-0.022651,0.016152,0.015580,3.048566e-04,0.008932
3978,2,186.0000,54.0000,-2.0000,-0.390700,-0.381000,-1.021000,-0.027240,0.007671,-0.003110,-0.390733,-0.381039,-1.020560,-0.027237,0.007671,-0.003110,4.395340e-04,0.012878
3979,2,198.0000,54.0000,-2.0000,-0.402900,-0.376000,-0.972900,-0.030700,0.007707,-0.003904,-0.402866,-0.375953,-0.972918,-0.030699,0.007707,-0.003904,4.713979e-05,0.001381
3980,2,210.0000,54.0000,-2.0000,-0.446700,-0.403300,-0.973400,-0.033620,0.007898,-0.013110,-0.446748,-0.403335,-0.973365,-0.033616,0.007898,-0.013114,4.756381e-05,0.001394
3981,2,222.0000,54.0000,-2.0000,-0.494100,-0.422500,-0.948900,-0.035490,0.009083,0.001186,-0.494081,-0.422549,-0.948856,-0.035485,0.009083,0.001186,4.933155e-05,0.001445
3982,2,234.0000,54.0000,-2.0000,-0.876500,-0.825100,-1.546000,-0.037420,0.013240,-0.165300,-0.876458,-0.825142,-1.546161,-0.037418,0.013239,-0.165290,1.612685e-04,0.004725
3983,2,174.0000,66.0000,-2.0000,-0.379500,-0.391500,-1.021000,-0.027260,-0.003364,0.007107,-0.379485,-0.391459,-1.020940,-0.027260,-0.003364,0.007107,5.967124e-05,0.001748
3984,2,186.0000,66.0000,-2.0000,-0.363500,-0.364300,-0.955100,-0.032420,-0.001712,-0.001487,-0.363457,-0.364346,-0.955135,-0.032422,-0.001712,-0.001487,4.557943e-05,0.001335
3985,2,198.0000,66.0000,-2.0000,-0.373000,-0.355500,-0.904400,-0.036830,-0.001067,-0.003856,-0.372978,-0.355488,-0.904396,-0.036830,-0.001067,-0.003856,2.165999e-05,0.000635
3986,2,210.0000,66.0000,-2.0000,-0.415400,-0.381700,-0.905700,-0.040320,-0.000584,-0.012460,-0.415416,-0.381728,-0.905689,-0.040322,-0.000584,-0.012461,2.818650e-05,0.000826
3987,2,222.0000,66.0000,-2.0000,-0.460500,-0.399600,-0.881900,-0.042580,0.000253,0.001183,-0.460490,-0.399646,-0.881869,-0.042576,0.000253,0.001183,4.609649e-05,0.001351
3988,2,234.0000,66.0000,-2.0000,-0.823000,-0.780900,-1.448000,-0.044760,0.001484,-0.156900,-0.823014,-0.780945,-1.448402,-0.044755,0.001484,-0.156933,4.022139e-04,0.011785
3989,2,174.0000,78.0000,-2.0000,-0.375800,-0.404300,-0.976200,-0.030740,-0.003943,0.007204,-0.375822,-0.404332,-0.976247,-0.030740,-0.003943,0.007204,4.716006e-05,0.001382
3990,2,186.0000,78.0000,-2.0000,-0.355900,-0.374400,-0.907200,-0.036870,-0.003861,-0.000837,-0.355896,-0.374444,-0.907166,-0.036870,-0.003861,-0.000837,4.394516e-05,0.001288
3991,2,198.0000,78.0000,-2.0000,-0.363300,-0.363500,-0.856000,-0.042110,-0.003276,-0.003276,-0.363314,-0.363483,-0.856031,-0.042114,-0.003276,-0.003276,3.113132e-05,0.000912
3992,2,210.0000,78.0000,-2.0000,-0.402400,-0.386300,-0.856800,-0.045770,-0.002477,-0.011510,-0.402423,-0.386344,-0.856780,-0.045774,-0.002477,-0.011509,4.444198e-05,0.001302
3993,2,222.0000,78.0000,-2.0000,-0.445400,-0.401500,-0.835100,-0.048140,-0.001163,0.001542,-0.445375,-0.401548,-0.835119,-0.048136,-0.001163,0.001542,4.765660e-05,0.001396
3994,2,234.0000,78.0000,-2.0000,-0.795600,-0.767400,-1.385000,-0.050000,0.000966,-0.150600,-0.795553,-0.767426,-1.385463,-0.049997,0.000966,-0.150588,4.632310e-04,0.013573
3995,2,174.0000,90.0000,-2.0000,-0.404100,-0.448700,-0.978400,-0.033650,-0.013220,0.007434,-0.404088,-0.448671,-0.978421,-0.033647,-0.013216,0.007434,2.924352e-05,0.000857
3996,2,186.0000,90.0000,-2.0000,-0.382800,-0.417200,-0.910000,-0.040370,-0.012520,-0.000348,-0.382841,-0.417171,-0.910020,-0.040369,-0.012523,-0.000348,4.088900e-05,0.001198
3997,2,198.0000,90.0000,-2.0000,-0.386800,-0.402800,-0.858200,-0.045810,-0.011540,-0.002479,-0.386778,-0.402787,-0.858243,-0.045805,-0.011537,-0.002479,4.259215e-05,0.001248
3998,2,210.0000,90.0000,-2.0000,-0.421500,-0.421300,-0.857300,-0.049750,-0.010240,-0.010230,-0.421517,-0.421283,-0.857343,-0.049753,-0.010241,-0.010232,4.319958e-05,0.001266
3999,2,222.0000,90.0000,-2.0000,-0.457200,-0.429400,-0.833100,-0.050890,-0.008334,0.003027,-0.457156,-0.429447,-0.833128,-0.050890,-0.008334,0.003027,4.678676e-05,0.001371
4000,2,234.0000,90.0000,-2.0000,-0.794100,-0.778000,-1.364000,-0.051880,-0.004983,-0.146000,-0.794099,-0.777956,-1.363536,-0.051878,-0.004983,-0.145989,4.644901e-04,0.013609
4001,2,174.0000,102.0000,-2.0000,-0.424000,-0.496400,-0.955000,-0.035460,0.001181,0.008651,-0.423979,-0.496361,-0.954999,-0.035461,0.001181,0.008651,3.886357e-05,0.001139
4002,2,186.0000,102.0000,-2.0000,-0.401300,-0.462500,-0.887300,-0.042620,0.001192,0.000568,-0.401269,-0.462467,-0.887303,-0.042616,0.001192,0.000568,3.324604e-05,0.000974
4003,2,198.0000,102.0000,-2.0000,-0.402300,-0.445800,-0.837500,-0.048200,0.001565,-0.001125,-0.402348,-0.445783,-0.837534,-0.048196,0.001565,-0.001125,4.757834e-05,0.001394
4004,2,210.0000,102.0000,-2.0000,-0.430000,-0.456900,-0.834100,-0.050940,0.003052,-0.008310,-0.430038,-0.456935,-0.834135,-0.050941,0.003052,-0.008310,3.775494e-05,0.001106
4005,2,222.0000,102.0000,-2.0000,-0.457200,-0.456600,-0.799400,-0.053010,0.005540,0.005529,-0.457156,-0.456587,-0.799408,-0.053006,0.005540,0.005529,4.412933e-05,0.001293
4006,2,234.0000,102.0000,-2.0000,-0.777500,-0.789000,-1.314000,-0.050560,0.006607,-0.143900,-0.777544,-0.788986,-1.314430,-0.050564,0.006607,-0.143921,4.301303e-04,0.012603
4007,2,174.0000,114.0000,-2.0000,-0.829400,-0.881000,-1.557000,-0.037370,-0.166300,0.012680,-0.829403,-0.881039,-1.556634,-0.037369,-0.166341,0.012682,3.659941e-04,0.010724
4008,2,186.0000,114.0000,-2.0000,-0.784700,-0.826700,-1.457000,-0.044830,-0.157700,0.001990,-0.784727,-0.826744,-1.457423,-0.044830,-0.157699,0.001990,4.225544e-04,0.012381
4009,2,198.0000,114.0000,-2.0000,-0.769200,-0.796600,-1.390000,-0.050120,-0.150900,0.001097,-0.769207,-0.796626,-1.389726,-0.050120,-0.150927,0.001097,2.740538e-04,0.008030
4010,2,210.0000,114.0000,-2.0000,-0.778900,-0.794000,-1.365000,-0.051990,-0.146000,-0.004899,-0.778861,-0.793951,-1.365402,-0.051989,-0.146035,-0.004899,4.019219e-04,0.011776
4011,2,222.0000,114.0000,-2.0000,-0.789400,-0.776700,-1.315000,-0.050630,-0.143800,0.006628,-0.789412,-0.776662,-1.314633,-0.050629,-0.143798,0.006628,3.671924e-04,0.010759
4012,2,234.0000,114.0000,-2.0000,-1.110000,-1.109000,-1.814000,-0.050220,-0.144200,-0.144400,-1.109641,-1.108927,-1.814210,-0.050222,-0.144175,-0.144355,3.585070e-04,0.010504
4013,3,174.0000,54.0000,-7.7500,-0.382600,-0.382300,-1.106000,-0.023690,0.014730,0.014690,-0.382590,-0.382268,-1.105684,-0.023685,0.014735,0.014693,3.157733e-04,0.009252
4014,3,186.0000,54.0000,-7.7500,-0.376600,-0.361300,-1.031000,-0.028350,0.010800,0.001035,-0.376604,-0.361269,-1.030609,-0.028350,0.010795,0.001035,3.913681e-04,0.011467
4015,3,198.0000,54.0000,-7.7500,-0.379200,-0.353600,-0.983800,-0.031700,0.011010,-0.019630,-0.379176,-0.353580,-0.983785,-0.031701,0.011013,-0.019627,2.358365e-05,0.000691
4016,3,210.0000,54.0000,-7.7500,-0.406000,-0.358800,-0.944900,-0.035010,0.012170,-0.032890,-0.406035,-0.358808,-0.944926,-0.035013,0.012170,-0.032889,3.479028e-05,0.001019
4017,3,222.0000,54.0000,-7.7500,-0.517100,-0.467200,-1.079000,-0.037740,0.014530,-0.097560,-0.517052,-0.467206,-1.079368,-0.037739,0.014528,-0.097556,3.681542e-04,0.010787
4018,3,234.0000,54.0000,-7.7500,-0.405200,-0.539200,-1.344000,-0.042880,0.017760,-0.089070,-0.405198,-0.539218,-1.344245,-0.042883,0.017764,-0.089067,2.445888e-04,0.007166
4019,3,174.0000,66.0000,-7.7500,-0.362500,-0.377000,-1.032000,-0.028420,0.000937,0.010770,-0.362525,-0.376996,-1.032479,-0.028418,0.000937,0.010767,4.794178e-04,0.014047
4020,3,186.0000,66.0000,-7.7500,-0.353800,-0.353300,-0.969900,-0.033660,0.000573,0.000644,-0.353844,-0.353322,-0.969940,-0.033658,0.000573,0.000644,4.390891e-05,0.001287
4021,3,198.0000,66.0000,-7.7500,-0.359100,-0.345700,-0.926200,-0.038150,0.001400,-0.018070,-0.359117,-0.345691,-0.926195,-0.038150,0.001400,-0.018069,1.692143e-05,0.000496
4022,3,210.0000,66.0000,-7.7500,-0.384400,-0.349600,-0.887700,-0.042000,0.003327,-0.031280,-0.384402,-0.349551,-0.887706,-0.042004,0.003327,-0.031281,4.888530e-05,0.001432
4023,3,222.0000,66.0000,-7.7500,-0.490900,-0.453900,-1.017000,-0.045360,0.006470,-0.093230,-0.490870,-0.453907,-1.016586,-0.045365,0.006470,-0.093231,4.143476e-04,0.012140
4024,3,234.0000,66.0000,-7.7500,-0.385000,-0.524600,-1.272000,-0.051050,0.009628,-0.084750,-0.385049,-0.524603,-1.271587,-0.051052,0.009628,-0.084754,4.126427e-04,0.012090
4025,3,174.0000,78.0000,-7.7500,-0.355600,-0.379600,-0.987800,-0.031860,-0.019960,0.011060,-0.355615,-0.379641,-0.987809,-0.031862,-0.019955,0.011061,4.109764e-05,0.001204
4026,3,186.0000,78.0000,-7.7500,-0.347000,-0.358600,-0.928300,-0.038250,-0.018300,0.001502,-0.346954,-0.358633,-0.928298,-0.038249,-0.018297,0.001502,4.625387e-05,0.001355
4027,3,198.0000,78.0000,-7.7500,-0.351600,-0.350400,-0.885100,-0.043730,-0.016040,-0.015850,-0.351558,-0.350362,-0.885060,-0.043726,-0.016035,-0.015849,4.225189e-05,0.001238
4028,3,210.0000,78.0000,-7.7500,-0.374800,-0.352300,-0.846900,-0.048080,-0.012970,-0.028560,-0.374771,-0.352286,-0.846923,-0.048080,-0.012967,-0.028556,2.892251e-05,0.000847
4029,3,222.0000,78.0000,-7.7500,-0.476500,-0.450500,-0.971300,-0.051650,-0.008517,-0.087980,-0.476534,-0.450523,-0.971265,-0.051652,-0.008517,-0.087983,3.500763e-05,0.001026
4030,3,234.0000,78.0000,-7.7500,-0.373900,-0.515600,-1.218000,-0.057180,-0.003427,-0.080140,-0.373913,-0.515578,-1.217922,-0.057180,-0.003427,-0.080138,7.770320e-05,0.002277
4031,3,174.0000,90.0000,-7.7500,-0.361700,-0.407000,-0.950700,-0.035250,-0.033200,0.012360,-0.361666,-0.407002,-0.950657,-0.035254,-0.033199,0.012361,4.284177e-05,0.001255
4032,3,186.0000,90.0000,-7.7500,-0.351500,-0.384300,-0.891500,-0.042200,-0.031440,0.003523,-0.351501,-0.384312,-0.891454,-0.042202,-0.031444,0.003523,4.564050e-05,0.001337
4033,3,198.0000,90.0000,-7.7500,-0.354100,-0.373900,-0.848600,-0.048190,-0.028630,-0.012760,-0.354117,-0.373929,-0.848569,-0.048188,-0.028632,-0.012760,3.135956e-05,0.000919
4034,3,210.0000,90.0000,-7.7500,-0.374400,-0.372900,-0.810300,-0.052860,-0.024200,-0.024150,-0.374383,-0.372906,-0.810278,-0.052861,-0.024199,-0.024150,2.175244e-05,0.000637
4035,3,222.0000,90.0000,-7.7500,-0.469200,-0.463700,-0.928300,-0.055880,-0.017600,-0.081160,-0.469205,-0.463712,-0.928323,-0.055883,-0.017599,-0.081160,2.272952e-05,0.000666
4036,3,234.0000,90.0000,-7.7500,-0.366600,-0.521000,-1.168000,-0.059330,-0.010970,-0.073470,-0.366557,-0.521020,-1.167904,-0.059333,-0.010971,-0.073471,9.559884e-05,0.002801
4037,3,174.0000,102.0000,-7.7500,-0.471300,-0.518900,-1.087000,-0.038080,-0.098270,0.014950,-0.471301,-0.518888,-1.087247,-0.038083,-0.098271,0.014946,2.466142e-04,0.007226
4038,3,186.0000,102.0000,-7.7500,-0.456600,-0.491400,-1.022000,-0.045690,-0.093660,0.006841,-0.456646,-0.491378,-1.022055,-0.045686,-0.093658,0.006841,5.459420e-05,0.001600
4039,3,198.0000,102.0000,-7.7500,-0.452900,-0.476100,-0.974200,-0.051900,-0.088170,-0.008185,-0.452873,-0.476059,-0.974247,-0.051895,-0.088171,-0.008185,4.693500e-05,0.001375
4040,3,210.0000,102.0000,-7.7500,-0.465500,-0.467900,-0.929300,-0.056020,-0.081180,-0.017510,-0.465499,-0.467903,-0.929346,-0.056023,-0.081182,-0.017507,4.628859e-05,0.001356
4041,3,222.0000,102.0000,-7.7500,-0.554500,-0.552900,-1.041000,-0.058990,-0.073680,-0.073730,-0.554522,-0.552936,-1.040995,-0.058994,-0.073682,-0.073734,3.565764e-05,0.001045
4042,3,234.0000,102.0000,-7.7500,-0.436200,-0.594000,-1.260000,-0.058710,-0.061960,-0.062150,-0.436237,-0.593958,-1.259955,-0.058707,-0.061964,-0.062149,4.483431e-05,0.001314
4043,3,174.0000,114.0000,-7.7500,-0.544000,-0.406200,-1.354000,-0.043570,-0.089480,0.018290,-0.543979,-0.406207,-1.354398,-0.043570,-0.089477,0.018293,3.977412e-04,0.011654
4044,3,186.0000,114.0000,-7.7500,-0.527600,-0.385000,-1.279000,-0.051700,-0.084990,0.010180,-0.527634,-0.385004,-1.278789,-0.051696,-0.084995,0.010182,2.106670e-04,0.006172
4045,3,198.0000,114.0000,-7.7500,-0.518100,-0.373200,-1.222000,-0.057710,-0.080150,-0.002940,-0.518069,-0.373175,-1.221974,-0.057710,-0.080150,-0.002940,3.138553e-05,0.000920
4046,3,210.0000,114.0000,-7.7500,-0.522800,-0.365200,-1.169000,-0.059710,-0.073320,-0.010800,-0.522791,-0.365181,-1.169481,-0.059708,-0.073316,-0.010797,4.810493e-04,0.014095
4047,3,222.0000,114.0000,-7.7500,-0.595400,-0.434700,-1.260000,-0.058900,-0.061890,-0.062020,-0.595441,-0.434716,-1.260251,-0.058901,-0.061894,-0.062016,2.505524e-04,0.007341
4048,3,234.0000,114.0000,-7.7500,-0.464800,-0.463500,-1.430000,-0.064710,-0.048980,-0.049270,-0.464847,-0.463496,-1.429670,-0.064710,-0.048981,-0.049275,3.304187e-04,0.009681
4049,3,174.0000,54.0000,-15.2500,-0.358000,-0.356100,-1.097000,-0.023860,0.014610,0.014990,-0.358002,-0.356143,-1.097219,-0.023863,0.014613,0.014986,2.189078e-04,0.006414
4050,3,186.0000,54.0000,-15.2500,-0.344100,-0.339600,-1.047000,-0.028790,0.014090,0.004346,-0.344059,-0.339569,-1.046564,-0.028793,0.014091,0.004346,4.357367e-04,0.012767
4051,3,198.0000,54.0000,-15.2500,-0.323300,-0.320200,-0.994100,-0.033340,0.014860,-0.023870,-0.323344,-0.320165,-0.994052,-0.033340,0.014857,-0.023867,4.824037e-05,0.001413
4052,3,210.0000,54.0000,-15.2500,-0.342100,-0.336400,-0.989100,-0.037930,0.016690,-0.077130,-0.342080,-0.336373,-0.989061,-0.037933,0.016688,-0.077133,3.886187e-05,0.001139
4053,3,222.0000,54.0000,-15.2500,-0.347600,-0.384300,-1.074000,-0.042890,0.019260,-0.110100,-0.347603,-0.384326,-1.074389,-0.042885,0.019256,-0.110071,3.885789e-04,0.011385
4054,3,234.0000,54.0000,-15.2500,-0.316200,-0.436900,-1.206000,-0.049390,0.020210,0.023150,-0.316187,-0.436949,-1.205551,-0.049387,0.020210,0.023152,4.492295e-04,0.013162
4055,3,174.0000,66.0000,-15.2500,-0.342400,-0.342500,-1.049000,-0.028940,0.004178,0.014500,-0.342432,-0.342482,-1.049205,-0.028941,0.004178,0.014498,2.045910e-04,0.005994
4056,3,186.0000,66.0000,-15.2500,-0.327500,-0.325000,-1.002000,-0.034870,0.004142,0.004270,-0.327506,-0.325000,-1.001564,-0.034869,0.004142,0.004270,4.359558e-04,0.012773
4057,3,198.0000,66.0000,-15.2500,-0.308100,-0.306400,-0.951300,-0.040370,0.005267,-0.022280,-0.308105,-0.306376,-0.951259,-0.040370,0.005267,-0.022283,4.132669e-05,0.001211
4058,3,210.0000,66.0000,-15.2500,-0.326400,-0.321900,-0.945700,-0.045740,0.008148,-0.073610,-0.326433,-0.321896,-0.945666,-0.045743,0.008148,-0.073606,3.431893e-05,0.001006
4059,3,222.0000,66.0000,-15.2500,-0.331800,-0.368300,-1.027000,-0.051600,0.012290,-0.105700,-0.331847,-0.368337,-1.027347,-0.051596,0.012291,-0.105660,3.473722e-04,0.010178
4060,3,234.0000,66.0000,-15.2500,-0.302400,-0.420000,-1.154000,-0.059140,0.014700,0.022420,-0.302401,-0.420018,-1.153773,-0.059140,0.014702,0.022418,2.267811e-04,0.006645
4061,3,174.0000,78.0000,-15.2500,-0.323700,-0.321900,-0.998800,-0.033720,-0.024270,0.015380,-0.323743,-0.321917,-0.998779,-0.033718,-0.024268,0.015381,4.349312e-05,0.001274
4062,3,186.0000,78.0000,-15.2500,-0.309600,-0.305800,-0.953400,-0.040590,-0.022540,0.005445,-0.309553,-0.305838,-0.953378,-0.040594,-0.022543,0.005445,4.660778e-05,0.001366
4063,3,198.0000,78.0000,-15.2500,-0.290700,-0.287800,-0.904400,-0.047030,-0.019690,-0.019490,-0.290662,-0.287787,-0.904423,-0.047034,-0.019693,-0.019485,3.845149e-05,0.001127
4064,3,210.0000,78.0000,-15.2500,-0.308400,-0.302700,-0.898000,-0.053300,-0.015040,-0.068510,-0.308397,-0.302697,-0.898046,-0.053304,-0.015037,-0.068514,4.636851e-05,0.001359
4065,3,222.0000,78.0000,-15.2500,-0.313400,-0.347100,-0.975800,-0.059820,-0.008571,-0.099100,-0.313391,-0.347096,-0.975850,-0.059817,-0.008571,-0.099096,4.988946e-05,0.001462
4066,3,234.0000,78.0000,-15.2500,-0.286100,-0.397700,-1.099000,-0.067910,-0.003121,0.024400,-0.286066,-0.397680,-1.099263,-0.067906,-0.003121,0.024399,2.632512e-04,0.007713
4067,3,174.0000,90.0000,-15.2500,-0.340700,-0.341100,-0.995700,-0.038600,-0.077900,0.017450,-0.340696,-0.341072,-0.995688,-0.038601,-0.077896,0.017448,2.839432e-05,0.000832
4068,3,186.0000,90.0000,-15.2500,-0.325600,-0.324500,-0.949600,-0.046250,-0.074070,0.008489,-0.325635,-0.324523,-0.949567,-0.046249,-0.074068,0.008489,3.536351e-05,0.001036
4069,3,198.0000,90.0000,-15.2500,-0.306000,-0.305800,-0.899700,-0.053580,-0.068780,-0.014770,-0.305998,-0.305841,-0.899726,-0.053579,-0.068777,-0.014766,4.066365e-05,0.001191
4070,3,210.0000,90.0000,-15.2500,-0.322000,-0.319000,-0.891100,-0.060580,-0.061410,-0.061220,-0.321970,-0.319019,-0.891067,-0.060583,-0.061407,-0.061217,3.311875e-05,0.000970
4071,3,222.0000,90.0000,-15.2500,-0.325700,-0.361200,-0.964800,-0.067660,-0.051470,-0.089410,-0.325691,-0.361208,-0.964755,-0.067656,-0.051465,-0.089405,4.502943e-05,0.001319
4072,3,234.0000,90.0000,-15.2500,-0.295800,-0.406000,-1.081000,-0.075110,-0.039070,0.032720,-0.295835,-0.405981,-1.081321,-0.075107,-0.039069,0.032723,3.214561e-04,0.009419
4073,3,174.0000,102.0000,-15.2500,-0.389400,-0.347000,-1.083000,-0.043940,-0.110900,0.020360,-0.389372,-0.346989,-1.082900,-0.043940,-0.110925,0.020359,9.985755e-05,0.002926
4074,3,186.0000,102.0000,-15.2500,-0.372500,-0.330300,-1.033000,-0.052470,-0.106100,0.012870,-0.372548,-0.330337,-1.032817,-0.052466,-0.106133,0.012874,1.828102e-04,0.005356
4075,3,198.0000,102.0000,-15.2500,-0.350700,-0.311200,-0.978800,-0.060440,-0.099280,-0.008145,-0.350667,-0.311215,-0.978825,-0.060438,-0.099284,-0.008145,3.349032e-05,0.000981
4076,3,210.0000,102.0000,-15.2500,-0.364300,-0.323100,-0.965900,-0.067980,-0.089420,-0.051240,-0.364333,-0.323134,-0.965870,-0.067983,-0.089418,-0.051243,3.415253e-05,0.001001
4077,3,222.0000,102.0000,-15.2500,-0.362300,-0.359600,-1.030000,-0.075220,-0.075900,-0.075950,-0.362310,-0.359634,-1.030184,-0.075219,-0.075898,-0.075952,1.836340e-04,0.005380
4078,3,234.0000,102.0000,-15.2500,-0.326100,-0.399700,-1.130000,-0.083340,-0.057580,0.048300,-0.326135,-0.399659,-1.130150,-0.083341,-0.057578,0.048304,1.504966e-04,0.004410
4079,3,174.0000,114.0000,-15.2500,-0.442400,-0.315700,-1.215000,-0.051040,0.023560,0.021470,-0.442359,-0.315673,-1.215449,-0.051036,0.023562,0.021468,4.493300e-04,0.013165
4080,3,186.0000,114.0000,-15.2500,-0.424300,-0.301100,-1.160000,-0.060530,0.022770,0.015410,-0.424312,-0.301056,-1.160268,-0.060534,0.022772,0.015413,2.680659e-04,0.007854
4081,3,198.0000,114.0000,-15.2500,-0.401200,-0.284200,-1.103000,-0.068990,0.024740,-0.002598,-0.401195,-0.284157,-1.102956,-0.068987,0.024737,-0.002598,4.448072e-05,0.001303
4082,3,210.0000,114.0000,-15.2500,-0.408900,-0.293600,-1.083000,-0.075830,0.033040,-0.038820,-0.408931,-0.293587,-1.082892,-0.075835,0.033041,-0.038816,1.078109e-04,0.003159
4083,3,222.0000,114.0000,-15.2500,-0.402100,-0.323800,-1.130000,-0.083700,0.048600,-0.057660,-0.402080,-0.323785,-1.130467,-0.083700,0.048605,-0.057659,4.666074e-04,0.013671
4084,3,234.0000,114.0000,-15.2500,-0.354600,-0.352500,-1.199000,-0.098390,0.057860,0.057560,-0.354621,-0.352533,-1.198732,-0.098392,0.057863,0.057560,2.679993e-04,0.007852
4085,4,174.0000,54.0000,-36.5000,0.009313,0.009672,-0.066250,-0.003349,0.012090,0.013160,0.009313,0.009672,-0.066254,-0.003349,0.012094,0.013162,3.966438e-06,0.000116
4086,4,186.0000,54.0000,-36.5000,0.010260,0.009963,-0.063560,-0.004057,0.011870,0.014610,0.010262,0.009963,-0.063562,-0.004057,0.011867,0.014609,3.159014e-06,0.000093
4087,4,198.0000,54.0000,-36.5000,0.013260,0.011380,-0.059600,-0.004786,0.011630,0.015460,0.013258,0.011380,-0.059603,-0.004786,0.011632,0.015459,3.323405e-06,0.000097
4088,4,210.0000,54.0000,-36.5000,0.020560,0.015480,-0.052780,-0.005565,0.011350,0.017470,0.020564,0.015480,-0.052780,-0.005565,0.011349,0.017471,3.944575e-06,0.000116
4089,4,222.0000,54.0000,-36.5000,0.030900,0.021840,-0.042860,-0.006413,0.010890,0.025020,0.030895,0.021838,-0.042855,-0.006413,0.010887,0.025015,4.804399e-06,0.000141
4090,4,234.0000,54.0000,-36.5000,0.035060,0.025390,-0.033290,-0.007296,0.009985,0.043070,0.035056,0.025385,-0.033290,-0.007296,0.009985,0.043073,4.851065e-06,0.000142
4091,4,174.0000,66.0000,-36.5000,0.009648,0.010800,-0.063700,-0.004085,0.013770,0.012930,0.009648,0.010796,-0.063705,-0.004085,0.013769,0.012934,4.767459e-06,0.000140
4092,4,186.0000,66.0000,-36.5000,0.010520,0.010990,-0.061090,-0.004947,0.013510,0.014360,0.010518,0.010995,-0.061091,-0.004947,0.013515,0.014355,4.941303e-06,0.000145
4093,4,198.0000,66.0000,-36.5000,0.013330,0.012260,-0.057270,-0.005815,0.013240,0.015200,0.013332,0.012256,-0.057269,-0.005815,0.013241,0.015196,3.608671e-06,0.000106
4094,4,210.0000,66.0000,-36.5000,0.020280,0.016090,-0.050690,-0.006734,0.012950,0.017140,0.020284,0.016090,-0.050695,-0.006734,0.012946,0.017136,4.976675e-06,0.000146
4095,4,222.0000,66.0000,-36.5000,0.030170,0.022100,-0.041130,-0.007734,0.012490,0.024390,0.030167,0.022104,-0.041126,-0.007734,0.012487,0.024394,4.184889e-06,0.000123
4096,4,234.0000,66.0000,-36.5000,0.034120,0.025410,-0.031900,-0.008777,0.011550,0.041790,0.034117,0.025409,-0.031899,-0.008777,0.011549,0.041794,4.474415e-06,0.000131
4097,4,174.0000,78.0000,-36.5000,0.011100,0.013920,-0.059860,-0.004856,0.014840,0.012700,0.011101,0.013915,-0.059856,-0.004856,0.014836,0.012695,4.869197e-06,0.000143
4098,4,186.0000,78.0000,-36.5000,0.011830,0.013910,-0.057380,-0.005857,0.014570,0.014080,0.011826,0.013915,-0.057382,-0.005857,0.014568,0.014079,4.824025e-06,0.000141
4099,4,198.0000,78.0000,-36.5000,0.014390,0.014920,-0.053760,-0.006859,0.014290,0.014920,0.014393,0.014916,-0.053757,-0.006859,0.014293,0.014924,4.236809e-06,0.000124
4100,4,210.0000,78.0000,-36.5000,0.020890,0.018340,-0.047520,-0.007918,0.014000,0.016800,0.020885,0.018339,-0.047518,-0.007918,0.013997,0.016804,4.512768e-06,0.000132
4101,4,222.0000,78.0000,-36.5000,0.030180,0.023820,-0.038420,-0.009068,0.013550,0.023790,0.030177,0.023817,-0.038417,-0.009068,0.013554,0.023792,3.918755e-06,0.000115
4102,4,234.0000,78.0000,-36.5000,0.033780,0.026670,-0.029640,-0.010270,0.012690,0.040540,0.033782,0.026673,-0.029639,-0.010266,0.012688,0.040536,4.242417e-06,0.000124
4103,4,174.0000,90.0000,-36.5000,0.015260,0.021330,-0.053080,-0.005694,0.017070,0.012400,0.015261,0.021333,-0.053084,-0.005694,0.017069,0.012398,3.983414e-06,0.000117
4104,4,186.0000,90.0000,-36.5000,0.015720,0.020950,-0.050870,-0.006831,0.016720,0.013770,0.015720,0.020949,-0.050874,-0.006831,0.016717,0.013774,4.410387e-06,0.000129
4105,4,198.0000,90.0000,-36.5000,0.017880,0.021470,-0.047590,-0.007971,0.016370,0.014620,0.017879,0.021469,-0.047593,-0.007971,0.016374,0.014623,3.696743e-06,0.000108
4106,4,210.0000,90.0000,-36.5000,0.023780,0.024290,-0.041810,-0.009168,0.016010,0.016450,0.023776,0.024285,-0.041814,-0.009168,0.016011,0.016446,4.938328e-06,0.000145
4107,4,222.0000,90.0000,-36.5000,0.032270,0.028970,-0.033350,-0.010490,0.015510,0.023190,0.032274,0.028974,-0.033350,-0.010490,0.015508,0.023186,4.469461e-06,0.000131
4108,4,234.0000,90.0000,-36.5000,0.035170,0.030850,-0.025340,-0.011910,0.014650,0.039380,0.035172,0.030853,-0.025343,-0.011908,0.014651,0.039377,3.072849e-06,0.000090
4109,4,174.0000,102.0000,-36.5000,0.021690,0.031740,-0.043160,-0.006619,0.024870,0.011900,0.021692,0.031738,-0.043164,-0.006619,0.024873,0.011899,3.509292e-06,0.000103
4110,4,186.0000,102.0000,-36.5000,0.021800,0.030870,-0.041330,-0.007900,0.024200,0.013290,0.021798,0.030869,-0.041334,-0.007900,0.024203,0.013287,4.301023e-06,0.000126
4111,4,198.0000,102.0000,-36.5000,0.023420,0.030770,-0.038540,-0.009185,0.023570,0.014160,0.023417,0.030773,-0.038538,-0.009185,0.023565,0.014160,4.867589e-06,0.000143
4112,4,210.0000,102.0000,-36.5000,0.028530,0.032780,-0.033400,-0.010550,0.022940,0.015930,0.028527,0.032782,-0.033404,-0.010551,0.022936,0.015935,4.875142e-06,0.000143
4113,4,222.0000,102.0000,-36.5000,0.036060,0.036500,-0.025760,-0.012080,0.022070,0.022330,0.036056,0.036497,-0.025759,-0.012080,0.022074,0.022333,3.999355e-06,0.000117
4114,4,234.0000,102.0000,-36.5000,0.037820,0.036990,-0.018920,-0.013880,0.020580,0.037870,0.037822,0.036989,-0.018920,-0.013880,0.020582,0.037866,3.578133e-06,0.000105
4115,4,174.0000,114.0000,-36.5000,0.025290,0.035860,-0.033580,-0.007590,0.043250,0.010910,0.025288,0.035865,-0.033583,-0.007590,0.043254,0.010906,4.551938e-06,0.000133
4116,4,186.0000,114.0000,-36.5000,0.025150,0.034770,-0.032110,-0.009023,0.041860,0.012280,0.025154,0.034775,-0.032114,-0.009023,0.041862,0.012277,4.980882e-06,0.000146
4117,4,198.0000,114.0000,-36.5000,0.026330,0.034330,-0.029780,-0.010450,0.040520,0.013240,0.026325,0.034326,-0.029784,-0.010454,0.040517,0.013243,4.752490e-06,0.000139
4118,4,210.0000,114.0000,-36.5000,0.030460,0.035620,-0.025430,-0.012030,0.039300,0.015050,0.030459,0.035625,-0.025432,-0.012032,0.039298,0.015045,4.974662e-06,0.000146
4119,4,222.0000,114.0000,-36.5000,0.036600,0.038210,-0.018960,-0.013940,0.037750,0.020830,0.036599,0.038209,-0.018961,-0.013941,0.037751,0.020829,1.478503e-06,0.000043
4120,4,234.0000,114.0000,-36.5000,0.037770,0.038110,-0.013110,-0.016220,0.034230,0.034360,0.037766,0.038106,-0.013108,-0.016222,0.034230,0.034358,4.280012e-06,0.000125
4121,2,174.0000,132.0000,-2.0000,-0.264600,-0.279900,-0.700700,-0.039230,0.194700,0.005187,-0.264590,-0.279852,-0.700703,-0.039232,0.194722,0.005187,4.763717e-05,0.001396
4122,2,186.0000,132.0000,-2.0000,-0.252600,-0.261300,-0.656900,-0.046910,0.184200,-0.000755,-0.252572,-0.261302,-0.656942,-0.046910,0.184198,-0.000755,4.221652e-05,0.001237
4123,2,198.0000,132.0000,-2.0000,-0.256400,-0.255100,-0.628300,-0.052180,0.177200,-0.001147,-0.256381,-0.255059,-0.628261,-0.052181,0.177201,-0.001147,4.098692e-05,0.001201
4124,2,210.0000,132.0000,-2.0000,-0.271300,-0.260500,-0.617900,-0.054860,0.171800,-0.004339,-0.271293,-0.260454,-0.617925,-0.054861,0.171760,-0.004339,4.647315e-05,0.001362
4125,2,222.0000,132.0000,-2.0000,-0.276600,-0.251100,-0.581600,-0.052870,0.176700,0.004690,-0.276647,-0.251124,-0.581621,-0.052866,0.176707,0.004690,4.733060e-05,0.001387
4126,2,234.0000,132.0000,-2.0000,-0.407800,-0.388600,-0.783700,-0.053940,0.200700,-0.063540,-0.407765,-0.388575,-0.783654,-0.053938,0.200736,-0.063536,4.566419e-05,0.001338
4127,2,174.0000,156.0000,-2.0000,0.339100,0.327200,0.256600,-0.038610,-0.085900,-0.003028,0.339097,0.327242,0.256612,-0.038613,-0.085902,-0.003028,4.161269e-05,0.001219
4128,2,186.0000,156.0000,-2.0000,0.318700,0.311100,0.241700,-0.045760,-0.080980,-0.002804,0.318747,0.311124,0.241670,-0.045762,-0.080982,-0.002804,4.679997e-05,0.001371
4129,2,198.0000,156.0000,-2.0000,0.298000,0.296100,0.232100,-0.050800,-0.076810,-0.003206,0.297956,0.296088,0.232106,-0.050803,-0.076809,-0.003206,4.429053e-05,0.001298
4130,2,210.0000,156.0000,-2.0000,0.276600,0.279900,0.223500,-0.052980,-0.074270,-0.003847,0.276620,0.279937,0.223475,-0.052981,-0.074275,-0.003847,3.749413e-05,0.001099
4131,2,222.0000,156.0000,-2.0000,0.262700,0.266600,0.226100,-0.052840,-0.076110,-0.000706,0.262724,0.266645,0.226068,-0.052841,-0.076110,-0.000706,4.511053e-05,0.001322
4132,2,234.0000,156.0000,-2.0000,0.277400,0.277400,0.258900,-0.054710,-0.085240,0.008351,0.277359,0.277415,0.258896,-0.054711,-0.085238,0.008351,4.058419e-05,0.001189
4133,2,174.0000,180.0000,-2.0000,0.094160,0.103400,-0.091940,-0.035700,0.033980,-0.000672,0.094164,0.103388,-0.091936,-0.035699,0.033983,-0.000672,1.181407e-05,0.000346
4134,2,186.0000,180.0000,-2.0000,0.089420,0.099800,-0.087300,-0.042230,0.032350,-0.000993,0.089422,0.099798,-0.087298,-0.042232,0.032354,-0.000993,3.506442e-06,0.000103
4135,2,198.0000,180.0000,-2.0000,0.082300,0.094120,-0.083730,-0.047600,0.031140,-0.001222,0.082301,0.094119,-0.083733,-0.047601,0.031137,-0.001222,2.814961e-06,0.000082
4136,2,210.0000,180.0000,-2.0000,0.073430,0.085800,-0.080900,-0.051580,0.030830,-0.001359,0.073427,0.085795,-0.080901,-0.051578,0.030833,-0.001359,4.763744e-06,0.000140
4137,2,222.0000,180.0000,-2.0000,0.061390,0.074470,-0.083840,-0.055150,0.032610,-0.002835,0.061389,0.074467,-0.083842,-0.055147,0.032614,-0.002835,4.121606e-06,0.000121
4138,2,234.0000,180.0000,-2.0000,0.048440,0.063470,-0.084080,-0.055630,0.033400,-0.000876,0.048439,0.063468,-0.084084,-0.055634,0.033396,-0.000876,4.264088e-06,0.000125
4139,2,174.0000,204.0000,-2.0000,0.156100,0.148500,0.037130,-0.028840,-0.021840,-0.000252,0.156069,0.148493,0.037127,-0.028837,-0.021839,-0.000252,3.137040e-05,0.000919
4140,2,186.0000,204.0000,-2.0000,0.148400,0.142500,0.035250,-0.034260,-0.020770,-0.000239,0.148355,0.142549,0.035254,-0.034258,-0.020765,-0.000239,4.947598e-05,0.001450
4141,2,198.0000,204.0000,-2.0000,0.139900,0.135900,0.033710,-0.039020,-0.019720,-0.000323,0.139924,0.135892,0.033710,-0.039017,-0.019720,-0.000323,2.436602e-05,0.000714
4142,2,210.0000,204.0000,-2.0000,0.131100,0.129400,0.032960,-0.043060,-0.018960,-0.000377,0.131131,0.129397,0.032961,-0.043061,-0.018959,-0.000377,3.137293e-05,0.000919
4143,2,222.0000,204.0000,-2.0000,0.121400,0.121700,0.033120,-0.045370,-0.018920,-0.000589,0.121370,0.121731,0.033120,-0.045372,-0.018919,-0.000589,3.109971e-05,0.000911
4144,2,234.0000,204.0000,-2.0000,0.112400,0.112300,0.032080,-0.047490,-0.017430,0.000117,0.112434,0.112293,0.032079,-0.047492,-0.017430,0.000117,3.401757e-05,0.000997
4145,2,174.0000,228.0000,-2.0000,0.095000,0.033060,-0.014000,-0.013550,-0.004298,0.000963,0.094998,0.033055,-0.013995,-0.013553,-0.004298,0.000963,4.918843e-06,0.000144
4146,2,186.0000,228.0000,-2.0000,0.088910,0.031680,-0.013580,-0.016150,-0.004140,0.001187,0.088907,0.031683,-0.013576,-0.016154,-0.004140,0.001187,4.105317e-06,0.000120
4147,2,198.0000,228.0000,-2.0000,0.081850,0.030240,-0.012980,-0.018460,-0.003902,0.001344,0.081845,0.030238,-0.012978,-0.018464,-0.003902,0.001344,4.628466e-06,0.000136
4148,2,210.0000,228.0000,-2.0000,0.073820,0.028200,-0.012540,-0.020350,-0.003504,0.001541,0.073822,0.028195,-0.012536,-0.020354,-0.003504,0.001541,4.844209e-06,0.000142
4149,2,222.0000,228.0000,-2.0000,0.065050,0.025780,-0.012630,-0.022090,-0.002885,0.001534,0.065052,0.025777,-0.012631,-0.022086,-0.002885,0.001534,3.697820e-06,0.000108
4150,2,234.0000,228.0000,-2.0000,0.057830,0.025860,-0.010460,-0.023130,-0.002749,0.002620,0.057829,0.025862,-0.010464,-0.023129,-0.002749,0.002620,4.255394e-06,0.000125
4151,3,174.0000,132.0000,-7.7500,-0.218500,-0.231900,-0.658400,-0.052430,0.298000,0.006406,-0.218492,-0.231872,-0.658385,-0.052427,0.298043,0.006406,4.283597e-05,0.001255
4152,3,186.0000,132.0000,-7.7500,-0.214100,-0.220200,-0.623000,-0.061360,0.284400,0.001268,-0.214124,-0.220166,-0.622950,-0.061365,0.284416,0.001268,4.974138e-05,0.001457
4153,3,198.0000,132.0000,-7.7500,-0.213900,-0.214400,-0.596900,-0.066720,0.274500,-0.006046,-0.213881,-0.214420,-0.596932,-0.066724,0.274483,-0.006046,3.152979e-05,0.000924
4154,3,210.0000,132.0000,-7.7500,-0.219700,-0.212000,-0.570000,-0.067780,0.270300,-0.008774,-0.219698,-0.211969,-0.570034,-0.067778,0.270320,-0.008774,3.354380e-05,0.000983
4155,3,222.0000,132.0000,-7.7500,-0.255300,-0.247400,-0.602500,-0.066840,0.280200,-0.028610,-0.255295,-0.247407,-0.602497,-0.066838,0.280165,-0.028608,3.503414e-05,0.001026
4156,3,234.0000,132.0000,-7.7500,-0.193600,-0.262400,-0.669700,-0.093660,0.293700,-0.019040,-0.193647,-0.262418,-0.669706,-0.093659,0.293693,-0.019043,4.721095e-05,0.001383
4157,3,174.0000,156.0000,-7.7500,0.157100,0.004584,0.113800,-0.045000,-0.028000,-0.005312,0.157096,0.004584,0.113757,-0.045002,-0.027999,-0.005312,4.336190e-05,0.001270
4158,3,186.0000,156.0000,-7.7500,0.148500,0.003895,0.107300,-0.053320,-0.025380,-0.006800,0.148470,0.003895,0.107337,-0.053323,-0.025376,-0.006800,3.687214e-05,0.001080
4159,3,198.0000,156.0000,-7.7500,0.137600,0.001331,0.101700,-0.060290,-0.022520,-0.008602,0.137631,0.001331,0.101720,-0.060285,-0.022517,-0.008602,3.051683e-05,0.000894
4160,3,210.0000,156.0000,-7.7500,0.127600,-0.002529,0.100100,-0.065540,-0.020310,-0.007936,0.127554,-0.002529,0.100126,-0.065542,-0.020309,-0.007936,4.569918e-05,0.001339
4161,3,222.0000,156.0000,-7.7500,0.120200,-0.007076,0.107200,-0.070100,-0.021120,-0.004359,0.120228,-0.007076,0.107179,-0.070099,-0.021116,-0.004359,2.809329e-05,0.000823
4162,3,234.0000,156.0000,-7.7500,0.113400,-0.003954,0.114400,-0.076410,-0.026200,-0.001252,0.113382,-0.003954,0.114373,-0.076406,-0.026197,-0.001252,2.661400e-05,0.000780
4163,3,174.0000,180.0000,-7.7500,0.143700,0.129300,0.000507,-0.037770,-0.014840,-0.002361,0.143657,0.129271,0.000507,-0.037767,-0.014839,-0.002361,4.332836e-05,0.001270
4164,3,186.0000,180.0000,-7.7500,0.136800,0.123600,0.000291,-0.045050,-0.013760,-0.003066,0.136811,0.123588,0.000291,-0.045053,-0.013757,-0.003066,1.169255e-05,0.000343
4165,3,198.0000,180.0000,-7.7500,0.129100,0.117900,0.000428,-0.051650,-0.012380,-0.003658,0.129089,0.117864,0.000428,-0.051651,-0.012383,-0.003658,3.645972e-05,0.001068
4166,3,210.0000,180.0000,-7.7500,0.120500,0.112100,-0.000369,-0.057630,-0.010790,-0.004443,0.120547,0.112056,-0.000369,-0.057627,-0.010790,-0.004443,4.655909e-05,0.001364
4167,3,222.0000,180.0000,-7.7500,0.113500,0.110300,0.000959,-0.063130,-0.009475,-0.004268,0.113523,0.110321,0.000959,-0.063127,-0.009475,-0.004268,2.287446e-05,0.000670
4168,3,234.0000,180.0000,-7.7500,0.098720,0.102100,0.000758,-0.064440,-0.007641,-0.005126,0.098718,0.102063,0.000758,-0.064436,-0.007641,-0.005126,3.678164e-05,0.001078
4169,3,174.0000,204.0000,-7.7500,0.094010,0.044410,-0.016920,-0.028570,-0.013970,-0.000081,0.094010,0.044410,-0.016919,-0.028574,-0.013969,-0.000081,3.731620e-06,0.000109
4170,3,186.0000,204.0000,-7.7500,0.089240,0.043040,-0.016310,-0.034100,-0.013220,-0.000093,0.089244,0.043042,-0.016310,-0.034098,-0.013218,-0.000093,4.357482e-06,0.000128
4171,3,198.0000,204.0000,-7.7500,0.083420,0.041050,-0.015730,-0.039070,-0.012230,-0.000173,0.083422,0.041051,-0.015729,-0.039072,-0.012227,-0.000173,3.133344e-06,0.000092
4172,3,210.0000,204.0000,-7.7500,0.076440,0.038550,-0.015430,-0.043340,-0.010900,-0.000406,0.076436,0.038545,-0.015427,-0.043344,-0.010898,-0.000406,4.613915e-06,0.000135
4173,3,222.0000,204.0000,-7.7500,0.067960,0.034770,-0.015800,-0.046220,-0.008940,-0.000569,0.067956,0.034766,-0.015797,-0.046220,-0.008940,-0.000569,4.155039e-06,0.000122
4174,3,234.0000,204.0000,-7.7500,0.060850,0.033410,-0.014480,-0.049140,-0.007326,-0.000196,0.060851,0.033407,-0.014475,-0.049136,-0.007326,-0.000195,4.851909e-06,0.000142
4175,3,174.0000,228.0000,-7.7500,0.106600,0.036380,0.008126,-0.011990,-0.028210,0.003442,0.106550,0.036384,0.008126,-0.011994,-0.028208,0.003442,4.983090e-05,0.001460
4176,3,186.0000,228.0000,-7.7500,0.099850,0.034920,0.007561,-0.014360,-0.027050,0.004122,0.099849,0.034916,0.007561,-0.014357,-0.027054,0.004122,4.104941e-06,0.000120
4177,3,198.0000,228.0000,-7.7500,0.092080,0.033540,0.007145,-0.016510,-0.025700,0.004756,0.092081,0.033535,0.007145,-0.016508,-0.025705,0.004756,4.837591e-06,0.000142
4178,3,210.0000,228.0000,-7.7500,0.083400,0.031930,0.006575,-0.018310,-0.024210,0.005313,0.083398,0.031926,0.006575,-0.018311,-0.024213,0.005313,4.342225e-06,0.000127
4179,3,222.0000,228.0000,-7.7500,0.074690,0.030650,0.006705,-0.019870,-0.022720,0.005954,0.074690,0.030652,0.006705,-0.019866,-0.022719,0.005954,4.072509e-06,0.000119
4180,3,234.0000,228.0000,-7.7500,0.063860,0.028310,0.006271,-0.020660,-0.020930,0.006311,0.063857,0.028306,0.006271,-0.020662,-0.020928,0.006311,3.560760e-06,0.000104
4181,3,174.0000,132.0000,-15.2500,-0.188900,-0.218500,-0.619600,-0.060400,0.300800,0.008172,-0.188878,-0.218528,-0.619612,-0.060398,0.300812,0.008172,2.783181e-05,0.000815
4182,3,186.0000,132.0000,-15.2500,-0.181100,-0.209300,-0.593200,-0.071220,0.288600,0.003964,-0.181069,-0.209276,-0.593224,-0.071217,0.288609,0.003964,3.072040e-05,0.000900
4183,3,198.0000,132.0000,-15.2500,-0.170300,-0.199100,-0.565100,-0.080160,0.280300,-0.005850,-0.170331,-0.199057,-0.565075,-0.080159,0.280299,-0.005850,4.269673e-05,0.001251
4184,3,210.0000,132.0000,-15.2500,-0.173900,-0.201900,-0.552000,-0.087630,0.280500,-0.022760,-0.173897,-0.201900,-0.552006,-0.087633,0.280515,-0.022762,1.454578e-05,0.000426
4185,3,222.0000,132.0000,-15.2500,-0.169200,-0.213600,-0.565200,-0.098700,0.289900,-0.027810,-0.169210,-0.213597,-0.565237,-0.098697,0.289928,-0.027805,3.743687e-05,0.001097
4186,3,234.0000,132.0000,-15.2500,-0.147700,-0.223200,-0.584600,-0.127800,0.288000,0.033960,-0.147676,-0.223198,-0.584623,-0.127775,0.288021,0.033959,2.510026e-05,0.000735
4187,3,174.0000,156.0000,-15.2500,0.086540,-0.093570,0.019450,-0.052770,0.058000,-0.004317,0.086537,-0.093569,0.019452,-0.052770,0.057999,-0.004317,2.956526e-06,0.000087
4188,3,186.0000,156.0000,-15.2500,0.083570,-0.090370,0.016890,-0.063040,0.057090,-0.006427,0.083565,-0.090368,0.016892,-0.063041,0.057094,-0.006427,4.882593e-06,0.000143
4189,3,198.0000,156.0000,-15.2500,0.080820,-0.086960,0.015760,-0.072880,0.057300,-0.008517,0.080816,-0.086959,0.015764,-0.072877,0.057303,-0.008517,4.176982e-06,0.000122
4190,3,210.0000,156.0000,-15.2500,0.077320,-0.084170,0.017310,-0.082480,0.058870,-0.009570,0.077321,-0.084166,0.017314,-0.082482,0.058873,-0.009570,4.239671e-06,0.000124
4191,3,222.0000,156.0000,-15.2500,0.074280,-0.080890,0.022870,-0.092810,0.059530,-0.006996,0.074279,-0.080889,0.022868,-0.092807,0.059532,-0.006996,3.102224e-06,0.000091
4192,3,234.0000,156.0000,-15.2500,0.067190,-0.072330,0.031510,-0.105000,0.051970,0.000287,0.067188,-0.072326,0.031507,-0.105019,0.051971,0.000287,1.896871e-05,0.000556
4193,3,174.0000,180.0000,-15.2500,0.081550,-0.034020,0.001282,-0.041670,-0.045960,-0.002209,0.081551,-0.034025,0.001282,-0.041672,-0.045956,-0.002209,4.945064e-06,0.000145
4194,3,186.0000,180.0000,-15.2500,0.078160,-0.033030,0.000907,-0.050070,-0.043280,-0.002922,0.078164,-0.033034,0.000907,-0.050071,-0.043284,-0.002922,4.280286e-06,0.000125
4195,3,198.0000,180.0000,-15.2500,0.074090,-0.031620,0.000300,-0.058230,-0.040370,-0.003464,0.074087,-0.031623,0.000300,-0.058227,-0.040374,-0.003464,3.689683e-06,0.000108
4196,3,210.0000,180.0000,-15.2500,0.070060,-0.028480,0.000579,-0.066200,-0.037950,-0.003438,0.070059,-0.028482,0.000579,-0.066204,-0.037950,-0.003438,3.732204e-06,0.000109
4197,3,222.0000,180.0000,-15.2500,0.064540,-0.022960,0.001887,-0.073460,-0.036260,-0.003594,0.064535,-0.022957,0.001887,-0.073456,-0.036260,-0.003594,4.529210e-06,0.000133
4198,3,234.0000,180.0000,-15.2500,0.058110,-0.014990,0.004408,-0.078120,-0.032100,-0.005836,0.058113,-0.014985,0.004408,-0.078115,-0.032104,-0.005836,4.922215e-06,0.000144
4199,3,174.0000,204.0000,-15.2500,0.073600,-0.007700,-0.018750,-0.028560,-0.003480,0.001497,0.073599,-0.007700,-0.018747,-0.028563,-0.003480,0.001497,3.428107e-06,0.000100
4200,3,186.0000,204.0000,-15.2500,0.069740,-0.007006,-0.018250,-0.034340,-0.002891,0.001760,0.069741,-0.007006,-0.018254,-0.034337,-0.002891,0.001760,3.964121e-06,0.000116
4201,3,198.0000,204.0000,-15.2500,0.065010,-0.006160,-0.017810,-0.039770,-0.002055,0.001917,0.065006,-0.006160,-0.017810,-0.039770,-0.002055,0.001917,4.289782e-06,0.000126
4202,3,210.0000,204.0000,-15.2500,0.059490,-0.004748,-0.017420,-0.044680,-0.000794,0.001979,0.059489,-0.004748,-0.017421,-0.044675,-0.000794,0.001979,4.545573e-06,0.000133
4203,3,222.0000,204.0000,-15.2500,0.052680,-0.003154,-0.017450,-0.048640,0.001084,0.001991,0.052682,-0.003154,-0.017447,-0.048645,0.001084,0.001991,4.569655e-06,0.000134
4204,3,234.0000,204.0000,-15.2500,0.045070,-0.001684,-0.016900,-0.051600,0.002733,0.002416,0.045068,-0.001684,-0.016903,-0.051604,0.002733,0.002416,3.661106e-06,0.000107
4205,3,174.0000,228.0000,-15.2500,0.112900,0.038760,0.019550,-0.010740,-0.045140,0.006337,0.112922,0.038765,0.019550,-0.010743,-0.045140,0.006337,2.176145e-05,0.000638
4206,3,186.0000,228.0000,-15.2500,0.106000,0.037720,0.018530,-0.012950,-0.043460,0.007570,0.106000,0.037723,0.018526,-0.012953,-0.043457,0.007570,3.526431e-06,0.000103
4207,3,198.0000,228.0000,-15.2500,0.097770,0.036640,0.017350,-0.015040,-0.041460,0.008684,0.097774,0.036645,0.017354,-0.015039,-0.041461,0.008684,4.942746e-06,0.000145
4208,3,210.0000,228.0000,-15.2500,0.088500,0.035500,0.016140,-0.016860,-0.039170,0.009747,0.088502,0.035498,0.016140,-0.016856,-0.039170,0.009747,4.240739e-06,0.000124
4209,3,222.0000,228.0000,-15.2500,0.078170,0.034280,0.014630,-0.018280,-0.036730,0.010820,0.078171,0.034280,0.014633,-0.018284,-0.036730,0.010817,3.993475e-06,0.000117
4210,3,234.0000,228.0000,-15.2500,0.068470,0.035750,0.014400,-0.019070,-0.034360,0.011840,0.068473,0.035751,0.014404,-0.019073,-0.034361,0.011837,4.323457e-06,0.000127
4211,4,174.0000,132.0000,-36.5000,0.008768,0.003098,-0.033820,-0.008722,0.066160,0.007985,0.008768,0.003098,-0.033816,-0.008722,0.066157,0.007985,4.292822e-06,0.000126
4212,4,186.0000,132.0000,-36.5000,0.009225,0.003275,-0.032260,-0.010360,0.063830,0.009215,0.009225,0.003275,-0.032259,-0.010357,0.063829,0.009215,3.137249e-06,0.000092
4213,4,198.0000,132.0000,-36.5000,0.010470,0.003875,-0.030090,-0.012000,0.061520,0.010400,0.010467,0.003875,-0.030092,-0.011996,0.061520,0.010398,4.297715e-06,0.000126
4214,4,210.0000,132.0000,-36.5000,0.013150,0.005376,-0.026760,-0.013870,0.059330,0.012310,0.013152,0.005376,-0.026763,-0.013872,0.059331,0.012315,4.533857e-06,0.000133
4215,4,222.0000,132.0000,-36.5000,0.016400,0.007415,-0.022330,-0.016310,0.056670,0.016630,0.016405,0.007415,-0.022332,-0.016312,0.056674,0.016631,4.609149e-06,0.000135
4216,4,234.0000,132.0000,-36.5000,0.016320,0.007916,-0.018290,-0.019430,0.051710,0.024900,0.016322,0.007916,-0.018292,-0.019431,0.051706,0.024902,3.632694e-06,0.000106
4217,4,174.0000,156.0000,-36.5000,-0.008891,-0.032340,-0.031720,-0.007885,0.042230,0.004476,-0.008891,-0.032338,-0.031722,-0.007885,0.042234,0.004476,3.944301e-06,0.000116
4218,4,186.0000,156.0000,-36.5000,-0.007994,-0.030860,-0.030260,-0.009460,0.040780,0.005410,-0.007994,-0.030859,-0.030260,-0.009460,0.040780,0.005410,6.710257e-07,0.000020
4219,4,198.0000,156.0000,-36.5000,-0.006865,-0.029120,-0.028480,-0.011060,0.039130,0.006533,-0.006865,-0.029118,-0.028478,-0.011061,0.039125,0.006533,4.811704e-06,0.000141
4220,4,210.0000,156.0000,-36.5000,-0.005625,-0.027100,-0.026330,-0.012770,0.037140,0.008070,-0.005625,-0.027100,-0.026329,-0.012769,0.037144,0.008070,4.346262e-06,0.000127
4221,4,222.0000,156.0000,-36.5000,-0.004802,-0.024910,-0.023920,-0.014620,0.034400,0.010220,-0.004802,-0.024912,-0.023917,-0.014619,0.034401,0.010221,2.808241e-06,0.000082
4222,4,234.0000,156.0000,-36.5000,-0.005184,-0.022720,-0.021470,-0.016500,0.030080,0.012770,-0.005184,-0.022716,-0.021466,-0.016503,0.030085,0.012774,4.867950e-06,0.000143
4223,4,174.0000,180.0000,-36.5000,-0.004817,-0.027720,-0.017940,-0.006148,0.018760,0.002795,-0.004817,-0.027718,-0.017938,-0.006148,0.018762,0.002795,2.348649e-06,0.000069
4224,4,186.0000,180.0000,-36.5000,-0.004487,-0.026560,-0.017170,-0.007409,0.018070,0.003436,-0.004487,-0.026558,-0.017172,-0.007409,0.018070,0.003436,2.369092e-06,0.000069
4225,4,198.0000,180.0000,-36.5000,-0.004105,-0.025160,-0.016230,-0.008656,0.017190,0.004158,-0.004105,-0.025162,-0.016231,-0.008656,0.017194,0.004158,3.933816e-06,0.000115
4226,4,210.0000,180.0000,-36.5000,-0.003787,-0.023530,-0.015130,-0.009878,0.016050,0.004950,-0.003787,-0.023527,-0.015132,-0.009878,0.016050,0.004950,2.614727e-06,0.000077
4227,4,222.0000,180.0000,-36.5000,-0.003602,-0.021570,-0.013860,-0.011030,0.014580,0.005693,-0.003602,-0.021566,-0.013857,-0.011027,0.014582,0.005693,4.083701e-06,0.000120
4228,4,234.0000,180.0000,-36.5000,-0.003386,-0.018880,-0.012220,-0.012000,0.012910,0.006117,-0.003386,-0.018883,-0.012223,-0.011999,0.012907,0.006117,3.411384e-06,0.000100
4229,4,174.0000,204.0000,-36.5000,0.005063,-0.010650,-0.006295,-0.004015,0.006573,0.002465,0.005063,-0.010652,-0.006295,-0.004015,0.006573,0.002465,1.682824e-06,0.000049
4230,4,186.0000,204.0000,-36.5000,0.004715,-0.010210,-0.006119,-0.004844,0.006306,0.002983,0.004715,-0.010209,-0.006119,-0.004844,0.006306,0.002983,1.133377e-06,0.000033
4231,4,198.0000,204.0000,-36.5000,0.004306,-0.009642,-0.005888,-0.005642,0.005965,0.003478,0.004306,-0.009642,-0.005888,-0.005642,0.005965,0.003478,4.839557e-07,0.000014
4232,4,210.0000,204.0000,-36.5000,0.003837,-0.008899,-0.005584,-0.006380,0.005543,0.003927,0.003837,-0.008899,-0.005584,-0.006380,0.005543,0.003927,4.782981e-07,0.000014
4233,4,222.0000,204.0000,-36.5000,0.003318,-0.007914,-0.005184,-0.007007,0.005049,0.004307,0.003318,-0.007914,-0.005184,-0.007007,0.005049,0.004307,4.915460e-07,0.000014
4234,4,234.0000,204.0000,-36.5000,0.002601,-0.006870,-0.004832,-0.007431,0.004496,0.004600,0.002601,-0.006870,-0.004832,-0.007431,0.004496,0.004600,4.373264e-07,0.000013
4235,4,174.0000,228.0000,-36.5000,0.017380,0.009943,0.002100,-0.001436,-0.002471,0.003185,0.017377,0.009943,0.002100,-0.001436,-0.002471,0.003185,2.695677e-06,0.000079
4236,4,186.0000,228.0000,-36.5000,0.016260,0.009586,0.001817,-0.001739,-0.002386,0.003801,0.016258,0.009586,0.001817,-0.001739,-0.002386,0.003801,2.293840e-06,0.000067
4237,4,198.0000,228.0000,-36.5000,0.014940,0.009206,0.001491,-0.002031,-0.002294,0.004355,0.014936,0.009206,0.001491,-0.002031,-0.002294,0.004355,3.679690e-06,0.000108
4238,4,210.0000,228.0000,-36.5000,0.013420,0.008813,0.001119,-0.002293,-0.002194,0.004829,0.013424,0.008813,0.001119,-0.002293,-0.002194,0.004829,3.570195e-06,0.000105
4239,4,222.0000,228.0000,-36.5000,0.011740,0.008408,0.000700,-0.002494,-0.002091,0.005209,0.011741,0.008408,0.000700,-0.002494,-0.002091,0.005209,6.627933e-07,0.000019
4240,4,234.0000,228.0000,-36.5000,0.009979,0.008130,0.000306,-0.002596,-0.001987,0.005456,0.009979,0.008130,0.000306,-0.002596,-0.001987,0.005456,3.787944e-07,0.000011
4241,2,252.0000,4.0000,-2.0000,-0.299900,-0.283900,-0.746100,-0.003061,0.002904,0.207600,-0.299923,-0.283866,-0.746066,-0.003061,0.002904,0.207640,3.987535e-05,0.001168
4242,2,276.0000,4.0000,-2.0000,0.346700,0.361700,0.273500,-0.002960,-0.000708,-0.091710,0.346692,0.361722,0.273460,-0.002960,-0.000708,-0.091711,4.007254e-05,0.001174
4243,2,300.0000,4.0000,-2.0000,0.108200,0.101200,-0.098490,-0.002685,0.000101,0.036280,0.108172,0.101219,-0.098490,-0.002685,0.000101,0.036282,2.789506e-05,0.000817
4244,2,324.0000,4.0000,-2.0000,0.157700,0.168600,0.039690,-0.002206,-0.000016,-0.023340,0.157731,0.168569,0.039689,-0.002206,-0.000016,-0.023340,3.106628e-05,0.000910
4245,2,348.0000,4.0000,-2.0000,0.034820,0.105300,-0.015120,-0.001013,0.000071,-0.004573,0.034822,0.105298,-0.015120,-0.001013,0.000071,-0.004573,2.235651e-06,0.000066
4246,2,252.0000,12.0000,-2.0000,-0.294800,-0.279200,-0.736700,-0.008721,-0.000203,0.205700,-0.294754,-0.279160,-0.736660,-0.008721,-0.000203,0.205713,4.587993e-05,0.001344
4247,2,276.0000,12.0000,-2.0000,0.344500,0.359400,0.270600,-0.008743,-0.000212,-0.090960,0.344487,0.359359,0.270562,-0.008743,-0.000212,-0.090965,4.065632e-05,0.001191
4248,2,300.0000,12.0000,-2.0000,0.108200,0.101300,-0.097620,-0.008164,-0.000116,0.035980,0.108169,0.101325,-0.097617,-0.008164,-0.000116,0.035980,3.125790e-05,0.000916
4249,2,324.0000,12.0000,-2.0000,0.157200,0.167800,0.039400,-0.006555,-0.000008,-0.023220,0.157172,0.167817,0.039405,-0.006555,-0.000008,-0.023217,2.761043e-05,0.000809
4250,2,348.0000,12.0000,-2.0000,0.034730,0.104800,-0.015070,-0.003048,0.000237,-0.004583,0.034733,0.104803,-0.015072,-0.003048,0.000237,-0.004583,3.155040e-06,0.000092
4251,2,252.0000,20.0000,-2.0000,-0.293700,-0.277400,-0.733700,-0.014480,0.000759,0.204400,-0.293675,-0.277437,-0.733697,-0.014476,0.000759,0.204367,3.708885e-05,0.001087
4252,2,276.0000,20.0000,-2.0000,0.342500,0.357400,0.269100,-0.014530,-0.000515,-0.090330,0.342545,0.357365,0.269082,-0.014527,-0.000515,-0.090326,4.526977e-05,0.001326
4253,2,300.0000,20.0000,-2.0000,0.107500,0.100600,-0.097030,-0.013600,-0.000198,0.035710,0.107547,0.100589,-0.097034,-0.013599,-0.000197,0.035711,4.661264e-05,0.001366
4254,2,324.0000,20.0000,-2.0000,0.156200,0.166600,0.039130,-0.010870,-0.000022,-0.023050,0.156177,0.166570,0.039130,-0.010871,-0.000022,-0.023051,3.043548e-05,0.000892
4255,2,348.0000,20.0000,-2.0000,0.034600,0.103800,-0.014940,-0.005068,0.000394,-0.004565,0.034601,0.103798,-0.014936,-0.005068,0.000394,-0.004565,3.959896e-06,0.000116
4256,2,252.0000,28.0000,-2.0000,-0.290500,-0.273600,-0.726600,-0.020420,0.001047,0.202000,-0.290477,-0.273626,-0.726612,-0.020423,0.001047,0.201997,2.645725e-05,0.000775
4257,2,276.0000,28.0000,-2.0000,0.339200,0.353900,0.266100,-0.020270,-0.000884,-0.089310,0.339233,0.353900,0.266118,-0.020269,-0.000884,-0.089313,3.333557e-05,0.000977
4258,2,300.0000,28.0000,-2.0000,0.106700,0.099630,-0.095920,-0.018920,-0.000236,0.035320,0.106698,0.099627,-0.095918,-0.018922,-0.000236,0.035316,3.985890e-06,0.000117
4259,2,324.0000,28.0000,-2.0000,0.154800,0.164700,0.038720,-0.015180,-0.000050,-0.022800,0.154755,0.164695,0.038725,-0.015175,-0.000050,-0.022798,4.485434e-05,0.001314
4260,2,348.0000,28.0000,-2.0000,0.034320,0.102200,-0.014770,-0.007048,0.000533,-0.004523,0.034319,0.102238,-0.014766,-0.007048,0.000533,-0.004523,3.822449e-05,0.001120
4261,2,252.0000,36.0000,-2.0000,-0.281300,-0.265500,-0.708200,-0.026190,0.003435,0.198400,-0.281323,-0.265541,-0.708233,-0.026185,0.003435,0.198444,4.403587e-05,0.001290
4262,2,276.0000,36.0000,-2.0000,0.333800,0.348200,0.260700,-0.025940,-0.001432,-0.087910,0.333818,0.348165,0.260686,-0.025944,-0.001432,-0.087908,3.518476e-05,0.001031
4263,2,300.0000,36.0000,-2.0000,0.105700,0.098570,-0.094260,-0.024250,-0.000320,0.034810,0.105700,0.098572,-0.094257,-0.024252,-0.000320,0.034810,2.652452e-06,0.000078
4264,2,324.0000,36.0000,-2.0000,0.152900,0.162100,0.038130,-0.019350,-0.000111,-0.022490,0.152856,0.162065,0.038125,-0.019355,-0.000111,-0.022489,4.391967e-05,0.001287
4265,2,348.0000,36.0000,-2.0000,0.033830,0.100100,-0.014650,-0.009013,0.000694,-0.004459,0.033828,0.100137,-0.014646,-0.009013,0.000694,-0.004459,3.721075e-05,0.001090
4266,2,252.0000,44.0000,-2.0000,-0.285800,-0.269200,-0.712100,-0.031560,-0.006398,0.198100,-0.285775,-0.269169,-0.712070,-0.031564,-0.006398,0.198056,4.441064e-05,0.001301
4267,2,276.0000,44.0000,-2.0000,0.331000,0.345200,0.260800,-0.031510,0.000333,-0.087540,0.331025,0.345169,0.260779,-0.031507,0.000333,-0.087539,3.050831e-05,0.000894
4268,2,300.0000,44.0000,-2.0000,0.103700,0.095850,-0.093570,-0.029440,-0.000746,0.034620,0.103740,0.095851,-0.093566,-0.029445,-0.000746,0.034622,4.033236e-05,0.001182
4269,2,324.0000,44.0000,-2.0000,0.150600,0.159100,0.037840,-0.023380,-0.000005,-0.022220,0.150593,0.159101,0.037836,-0.023384,-0.000005,-0.022217,6.787893e-06,0.000199
4270,2,348.0000,44.0000,-2.0000,0.033440,0.097560,-0.014290,-0.010920,0.000888,-0.004364,0.033443,0.097563,-0.014293,-0.010924,0.000888,-0.004364,3.852863e-06,0.000113
4271,3,252.0000,4.0000,-7.7500,-0.251400,-0.236600,-0.702500,-0.004288,0.002103,0.319300,-0.251377,-0.236584,-0.702480,-0.004288,0.002103,0.319262,3.786419e-05,0.001109
4272,3,276.0000,4.0000,-7.7500,0.003205,0.167500,0.122500,-0.003413,-0.000489,-0.030310,0.003205,0.167476,0.122474,-0.003413,-0.000489,-0.030305,2.595013e-05,0.000760
4273,3,300.0000,4.0000,-7.7500,0.137000,0.153800,0.000588,-0.002775,-0.000033,-0.015950,0.136980,0.153811,0.000588,-0.002775,-0.000033,-0.015953,2.000255e-05,0.000586
4274,3,324.0000,4.0000,-7.7500,0.046530,0.102000,-0.018030,-0.002160,0.000022,-0.014890,0.046532,0.102044,-0.018029,-0.002160,0.000022,-0.014895,4.408155e-05,0.001292
4275,3,348.0000,4.0000,-7.7500,0.038580,0.118000,0.008732,-0.000878,0.000262,-0.030070,0.038584,0.117977,0.008732,-0.000878,0.000262,-0.030071,2.277760e-05,0.000667
4276,3,252.0000,12.0000,-7.7500,-0.249500,-0.236200,-0.697000,-0.011780,0.002040,0.317100,-0.249550,-0.236194,-0.697048,-0.011781,0.002040,0.317118,4.969964e-05,0.001456
4277,3,276.0000,12.0000,-7.7500,0.003419,0.167000,0.121500,-0.010070,-0.000606,-0.030050,0.003419,0.167037,0.121535,-0.010069,-0.000606,-0.030048,3.746885e-05,0.001098
4278,3,300.0000,12.0000,-7.7500,0.136400,0.153300,0.000603,-0.008485,-0.000319,-0.015900,0.136363,0.153278,0.000603,-0.008485,-0.000319,-0.015898,3.738554e-05,0.001095
4279,3,324.0000,12.0000,-7.7500,0.046530,0.101700,-0.017910,-0.006394,0.000089,-0.014860,0.046528,0.101711,-0.017906,-0.006394,0.000089,-0.014862,1.067843e-05,0.000313
4280,3,348.0000,12.0000,-7.7500,0.038450,0.117400,0.008665,-0.002650,0.000820,-0.029980,0.038447,0.117412,0.008665,-0.002650,0.000820,-0.029978,1.188772e-05,0.000348
4281,3,252.0000,20.0000,-7.7500,-0.247200,-0.233100,-0.692000,-0.019190,0.002453,0.314600,-0.247151,-0.233137,-0.691974,-0.019190,0.002453,0.314612,4.923390e-05,0.001443
4282,3,276.0000,20.0000,-7.7500,0.003514,0.165900,0.120500,-0.016700,-0.001050,-0.029840,0.003514,0.165949,0.120526,-0.016699,-0.001050,-0.029838,4.911690e-05,0.001439
4283,3,300.0000,20.0000,-7.7500,0.135400,0.152300,0.000553,-0.014140,-0.000545,-0.015780,0.135429,0.152254,0.000553,-0.014139,-0.000545,-0.015777,4.582096e-05,0.001343
4284,3,324.0000,20.0000,-7.7500,0.046290,0.100900,-0.017800,-0.010620,0.000137,-0.014780,0.046290,0.100912,-0.017797,-0.010619,0.000137,-0.014777,1.206028e-05,0.000353
4285,3,348.0000,20.0000,-7.7500,0.038230,0.116300,0.008597,-0.004415,0.001379,-0.029790,0.038226,0.116265,0.008597,-0.004415,0.001379,-0.029790,3.503259e-05,0.001026
4286,3,252.0000,28.0000,-7.7500,-0.243700,-0.229800,-0.683700,-0.026640,0.003940,0.310900,-0.243699,-0.229768,-0.683748,-0.026641,0.003940,0.310930,4.816254e-05,0.001411
4287,3,276.0000,28.0000,-7.7500,0.003550,0.164400,0.119000,-0.023230,-0.001607,-0.029500,0.003550,0.164423,0.118988,-0.023228,-0.001607,-0.029497,2.332471e-05,0.000683
4288,3,300.0000,28.0000,-7.7500,0.134100,0.150700,0.000509,-0.019730,-0.000799,-0.015590,0.134069,0.150731,0.000509,-0.019729,-0.000799,-0.015593,3.120657e-05,0.000914
4289,3,324.0000,28.0000,-7.7500,0.045960,0.099720,-0.017610,-0.014820,0.000174,-0.014640,0.045964,0.099721,-0.017610,-0.014824,0.000174,-0.014635,4.912037e-06,0.000144
4290,3,348.0000,28.0000,-7.7500,0.037870,0.114600,0.008487,-0.006153,0.001910,-0.029510,0.037873,0.114556,0.008487,-0.006153,0.001910,-0.029512,4.392853e-05,0.001287
4291,3,252.0000,36.0000,-7.7500,-0.240700,-0.228600,-0.673900,-0.033450,0.003054,0.306400,-0.240699,-0.228559,-0.673902,-0.033450,0.003054,0.306376,4.132853e-05,0.001211
4292,3,276.0000,36.0000,-7.7500,0.003530,0.162600,0.117100,-0.029680,-0.002136,-0.029010,0.003530,0.162630,0.117112,-0.029676,-0.002136,-0.029014,3.048292e-05,0.000893
4293,3,300.0000,36.0000,-7.7500,0.132300,0.148700,0.000521,-0.025310,-0.001043,-0.015360,0.132349,0.148709,0.000520,-0.025308,-0.001043,-0.015361,4.853084e-05,0.001422
4294,3,324.0000,36.0000,-7.7500,0.045540,0.098100,-0.017390,-0.018940,0.000170,-0.014420,0.045542,0.098101,-0.017392,-0.018935,0.000170,-0.014419,4.607744e-06,0.000135
4295,3,348.0000,36.0000,-7.7500,0.037360,0.112300,0.008340,-0.007870,0.002455,-0.029140,0.037360,0.112282,0.008340,-0.007870,0.002455,-0.029140,1.773385e-05,0.000520
4296,3,252.0000,44.0000,-7.7500,-0.238400,-0.222700,-0.670200,-0.040030,-0.001118,0.303500,-0.238394,-0.222663,-0.670197,-0.040031,-0.001118,0.303542,4.235691e-05,0.001241
4297,3,276.0000,44.0000,-7.7500,0.003203,0.160000,0.116300,-0.035920,-0.002035,-0.028770,0.003203,0.159959,0.116277,-0.035924,-0.002035,-0.028771,4.106721e-05,0.001203
4298,3,300.0000,44.0000,-7.7500,0.130600,0.146200,0.000583,-0.030800,-0.001590,-0.015030,0.130617,0.146158,0.000583,-0.030796,-0.001590,-0.015025,4.196793e-05,0.001230
4299,3,324.0000,44.0000,-7.7500,0.044760,0.095940,-0.017190,-0.022930,0.000236,-0.014110,0.044758,0.095941,-0.017192,-0.022933,0.000236,-0.014110,3.189786e-06,0.000093
4300,3,348.0000,44.0000,-7.7500,0.036920,0.109500,0.008330,-0.009566,0.002971,-0.028680,0.036920,0.109482,0.008330,-0.009566,0.002971,-0.028676,1.758743e-05,0.000515
4301,3,252.0000,4.0000,-15.2500,-0.237000,-0.205200,-0.660900,-0.004615,0.001406,0.323400,-0.237029,-0.205193,-0.660878,-0.004615,0.001406,0.323353,4.722031e-05,0.001384
4302,3,276.0000,4.0000,-15.2500,-0.100700,0.090850,0.022840,-0.003894,-0.000139,0.061700,-0.100724,0.090854,0.022844,-0.003894,-0.000139,0.061696,2.435496e-05,0.000714
4303,3,300.0000,4.0000,-15.2500,-0.036590,0.086620,0.002034,-0.003031,-0.000035,-0.049420,-0.036594,0.086616,0.002034,-0.003031,-0.000035,-0.049424,3.989737e-06,0.000117
4304,3,324.0000,4.0000,-15.2500,-0.008564,0.080180,-0.019590,-0.002092,0.000159,-0.003746,-0.008564,0.080178,-0.019588,-0.002092,0.000159,-0.003746,2.404672e-06,0.000070
4305,3,348.0000,4.0000,-15.2500,0.040640,0.124700,0.021010,-0.000764,0.000502,-0.047940,0.040637,0.124741,0.021010,-0.000764,0.000502,-0.047944,4.134662e-05,0.001211
4306,3,252.0000,12.0000,-15.2500,-0.235800,-0.204500,-0.657600,-0.013460,0.003383,0.321700,-0.235838,-0.204481,-0.657556,-0.013458,0.003383,0.321673,4.438237e-05,0.001300
4307,3,276.0000,12.0000,-15.2500,-0.100300,0.090700,0.022560,-0.011610,-0.000242,0.061430,-0.100274,0.090696,0.022562,-0.011612,-0.000242,0.061433,2.609056e-05,0.000764
4308,3,300.0000,12.0000,-15.2500,-0.036550,0.086340,0.002011,-0.009135,-0.000176,-0.049220,-0.036549,0.086339,0.002011,-0.009135,-0.000176,-0.049217,3.048106e-06,0.000089
4309,3,324.0000,12.0000,-15.2500,-0.008515,0.079860,-0.019540,-0.006239,0.000495,-0.003741,-0.008515,0.079859,-0.019538,-0.006239,0.000495,-0.003741,1.746506e-06,0.000051
4310,3,348.0000,12.0000,-15.2500,0.040550,0.124200,0.020920,-0.002303,0.001508,-0.047800,0.040550,0.124160,0.020923,-0.002303,0.001508,-0.047801,3.992975e-05,0.001170
4311,3,252.0000,20.0000,-15.2500,-0.233600,-0.202400,-0.652100,-0.022100,0.004699,0.319000,-0.233575,-0.202367,-0.652067,-0.022101,0.004699,0.318969,3.342541e-05,0.000979
4312,3,276.0000,20.0000,-15.2500,-0.099610,0.090190,0.022180,-0.019240,-0.000458,0.060930,-0.099614,0.090189,0.022181,-0.019243,-0.000458,0.060931,4.030312e-06,0.000118
4313,3,300.0000,20.0000,-15.2500,-0.036380,0.085820,0.001909,-0.015200,-0.000306,-0.048830,-0.036376,0.085821,0.001909,-0.015204,-0.000306,-0.048831,4.497319e-06,0.000132
4314,3,324.0000,20.0000,-15.2500,-0.008466,0.079180,-0.019460,-0.010380,0.000808,-0.003711,-0.008466,0.079184,-0.019462,-0.010385,0.000808,-0.003711,4.569681e-06,0.000134
4315,3,348.0000,20.0000,-15.2500,0.040370,0.123000,0.020770,-0.003839,0.002495,-0.047520,0.040374,0.122999,0.020769,-0.003839,0.002495,-0.047524,4.095424e-06,0.000120
4316,3,252.0000,28.0000,-15.2500,-0.231000,-0.200100,-0.645100,-0.030560,0.005432,0.315300,-0.230984,-0.200104,-0.645070,-0.030559,0.005432,0.315308,2.981308e-05,0.000874
4317,3,276.0000,28.0000,-15.2500,-0.098670,0.089550,0.021690,-0.026780,-0.000830,0.060300,-0.098674,0.089548,0.021685,-0.026779,-0.000830,0.060299,4.862378e-06,0.000142
4318,3,300.0000,28.0000,-15.2500,-0.036090,0.085060,0.001797,-0.021240,-0.000456,-0.048290,-0.036090,0.085063,0.001797,-0.021244,-0.000456,-0.048287,4.127902e-06,0.000121
4319,3,324.0000,28.0000,-15.2500,-0.008365,0.078190,-0.019350,-0.014510,0.001092,-0.003647,-0.008365,0.078186,-0.019347,-0.014511,0.001092,-0.003647,4.061993e-06,0.000119
4320,3,348.0000,28.0000,-15.2500,0.040110,0.121300,0.020560,-0.005368,0.003469,-0.047110,0.040110,0.121285,0.020562,-0.005368,0.003469,-0.047112,1.525632e-05,0.000447
4321,3,252.0000,36.0000,-15.2500,-0.228300,-0.197300,-0.637700,-0.038680,0.005181,0.311000,-0.228324,-0.197327,-0.637675,-0.038684,0.005181,0.311016,2.698851e-05,0.000791
4322,3,276.0000,36.0000,-15.2500,-0.097460,0.088900,0.021160,-0.034190,-0.001279,0.059620,-0.097463,0.088899,0.021164,-0.034193,-0.001279,0.059624,4.359460e-06,0.000128
4323,3,300.0000,36.0000,-15.2500,-0.035710,0.084000,0.001707,-0.027240,-0.000672,-0.047610,-0.035708,0.084002,0.001707,-0.027242,-0.000672,-0.047611,1.930609e-06,0.000057
4324,3,324.0000,36.0000,-15.2500,-0.008166,0.076890,-0.019180,-0.018600,0.001345,-0.003536,-0.008166,0.076888,-0.019178,-0.018604,0.001345,-0.003536,4.399490e-06,0.000129
4325,3,348.0000,36.0000,-15.2500,0.039700,0.118900,0.020250,-0.006881,0.004421,-0.046560,0.039695,0.118936,0.020250,-0.006881,0.004421,-0.046557,3.598069e-05,0.001054
4326,3,252.0000,44.0000,-15.2500,-0.225500,-0.192900,-0.630900,-0.046850,0.005515,0.306600,-0.225497,-0.192864,-0.630901,-0.046847,0.005515,0.306593,3.573976e-05,0.001047
4327,3,276.0000,44.0000,-15.2500,-0.096280,0.087790,0.020740,-0.041550,-0.001794,0.058830,-0.096282,0.087790,0.020737,-0.041552,-0.001794,0.058831,2.880768e-06,0.000084
4328,3,300.0000,44.0000,-15.2500,-0.035080,0.082780,0.001544,-0.033160,-0.001122,-0.046730,-0.035084,0.082778,0.001544,-0.033156,-0.001122,-0.046731,4.430270e-06,0.000130
4329,3,324.0000,44.0000,-15.2500,-0.008067,0.075160,-0.019040,-0.022660,0.001594,-0.003360,-0.008067,0.075162,-0.019042,-0.022659,0.001594,-0.003360,2.391089e-06,0.000070
4330,3,348.0000,44.0000,-15.2500,0.039380,0.116100,0.019990,-0.008388,0.005323,-0.045870,0.039378,0.116079,0.019987,-0.008388,0.005323,-0.045868,2.052329e-05,0.000601
4331,4,252.0000,4.0000,-36.5000,0.002723,0.008682,-0.036150,-0.000644,0.000606,0.070470,0.002723,0.008682,-0.036151,-0.000644,0.000606,0.070468,2.028143e-06,0.000059
4332,4,276.0000,4.0000,-36.5000,-0.034880,-0.010140,-0.033970,-0.000574,0.000323,0.044790,-0.034879,-0.010137,-0.033974,-0.000574,0.000323,0.044791,3.901428e-06,0.000114
4333,4,300.0000,4.0000,-36.5000,-0.029680,-0.005371,-0.019150,-0.000445,0.000201,0.019860,-0.029684,-0.005371,-0.019150,-0.000445,0.000201,0.019861,4.379702e-06,0.000128
4334,4,324.0000,4.0000,-36.5000,-0.011340,0.005666,-0.006563,-0.000289,0.000185,0.006973,-0.011337,0.005666,-0.006563,-0.000289,0.000185,0.006973,2.675354e-06,0.000078
4335,4,348.0000,4.0000,-36.5000,0.010660,0.019320,0.002564,-0.000101,0.000246,-0.002674,0.010661,0.019324,0.002564,-0.000101,0.000246,-0.002674,4.357375e-06,0.000128
4336,4,252.0000,12.0000,-36.5000,0.002687,0.008629,-0.036060,-0.001923,0.001792,0.070220,0.002687,0.008629,-0.036061,-0.001923,0.001792,0.070223,3.029572e-06,0.000089
4337,4,276.0000,12.0000,-36.5000,-0.034760,-0.010090,-0.033860,-0.001717,0.000969,0.044650,-0.034761,-0.010086,-0.033864,-0.001717,0.000969,0.044653,4.126458e-06,0.000121
4338,4,300.0000,12.0000,-36.5000,-0.029590,-0.005349,-0.019090,-0.001333,0.000601,0.019800,-0.029592,-0.005349,-0.019092,-0.001333,0.000601,0.019804,3.921910e-06,0.000115
4339,4,324.0000,12.0000,-36.5000,-0.011310,0.005634,-0.006551,-0.000866,0.000554,0.006953,-0.011305,0.005634,-0.006551,-0.000866,0.000554,0.006953,4.955106e-06,0.000145
4340,4,348.0000,12.0000,-36.5000,0.010630,0.019230,0.002541,-0.000302,0.000737,-0.002665,0.010626,0.019230,0.002541,-0.000302,0.000737,-0.002665,3.910784e-06,0.000115
4341,4,252.0000,20.0000,-36.5000,0.002636,0.008561,-0.035860,-0.003184,0.002921,0.069750,0.002636,0.008561,-0.035863,-0.003184,0.002921,0.069755,4.854129e-06,0.000142
4342,4,276.0000,20.0000,-36.5000,-0.034530,-0.009980,-0.033640,-0.002851,0.001603,0.044380,-0.034529,-0.009980,-0.033644,-0.002851,0.001603,0.044378,3.654353e-06,0.000107
4343,4,300.0000,20.0000,-36.5000,-0.029400,-0.005299,-0.018970,-0.002217,0.001001,0.019690,-0.029403,-0.005299,-0.018974,-0.002217,0.001001,0.019690,3.598716e-06,0.000105
4344,4,324.0000,20.0000,-36.5000,-0.011240,0.005572,-0.006527,-0.001442,0.000922,0.006914,-0.011240,0.005572,-0.006527,-0.001442,0.000921,0.006914,1.743143e-07,0.000005
4345,4,348.0000,20.0000,-36.5000,0.010560,0.019040,0.002495,-0.000504,0.001222,-0.002645,0.010555,0.019040,0.002495,-0.000504,0.001222,-0.002645,4.764622e-06,0.000140
4346,4,252.0000,28.0000,-36.5000,0.002606,0.008535,-0.035530,-0.004422,0.003988,0.069090,0.002606,0.008535,-0.035533,-0.004422,0.003988,0.069087,3.279094e-06,0.000096
4347,4,276.0000,28.0000,-36.5000,-0.034180,-0.009810,-0.033310,-0.003972,0.002224,0.043980,-0.034183,-0.009810,-0.033312,-0.003972,0.002224,0.043976,3.603134e-06,0.000106
4348,4,300.0000,28.0000,-36.5000,-0.029120,-0.005225,-0.018800,-0.003096,0.001400,0.019520,-0.029123,-0.005225,-0.018798,-0.003096,0.001400,0.019519,2.529430e-06,0.000074
4349,4,324.0000,28.0000,-36.5000,-0.011140,0.005479,-0.006490,-0.002017,0.001285,0.006854,-0.011142,0.005479,-0.006490,-0.002017,0.001285,0.006854,1.694601e-06,0.000050
4350,4,348.0000,28.0000,-36.5000,0.010450,0.018760,0.002426,-0.000706,0.001702,-0.002617,0.010451,0.018756,0.002426,-0.000706,0.001702,-0.002617,3.875919e-06,0.000114
4351,4,252.0000,36.0000,-36.5000,0.002620,0.008592,-0.035050,-0.005637,0.005017,0.068240,0.002620,0.008592,-0.035053,-0.005637,0.005017,0.068239,2.605991e-06,0.000076
4352,4,276.0000,36.0000,-36.5000,-0.033720,-0.009570,-0.032870,-0.005079,0.002837,0.043450,-0.033723,-0.009570,-0.032869,-0.005079,0.002837,0.043454,3.990699e-06,0.000117
4353,4,300.0000,36.0000,-36.5000,-0.028750,-0.005123,-0.018560,-0.003969,0.001796,0.019290,-0.028753,-0.005123,-0.018563,-0.003969,0.001796,0.019293,3.110812e-06,0.000091
4354,4,324.0000,36.0000,-36.5000,-0.011010,0.005357,-0.006439,-0.002590,0.001645,0.006775,-0.011007,0.005357,-0.006439,-0.002590,0.001645,0.006775,2.992363e-06,0.000088
4355,4,348.0000,36.0000,-36.5000,0.010310,0.018380,0.002333,-0.000907,0.002172,-0.002579,0.010314,0.018376,0.002333,-0.000907,0.002172,-0.002579,3.978147e-06,0.000117
4356,4,252.0000,44.0000,-36.5000,0.002679,0.008738,-0.034420,-0.006836,0.006064,0.067220,0.002679,0.008738,-0.034421,-0.006836,0.006064,0.067218,1.575747e-06,0.000046
4357,4,276.0000,44.0000,-36.5000,-0.033150,-0.009252,-0.032310,-0.006176,0.003448,0.042810,-0.033151,-0.009252,-0.032312,-0.006176,0.003448,0.042810,1.904686e-06,0.000056
4358,4,300.0000,44.0000,-36.5000,-0.028280,-0.004978,-0.018260,-0.004836,0.002189,0.019020,-0.028279,-0.004978,-0.018257,-0.004836,0.002189,0.019015,4.601284e-06,0.000135
4359,4,324.0000,44.0000,-36.5000,-0.010840,0.005204,-0.006377,-0.003164,0.002002,0.006673,-0.010842,0.005204,-0.006377,-0.003164,0.002002,0.006673,1.558013e-06,0.000046
4360,4,348.0000,44.0000,-36.5000,0.010160,0.017900,0.002224,-0.001107,0.002627,-0.002534,0.010161,0.017904,0.002224,-0.001107,0.002627,-0.002534,3.594073e-06,0.000105
4361,2,252.0000,54.0000,-2.0000,-0.280100,-0.264500,-0.696200,-0.039190,0.005562,0.193300,-0.280060,-0.264509,-0.696197,-0.039185,0.005562,0.193341,4.074761e-05,0.001194
4362,2,276.0000,54.0000,-2.0000,0.322900,0.335200,0.254800,-0.038410,-0.002904,-0.085240,0.322863,0.335193,0.254810,-0.038406,-0.002904,-0.085236,3.658212e-05,0.001072
4363,2,300.0000,54.0000,-2.0000,0.101300,0.092410,-0.091290,-0.035230,-0.000528,0.033810,0.101255,0.092412,-0.091289,-0.035234,-0.000528,0.033811,4.517648e-05,0.001324
4364,2,324.0000,54.0000,-2.0000,0.146800,0.154200,0.036840,-0.028290,-0.000181,-0.021620,0.146768,0.154164,0.036842,-0.028287,-0.000181,-0.021618,3.639711e-05,0.001066
4365,2,348.0000,54.0000,-2.0000,0.032700,0.093580,-0.013870,-0.013250,0.000970,-0.004252,0.032704,0.093581,-0.013871,-0.013251,0.000970,-0.004252,3.873590e-06,0.000113
4366,2,252.0000,66.0000,-2.0000,-0.261400,-0.252200,-0.652900,-0.046710,-0.000921,0.183100,-0.261422,-0.252165,-0.652946,-0.046713,-0.000921,0.183147,4.672020e-05,0.001369
4367,2,276.0000,66.0000,-2.0000,0.307500,0.315800,0.240200,-0.045400,-0.002596,-0.080500,0.307522,0.315842,0.240214,-0.045397,-0.002596,-0.080499,4.207426e-05,0.001233
4368,2,300.0000,66.0000,-2.0000,0.097980,0.088120,-0.086820,-0.041660,-0.000894,0.032230,0.097979,0.088116,-0.086822,-0.041664,-0.000894,0.032232,4.171929e-06,0.000122
4369,2,324.0000,66.0000,-2.0000,0.141200,0.146900,0.035070,-0.033660,-0.000188,-0.020620,0.141172,0.146883,0.035067,-0.033656,-0.000188,-0.020616,2.825678e-05,0.000828
4370,2,348.0000,66.0000,-2.0000,0.031380,0.087800,-0.013470,-0.015840,0.001186,-0.004106,0.031377,0.087804,-0.013470,-0.015837,0.001186,-0.004106,4.320881e-06,0.000127
4371,2,252.0000,78.0000,-2.0000,-0.256100,-0.256500,-0.626500,-0.051900,-0.001133,0.176600,-0.256087,-0.256467,-0.626474,-0.051900,-0.001133,0.176631,3.284989e-05,0.000962
4372,2,276.0000,78.0000,-2.0000,0.293400,0.296200,0.231400,-0.050360,-0.003042,-0.076540,0.293425,0.296196,0.231362,-0.050362,-0.003042,-0.076540,3.836660e-05,0.001124
4373,2,300.0000,78.0000,-2.0000,0.092580,0.081360,-0.083440,-0.047000,-0.001137,0.031090,0.092579,0.081361,-0.083443,-0.046997,-0.001137,0.031088,3.394934e-06,0.000099
4374,2,324.0000,78.0000,-2.0000,0.134800,0.138900,0.033610,-0.038420,-0.000281,-0.019630,0.134798,0.138855,0.033609,-0.038418,-0.000281,-0.019630,4.473345e-05,0.001311
4375,2,348.0000,78.0000,-2.0000,0.029990,0.081030,-0.012880,-0.018160,0.001349,-0.003869,0.029992,0.081029,-0.012881,-0.018160,0.001349,-0.003869,1.682728e-06,0.000049
4376,2,252.0000,90.0000,-2.0000,-0.261700,-0.271400,-0.617200,-0.054580,-0.004313,0.171500,-0.261707,-0.271374,-0.617166,-0.054578,-0.004313,0.171524,3.438316e-05,0.001007
4377,2,276.0000,90.0000,-2.0000,0.278000,0.275700,0.223200,-0.052530,-0.003715,-0.074170,0.277989,0.275717,0.223198,-0.052528,-0.003715,-0.074172,1.682673e-05,0.000493
4378,2,300.0000,90.0000,-2.0000,0.084510,0.072800,-0.080760,-0.050990,-0.001290,0.030830,0.084507,0.072797,-0.080756,-0.050992,-0.001290,0.030834,4.106165e-06,0.000120
4379,2,324.0000,90.0000,-2.0000,0.128600,0.130400,0.032940,-0.042500,-0.000339,-0.018910,0.128555,0.130426,0.032941,-0.042495,-0.000339,-0.018905,4.513410e-05,0.001322
4380,2,348.0000,90.0000,-2.0000,0.027960,0.073210,-0.012480,-0.020080,0.001546,-0.003476,0.027956,0.073215,-0.012484,-0.020078,0.001546,-0.003476,4.561559e-06,0.000134
4381,2,252.0000,102.0000,-2.0000,-0.252500,-0.276700,-0.581600,-0.052620,0.004724,0.176700,-0.252487,-0.276685,-0.581638,-0.052623,0.004724,0.176661,3.916535e-05,0.001148
4382,2,276.0000,102.0000,-2.0000,0.265200,0.262400,0.226000,-0.052430,-0.000621,-0.076110,0.265217,0.262406,0.226036,-0.052433,-0.000621,-0.076112,3.588009e-05,0.001051
4383,2,300.0000,102.0000,-2.0000,0.073370,0.060980,-0.083820,-0.054620,-0.002778,0.032640,0.073367,0.060979,-0.083820,-0.054622,-0.002778,0.032637,3.348118e-06,0.000098
4384,2,324.0000,102.0000,-2.0000,0.121100,0.120900,0.033150,-0.044870,-0.000551,-0.018890,0.121105,0.120933,0.033149,-0.044874,-0.000551,-0.018886,3.295124e-05,0.000965
4385,2,348.0000,102.0000,-2.0000,0.025580,0.064680,-0.012580,-0.021840,0.001536,-0.002864,0.025583,0.064679,-0.012579,-0.021842,0.001536,-0.002864,3.393015e-06,0.000099
4386,2,252.0000,114.0000,-2.0000,-0.389700,-0.407500,-0.783800,-0.053780,-0.063420,0.200700,-0.389704,-0.407502,-0.783815,-0.053782,-0.063421,0.200724,2.437549e-05,0.000714
4387,2,276.0000,114.0000,-2.0000,0.276300,0.277400,0.258900,-0.054390,0.008405,-0.085270,0.276318,0.277387,0.258895,-0.054392,0.008405,-0.085265,1.781410e-05,0.000522
4388,2,300.0000,114.0000,-2.0000,0.062580,0.048250,-0.084110,-0.055190,-0.000831,0.033420,0.062585,0.048254,-0.084109,-0.055194,-0.000831,0.033416,4.685777e-06,0.000137
4389,2,324.0000,114.0000,-2.0000,0.111800,0.112200,0.032080,-0.047070,0.000132,-0.017410,0.111789,0.112150,0.032076,-0.047069,0.000132,-0.017411,4.963683e-05,0.001454
4390,2,348.0000,114.0000,-2.0000,0.025690,0.057600,-0.010450,-0.022930,0.002609,-0.002737,0.025694,0.057600,-0.010450,-0.022932,0.002609,-0.002737,4.337764e-06,0.000127
4391,3,252.0000,54.0000,-7.7500,-0.232100,-0.216900,-0.653500,-0.051030,0.006414,0.295700,-0.232090,-0.216930,-0.653495,-0.051026,0.006414,0.295694,2.969331e-05,0.000870
4392,3,276.0000,54.0000,-7.7500,0.002928,0.155200,0.112900,-0.043990,-0.004793,-0.027630,0.002928,0.155168,0.112945,-0.043989,-0.004793,-0.027625,4.469099e-05,0.001309
4393,3,300.0000,54.0000,-7.7500,0.127200,0.141900,0.000474,-0.036930,-0.001950,-0.014420,0.127245,0.141878,0.000474,-0.036926,-0.001950,-0.014421,4.506088e-05,0.001320
4394,3,324.0000,54.0000,-7.7500,0.043710,0.092720,-0.016800,-0.027880,0.000135,-0.013640,0.043713,0.092721,-0.016799,-0.027878,0.000135,-0.013645,4.838507e-06,0.000142
4395,3,348.0000,54.0000,-7.7500,0.036040,0.105100,0.008071,-0.011680,0.003492,-0.027930,0.036044,0.105058,0.008071,-0.011677,0.003492,-0.027934,4.184074e-05,0.001226
4396,3,252.0000,66.0000,-7.7500,-0.220900,-0.213100,-0.619400,-0.060110,0.001240,0.282800,-0.220919,-0.213112,-0.619439,-0.060108,0.001240,0.282769,3.898133e-05,0.001142
4397,3,276.0000,66.0000,-7.7500,0.002310,0.147300,0.106800,-0.052310,-0.006294,-0.025100,0.002310,0.147260,0.106770,-0.052310,-0.006294,-0.025098,4.005200e-05,0.001174
4398,3,300.0000,66.0000,-7.7500,0.121900,0.135600,0.000291,-0.044190,-0.002717,-0.013450,0.121919,0.135585,0.000291,-0.044190,-0.002717,-0.013449,1.865687e-05,0.000547
4399,3,324.0000,66.0000,-7.7500,0.042400,0.088240,-0.016220,-0.033390,0.000083,-0.012980,0.042403,0.088242,-0.016218,-0.033386,0.000083,-0.012976,4.143050e-06,0.000121
4400,3,348.0000,66.0000,-7.7500,0.034620,0.098680,0.007502,-0.014040,0.004150,-0.026840,0.034619,0.098682,0.007502,-0.014037,0.004150,-0.026841,3.033912e-06,0.000089
4401,3,252.0000,78.0000,-7.7500,-0.215600,-0.212900,-0.595000,-0.065620,-0.006078,0.273500,-0.215566,-0.212896,-0.594990,-0.065623,-0.006078,0.273515,3.447059e-05,0.001010
4402,3,276.0000,78.0000,-7.7500,-0.000185,0.137000,0.101400,-0.059350,-0.008173,-0.022340,-0.000185,0.136977,0.101393,-0.059351,-0.008173,-0.022342,2.336777e-05,0.000685
4403,3,300.0000,78.0000,-7.7500,0.116500,0.128300,0.000438,-0.050820,-0.003368,-0.012170,0.116515,0.128302,0.000438,-0.050823,-0.003368,-0.012170,1.542208e-05,0.000452
4404,3,324.0000,78.0000,-7.7500,0.040450,0.082670,-0.015680,-0.038390,-0.000033,-0.012060,0.040448,0.082673,-0.015685,-0.038390,-0.000033,-0.012056,4.527671e-06,0.000133
4405,3,348.0000,78.0000,-7.7500,0.033310,0.091250,0.007119,-0.016210,0.004776,-0.025540,0.033312,0.091248,0.007119,-0.016210,0.004776,-0.025542,2.391266e-06,0.000070
4406,3,252.0000,90.0000,-7.7500,-0.213400,-0.218900,-0.569300,-0.066930,-0.008671,0.269800,-0.213405,-0.218869,-0.569295,-0.066934,-0.008671,0.269850,4.980660e-05,0.001459
4407,3,276.0000,90.0000,-7.7500,-0.003923,0.127400,0.100000,-0.064740,-0.007583,-0.020220,-0.003923,0.127359,0.099998,-0.064736,-0.007583,-0.020225,4.147058e-05,0.001215
4408,3,300.0000,90.0000,-7.7500,0.111000,0.120100,-0.000365,-0.056880,-0.004223,-0.010660,0.110982,0.120120,-0.000365,-0.056875,-0.004223,-0.010655,2.026075e-05,0.000594
4409,3,324.0000,90.0000,-7.7500,0.037990,0.075910,-0.015420,-0.042730,-0.000295,-0.010770,0.037989,0.075912,-0.015420,-0.042726,-0.000295,-0.010770,4.188463e-06,0.000123
4410,3,348.0000,90.0000,-7.7500,0.031740,0.082810,0.006569,-0.018050,0.005323,-0.024100,0.031736,0.082810,0.006569,-0.018046,0.005323,-0.024098,4.418899e-06,0.000129
4411,3,252.0000,102.0000,-7.7500,-0.248800,-0.254500,-0.602400,-0.066280,-0.028440,0.280000,-0.248849,-0.254476,-0.602385,-0.066282,-0.028443,0.279975,4.870465e-05,0.001427
4412,3,276.0000,102.0000,-7.7500,-0.008314,0.120300,0.107200,-0.069460,-0.004103,-0.021090,-0.008314,0.120347,0.107160,-0.069458,-0.004103,-0.021094,4.660887e-05,0.001366
4413,3,300.0000,102.0000,-7.7500,0.109400,0.113300,0.000939,-0.062480,-0.004091,-0.009398,0.109442,0.113343,0.000939,-0.062485,-0.004091,-0.009398,4.341063e-05,0.001272
4414,3,324.0000,102.0000,-7.7500,0.034270,0.067610,-0.015810,-0.045690,-0.000480,-0.008848,0.034275,0.067608,-0.015807,-0.045689,-0.000480,-0.008848,4.513197e-06,0.000132
4415,3,348.0000,102.0000,-7.7500,0.030510,0.074340,0.006731,-0.019640,0.005943,-0.022640,0.030515,0.074344,0.006731,-0.019640,0.005943,-0.022638,4.624301e-06,0.000135
4416,3,252.0000,114.0000,-7.7500,-0.263700,-0.192800,-0.669800,-0.093380,-0.018790,0.293600,-0.263667,-0.192788,-0.669757,-0.093379,-0.018794,0.293568,4.335424e-05,0.001270
4417,3,276.0000,114.0000,-7.7500,-0.004999,0.113700,0.114400,-0.075940,-0.001065,-0.026210,-0.004999,0.113714,0.114381,-0.075943,-0.001065,-0.026209,1.924095e-05,0.000564
4418,3,300.0000,114.0000,-7.7500,0.101400,0.098730,0.000751,-0.063920,-0.004988,-0.007609,0.101356,0.098726,0.000751,-0.063921,-0.004988,-0.007609,4.370574e-05,0.001281
4419,3,324.0000,114.0000,-7.7500,0.032990,0.060650,-0.014490,-0.048700,-0.000135,-0.007273,0.032993,0.060648,-0.014494,-0.048702,-0.000135,-0.007273,4.466016e-06,0.000131
4420,3,348.0000,114.0000,-7.7500,0.028180,0.063660,0.006258,-0.020480,0.006286,-0.020870,0.028176,0.063661,0.006258,-0.020481,0.006286,-0.020869,4.195953e-06,0.000123
4421,3,252.0000,54.0000,-15.2500,-0.219100,-0.186300,-0.614500,-0.057870,0.007898,0.298300,-0.219079,-0.186268,-0.614490,-0.057865,0.007898,0.298324,3.201740e-05,0.000938
4422,3,276.0000,54.0000,-15.2500,-0.094160,0.086050,0.019400,-0.050750,-0.003602,0.057810,-0.094155,0.086053,0.019397,-0.050745,-0.003602,0.057815,4.899875e-06,0.000144
4423,3,300.0000,54.0000,-15.2500,-0.034400,0.080710,0.001204,-0.040250,-0.001609,-0.045140,-0.034400,0.080712,0.001204,-0.040255,-0.001609,-0.045139,4.826115e-06,0.000141
4424,3,324.0000,54.0000,-15.2500,-0.007792,0.072580,-0.018760,-0.027640,0.001794,-0.003071,-0.007792,0.072583,-0.018764,-0.027639,0.001794,-0.003071,3.924735e-06,0.000115
4425,3,348.0000,54.0000,-15.2500,0.038660,0.111500,0.019340,-0.010370,0.006398,-0.044770,0.038656,0.111462,0.019336,-0.010372,0.006398,-0.044769,3.764175e-05,0.001103
4426,3,252.0000,66.0000,-15.2500,-0.210400,-0.178800,-0.589900,-0.069060,0.003940,0.286900,-0.210393,-0.178788,-0.589854,-0.069062,0.003940,0.286943,4.552487e-05,0.001334
4427,3,276.0000,66.0000,-15.2500,-0.091180,0.083590,0.016840,-0.061220,-0.005774,0.057010,-0.091184,0.083590,0.016843,-0.061219,-0.005774,0.057009,3.542314e-06,0.000104
4428,3,300.0000,66.0000,-15.2500,-0.033500,0.077700,0.000845,-0.048740,-0.002412,-0.042710,-0.033499,0.077699,0.000845,-0.048739,-0.002412,-0.042706,4.165528e-06,0.000122
4429,3,324.0000,66.0000,-15.2500,-0.007155,0.069010,-0.018250,-0.033450,0.002002,-0.002604,-0.007155,0.069006,-0.018253,-0.033446,0.002002,-0.002604,4.078821e-06,0.000120
4430,3,348.0000,66.0000,-15.2500,0.037570,0.104900,0.018340,-0.012600,0.007601,-0.043160,0.037572,0.104854,0.018343,-0.012601,0.007601,-0.043156,4.624688e-05,0.001355
4431,3,252.0000,78.0000,-15.2500,-0.200600,-0.168300,-0.563200,-0.078400,-0.005824,0.279300,-0.200574,-0.168294,-0.563163,-0.078403,-0.005824,0.279282,3.661241e-05,0.001073
4432,3,276.0000,78.0000,-15.2500,-0.087950,0.081170,0.015730,-0.071320,-0.007958,0.057280,-0.087949,0.081173,0.015733,-0.071318,-0.007958,0.057275,4.842483e-06,0.000142
4433,3,300.0000,78.0000,-15.2500,-0.032140,0.073910,0.000245,-0.057040,-0.003045,-0.039990,-0.032140,0.073909,0.000245,-0.057035,-0.003045,-0.039992,4.690719e-06,0.000137
4434,3,324.0000,78.0000,-15.2500,-0.006360,0.064510,-0.017810,-0.038960,0.002110,-0.001862,-0.006360,0.064507,-0.017812,-0.038956,0.002110,-0.001862,3.886839e-06,0.000114
4435,3,348.0000,78.0000,-15.2500,0.036490,0.096950,0.017230,-0.014720,0.008699,-0.041220,0.036490,0.096953,0.017228,-0.014722,0.008699,-0.041221,2.850989e-06,0.000084
4436,3,252.0000,90.0000,-15.2500,-0.203600,-0.172000,-0.551200,-0.086320,-0.022640,0.280000,-0.203620,-0.172028,-0.551169,-0.086325,-0.022642,0.279967,3.298361e-05,0.000966
4437,3,276.0000,90.0000,-15.2500,-0.085220,0.077930,0.017320,-0.081220,-0.009116,0.058870,-0.085222,0.077927,0.017325,-0.081224,-0.009116,0.058875,4.791321e-06,0.000140
4438,3,300.0000,90.0000,-15.2500,-0.029020,0.070090,0.000523,-0.065190,-0.003115,-0.037720,-0.029024,0.070088,0.000523,-0.065188,-0.003115,-0.037720,4.368838e-06,0.000128
4439,3,324.0000,90.0000,-15.2500,-0.004976,0.059190,-0.017420,-0.043970,0.002131,-0.000666,-0.004976,0.059188,-0.017420,-0.043969,0.002131,-0.000666,2.235854e-06,0.000066
4440,3,348.0000,90.0000,-15.2500,0.035330,0.087930,0.016050,-0.016590,0.009750,-0.038990,0.035328,0.087927,0.016050,-0.016585,0.009750,-0.038988,4.793750e-06,0.000140
4441,3,252.0000,102.0000,-15.2500,-0.215400,-0.167600,-0.565100,-0.097840,-0.027570,0.289600,-0.215364,-0.167568,-0.565052,-0.097845,-0.027565,0.289645,4.832496e-05,0.001416
4442,3,276.0000,102.0000,-15.2500,-0.081950,0.075000,0.022880,-0.091860,-0.006649,0.059530,-0.081950,0.074998,0.022879,-0.091859,-0.006649,0.059534,3.798136e-06,0.000111
4443,3,300.0000,102.0000,-15.2500,-0.023510,0.064700,0.001824,-0.072630,-0.003350,-0.036140,-0.023505,0.064697,0.001824,-0.072630,-0.003350,-0.036136,4.567564e-06,0.000134
4444,3,324.0000,102.0000,-15.2500,-0.003394,0.052520,-0.017440,-0.048060,0.002103,0.001164,-0.003394,0.052525,-0.017444,-0.048055,0.002103,0.001164,4.693896e-06,0.000138
4445,3,348.0000,102.0000,-15.2500,0.034130,0.077830,0.014590,-0.018060,0.010800,-0.036590,0.034129,0.077828,0.014591,-0.018062,0.010800,-0.036592,2.198008e-06,0.000064
4446,3,252.0000,114.0000,-15.2500,-0.224800,-0.146200,-0.584600,-0.127300,0.034260,0.287800,-0.224769,-0.146181,-0.584600,-0.127329,0.034257,0.287813,3.118319e-05,0.000914
4447,3,276.0000,114.0000,-15.2500,-0.073290,0.067960,0.031530,-0.104400,0.000545,0.051950,-0.073293,0.067962,0.031535,-0.104359,0.000545,0.051948,4.138446e-05,0.001213
4448,3,300.0000,114.0000,-15.2500,-0.015490,0.058380,0.004383,-0.077480,-0.005656,-0.032050,-0.015488,0.058378,0.004383,-0.077480,-0.005656,-0.032051,2.113625e-06,0.000062
4449,3,324.0000,114.0000,-15.2500,-0.001917,0.045020,-0.016900,-0.051140,0.002493,0.002771,-0.001917,0.045023,-0.016899,-0.051136,0.002493,0.002771,3.911792e-06,0.000115
4450,3,348.0000,114.0000,-15.2500,0.035590,0.068280,0.014350,-0.018900,0.011810,-0.034260,0.035588,0.068279,0.014348,-0.018899,0.011807,-0.034257,3.097742e-06,0.000091
4451,4,252.0000,54.0000,-36.5000,0.002729,0.008929,-0.033480,-0.008313,0.007350,0.065640,0.002729,0.008929,-0.033484,-0.008313,0.007350,0.065636,3.740208e-06,0.000110
4452,4,276.0000,54.0000,-36.5000,-0.032220,-0.008698,-0.031410,-0.007535,0.004196,0.041850,-0.032220,-0.008698,-0.031408,-0.007535,0.004196,0.041846,4.281882e-06,0.000125
4453,4,300.0000,54.0000,-36.5000,-0.027540,-0.004749,-0.017770,-0.005906,0.002704,0.018580,-0.027538,-0.004749,-0.017774,-0.005906,0.002704,0.018581,3.792979e-06,0.000111
4454,4,324.0000,54.0000,-36.5000,-0.010570,0.004977,-0.006268,-0.003867,0.002441,0.006507,-0.010572,0.004977,-0.006268,-0.003867,0.002441,0.006507,1.927071e-06,0.000056
4455,4,348.0000,54.0000,-36.5000,0.009901,0.017150,0.002034,-0.001379,0.003171,-0.002468,0.009901,0.017148,0.002034,-0.001379,0.003171,-0.002468,1.560359e-06,0.000046
4456,4,252.0000,66.0000,-36.5000,0.002947,0.009477,-0.032010,-0.010010,0.008708,0.063500,0.002947,0.009477,-0.032011,-0.010009,0.008708,0.063501,6.582917e-07,0.000019
4457,4,276.0000,66.0000,-36.5000,-0.030820,-0.007783,-0.030030,-0.009152,0.005182,0.040510,-0.030820,-0.007783,-0.030029,-0.009152,0.005182,0.040513,2.810667e-06,0.000082
4458,4,300.0000,66.0000,-36.5000,-0.026450,-0.004407,-0.017050,-0.007187,0.003356,0.017940,-0.026450,-0.004407,-0.017050,-0.007187,0.003356,0.017937,2.818201e-06,0.000083
4459,4,324.0000,66.0000,-36.5000,-0.010160,0.004655,-0.006099,-0.004706,0.002957,0.006256,-0.010161,0.004655,-0.006099,-0.004706,0.002957,0.006256,8.042279e-07,0.000024
4460,4,348.0000,66.0000,-36.5000,0.009544,0.016080,0.001767,-0.001687,0.003779,-0.002381,0.009544,0.016081,0.001767,-0.001687,0.003779,-0.002381,8.220098e-07,0.000024
4461,4,252.0000,78.0000,-36.5000,0.003578,0.010770,-0.029920,-0.011720,0.010010,0.061340,0.003578,0.010768,-0.029916,-0.011717,0.010008,0.061338,3.793699e-06,0.000111
4462,4,276.0000,78.0000,-36.5000,-0.029140,-0.006653,-0.028320,-0.010800,0.006353,0.038950,-0.029141,-0.006653,-0.028316,-0.010802,0.006353,0.038953,3.946153e-06,0.000116
4463,4,300.0000,78.0000,-36.5000,-0.025110,-0.004020,-0.016140,-0.008461,0.004092,0.017100,-0.025111,-0.004020,-0.016144,-0.008461,0.004092,0.017101,4.262071e-06,0.000125
4464,4,324.0000,78.0000,-36.5000,-0.009617,0.004271,-0.005873,-0.005517,0.003451,0.005929,-0.009617,0.004271,-0.005873,-0.005517,0.003451,0.005929,4.925098e-07,0.000014
4465,4,348.0000,78.0000,-36.5000,0.009168,0.014810,0.001457,-0.001985,0.004328,-0.002288,0.009168,0.014810,0.001457,-0.001985,0.004328,-0.002288,4.016632e-07,0.000012
4466,4,252.0000,90.0000,-36.5000,0.005106,0.013470,-0.026650,-0.013660,0.012030,0.059260,0.005106,0.013471,-0.026646,-0.013665,0.012033,0.059256,4.980801e-06,0.000146
4467,4,276.0000,90.0000,-36.5000,-0.027170,-0.005422,-0.026220,-0.012560,0.007935,0.037040,-0.027168,-0.005422,-0.026222,-0.012563,0.007935,0.037042,2.879859e-06,0.000084
4468,4,300.0000,90.0000,-36.5000,-0.023520,-0.003703,-0.015070,-0.009716,0.004897,0.015990,-0.023520,-0.003703,-0.015074,-0.009716,0.004897,0.015988,3.711951e-06,0.000109
4469,4,324.0000,90.0000,-36.5000,-0.008893,0.003821,-0.005574,-0.006274,0.003902,0.005518,-0.008893,0.003821,-0.005574,-0.006274,0.003902,0.005518,4.329613e-07,0.000013
4470,4,348.0000,90.0000,-36.5000,0.008777,0.013340,0.001098,-0.002254,0.004799,-0.002189,0.008777,0.013337,0.001098,-0.002254,0.004799,-0.002189,2.533252e-06,0.000074
4471,4,252.0000,102.0000,-36.5000,0.007167,0.016710,-0.022260,-0.016180,0.016450,0.056670,0.007167,0.016710,-0.022263,-0.016175,0.016447,0.056668,4.703591e-06,0.000138
4472,4,276.0000,102.0000,-36.5000,-0.025010,-0.004618,-0.023850,-0.014470,0.010130,0.034350,-0.025009,-0.004618,-0.023852,-0.014465,0.010125,0.034348,4.723292e-06,0.000138
4473,4,300.0000,102.0000,-36.5000,-0.021590,-0.003521,-0.013820,-0.010900,0.005652,0.014540,-0.021587,-0.003521,-0.013820,-0.010897,0.005652,0.014542,2.714354e-06,0.000080
4474,4,324.0000,102.0000,-36.5000,-0.007920,0.003316,-0.005177,-0.006920,0.004283,0.005033,-0.007920,0.003316,-0.005177,-0.006920,0.004283,0.005033,4.685259e-07,0.000014
4475,4,348.0000,102.0000,-36.5000,0.008378,0.011690,0.000689,-0.002463,0.005177,-0.002086,0.008378,0.011689,0.000689,-0.002463,0.005177,-0.002086,5.106109e-07,0.000015
4476,4,252.0000,114.0000,-36.5000,0.007687,0.016590,-0.018260,-0.019360,0.024790,0.051740,0.007687,0.016589,-0.018260,-0.019357,0.024795,0.051736,4.845080e-06,0.000142
4477,4,276.0000,114.0000,-36.5000,-0.022830,-0.005022,-0.021430,-0.016400,0.012710,0.030060,-0.022825,-0.005022,-0.021428,-0.016397,0.012711,0.030063,4.686952e-06,0.000137
4478,4,300.0000,114.0000,-36.5000,-0.018920,-0.003312,-0.012200,-0.011900,0.006086,0.012880,-0.018922,-0.003312,-0.012201,-0.011901,0.006086,0.012884,3.862134e-06,0.000113
4479,4,324.0000,114.0000,-36.5000,-0.006883,0.002610,-0.004826,-0.007362,0.004579,0.004485,-0.006883,0.002610,-0.004826,-0.007362,0.004579,0.004485,4.916268e-07,0.000014
4480,4,348.0000,114.0000,-36.5000,0.008104,0.009956,0.000304,-0.002572,0.005425,-0.001982,0.008104,0.009956,0.000304,-0.002572,0.005425,-0.001982,4.865299e-07,0.000014
4481,2,252.0000,132.0000,-2.0000,-0.102400,-0.101700,-0.330900,-0.054740,0.088610,0.088570,-0.102394,-0.101745,-0.330902,-0.054741,0.088612,0.088575,4.528000e-05,0.001327
4482,2,276.0000,132.0000,-2.0000,0.172700,0.169800,0.115500,-0.056600,-0.020130,-0.038450,0.172697,0.169775,0.115463,-0.056597,-0.020129,-0.038447,3.650589e-05,0.001070
4483,2,300.0000,132.0000,-2.0000,0.074240,0.063460,-0.040170,-0.054520,-0.000239,0.015550,0.074238,0.063457,-0.040169,-0.054515,-0.000239,0.015549,4.672316e-06,0.000137
4484,2,324.0000,132.0000,-2.0000,0.088610,0.088480,0.016820,-0.047350,-0.000710,-0.009556,0.088609,0.088481,0.016825,-0.047351,-0.000710,-0.009556,4.784844e-06,0.000140
4485,2,348.0000,132.0000,-2.0000,0.025490,0.047950,-0.006803,-0.023440,0.001436,-0.003444,0.025488,0.047947,-0.006803,-0.023442,0.001436,-0.003444,3.007522e-06,0.000088
4486,2,252.0000,156.0000,-2.0000,0.169500,0.173500,0.115500,-0.056770,-0.038430,-0.020160,0.169524,0.173458,0.115498,-0.056774,-0.038432,-0.020163,4.236775e-05,0.001241
4487,2,276.0000,156.0000,-2.0000,0.075720,0.076100,-0.019590,-0.053350,0.006953,0.006945,0.075723,0.076096,-0.019590,-0.053350,0.006953,0.006945,3.673883e-06,0.000108
4488,2,300.0000,156.0000,-2.0000,0.081770,0.078300,0.000305,-0.050680,-0.000260,-0.001023,0.081774,0.078298,0.000305,-0.050677,-0.000260,-0.001023,3.647034e-06,0.000107
4489,2,324.0000,156.0000,-2.0000,0.065950,0.067570,0.001709,-0.041790,0.001039,-0.001867,0.065952,0.067573,0.001709,-0.041789,0.001039,-0.001867,2.572932e-06,0.000075
4490,2,348.0000,156.0000,-2.0000,0.023900,0.039530,-0.005105,-0.020340,0.003096,-0.003920,0.023904,0.039533,-0.005105,-0.020338,0.003096,-0.003920,4.164542e-06,0.000122
4491,2,252.0000,180.0000,-2.0000,0.063460,0.074850,-0.040140,-0.054800,0.015540,-0.000262,0.063457,0.074847,-0.040135,-0.054801,0.015540,-0.000262,4.525342e-06,0.000133
4492,2,276.0000,180.0000,-2.0000,0.078170,0.082100,0.000320,-0.050790,-0.001027,-0.000264,0.078171,0.082104,0.000320,-0.050789,-0.001027,-0.000264,3.875740e-06,0.000114
4493,2,300.0000,180.0000,-2.0000,0.074330,0.074470,0.001192,-0.043220,0.000336,0.000339,0.074331,0.074471,0.001192,-0.043216,0.000336,0.000339,4.277040e-06,0.000125
4494,2,324.0000,180.0000,-2.0000,0.063000,0.070010,0.002309,-0.030130,0.001449,-0.000414,0.062999,0.070007,0.002309,-0.030130,0.001449,-0.000414,3.107641e-06,0.000091
4495,2,348.0000,180.0000,-2.0000,0.026840,0.044350,-0.002428,-0.013210,0.002465,-0.003722,0.026845,0.044350,-0.002428,-0.013208,0.002465,-0.003722,4.637203e-06,0.000136
4496,2,252.0000,204.0000,-2.0000,0.088610,0.088970,0.016860,-0.047640,-0.009565,-0.000723,0.088614,0.088971,0.016860,-0.047641,-0.009565,-0.000722,4.307050e-06,0.000126
4497,2,276.0000,204.0000,-2.0000,0.067550,0.066120,0.001706,-0.041930,-0.001870,0.001042,0.067547,0.066116,0.001706,-0.041933,-0.001870,0.001042,3.803455e-06,0.000111
4498,2,300.0000,204.0000,-2.0000,0.069960,0.063070,0.002305,-0.030180,-0.000414,0.001454,0.069958,0.063071,0.002305,-0.030175,-0.000414,0.001454,4.972812e-06,0.000146
4499,2,324.0000,204.0000,-2.0000,0.060920,0.060950,0.004184,-0.015920,-0.000414,-0.000416,0.060917,0.060946,0.004184,-0.015924,-0.000414,-0.000417,4.491538e-06,0.000132
4500,2,348.0000,204.0000,-2.0000,0.027090,0.040260,-0.001315,-0.003285,-0.000379,-0.003462,0.027094,0.040259,-0.001315,-0.003285,-0.000379,-0.003462,3.548770e-06,0.000104
4501,2,252.0000,228.0000,-2.0000,0.048020,0.025600,-0.006807,-0.023580,-0.003450,0.001436,0.048021,0.025600,-0.006807,-0.023579,-0.003450,0.001436,9.435812e-07,0.000028
4502,2,276.0000,228.0000,-2.0000,0.039470,0.023950,-0.005124,-0.020400,-0.003927,0.003108,0.039472,0.023946,-0.005124,-0.020402,-0.003927,0.003108,3.795203e-06,0.000111
4503,2,300.0000,228.0000,-2.0000,0.044290,0.026860,-0.002442,-0.013240,-0.003728,0.002473,0.044286,0.026858,-0.002442,-0.013237,-0.003728,0.002473,3.783350e-06,0.000111
4504,2,324.0000,228.0000,-2.0000,0.040240,0.027090,-0.001330,-0.003291,-0.003455,-0.000371,0.040240,0.027086,-0.001330,-0.003291,-0.003455,-0.000371,3.668857e-06,0.000107
4505,2,348.0000,228.0000,-2.0000,0.017250,0.017230,-0.003662,0.001396,-0.003239,-0.003247,0.017249,0.017232,-0.003662,0.001396,-0.003239,-0.003247,2.080199e-06,0.000061
4506,3,252.0000,132.0000,-7.7500,-0.094760,-0.093900,-0.307100,-0.143000,0.138000,0.137900,-0.094764,-0.093904,-0.307084,-0.143047,0.138005,0.137871,4.699111e-05,0.001377
4507,3,276.0000,132.0000,-7.7500,0.025000,0.086060,0.055430,-0.089720,-0.014310,-0.012240,0.025002,0.086061,0.055431,-0.089716,-0.014310,-0.012239,3.702204e-06,0.000108
4508,3,300.0000,132.0000,-7.7500,0.072990,0.076190,-0.001701,-0.061920,-0.004036,-0.003136,0.072987,0.076192,-0.001701,-0.061916,-0.004036,-0.003136,4.218491e-06,0.000124
4509,3,324.0000,132.0000,-7.7500,0.039500,0.056840,-0.007304,-0.049560,0.000809,-0.006074,0.039503,0.056836,-0.007304,-0.049562,0.000809,-0.006074,4.208079e-06,0.000123
4510,3,348.0000,132.0000,-7.7500,0.022970,0.048240,0.002507,-0.021230,0.007032,-0.017370,0.022967,0.048237,0.002507,-0.021232,0.007032,-0.017374,3.769210e-06,0.000110
4511,3,252.0000,156.0000,-7.7500,0.085630,0.025760,0.055440,-0.089940,-0.012210,-0.014420,0.085634,0.025765,0.055438,-0.089943,-0.012207,-0.014416,4.988952e-06,0.000146
4512,3,276.0000,156.0000,-7.7500,0.047340,0.047760,-0.008008,-0.071890,0.001194,0.001155,0.047340,0.047760,-0.008008,-0.071888,0.001194,0.001155,2.024346e-06,0.000059
4513,3,300.0000,156.0000,-7.7500,0.047490,0.054140,-0.002259,-0.059100,-0.001033,0.002355,0.047494,0.054139,-0.002259,-0.059099,-0.001033,0.002355,3.693544e-06,0.000108
4514,3,324.0000,156.0000,-7.7500,0.046150,0.052540,-0.000290,-0.043060,0.002613,-0.003947,0.046146,0.052540,-0.000290,-0.043062,0.002613,-0.003947,4.032069e-06,0.000118
4515,3,348.0000,156.0000,-7.7500,0.018420,0.033010,-0.000659,-0.018270,0.008244,-0.013720,0.018419,0.033010,-0.000659,-0.018268,0.008244,-0.013721,2.170917e-06,0.000064
4516,3,252.0000,180.0000,-7.7500,0.076050,0.073480,-0.001718,-0.062240,-0.003139,-0.004106,0.076049,0.073484,-0.001718,-0.062238,-0.003139,-0.004106,3.643597e-06,0.000107
4517,3,276.0000,180.0000,-7.7500,0.053950,0.047780,-0.002272,-0.059220,0.002364,-0.001061,0.053950,0.047782,-0.002272,-0.059218,0.002364,-0.001061,2.427872e-06,0.000071
4518,3,300.0000,180.0000,-7.7500,0.044300,0.044440,-0.004303,-0.047350,0.005505,0.005497,0.044297,0.044444,-0.004303,-0.047346,0.005505,0.005497,4.175676e-06,0.000122
4519,3,324.0000,180.0000,-7.7500,0.048000,0.050250,-0.002193,-0.030480,0.007365,-0.001714,0.048004,0.050248,-0.002193,-0.030475,0.007365,-0.001714,4.609307e-06,0.000135
4520,3,348.0000,180.0000,-7.7500,0.016440,0.027720,-0.004901,-0.011820,0.010650,-0.012240,0.016441,0.027721,-0.004901,-0.011818,0.010646,-0.012245,4.753489e-06,0.000139
4521,3,252.0000,204.0000,-7.7500,0.056890,0.039800,-0.007294,-0.049850,-0.006100,0.000769,0.056889,0.039796,-0.007294,-0.049853,-0.006100,0.000769,4.429398e-06,0.000130
4522,3,276.0000,204.0000,-7.7500,0.052490,0.046300,-0.000291,-0.043200,-0.003955,0.002603,0.052493,0.046305,-0.000291,-0.043198,-0.003955,0.002603,4.556421e-06,0.000134
4523,3,300.0000,204.0000,-7.7500,0.050180,0.048080,-0.002190,-0.030510,-0.001715,0.007367,0.050184,0.048081,-0.002190,-0.030515,-0.001715,0.007367,4.950516e-06,0.000145
4524,3,324.0000,204.0000,-7.7500,0.054140,0.054170,-0.000316,-0.015370,-0.000759,-0.000757,0.054136,0.054173,-0.000316,-0.015369,-0.000759,-0.000757,3.696123e-06,0.000108
4525,3,348.0000,204.0000,-7.7500,0.023140,0.037110,-0.001720,-0.002694,-0.000731,-0.011930,0.023139,0.037108,-0.001720,-0.002694,-0.000731,-0.011933,2.992516e-06,0.000088
4526,3,252.0000,228.0000,-7.7500,0.048280,0.023060,0.002526,-0.021350,-0.017410,0.007040,0.048278,0.023060,0.002526,-0.021353,-0.017409,0.007040,3.476130e-06,0.000102
4527,3,276.0000,228.0000,-7.7500,0.032940,0.018460,-0.000663,-0.018320,-0.013730,0.008257,0.032935,0.018461,-0.000663,-0.018321,-0.013734,0.008257,4.626924e-06,0.000136
4528,3,300.0000,228.0000,-7.7500,0.027640,0.016460,-0.004911,-0.011840,-0.012250,0.010660,0.027636,0.016457,-0.004911,-0.011837,-0.012246,0.010664,3.933187e-06,0.000115
4529,3,324.0000,228.0000,-7.7500,0.037080,0.023150,-0.001725,-0.002695,-0.011920,-0.000713,0.037078,0.023154,-0.001725,-0.002695,-0.011923,-0.000713,3.727513e-06,0.000109
4530,3,348.0000,228.0000,-7.7500,0.011280,0.011280,-0.002001,0.001406,-0.011770,-0.011780,0.011278,0.011284,-0.002001,0.001406,-0.011768,-0.011777,4.131674e-06,0.000121
4531,3,252.0000,132.0000,-15.2500,-0.095220,-0.094040,-0.283900,-0.171100,0.143300,0.143100,-0.095220,-0.094040,-0.283927,-0.171091,0.143274,0.143084,2.698129e-05,0.000791
4532,3,276.0000,132.0000,-15.2500,-0.034810,0.038860,0.011970,-0.120700,-0.001314,0.027750,-0.034809,0.038861,0.011968,-0.120709,-0.001314,0.027754,8.565279e-06,0.000251
4533,3,300.0000,132.0000,-15.2500,-0.011140,0.039120,0.001075,-0.079250,-0.005243,-0.015320,-0.011144,0.039120,0.001075,-0.079247,-0.005243,-0.015315,4.903064e-06,0.000144
4534,3,324.0000,132.0000,-15.2500,0.003449,0.035000,-0.014730,-0.052280,0.003554,0.004771,0.003449,0.035000,-0.014730,-0.052280,0.003554,0.004771,4.127438e-07,0.000012
4535,3,348.0000,132.0000,-15.2500,0.036140,0.052430,0.010970,-0.020020,0.013190,-0.030480,0.036137,0.052429,0.010968,-0.020022,0.013195,-0.030480,4.702300e-06,0.000138
4536,3,252.0000,156.0000,-15.2500,0.038180,-0.034040,0.011950,-0.121000,0.027800,-0.001456,0.038179,-0.034041,0.011953,-0.121006,0.027802,-0.001456,6.315444e-06,0.000185
4537,3,276.0000,156.0000,-15.2500,0.007068,0.007553,-0.006499,-0.097220,0.004881,0.004832,0.007068,0.007553,-0.006499,-0.097221,0.004881,0.004832,1.449150e-06,0.000042
4538,3,300.0000,156.0000,-15.2500,0.000137,0.021900,0.000435,-0.071200,0.001898,0.002825,0.000137,0.021900,0.000435,-0.071196,0.001898,0.002825,3.685737e-06,0.000108
4539,3,324.0000,156.0000,-15.2500,0.012950,0.025820,-0.012190,-0.045390,0.007964,0.007762,0.012949,0.025819,-0.012186,-0.045392,0.007964,0.007762,4.454124e-06,0.000131
4540,3,348.0000,156.0000,-15.2500,0.037420,0.036330,0.007380,-0.016820,0.015700,-0.026330,0.037423,0.036326,0.007380,-0.016817,0.015704,-0.026334,4.479438e-06,0.000131
4541,3,252.0000,180.0000,-15.2500,0.038830,-0.010730,0.001083,-0.079620,-0.015320,-0.005337,0.038831,-0.010732,0.001083,-0.079621,-0.015322,-0.005337,1.895639e-06,0.000056
4542,3,276.0000,180.0000,-15.2500,0.021660,0.000419,0.000445,-0.071330,0.002835,0.001866,0.021664,0.000419,0.000445,-0.071326,0.002835,0.001866,4.464367e-06,0.000131
4543,3,300.0000,180.0000,-15.2500,0.013880,0.014040,0.000647,-0.052850,0.008751,0.008744,0.013884,0.014041,0.000647,-0.052853,0.008751,0.008744,4.440050e-06,0.000130
4544,3,324.0000,180.0000,-15.2500,0.020250,0.019350,-0.013830,-0.031420,0.011160,0.010140,0.020250,0.019353,-0.013827,-0.031417,0.011164,0.010143,3.941643e-06,0.000115
4545,3,348.0000,180.0000,-15.2500,0.039450,0.027350,0.004146,-0.010310,0.015100,-0.024960,0.039451,0.027354,0.004146,-0.010310,0.015103,-0.024964,3.758912e-06,0.000110
4546,3,252.0000,204.0000,-15.2500,0.034950,0.003641,-0.014740,-0.052580,0.004761,0.003512,0.034949,0.003641,-0.014738,-0.052578,0.004761,0.003512,2.111731e-06,0.000062
4547,3,276.0000,204.0000,-15.2500,0.025720,0.013080,-0.012200,-0.045520,0.007762,0.007958,0.025721,0.013077,-0.012197,-0.045521,0.007762,0.007958,2.984829e-06,0.000087
4548,3,300.0000,204.0000,-15.2500,0.019260,0.020320,-0.013830,-0.031450,0.010140,0.011170,0.019261,0.020322,-0.013834,-0.031450,0.010143,0.011172,4.479454e-06,0.000131
4549,3,324.0000,204.0000,-15.2500,0.024720,0.024770,-0.027990,-0.014670,0.011180,0.011190,0.024721,0.024772,-0.027994,-0.014674,0.011177,0.011188,4.016395e-06,0.000118
4550,3,348.0000,204.0000,-15.2500,0.040890,0.036330,-0.009336,-0.001738,0.011520,-0.025330,0.040890,0.036331,-0.009336,-0.001738,0.011524,-0.025330,4.284096e-06,0.000126
4551,3,252.0000,228.0000,-15.2500,0.052450,0.036250,0.010990,-0.020130,-0.030550,0.013220,0.052449,0.036254,0.010994,-0.020133,-0.030545,0.013220,4.763813e-06,0.000140
4552,3,276.0000,228.0000,-15.2500,0.036220,0.037460,0.007349,-0.016860,-0.026370,0.015730,0.036216,0.037463,0.007349,-0.016859,-0.026367,0.015729,4.292717e-06,0.000126
4553,3,300.0000,228.0000,-15.2500,0.027220,0.039450,0.004106,-0.010320,-0.024980,0.015130,0.027224,0.039455,0.004106,-0.010316,-0.024976,0.015131,4.792997e-06,0.000140
4554,3,324.0000,228.0000,-15.2500,0.036240,0.040880,-0.009376,-0.001735,-0.025320,0.011560,0.036241,0.040882,-0.009376,-0.001735,-0.025321,0.011559,2.256991e-06,0.000066
4555,3,348.0000,228.0000,-15.2500,0.059420,0.059450,0.014560,0.003927,-0.029170,-0.029170,0.059420,0.059447,0.014560,0.003927,-0.029169,-0.029170,2.960426e-06,0.000087
4556,4,252.0000,132.0000,-36.5000,0.000012,0.000200,-0.018170,-0.023270,0.033730,0.033770,0.000012,0.000200,-0.018170,-0.023271,0.033731,0.033771,1.453335e-06,0.000043
4557,4,276.0000,132.0000,-36.5000,-0.016290,-0.006673,-0.016350,-0.018480,0.013570,0.021620,-0.016291,-0.006673,-0.016350,-0.018480,0.013573,0.021616,4.313706e-06,0.000126
4558,4,300.0000,132.0000,-36.5000,-0.013690,-0.003506,-0.009482,-0.012550,0.006405,0.010150,-0.013695,-0.003506,-0.009482,-0.012550,0.006405,0.010145,4.984223e-06,0.000146
4559,4,324.0000,132.0000,-36.5000,-0.005028,0.001529,-0.004242,-0.007557,0.004702,0.003632,-0.005028,0.001529,-0.004242,-0.007557,0.004702,0.003632,4.916704e-07,0.000014
4560,4,348.0000,132.0000,-36.5000,0.007635,0.007315,-0.000377,-0.002753,0.005497,-0.001844,0.007635,0.007315,-0.000377,-0.002753,0.005497,-0.001844,4.676018e-07,0.000014
4561,4,252.0000,156.0000,-36.5000,-0.006794,-0.016190,-0.016360,-0.018530,0.021620,0.013610,-0.006794,-0.016190,-0.016364,-0.018527,0.021617,0.013606,4.460294e-06,0.000131
4562,4,276.0000,156.0000,-36.5000,-0.008393,-0.008321,-0.010230,-0.015310,0.011570,0.011580,-0.008393,-0.008321,-0.010231,-0.015314,0.011573,0.011582,3.718480e-06,0.000109
4563,4,300.0000,156.0000,-36.5000,-0.007189,-0.003571,-0.006182,-0.010870,0.005949,0.006721,-0.007189,-0.003571,-0.006182,-0.010875,0.005949,0.006721,4.546091e-06,0.000133
4564,4,324.0000,156.0000,-36.5000,-0.002419,0.000464,-0.003454,-0.006547,0.004432,0.002569,-0.002419,0.000464,-0.003454,-0.006547,0.004432,0.002569,4.840266e-07,0.000014
4565,4,348.0000,156.0000,-36.5000,0.007201,0.004337,-0.001226,-0.002287,0.005028,-0.001667,0.007201,0.004337,-0.001226,-0.002287,0.005028,-0.001667,4.650095e-07,0.000014
4566,4,252.0000,180.0000,-36.5000,-0.003566,-0.013650,-0.009493,-0.012610,0.010150,0.006425,-0.003566,-0.013652,-0.009493,-0.012606,0.010154,0.006425,4.465789e-06,0.000131
4567,4,276.0000,180.0000,-36.5000,-0.003611,-0.007153,-0.006185,-0.010890,0.006720,0.005959,-0.003611,-0.007153,-0.006185,-0.010893,0.006720,0.005959,3.385263e-06,0.000099
4568,4,300.0000,180.0000,-36.5000,-0.002501,-0.002478,-0.003831,-0.007794,0.004322,0.004327,-0.002501,-0.002478,-0.003831,-0.007794,0.004322,0.004327,4.067199e-07,0.000012
4569,4,324.0000,180.0000,-36.5000,0.000099,0.000531,-0.002760,-0.004472,0.003351,0.001779,0.000099,0.000531,-0.002760,-0.004472,0.003351,0.001779,3.953375e-07,0.000012
4570,4,348.0000,180.0000,-36.5000,0.007774,0.003335,-0.001481,-0.001338,0.003714,-0.001499,0.007774,0.003335,-0.001481,-0.001338,0.003714,-0.001499,4.070314e-07,0.000012
4571,4,252.0000,204.0000,-36.5000,0.001511,-0.005012,-0.004248,-0.007599,0.003636,0.004719,0.001511,-0.005012,-0.004248,-0.007599,0.003636,0.004719,3.862742e-07,0.000011
4572,4,276.0000,204.0000,-36.5000,0.000445,-0.002405,-0.003458,-0.006565,0.002569,0.004446,0.000445,-0.002405,-0.003458,-0.006565,0.002569,0.004446,4.061021e-07,0.000012
4573,4,300.0000,204.0000,-36.5000,0.000516,0.000108,-0.002762,-0.004476,0.001776,0.003360,0.000516,0.000108,-0.002762,-0.004476,0.001776,0.003360,4.995208e-07,0.000015
4574,4,324.0000,204.0000,-36.5000,0.002588,0.002596,-0.002203,-0.002011,0.001466,0.001471,0.002588,0.002596,-0.002203,-0.002011,0.001466,0.001471,4.928823e-07,0.000014
4575,4,348.0000,204.0000,-36.5000,0.009472,0.005609,-0.000993,-0.000168,0.001638,-0.001374,0.009472,0.005609,-0.000993,-0.000168,0.001638,-0.001374,3.394016e-07,0.000010
4576,4,252.0000,228.0000,-36.5000,0.007313,0.007651,-0.000382,-0.002767,-0.001847,0.005524,0.007313,0.007651,-0.000382,-0.002767,-0.001847,0.005524,4.475783e-07,0.000013
4577,4,276.0000,228.0000,-36.5000,0.004318,0.007207,-0.001236,-0.002292,-0.001668,0.005050,0.004318,0.007207,-0.001236,-0.002292,-0.001668,0.005050,4.069495e-07,0.000012
4578,4,300.0000,228.0000,-36.5000,0.003315,0.007775,-0.001489,-0.001338,-0.001499,0.003731,0.003315,0.007775,-0.001489,-0.001338,-0.001499,0.003731,4.930148e-07,0.000014
4579,4,324.0000,228.0000,-36.5000,0.005593,0.009471,-0.000998,-0.000167,-0.001374,0.001650,0.005593,0.009471,-0.000998,-0.000167,-0.001374,0.001650,4.635883e-07,0.000014
4580,4,348.0000,228.0000,-36.5000,0.014610,0.014610,0.002023,0.000892,-0.001247,-0.001246,0.014608,0.014612,0.002023,0.000892,-0.001247,-0.001246,2.420722e-06,0.000071
